Zähler;Zeit [s];Messwert
1;1e-05;0.4186
2;0.10161;0.4187
3;0.20163;0.4169
4;0.30049;0.4156
5;0.40062;0.4178
6;0.50152;0.4128
7;0.60093;0.4147
8;0.70104;0.4197
9;0.80083;0.4127
10;0.90068;0.4161
11;1.00078;0.4175
12;1.10089;0.4133
13;1.20006;0.414
14;1.30062;0.4149
15;1.40069;0.4208
16;1.50094;0.4174
17;1.60169;0.4169
18;1.70052;0.4128
19;1.80003;0.4176
20;1.90068;0.4151
21;2.00085;0.4169
22;2.10083;0.413
23;2.20032;0.423
24;2.30093;0.4211
25;2.40061;0.4183
26;2.50107;0.4189
27;2.59999;0.4146
28;2.70142;0.4138
29;2.80123;0.4191
30;2.90032;0.4109
31;2.99998;0.4159
32;3.10017;0.4162
33;3.2007;0.4104
34;3.30194;0.4078
35;3.40195;0.4138
36;3.50192;0.4131
37;3.60075;0.4097
38;3.7015;0.4131
39;3.80145;0.4085
40;3.90101;0.408
41;4.00174;0.4152
42;4.10076;0.4126
43;4.20013;0.4124
44;4.30176;0.4113
45;4.40071;0.4077
46;4.50125;0.4088
47;4.60014;0.4123
48;4.70176;0.4084
49;4.80189;0.4115
50;4.90015;0.4073
51;5.00123;0.4105
52;5.10017;0.4063
53;5.20068;0.4019
54;5.30042;0.4093
55;5.40018;0.4048
56;5.50074;0.408
57;5.60073;0.4032
58;5.70166;0.4052
59;5.80103;0.4035
60;5.90037;0.4085
61;6.00032;0.4078
62;6.10073;0.4062
63;6.20038;0.4034
64;6.30016;0.4067
65;6.40012;0.4052
66;6.50004;0.4007
67;6.60029;0.2036
68;6.70088;0.2075
69;6.80012;0.2115
70;6.90038;0.2086
71;7.00108;0.2082
72;7.10017;0.2109
73;7.20193;0.2032
74;7.30154;0.1975
75;7.4004;0.2075
76;7.50155;0.2
77;7.60097;0.2036
78;7.70127;0.2014
79;7.80039;0.2036
80;7.90178;0.2017
81;8.0016;0.1994
82;8.10034;0.2028
83;8.19997;0.2006
84;8.30097;0.1988
85;8.40129;0.2045
86;8.50106;0.2061
87;8.60094;0.2017
88;8.70047;0.2052
89;8.80152;0.2035
90;8.90123;0.201
91;9.00159;0.2032
92;9.10017;0.1995
93;9.20068;0.2003
94;9.30165;0.2104
95;9.40157;0.2035
96;9.50057;0.2078
97;9.60031;0.2068
98;9.70085;0.1982
99;9.80015;0.2001
100;9.90129;0.2034
101;10.00082;0.1916
102;10.10064;0.1886
103;10.20112;0.1955
104;10.30123;0.2019
105;10.40151;0.2135
106;10.50135;0.214
107;10.60188;0.2064
108;10.70133;0.2094
109;10.80058;0.1999
110;10.90162;0.1959
111;11.00181;0.2023
112;11.10175;0.1926
113;11.20156;0.1544
114;11.30158;0.1909
115;11.40162;0.1812
116;11.50054;0.1774
117;11.60024;0.1972
118;11.7015;0.1575
119;11.80046;0.1832
120;11.90077;0.1614
121;12.00061;0.165
122;12.10065;0.1474
123;12.20068;0.1549
124;12.30149;0.1607
125;12.40159;0.1615
126;12.50088;0.1599
127;12.6014;0.1642
128;12.70049;0.1714
129;12.80032;0.1637
130;12.90093;0.1649
131;13.00131;0.1623
132;13.10118;0.1621
133;13.20152;0.156
134;13.30177;0.1626
135;13.40131;0.1669
136;13.5012;0.1629
137;13.60186;0.165
138;13.70182;0.1722
139;13.80114;0.1628
140;13.90032;0.1592
141;14.00072;0.1562
142;14.10144;0.1623
143;14.20185;0.1659
144;14.30092;0.1638
145;14.40098;0.1593
146;14.5002;0.1605
147;14.60125;0.1491
148;14.70019;0.1656
149;14.8006;0.1608
150;14.90161;0.1618
151;15.00191;0.1528
152;15.10075;0.1593
153;15.20009;0.1607
154;15.30082;0.1691
155;15.40029;0.1704
156;15.50159;0.1604
157;15.60149;0.1675
158;15.70075;0.1613
159;15.80142;0.1565
160;15.90049;0.1645
161;16.00149;0.1648
162;16.1002;0.1661
163;16.20074;0.1708
164;16.30196;0.1666
165;16.40134;0.1709
166;16.49999;0.168
167;16.60156;0.166
168;16.70063;0.1671
169;16.80093;0.1625
170;16.90036;0.1635
171;17.00187;0.1697
172;17.10106;0.1605
173;17.20081;0.1681
174;17.30034;0.1634
175;17.40034;0.1671
176;17.50003;0.1626
177;17.60094;0.1606
178;17.7011;0.1539
179;17.80083;0.1602
180;17.90036;0.1621
181;18.00168;0.1546
182;18.10173;0.1708
183;18.20069;0.1627
184;18.30149;0.1643
185;18.40064;0.1632
186;18.5011;0.1662
187;18.6019;0.1645
188;18.70017;0.1618
189;18.80102;0.1645
190;18.90011;0.1611
191;19.00061;0.1617
192;19.10047;0.1624
193;19.20107;0.1587
194;19.3014;0.1609
195;19.40101;0.1607
196;19.50032;0.1544
197;19.60097;0.1682
198;19.70135;0.1605
199;19.80021;0.159
200;19.90004;0.1555
201;20.00178;0.1571
202;20.10103;0.1574
203;20.20021;0.164
204;20.30138;0.1651
205;20.40117;0.1586
206;20.50078;0.1542
207;20.60117;0.1582
208;20.70145;0.1594
209;20.80118;0.1665
210;20.89997;0.1632
211;21.00065;0.1665
212;21.10102;0.1703
213;21.20164;0.1511
214;21.30186;0.1562
215;21.40136;0.1515
216;21.50169;0.1536
217;21.60045;0.1519
218;21.70009;0.1561
219;21.80023;0.1471
220;21.90103;0.1498
221;22.00074;0.1519
222;22.10154;0.1515
223;22.20008;0.1524
224;22.30019;0.1579
225;22.40118;0.1603
226;22.50176;0.1649
227;22.6007;0.1616
228;22.70043;0.1633
229;22.80065;0.1629
230;22.90021;0.1532
231;23.00278;0.1556
232;23.1027;0.1622
233;23.20119;0.1636
234;23.30084;0.171
235;23.40005;0.1605
236;23.50107;0.1442
237;23.60059;0.1496
238;23.70006;0.1542
239;23.80008;0.1609
240;23.90125;0.1716
241;24.0016;0.1499
242;24.10069;0.1631
243;24.20115;0.1649
244;24.30034;0.1528
245;24.40058;0.1495
246;24.5009;0.1569
247;24.60018;0.1651
248;24.70059;0.1567
249;24.80186;0.1589
250;24.90075;0.1599
251;25.00105;0.1661
252;25.10169;0.1617
253;25.20191;0.1603
254;25.30082;0.1575
255;25.40026;0.1671
256;25.50157;0.1578
257;25.60085;0.1606
258;25.70144;0.1547
259;25.80066;0.1549
260;25.901;0.1569
261;26.00066;0.1593
262;26.10054;0.1602
263;26.2003;0.1611
264;26.30042;0.1621
265;26.40013;0.1641
266;26.50014;0.1638
267;26.60191;0.1609
268;26.70171;0.1649
269;26.80063;0.1618
270;26.90117;0.1623
271;27.00078;0.1579
272;27.09999;0.1654
273;27.20157;0.1638
274;27.30013;0.161
275;27.40078;0.1628
276;27.50028;0.1611
277;27.60062;0.1636
278;27.7011;0.1608
279;27.80003;0.1561
280;27.90028;0.1601
281;28.00088;0.1572
282;28.10017;0.1592
283;28.20127;0.1558
284;28.30141;0.1578
285;28.40079;0.1561
286;28.50124;0.1582
287;28.60108;0.1523
288;28.70181;0.1559
289;28.80002;0.1557
290;28.90142;0.1584
291;29.00022;0.1513
292;29.10013;0.1533
293;29.20173;0.1606
294;29.29999;0.1534
295;29.40059;0.154
296;29.50177;0.1587
297;29.6007;0.1569
298;29.70044;0.1457
299;29.80047;0.1506
300;29.90113;0.1536
301;30.00018;0.1523
302;30.10045;0.1556
303;30.20168;0.1547
304;30.30095;0.155
305;30.4001;0.1518
306;30.50113;0.1572
307;30.60084;0.1552
308;30.70116;0.152
309;30.80151;0.1554
310;30.90058;0.1505
311;31.00154;0.1578
312;31.10165;0.1551
313;31.20124;0.1577
314;31.30045;0.1595
315;31.40088;0.1599
316;31.50154;0.1621
317;31.60124;0.1558
318;31.70108;0.1641
319;31.80168;0.1613
320;31.90037;0.1606
321;32.00152;0.1637
322;32.1018;0.1608
323;32.20099;0.1608
324;32.30009;0.1639
325;32.40125;0.164
326;32.50055;0.1666
327;32.60047;0.1654
328;32.70013;0.1587
329;32.79993;0.1677
330;32.90065;0.1681
331;33.00061;0.1726
332;33.10003;0.1781
333;33.20037;0.185
334;33.30046;0.1825
335;33.40036;0.1793
336;33.50123;0.1839
337;33.60111;0.187
338;33.70052;0.1822
339;33.80107;0.1863
340;33.9009;0.1905
341;34.00147;0.1904
342;34.10059;0.1922
343;34.20071;0.1939
344;34.30069;0.1952
345;34.40107;0.1974
346;34.50177;0.2002
347;34.60123;0.1925
348;34.70048;0.1971
349;34.79997;0.1957
350;34.9012;0.1933
351;35.00111;0.2024
352;35.10063;0.1949
353;35.20165;0.1699
354;35.30146;0.1481
355;35.40159;0.1499
356;35.50179;0.1491
357;35.6016;0.141
358;35.70155;0.1457
359;35.80099;0.1488
360;35.90026;0.142
361;36.00174;0.1414
362;36.10108;0.1383
363;36.20144;0.1392
364;36.30051;0.1413
365;36.40169;0.1296
366;36.50049;0.1364
367;36.60126;0.1367
368;36.7007;0.1743
369;36.79995;0.1465
370;36.89996;0.1333
371;36.99999;0.1373
372;37.10159;0.1427
373;37.20155;0.138
374;37.30018;0.1381
375;37.40022;0.1372
376;37.50116;0.1418
377;37.60028;0.1401
378;37.70127;0.1446
379;37.80132;0.1407
380;37.90094;0.1446
381;37.99999;0.1444
382;38.10036;0.1431
383;38.20095;0.1407
384;38.30038;0.1401
385;38.40119;0.1383
386;38.50106;0.1337
387;38.60113;0.1365
388;38.70136;0.1394
389;38.80141;0.1367
390;38.90022;0.138
391;39.00014;0.1369
392;39.10109;0.1371
393;39.20162;0.1401
394;39.30013;0.1404
395;39.40012;0.1382
396;39.50079;0.1338
397;39.60033;0.1347
398;39.7001;0.1334
399;39.80082;0.1371
400;39.90099;0.1438
401;40.00134;0.1469
402;40.1014;0.1476
403;40.20052;0.1441
404;40.30173;0.1423
405;40.40179;0.1419
406;40.50018;0.1385
407;40.60004;0.1413
408;40.70045;0.1427
409;40.80176;0.1465
410;40.90104;0.1447
411;41.00082;0.1481
412;41.10109;0.1474
413;41.20007;0.133
414;41.30087;0.119
415;41.40131;0.1218
416;41.50035;0.1146
417;41.60117;0.1263
418;41.70188;0.1366
419;41.80157;0.1206
420;41.90088;0.113
421;42.00066;0.1048
422;42.10051;0.1075
423;42.20115;0.1202
424;42.30056;0.1087
425;42.40059;0.0996
426;42.50081;0.2311
427;42.60292;0.402
428;42.70177;0.3381
429;42.80011;0.0918
430;42.90183;0.1078
431;43.00059;0.1277
432;43.10043;0.1262
433;43.20132;0.1322
434;43.30069;0.1168
435;43.40131;0.1032
436;43.50043;0.116
437;43.60132;0.1264
438;43.70078;0.1367
439;43.80033;0.131
440;43.90068;0.1335
441;44.00033;0.1383
442;44.10097;0.1471
443;44.20056;0.15
444;44.30112;0.149
445;44.40118;0.1369
446;44.49993;0.1302
447;44.60177;0.1209
448;44.70111;0.1355
449;44.80016;0.1565
450;44.90088;0.2653
451;45.00172;0.1356
452;45.10159;0.1441
453;45.20091;0.1483
454;45.30197;0.1915
455;45.40125;0.18
456;45.50105;0.1747
457;45.60092;0.2196
458;45.70106;3.5977
459;45.80119;4.3254
460;45.901;6.0746
461;46.00076;6.7694
462;46.10069;7.585
463;46.20066;8.5522
464;46.30098;8.8804
465;46.40096;10.734
466;46.50095;11.3738
467;46.60035;12.9347
468;46.70071;13.2267
469;46.80008;14.1172
470;46.9011;14.4117
471;47.00034;16.139
472;47.10017;15.4604
473;47.2009;17.3379
474;47.3008;20.0482
475;47.40134;19.0463
476;47.50026;5.8724
477;47.60027;2.6051
478;47.70064;2.5484
479;47.80019;3.7805
480;47.90088;3.8656
481;48.00071;3.5869
482;48.10117;3.4608
483;48.20045;2.9807
484;48.30063;2.7813
485;48.40067;2.8912
486;48.50011;3.0827
487;48.60033;2.8627
488;48.70162;2.3391
489;48.80159;1.9874
490;48.90193;2.2431
491;49.00191;1.34
492;49.10179;1.1295
493;49.20123;1.7066
494;49.30115;0.8178
495;49.40199;1.695
496;49.50106;1.6615
497;49.60051;2.449
498;49.70139;3.4961
499;49.80088;4.4441
500;49.9013;4.9838
501;50.00029;5.1179
502;50.10152;5.3356
503;50.20146;4.7213
504;50.30005;4.5445
505;50.4;4.8319
506;50.50017;4.7453
507;50.60011;2.1347
508;50.70132;2.0095
509;50.80015;2.4
510;50.90083;3.3071
511;51.00082;3.158
512;51.10084;5.0659
513;51.20016;6.4216
514;51.30158;4.8013
515;51.40036;1.5396
516;51.50075;0.1777
517;51.60027;2.2694
518;51.70141;1.6976
519;51.80154;0.7216
520;51.90012;1.8216
521;52.0015;2.6189
522;52.10076;1.5905
523;52.20139;5.0
524;52.30069;2.6621
525;52.40052;9.5431
526;52.5007;10.6842
527;52.60122;8.7652
528;52.70065;8.4793
529;52.79993;5.4086
530;52.90036;3.5544
531;53.00037;3.2907
532;53.10129;0.2404
533;53.2005;0.3532
534;53.3017;1.0047
535;53.40064;5.0565
536;53.50121;10.0894
537;53.60077;8.9065
538;53.70102;13.2554
539;53.80067;5.6867
540;53.90068;5.1002
541;54.00146;4.9112
542;54.10051;3.3067
543;54.20089;2.0815
544;54.30093;0.9696
545;54.40038;3.2281
546;54.5005;3.8088
547;54.60064;5.1635
548;54.70107;7.484
549;54.80017;8.2447
550;54.90006;7.6001
551;55.00015;5.7397
552;55.10006;5.9396
553;55.19994;5.3524
554;55.3019;1.8037
555;55.40095;0.6885
556;55.50132;1.1377
557;55.60077;0.6015
558;55.70014;3.0441
559;55.80055;5.9105
560;55.90063;6.1739
561;56.00061;6.8476
562;56.1004;7.088
563;56.2;5.6045
564;56.30022;2.9004
565;56.40079;1.7274
566;56.50137;0.1809
567;56.6005;0.1979
568;56.70063;0.1545
569;56.8004;0.1901
570;56.90013;0.2391
571;57.00113;2.5674
572;57.10041;1.9346
573;57.20048;2.3752
574;57.30059;2.2084
575;57.4008;0.9474
576;57.50029;0.2221
577;57.59998;0.1433
578;57.70153;0.202
579;57.80123;0.1945
580;57.901;0.167
581;58.00077;0.1962
582;58.10046;0.4012
583;58.20116;0.7864
584;58.30035;0.4973
585;58.40038;5.0801
586;58.50006;6.0316
587;58.60012;0.4023
588;58.70064;1.6378
589;58.80021;0.9133
590;58.9001;1.1274
591;59.00029;0.3738
592;59.10048;0.1814
593;59.20044;0.1779
594;59.30024;0.1688
595;59.40105;0.1742
596;59.50065;0.1928
597;59.60044;0.2067
598;59.70059;0.2251
599;59.80045;0.3514
600;59.90046;0.4169
601;59.99999;0.6148
602;60.10163;0.8345
603;60.2007;0.6336
604;60.30034;0.9049
605;60.4005;0.6867
606;60.50001;0.6829
607;60.60041;0.7309
608;60.70169;0.5592
609;60.8009;0.4531
610;60.90117;0.1874
611;61.00038;0.1782
612;61.10162;0.1693
613;61.20074;0.1627
614;61.30036;0.1539
615;61.40047;0.1638
616;61.5;0.1556
617;61.60021;0.3818
618;61.70004;0.9641
619;61.8017;3.3408
620;61.89996;4.9179
621;62.00172;5.0517
622;62.10174;3.1741
623;62.19995;2.0155
624;62.30059;0.6891
625;62.40085;0.4543
626;62.50148;0.6103
627;62.59997;1.0611
628;62.69996;0.6901
629;62.80154;0.3445
630;62.90113;1.3881
631;63.00081;4.4849
632;63.10009;6.0444
633;63.20118;5.7984
634;63.30154;4.8705
635;63.40068;1.1268
636;63.50007;1.4504
637;63.60156;0.9907
638;63.70175;0.4898
639;63.80137;0.298
640;63.90092;0.3577
641;64.00135;0.3411
642;64.10185;3.557
643;64.20142;4.8739
644;64.30128;6.2525
645;64.40163;8.0012
646;64.50169;6.9403
647;64.60162;3.362
648;64.70126;3.4561
649;64.80055;0.5075
650;64.9011;0.2037
651;65.00161;0.1551
652;65.10113;0.1636
653;65.20118;0.2066
654;65.30011;0.1975
655;65.40142;0.2693
656;65.50056;0.0742
657;65.60138;0.0466
658;65.7014;0.0419
659;65.8005;0.0402
660;65.90071;0.0736
661;66.00032;0.3292
662;66.10153;0.33
663;66.20113;0.3251
664;66.30176;0.3396
665;66.40128;0.3534
666;66.50078;0.4344
667;66.60136;0.4677
668;66.70107;0.3894
669;66.80078;0.5274
670;66.90121;0.5141
671;67.00168;0.5283
672;67.10141;0.4481
673;67.20107;0.3811
674;67.30129;0.4292
675;67.40103;0.3235
676;67.50145;0.3041
677;67.60128;0.3106
678;67.70151;0.2995
679;67.80188;0.2912
680;67.90075;0.6189
681;68.00031;0.4106
682;68.10134;0.1759
683;68.20086;0.3265
684;68.30122;0.3428
685;68.40065;0.393
686;68.50108;0.2831
687;68.60052;0.3035
688;68.70119;1.0138
689;68.80124;1.132
690;68.90071;1.1194
691;69.0015;0.4817
692;69.10078;0.3191
693;69.20073;0.3021
694;69.30115;0.2508
695;69.40106;0.2533
696;69.50096;0.2418
697;69.60027;0.2509
698;69.70083;0.3012
699;69.80016;0.2484
700;69.9002;0.2528
701;70.00127;0.2463
702;70.09995;0.2289
703;70.20093;0.3155
704;70.30051;0.2822
705;70.40076;0.316
706;70.50095;0.2788
707;70.60027;0.2601
708;70.70035;0.4004
709;70.80112;0.3384
710;70.90028;0.3529
711;71.00098;0.2468
712;71.10071;0.3393
713;71.20082;0.3789
714;71.30036;0.357
715;71.40113;0.3283
716;71.50053;0.2491
717;71.60073;0.2418
718;71.70057;0.2512
719;71.8002;0.2488
720;71.90112;0.2805
721;72.00052;0.3583
722;72.1004;0.2243
723;72.20136;0.2263
724;72.30024;0.2229
725;72.40091;0.2832
726;72.49998;0.312
727;72.60138;0.3146
728;72.70052;0.2974
729;72.80008;0.3595
730;72.90189;0.2211
731;73.00188;0.3255
732;73.10106;0.2754
733;73.20092;0.2191
734;73.30062;0.2226
735;73.40091;0.226
736;73.50183;0.2304
737;73.60062;0.2268
738;73.70069;0.4149
739;73.80182;1.0493
740;73.90141;1.1176
741;74.00063;2.4693
742;74.10019;2.1009
743;74.20055;1.7911
744;74.30009;1.9933
745;74.4001;1.9375
746;74.50191;1.8085
747;74.60051;1.8088
748;74.70002;3.6373
749;74.80004;7.426
750;74.90157;9.1032
751;75.00051;4.995
752;75.10098;1.392
753;75.20181;1.1415
754;75.30067;0.3802
755;75.40006;0.4987
756;75.50042;0.9339
757;75.60049;3.7191
758;75.70039;5.4949
759;75.80076;7.585
760;75.90145;6.5519
761;76.00177;4.473
762;76.10043;1.7949
763;76.2015;1.8225
764;76.30014;1.5149
765;76.40037;1.6629
766;76.50061;1.5776
767;76.60089;1.5881
768;76.70171;1.646
769;76.80019;1.6251
770;76.9011;1.5221
771;77.00149;1.5066
772;77.10175;1.5344
773;77.20165;1.5113
774;77.30084;1.4906
775;77.40013;1.469
776;77.50073;1.4687
777;77.60036;1.3986
778;77.7002;1.4907
779;77.80004;1.4031
780;77.89999;1.456
781;78.00011;1.435
782;78.10121;1.4425
783;78.2001;1.4257
784;78.30167;1.3601
785;78.40034;1.4196
786;78.50143;1.4066
787;78.59995;1.3987
788;78.70135;1.3947
789;78.80125;1.2861
790;78.90092;1.2834
791;79.00129;1.2779
792;79.10169;1.2057
793;79.20004;0.9706
794;79.30128;0.6655
795;79.40009;0.7498
796;79.50081;0.3829
797;79.60106;0.9357
798;79.70052;0.992
799;79.80052;0.853
800;79.90051;0.9344
801;80.00169;0.7424
802;80.10197;0.5916
803;80.20187;0.6267
804;80.30091;1.1733
805;80.40102;1.0913
806;80.50146;1.0535
807;80.60195;1.0831
808;80.70174;0.9766
809;80.80115;1.0647
810;80.89996;1.1638
811;81.00143;0.6257
812;81.1008;0.9257
813;81.20174;1.7707
814;81.30054;3.1161
815;81.40136;6.364
816;81.50113;8.1583
817;81.60118;8.6631
818;81.70165;11.1417
819;81.80117;13.6867
820;81.90101;12.9455
821;82.00092;14.2276
822;82.10082;14.1533
823;82.20149;9.2015
824;82.30112;3.2649
825;82.40116;2.1672
826;82.50138;2.3426
827;82.60138;1.6328
828;82.70123;0.5552
829;82.79996;3.6939
830;82.90079;5.5095
831;83.00053;10.7342
832;83.10151;13.3226
833;83.20087;13.1513
834;83.30043;11.8019
835;83.40007;12.082
836;83.50117;3.3599
837;83.60055;0.8817
838;83.70094;1.1639
839;83.80175;3.2768
840;83.90008;4.163
841;84.00002;6.7581
842;84.10034;8.9802
843;84.2008;6.954
844;84.30184;9.5697
845;84.40176;15.0086
846;84.50071;16.2248
847;84.60126;20.4803
848;84.70178;21.165
849;84.80161;22.9157
850;84.90027;22.6082
851;85.00015;26.4468
852;85.10077;12.9045
853;85.20027;7.5843
854;85.30215;7.4024
855;85.40106;4.3309
856;85.50009;3.0556
857;85.60007;3.0485
858;85.70009;2.7541
859;85.80192;4.6226
860;85.9007;14.9799
861;86.00006;16.8558
862;86.1014;20.0729
863;86.20115;29.5138
864;86.30187;22.1028
865;86.40067;8.6432
866;86.50058;3.0213
867;86.60114;0.8848
868;86.70155;2.1701
869;86.80164;0.7261
870;86.9014;2.7246
871;87.00122;3.5892
872;87.10019;6.6853
873;87.20177;13.2222
874;87.30002;7.0044
875;87.40121;5.7859
876;87.50065;5.6495
877;87.60035;5.2801
878;87.70115;5.0535
879;87.80058;5.2144
880;87.90093;4.8257
881;88.00189;5.5182
882;88.10108;6.6066
883;88.20034;5.0313
884;88.30228;3.8255
885;88.40067;4.2468
886;88.50002;4.8535
887;88.60105;6.3211
888;88.70007;6.4645
889;88.80191;6.17
890;88.90156;3.1376
891;89.00114;1.7228
892;89.10064;1.9275
893;89.20169;2.2416
894;89.30091;2.8812
895;89.40108;3.1558
896;89.50073;3.2087
897;89.60043;4.7059
898;89.70039;3.6436
899;89.8003;4.3245
900;89.90176;4.3993
901;90.00177;3.6629
902;90.10167;4.4249
903;90.2014;4.2783
904;90.30112;4.2636
905;90.40125;3.7016
906;90.50052;1.6177
907;90.60079;1.3043
908;90.70083;1.6123
909;90.8015;2.4478
910;90.90108;2.5418
911;91.00128;1.7846
912;91.10072;0.3965
913;91.20023;2.1182
914;91.30065;1.3166
915;91.40057;0.4544
916;91.5014;0.3484
917;91.60059;1.0127
918;91.70071;1.5199
919;91.80037;0.6918
920;91.90121;0.3054
921;92.00096;0.28
922;92.10074;0.2238
923;92.20072;1.229
924;92.30128;0.5104
925;92.40077;0.2464
926;92.50139;0.147
927;92.6;4.2727
928;92.70075;5.9221
929;92.80129;8.9279
930;92.90019;11.967
931;93.00115;13.8941
932;93.10189;7.2878
933;93.20003;4.353
934;93.3;3.8042
935;93.40096;3.9288
936;93.50137;3.3058
937;93.60098;2.3571
938;93.70065;1.5282
939;93.80064;0.6432
940;93.90028;0.2824
941;94.00119;0.279
942;94.10041;1.6647
943;94.20045;0.4359
944;94.30088;1.5868
945;94.40056;2.6326
946;94.50059;3.094
947;94.60065;2.672
948;94.70048;2.1373
949;94.80161;1.365
950;94.90106;0.8543
951;95.00074;0.9724
952;95.10008;0.7796
953;95.20016;0.4164
954;95.30015;1.063
955;95.40006;4.8688
956;95.50027;7.5894
957;95.60025;10.6718
958;95.69996;13.4252
959;95.80093;15.4578
960;95.90029;14.725
961;96.0001;15.427
962;96.1012;13.5779
963;96.20071;12.0952
964;96.30064;5.1937
965;96.40047;5.4479
966;96.50086;4.3193
967;96.60123;3.7553
968;96.70005;2.655
969;96.80013;1.1353
970;96.90101;2.2265
971;97.00172;5.4029
972;97.10165;7.0604
973;97.20002;7.9806
974;97.30076;3.15
975;97.40168;1.6864
976;97.50002;0.8459
977;97.60019;1.3733
978;97.7002;0.7936
979;97.80054;0.4018
980;97.90079;0.5899
981;98.00133;1.9707
982;98.09995;1.4296
983;98.20052;1.8525
984;98.30002;8.1998
985;98.40045;13.9163
986;98.49998;14.6924
987;98.60045;13.706
988;98.70026;14.1173
989;98.80061;12.0217
990;98.90192;6.6852
991;99.00127;5.0201
992;99.09995;2.1501
993;99.2002;3.7403
994;99.30109;4.522
995;99.40034;6.1123
996;99.50092;7.869
997;99.6003;10.0631
998;99.7002;13.3596
999;99.80175;14.6378
1000;99.90117;16.3968
1001;100.0007;20.2179
1002;100.1005;21.0092
1003;100.2001;12.5202
1004;100.3017;5.7858
1005;100.4016;3.5433
1006;100.5013;3.1213
1007;100.6008;2.1054
1008;100.7014;1.6866
1009;100.8001;1.3717
1010;100.9019;1.8579
1011;101.0006;2.799
1012;101.1004;1.4945
1013;101.2016;5.1152
1014;101.3016;5.1291
1015;101.4002;8.7959
1016;101.5006;11.7654
1017;101.6002;14.7124
1018;101.7004;13.7919
1019;101.8001;12.3077
1020;101.9008;7.6134
1021;102.0;3.8596
1022;102.1013;1.5427
1023;102.2001;2.675
1024;102.3018;6.355
1025;102.4005;16.3785
1026;102.5003;23.164
1027;102.6019;29.6341
1028;102.7013;29.2048
1029;102.8011;11.9694
1030;102.9017;3.724
1031;103.0005;2.5954
1032;103.1014;4.1815
1033;103.2013;2.6543
1034;103.3012;2.4141
1035;103.4;1.7196
1036;103.5008;1.7616
1037;103.6015;1.0713
1038;103.7005;0.8865
1039;103.8;1.1045
1040;103.9017;1.0325
1041;104.0007;0.9837
1042;104.1014;1.0862
1043;104.201;0.9478
1044;104.3015;1.0254
1045;104.4011;1.0261
1046;104.5015;1.0324
1047;104.6013;0.7417
1048;104.7016;0.8715
1049;104.8013;0.7526
1050;104.9016;0.8369
1051;105.0;0.5769
1052;105.1015;0.7871
1053;105.2011;0.8854
1054;105.3015;0.4418
1055;105.4011;0.2281
1056;105.5001;1.0222
1057;105.6011;0.2231
1058;105.7014;0.2449
1059;105.8014;0.2821
1060;105.9009;0.4387
1061;106.0008;1.0429
1062;106.1011;0.7457
1063;106.2012;0.2791
1064;106.3009;0.8876
1065;106.401;1.0606
1066;106.5004;0.8283
1067;106.6014;1.2638
1068;106.7014;1.5017
1069;106.8015;0.6516
1070;106.9012;0.8494
1071;107.0012;0.9779
1072;107.101;1.2265
1073;107.2014;1.1858
1074;107.3005;1.1504
1075;107.4011;0.7503
1076;107.5015;1.1096
1077;107.6019;0.8287
1078;107.7009;1.1502
1079;107.8011;0.2422
1080;107.9002;0.2363
1081;108.0013;0.2169
1082;108.1001;0.2179
1083;108.2007;0.2689
1084;108.3004;0.3234
1085;108.4008;0.1841
1086;108.5003;0.2337
1087;108.6012;0.3384
1088;108.7012;0.2938
1089;108.8006;0.2733
1090;108.9013;0.2845
1091;109.0004;0.4907
1092;109.1006;1.0968
1093;109.2012;2.4915
1094;109.3008;3.465
1095;109.4008;1.6697
1096;109.5005;1.7264
1097;109.6012;2.6012
1098;109.7014;4.3165
1099;109.8005;2.63
1100;109.9003;3.5328
1101;110.002;2.0681
1102;110.1009;5.5424
1103;110.2004;3.3667
1104;110.301;1.1825
1105;110.4006;6.3441
1106;110.5005;11.9989
1107;110.6004;16.1598
1108;110.7005;19.5122
1109;110.8001;5.4903
1110;110.9008;6.108
1111;111.001;4.2804
1112;111.1007;2.5747
1113;111.2017;0.2525
1114;111.3004;0.2612
1115;111.4017;0.2481
1116;111.5005;0.2472
1117;111.6002;0.2569
1118;111.7018;0.311
1119;111.8004;5.9493
1120;111.9005;8.6019
1121;112.0001;9.2899
1122;112.0999;7.2686
1123;112.2017;4.3332
1124;112.3001;2.3593
1125;112.4009;0.3271
1126;112.5005;0.2599
1127;112.6003;0.2571
1128;112.7006;0.2327
1129;112.8001;0.2744
1130;112.9012;1.1624
1131;113.0013;1.9463
1132;113.1011;6.3409
1133;113.2019;5.1714
1134;113.3012;3.9
1135;113.4009;3.7262
1136;113.5011;1.1906
1137;113.6;0.3897
1138;113.7019;0.2786
1139;113.8007;0.2555
1140;113.9001;0.3111
1141;114.0016;0.8556
1142;114.1016;5.314
1143;114.2009;5.0145
1144;114.3004;6.6992
1145;114.4002;10.5929
1146;114.5016;8.3888
1147;114.6007;6.2271
1148;114.7017;2.9099
1149;114.8008;0.2886
1150;114.9002;0.2554
1151;115.0007;0.3175
1152;115.1013;0.2785
1153;115.2001;0.292
1154;115.3013;0.4357
1155;115.4004;0.5013
1156;115.5001;0.7238
1157;115.6001;6.7817
1158;115.702;6.9803
1159;115.8009;4.1797
1160;115.9002;1.4057
1161;116.0006;0.5063
1162;116.1;0.3757
1163;116.2003;0.2945
1164;116.3005;0.3192
1165;116.4017;0.5272
1166;116.5;4.7989
1167;116.6014;5.8383
1168;116.7002;3.1701
1169;116.8001;1.0733
1170;116.901;0.3907
1171;117.0004;0.2367
1172;117.1008;0.2171
1173;117.2015;0.285
1174;117.3002;0.4148
1175;117.4018;8.599
1176;117.5;4.1356
1177;117.6;2.9187
1178;117.7019;0.2416
1179;117.8014;0.2167
1180;117.902;0.7005
1181;118.001;0.7363
1182;118.1013;4.2693
1183;118.2004;5.1079
1184;118.3001;4.7511
1185;118.4;4.7188
1186;118.5013;3.786
1187;118.6016;3.6715
1188;118.7017;2.9318
1189;118.8007;1.6847
1190;118.9016;2.25
1191;119.001;2.001
1192;119.1014;0.9944
1193;119.2016;2.5175
1194;119.3008;3.1499
1195;119.4012;2.8313
1196;119.5009;2.6307
1197;119.6;3.229
1198;119.7015;2.6934
1199;119.8007;2.3531
1200;119.9016;2.0645
1201;120.0002;1.75
1202;120.1013;2.7031
1203;120.2011;2.7061
1204;120.3004;1.0589
1205;120.4017;1.3076
1206;120.5012;2.0437
1207;120.6005;2.5839
1208;120.7008;2.5345
1209;120.8017;1.7572
1210;120.9016;2.6465
1211;121.0017;2.7692
1212;121.1003;3.1475
1213;121.2017;3.7204
1214;121.3008;3.6076
1215;121.4015;4.6227
1216;121.5006;2.2205
1217;121.6012;0.852
1218;121.7009;0.2063
1219;121.8002;0.1866
1220;121.9012;3.7732
1221;121.9999;11.7997
1222;122.1007;13.2563
1223;122.2015;11.8889
1224;122.3011;3.8434
1225;122.4006;1.1857
1226;122.5014;0.1942
1227;122.6013;0.1898
1228;122.7016;0.2496
1229;122.8017;0.2165
1230;122.9013;0.2078
1231;123.0009;0.201
1232;123.1012;0.2026
1233;123.2007;0.2069
1234;123.301;0.2036
1235;123.401;0.2221
1236;123.5003;0.2093
1237;123.6016;0.2128
1238;123.7011;0.3229
1239;123.8011;0.2158
1240;123.901;0.3119
1241;124.0004;0.2952
1242;124.1006;0.2782
1243;124.2012;0.345
1244;124.3007;0.3556
1245;124.4012;0.3103
1246;124.501;0.2633
1247;124.6009;0.2715
1248;124.7013;0.2613
1249;124.8004;0.2437
1250;124.901;0.2206
1251;125.0013;1.0461
1252;125.1003;1.0857
1253;125.2011;1.0785
1254;125.3;0.8131
1255;125.4004;0.2798
1256;125.5004;0.3104
1257;125.6007;0.2566
1258;125.7009;0.2737
1259;125.8017;0.3343
1260;125.9002;1.1304
1261;126.0011;1.6547
1262;126.1019;2.1978
1263;126.201;2.704
1264;126.3008;2.8474
1265;126.401;0.5299
1266;126.5012;0.0358
1267;126.6011;-0.377
1268;126.7007;1.7111
1269;126.8005;3.5443
1270;126.901;3.1955
1271;127.0009;2.9264
1272;127.1004;1.8949
1273;127.2009;0.9257
1274;127.3017;1.0125
1275;127.4009;0.7262
1276;127.5019;0.7602
1277;127.6019;0.7421
1278;127.7003;0.6946
1279;127.8014;0.6992
1280;127.9019;0.6365
1281;128.0007;0.729
1282;128.1;0.6924
1283;128.2018;0.5956
1284;128.3004;0.3574
1285;128.4013;0.4754
1286;128.5001;0.2641
1287;128.6018;0.6726
1288;128.7001;0.344
1289;128.8014;0.6402
1290;128.9001;0.7987
1291;129.0008;0.563
1292;129.1016;0.8046
1293;129.2013;0.6752
1294;129.3011;0.7471
1295;129.4014;0.4852
1296;129.5001;0.4689
1297;129.6003;0.2825
1298;129.7016;0.2646
1299;129.8003;0.2625
1300;129.901;0.2625
1301;130.0002;0.2619
1302;130.1003;0.2645
1303;130.2014;0.268
1304;130.3012;0.2656
1305;130.4;0.2666
1306;130.5018;0.2862
1307;130.6003;0.4512
1308;130.7005;0.4738
1309;130.8009;0.718
1310;130.9013;0.6427
1311;131.0019;0.8247
1312;131.1012;0.9287
1313;131.2017;0.913
1314;131.3014;0.8562
1315;131.4001;0.8004
1316;131.5002;0.7431
1317;131.6018;0.6747
1318;131.7004;0.627
1319;131.801;0.8802
1320;131.901;0.7977
1321;132.0003;0.7764
1322;132.1017;0.7966
1323;132.2002;0.7827
1324;132.3013;0.6755
1325;132.4001;0.5558
1326;132.5005;0.7347
1327;132.6012;0.6375
1328;132.7016;0.7875
1329;132.8006;0.6729
1330;132.901;0.6565
1331;133.0007;0.6289
1332;133.1004;0.7122
1333;133.2001;0.7539
1334;133.3004;0.6981
1335;133.4006;0.6282
1336;133.5013;0.8106
1337;133.6015;0.7769
1338;133.7001;0.8438
1339;133.8003;0.7378
1340;133.9018;0.7961
1341;134.0;0.7731
1342;134.1004;0.789
1343;134.2014;0.8324
1344;134.3008;0.7021
1345;134.4015;0.7782
1346;134.5017;0.8286
1347;134.6019;0.7999
1348;134.7015;0.7204
1349;134.8004;0.7977
1350;134.9006;0.8099
1351;135.0019;0.7588
1352;135.1006;0.8014
1353;135.2013;0.846
1354;135.3017;0.8301
1355;135.4018;0.8144
1356;135.5015;0.7753
1357;135.6003;0.788
1358;135.7014;0.7907
1359;135.8013;0.8087
1360;135.9013;0.7569
1361;136.0017;0.8583
1362;136.1008;0.8181
1363;136.2017;0.8254
1364;136.301;0.7781
1365;136.401;0.7949
1366;136.5016;0.7719
1367;136.6017;0.8431
1368;136.7005;0.8089
1369;136.8008;0.7869
1370;136.9017;0.7718
1371;137.0002;0.7754
1372;137.1008;0.8281
1373;137.2009;0.8711
1374;137.3003;0.787
1375;137.4016;0.8264
1376;137.5013;0.8224
1377;137.601;0.7858
1378;137.7015;0.6942
1379;137.8012;0.6677
1380;137.9001;0.5634
1381;138.0009;0.8253
1382;138.1014;0.3931
1383;138.2016;0.4681
1384;138.3009;0.323
1385;138.4009;0.3933
1386;138.5018;0.3254
1387;138.6019;0.9504
1388;138.7005;0.3336
1389;138.8017;0.3241
1390;138.9006;0.3435
1391;139.0007;0.3281
1392;139.1;0.5116
1393;139.2011;0.3313
1394;139.3012;0.3967
1395;139.401;0.3253
1396;139.5003;0.325
1397;139.6003;0.4371
1398;139.7012;0.4605
1399;139.8019;0.4613
1400;139.9018;0.4764
1401;140.0011;0.4695
1402;140.101;0.4445
1403;140.2008;0.3883
1404;140.3012;0.383
1405;140.4014;0.3389
1406;140.5011;0.3283
1407;140.6005;0.333
1408;140.7011;0.3226
1409;140.8011;0.3247
1410;140.9016;0.3245
1411;141.0011;0.3236
1412;141.1004;0.32
1413;141.2006;0.3287
1414;141.3002;0.3202
1415;141.4017;0.343
1416;141.5003;0.3482
1417;141.6005;0.3674
1418;141.7013;0.3616
1419;141.8009;0.3472
1420;141.9005;0.3309
1421;142.0009;0.3295
1422;142.1;0.346
1423;142.201;0.3533
1424;142.3004;0.325
1425;142.4005;0.3633
1426;142.5003;0.3444
1427;142.6017;0.3315
1428;142.7006;0.3159
1429;142.8008;0.2978
1430;142.9005;0.2884
1431;143.0016;0.2905
1432;143.1002;0.2903
1433;143.2002;0.2926
1434;143.3006;0.2861
1435;143.4017;0.2785
1436;143.5005;0.2657
1437;143.6011;0.261
1438;143.7002;0.2575
1439;143.8018;0.2575
1440;143.9016;0.249
1441;144.001;0.2497
1442;144.1002;0.2534
1443;144.2013;-0.122
1444;144.2999;-0.6648
1445;144.4011;2.6261
1446;144.5008;2.9313
1447;144.6017;4.0146
1448;144.7006;4.8441
1449;144.8017;5.5151
1450;144.9006;5.2242
1451;145.0001;4.8751
1452;145.1;4.6049
1453;145.2005;3.6606
1454;145.3006;1.769
1455;145.4007;1.5446
1456;145.5004;1.5801
1457;145.6003;1.6651
1458;145.7005;1.653
1459;145.8011;2.0795
1460;145.9008;2.352
1461;146.0001;7.4956
1462;146.1005;9.3286
1463;146.2014;8.2781
1464;146.3005;6.3993
1465;146.4018;4.6382
1466;146.501;1.8607
1467;146.6015;1.5935
1468;146.7018;1.5277
1469;146.8011;1.5557
1470;146.9008;1.68
1471;147.0017;1.4259
1472;147.1016;1.4514
1473;147.2018;1.4986
1474;147.3016;1.3819
1475;147.4004;1.3869
1476;147.501;1.5026
1477;147.6008;1.3226
1478;147.7008;1.3635
1479;147.8018;1.3318
1480;147.9011;0.847
1481;148.0007;1.0821
1482;148.1004;0.6747
1483;148.2016;2.2495
1484;148.3012;3.1727
1485;148.4011;6.4386
1486;148.5012;7.9597
1487;148.6012;7.3186
1488;148.7015;10.7814
1489;148.8016;14.2206
1490;148.9011;11.2979
1491;149.0002;6.1191
1492;149.1015;2.9331
1493;149.2002;4.7163
1494;149.3003;5.0772
1495;149.4018;3.8821
1496;149.5017;3.6008
1497;149.601;3.8208
1498;149.7009;3.9753
1499;149.8018;6.3957
1500;149.9016;6.71
1501;150.0023;7.572
1502;150.1014;5.8532
1503;150.2009;6.4468
1504;150.3015;4.0102
1505;150.4012;1.986
1506;150.5013;1.2841
1507;150.6016;1.4508
1508;150.7014;3.3204
1509;150.8011;6.6988
1510;150.9007;6.4063
1511;151.0012;8.4545
1512;151.1009;5.8268
1513;151.2012;5.399
1514;151.303;2.1362
1515;151.4017;1.4237
1516;151.5008;0.5703
1517;151.6005;0.6132
1518;151.7007;2.1242
1519;151.8005;4.743
1520;151.9008;5.3424
1521;152.0018;7.2207
1522;152.1011;5.3413
1523;152.2017;4.8033
1524;152.3002;2.2053
1525;152.4017;1.0388
1526;152.5012;0.5251
1527;152.6011;0.5065
1528;152.7013;2.681
1529;152.8008;4.8718
1530;152.8999;7.6187
1531;153.0014;4.5091
1532;153.1004;3.7094
1533;153.2016;1.3414
1534;153.3019;0.4627
1535;153.4012;0.4252
1536;153.5018;0.4678
1537;153.6016;0.5124
1538;153.7016;4.502
1539;153.8011;5.8953
1540;153.9019;4.8269
1541;154.0012;3.8071
1542;154.101;0.9705
1543;154.2005;0.5803
1544;154.3012;0.5353
1545;154.4;0.5071
1546;154.5007;0.515
1547;154.6009;4.1593
1548;154.7001;4.1614
1549;154.8002;4.6859
1550;154.9017;3.7894
1551;155.0;1.929
1552;155.1002;0.6177
1553;155.2011;0.5547
1554;155.3003;0.5123
1555;155.4012;0.8104
1556;155.501;4.9687
1557;155.6001;5.672
1558;155.7013;5.7859
1559;155.8018;4.0701
1560;155.9003;3.4134
1561;156.0012;1.6767
1562;156.1018;0.5976
1563;156.2015;0.5878
1564;156.3;1.4741
1565;156.402;2.6432
1566;156.5007;4.4295
1567;156.6005;4.8142
1568;156.7007;5.7386
1569;156.8014;3.7451
1570;156.9007;2.3087
1571;157.001;1.4894
1572;157.1012;0.5381
1573;157.2017;0.5236
1574;157.3009;1.887
1575;157.4007;5.2145
1576;157.5009;6.5256
1577;157.601;7.5669
1578;157.7012;5.414
1579;157.8009;3.7977
1580;157.9011;2.1451
1581;158.0003;1.8717
1582;158.1011;1.6188
1583;158.2017;2.5896
1584;158.3006;4.3497
1585;158.4014;4.7756
1586;158.501;6.7779
1587;158.6015;5.4664
1588;158.7014;4.657
1589;158.8015;4.656
1590;158.9012;3.0392
1591;159.0012;1.7165
1592;159.1008;2.3746
1593;159.2011;2.5663
1594;159.3014;2.7008
1595;159.4;4.8006
1596;159.5012;4.9723
1597;159.6003;4.845
1598;159.701;2.3529
1599;159.8015;1.4173
1600;159.8999;0.5646
1601;160.0012;2.2363
1602;160.1;2.1634
1603;160.2008;3.6035
1604;160.3;3.9899
1605;160.4018;5.6054
1606;160.501;3.8992
1607;160.6002;3.6159
1608;160.7004;1.921
1609;160.8011;1.8987
1610;160.9003;1.5961
1611;161.0011;2.0569
1612;161.101;2.6172
1613;161.2013;3.0912
1614;161.3016;5.422
1615;161.4011;4.6055
1616;161.5007;4.5391
1617;161.6007;3.4322
1618;161.7006;2.0326
1619;161.8016;0.8436
1620;161.9003;1.8233
1621;162.0;2.165
1622;162.1018;4.3875
1623;162.2005;6.4329
1624;162.3003;8.9328
1625;162.4;7.0921
1626;162.5007;5.4566
1627;162.6005;4.0449
1628;162.7018;2.9663
1629;162.8007;2.3199
1630;162.9014;3.9705
1631;163.0001;3.623
1632;163.1009;5.5331
1633;163.2018;5.8727
1634;163.3005;7.1508
1635;163.4002;5.1762
1636;163.5006;3.7543
1637;163.6008;2.429
1638;163.7012;0.4062
1639;163.8002;0.7529
1640;163.9003;0.3768
1641;164.0009;1.2621
1642;164.1;3.7009
1643;164.2008;4.6083
1644;164.3002;4.039
1645;164.4017;5.9339
1646;164.5004;4.3625
1647;164.6011;2.5813
1648;164.7016;0.4696
1649;164.8014;0.4758
1650;164.9;0.4283
1651;165.0008;1.8945
1652;165.1015;5.9727
1653;165.2004;7.7232
1654;165.3018;7.6527
1655;165.4013;4.6368
1656;165.5001;4.3465
1657;165.6006;1.6961
1658;165.7004;0.6033
1659;165.8006;0.4582
1660;165.901;1.3293
1661;166.0018;1.4205
1662;166.1009;2.7321
1663;166.2009;4.0649
1664;166.3;5.161
1665;166.4012;4.2086
1666;166.5005;1.6836
1667;166.6004;0.6128
1668;166.701;0.5883
1669;166.8009;1.1566
1670;166.9011;0.925
1671;167.0011;2.3239
1672;167.1018;2.1381
1673;167.2017;3.5445
1674;167.3001;3.3137
1675;167.4002;2.8901
1676;167.502;1.9708
1677;167.6003;1.258
1678;167.7017;0.7112
1679;167.8007;0.4712
1680;167.9004;0.4912
1681;168.0018;1.8872
1682;168.1002;2.4953
1683;168.2016;2.4992
1684;168.3013;2.6747
1685;168.4013;2.5181
1686;168.501;1.2023
1687;168.6003;0.4021
1688;168.7009;0.2922
1689;168.8002;0.3425
1690;168.9;0.2197
1691;169.0014;1.2612
1692;169.1;1.2586
1693;169.2005;0.618
1694;169.3001;0.7327
1695;169.4011;2.9737
1696;169.501;3.3568
1697;169.6012;1.3537
1698;169.7005;0.393
1699;169.8017;1.1168
1700;169.9006;1.0198
1701;170.0016;0.4564
1702;170.1018;0.4969
1703;170.2018;0.4152
1704;170.3015;0.3822
1705;170.4011;0.3764
1706;170.5014;0.3021
1707;170.6011;0.3855
1708;170.701;0.4452
1709;170.8007;0.4002
1710;170.9007;0.4786
1711;171.002;0.5054
1712;171.1001;0.5076
1713;171.2018;0.4434
1714;171.3017;0.3932
1715;171.4019;0.3819
1716;171.5007;0.3675
1717;171.6009;0.3268
1718;171.7;0.3563
1719;171.8011;0.3046
1720;171.9011;0.3107
1721;172.001;1.01
1722;172.1014;0.4134
1723;172.2008;0.4353
1724;172.3018;0.3679
1725;172.4;0.309
1726;172.5017;0.3158
1727;172.6002;0.39
1728;172.7017;3.1662
1729;172.8014;3.1326
1730;172.9008;2.1659
1731;173.0016;0.9048
1732;173.1009;0.7029
1733;173.2006;0.5095
1734;173.301;0.4988
1735;173.4019;0.5223
1736;173.501;0.5252
1737;173.6015;0.4948
1738;173.7016;0.4573
1739;173.8005;0.4563
1740;173.9014;0.4925
1741;174.0007;0.4111
1742;174.1013;0.6173
1743;174.2016;5.1118
1744;174.3011;7.0062
1745;174.4012;3.373
1746;174.5006;3.4905
1747;174.6008;1.6827
1748;174.7003;0.4532
1749;174.8;0.6057
1750;174.9017;0.5623
1751;175.0007;0.6207
1752;175.1015;0.5094
1753;175.2003;2.9423
1754;175.3016;6.1233
1755;175.4013;6.8124
1756;175.502;5.7403
1757;175.6008;3.7057
1758;175.7013;2.0507
1759;175.8011;0.5331
1760;175.9019;0.5101
1761;176.0011;0.8692
1762;176.1004;4.3403
1763;176.2;6.1813
1764;176.3012;6.0685
1765;176.4009;5.2606
1766;176.5011;4.2217
1767;176.6002;2.2184
1768;176.7005;0.5222
1769;176.801;0.327
1770;176.9002;0.432
1771;177.0001;3.9312
1772;177.1012;3.535
1773;177.2012;3.3412
1774;177.3006;1.8787
1775;177.4001;1.9888
1776;177.5013;0.544
1777;177.6017;0.6284
1778;177.7018;0.4719
1779;177.8015;0.3561
1780;177.9019;0.3535
1781;178.0004;0.3726
1782;178.1001;2.1936
1783;178.2014;1.0861
1784;178.3006;0.969
1785;178.4017;0.9805
1786;178.5003;0.5487
1787;178.6017;0.598
1788;178.7002;0.5011
1789;178.8013;0.4175
1790;178.9005;1.6663
1791;179.0009;4.311
1792;179.1005;5.1388
1793;179.2013;0.8836
1794;179.3005;0.4263
1795;179.4009;0.5138
1796;179.5007;0.5191
1797;179.6019;0.3955
1798;179.7;0.4563
1799;179.8011;1.7243
1800;179.9011;2.9313
1801;180.0016;0.4068
1802;180.1014;0.4269
1803;180.2012;0.367
1804;180.3012;0.4085
1805;180.4001;0.5079
1806;180.5009;0.4997
1807;180.6009;0.5025
1808;180.7014;6.2018
1809;180.8005;1.8299
1810;180.9016;2.4674
1811;181.0014;1.7755
1812;181.1;2.8841
1813;181.2017;1.5197
1814;181.3005;0.6885
1815;181.4014;2.2105
1816;181.5019;1.4969
1817;181.6014;5.74
1818;181.7012;4.6545
1819;181.8005;2.5177
1820;181.9012;3.8677
1821;182.0016;2.5973
1822;182.1009;1.5743
1823;182.2018;0.6122
1824;182.3007;0.6514
1825;182.4018;0.54
1826;182.5005;0.5835
1827;182.6012;1.4939
1828;182.7011;1.5912
1829;182.8006;3.0597
1830;182.9015;1.6841
1831;183.0001;3.2496
1832;183.1007;3.4498
1833;183.2001;1.2306
1834;183.3002;0.6447
1835;183.4013;0.5784
1836;183.5004;0.5267
1837;183.6;0.5789
1838;183.701;0.5478
1839;183.8014;5.2697
1840;183.9002;0.4736
1841;184.0019;0.5777
1842;184.1016;0.6866
1843;184.2013;0.6769
1844;184.3011;0.643
1845;184.4008;0.5659
1846;184.5006;0.4519
1847;184.6002;0.4917
1848;184.7004;2.1658
1849;184.8002;3.9866
1850;184.9001;10.65
1851;185.0013;8.4998
1852;185.1006;6.6642
1853;185.2002;2.095
1854;185.3016;3.3379
1855;185.4016;1.9871
1856;185.5017;2.6966
1857;185.601;5.3049
1858;185.701;9.2752
1859;185.8006;8.6785
1860;185.9011;6.9627
1861;186.0009;2.2883
1862;186.1019;0.4308
1863;186.2006;1.6985
1864;186.3004;2.028
1865;186.401;4.6661
1866;186.5001;2.4893
1867;186.6003;1.6376
1868;186.7001;2.8864
1869;186.8001;5.7818
1870;186.9013;6.321
1871;187.0018;6.9752
1872;187.1011;13.7176
1873;187.2015;13.9942
1874;187.3015;6.6428
1875;187.401;3.5309
1876;187.5015;1.2614
1877;187.6017;1.277
1878;187.7004;2.7375
1879;187.801;2.889
1880;187.9012;4.4103
1881;188.0004;3.4935
1882;188.1019;5.9587
1883;188.2007;5.913
1884;188.3009;5.9835
1885;188.4009;12.4625
1886;188.5004;9.357
1887;188.6007;4.5597
1888;188.7006;2.0023
1889;188.8011;1.2692
1890;188.9002;0.8185
1891;189.0015;1.483
1892;189.1012;2.4089
1893;189.1999;2.7039
1894;189.3016;1.7319
1895;189.4008;1.6695
1896;189.5012;2.4253
1897;189.6011;2.9623
1898;189.7019;2.6458
1899;189.8001;2.0355
1900;189.9006;1.9111
1901;190.0002;2.0476
1902;190.1012;1.9918
1903;190.2011;2.4004
1904;190.3009;2.4037
1905;190.4001;2.7264
1906;190.5018;2.7663
1907;190.6002;2.1797
1908;190.7013;2.2813
1909;190.8007;2.2444
1910;190.9006;2.057
1911;191.0011;2.2292
1912;191.1005;2.2032
1913;191.2006;2.2323
1914;191.3001;2.2399
1915;191.401;2.13
1916;191.5007;1.8096
1917;191.6015;1.5056
1918;191.7016;1.4531
1919;191.8009;0.4635
1920;191.9017;1.1609
1921;192.0015;1.3186
1922;192.1005;1.0958
1923;192.2016;1.8348
1924;192.3002;2.2477
1925;192.401;2.0262
1926;192.5017;2.0349
1927;192.6003;1.6049
1928;192.7005;1.7981
1929;192.8002;1.0615
1930;192.9007;1.901
1931;193.0014;1.568
1932;193.1009;1.02
1933;193.2005;1.0097
1934;193.3013;0.827
1935;193.4014;1.6491
1936;193.5015;0.2931
1937;193.6007;1.4843
1938;193.7012;0.8628
1939;193.8008;0.6641
1940;193.9001;1.7074
1941;194.0;1.1148
1942;194.1006;0.2722
1943;194.2018;0.3367
1944;194.3013;0.9215
1945;194.4013;0.3091
1946;194.5008;2.3379
1947;194.6013;3.1041
1948;194.7004;13.4863
1949;194.8011;12.0304
1950;194.9007;8.0213
1951;195.0007;5.2311
1952;195.1013;1.1639
1953;195.2012;2.6647
1954;195.3011;2.2743
1955;195.4013;4.417
1956;195.5001;4.5584
1957;195.6006;6.8473
1958;195.7005;9.9885
1959;195.8017;12.1412
1960;195.9006;3.2836
1961;195.9999;2.2665
1962;196.1009;0.9638
1963;196.2003;1.9099
1964;196.3004;2.2261
1965;196.4015;0.5397
1966;196.5005;0.5882
1967;196.6007;0.5709
1968;196.7005;0.5876
1969;196.801;1.2606
1970;196.9013;1.694
1971;197.0005;1.8089
1972;197.1019;2.0829
1973;197.2015;1.6063
1974;197.3008;1.433
1975;197.4002;1.3463
1976;197.5019;-0.3222
1977;197.6004;-1.7297
1978;197.7009;0.9332
1979;197.8003;1.5499
1980;197.9012;1.8765
1981;198.002;1.7277
1982;198.101;0.9039
1983;198.2001;0.391
1984;198.3016;0.6139
1985;198.4007;0.6915
1986;198.5003;1.2575
1987;198.6017;1.3223
1988;198.7002;1.3031
1989;198.8017;1.6454
1990;198.9004;15.2164
1991;199.001;22.9877
1992;199.1003;24.5196
1993;199.2001;17.7762
1994;199.3001;7.5625
1995;199.4015;6.096
1996;199.5;5.4867
1997;199.6017;5.3879
1998;199.7002;5.8896
1999;199.8;6.1547
2000;199.9013;6.259
2001;200.001;6.0696
2002;200.1017;5.9292
2003;200.2004;5.8582
2004;200.3001;5.9663
2005;200.4013;6.0875
2006;200.5006;5.9176
2007;200.6015;5.9515
2008;200.7012;6.159
2009;200.8012;5.9372
2010;200.9009;5.8917
2011;201.0008;5.798
2012;201.1016;6.1351
2013;201.2;4.6633
2014;201.3001;4.5147
2015;201.4024;4.4886
2016;201.5015;3.8753
2017;201.6008;3.8039
2018;201.7013;4.0709
2019;201.8014;3.5814
2020;201.9011;2.55
2021;202.001;1.0832
2022;202.0999;-0.1319
2023;202.2018;-0.1732
2024;202.3006;-0.2468
2025;202.4017;-0.2211
2026;202.5014;7.3005
2027;202.6014;7.5712
2028;202.7006;14.6513
2029;202.8019;18.9107
2030;202.9007;17.0896
2031;203.0;10.9637
2032;203.1003;7.2084
2033;203.2009;3.7108
2034;203.3009;4.2165
2035;203.4009;3.0795
2036;203.5011;0.723
2037;203.6006;2.1723
2038;203.701;0.7114
2039;203.8005;3.6217
2040;203.9006;3.0287
2041;204.0007;3.6193
2042;204.1007;2.7315
2043;204.2;4.8609
2044;204.3018;5.7849
2045;204.4016;13.1772
2046;204.5019;14.9661
2047;204.6006;9.0424
2048;204.7003;4.5213
2049;204.8;1.7176
2050;204.9014;0.5516
2051;205.0015;0.5065
2052;205.101;0.3763
2053;205.201;1.0444
2054;205.3004;1.5372
2055;205.4008;1.5605
2056;205.5009;1.2928
2057;205.6003;1.5215
2058;205.7016;1.431
2059;205.8006;1.2871
2060;205.9014;1.2051
2061;206.001;1.1415
2062;206.101;0.9746
2063;206.201;0.8921
2064;206.3013;1.1342
2065;206.4007;1.0733
2066;206.5008;1.0965
2067;206.6003;1.0303
2068;206.7011;1.1163
2069;206.8013;1.1848
2070;206.9;1.0699
2071;207.0003;1.1805
2072;207.101;0.9849
2073;207.2017;1.0086
2074;207.3018;1.0298
2075;207.4007;1.0627
2076;207.5019;1.0453
2077;207.6005;0.8691
2078;207.7005;0.9755
2079;207.8005;0.9824
2080;207.9018;1.0418
2081;208.0009;0.954
2082;208.1001;0.9984
2083;208.2015;1.0176
2084;208.3006;1.0137
2085;208.4013;0.9788
2086;208.5006;1.2817
2087;208.6012;0.9869
2088;208.7013;1.0905
2089;208.8004;1.0184
2090;208.9011;1.0267
2091;209.0;1.0839
2092;209.1016;3.8061
2093;209.2009;5.0461
2094;209.3017;14.6132
2095;209.4008;21.2757
2096;209.5014;15.3759
2097;209.6017;3.7186
2098;209.7011;1.5068
2099;209.8018;1.3931
2100;209.9003;1.2433
2101;210.0001;1.358
2102;210.1001;1.3802
2103;210.2;1.3891
2104;210.3007;1.3426
2105;210.4008;1.3162
2106;210.5011;1.365
2107;210.6012;1.3724
2108;210.7017;1.3515
2109;210.8008;1.3573
2110;210.9015;1.3379
2111;211.0007;1.3466
2112;211.0999;1.3473
2113;211.2006;1.3285
2114;211.3003;1.2564
2115;211.4004;1.316
2116;211.5014;1.2691
2117;211.6006;1.2356
2118;211.7001;1.2061
2119;211.8014;1.2106
2120;211.9005;1.2202
2121;212.0014;1.0533
2122;212.1015;1.0351
2123;212.2001;1.0254
2124;212.3014;0.9983
2125;212.4003;0.9424
2126;212.5011;1.8753
2127;212.6001;1.7749
2128;212.7002;1.8422
2129;212.8006;1.8639
2130;212.9015;0.8856
2131;213.0013;0.8669
2132;213.1004;0.6797
2133;213.2009;0.2138
2134;213.2999;0.236
2135;213.4004;0.1522
2136;213.5021;0.1971
2137;213.6011;0.2427
2138;213.7019;0.5554
2139;213.8016;0.9765
2140;213.9013;1.0435
2141;214.0008;0.8996
2142;214.1002;0.9594
2143;214.2001;0.9176
2144;214.3001;0.8054
2145;214.4007;0.9238
2146;214.5002;0.8578
2147;214.6013;0.8949
2148;214.7014;0.7979
2149;214.8008;0.8538
2150;214.9005;0.8842
2151;215.0017;0.8688
2152;215.1008;0.8737
2153;215.2005;0.8721
2154;215.3007;0.8818
2155;215.4002;0.8838
2156;215.5011;0.7997
2157;215.6009;0.8495
2158;215.7009;0.8731
2159;215.8004;0.9022
2160;215.9006;0.8483
2161;216.0009;0.7473
2162;216.1008;0.7839
2163;216.2009;0.8028
2164;216.3018;0.8316
2165;216.4004;0.7587
2166;216.5013;0.7819
2167;216.6019;0.8262
2168;216.7007;0.777
2169;216.8014;0.7365
2170;216.9009;0.5871
2171;217.0005;1.1019
2172;217.1004;1.4417
2173;217.2018;1.3032
2174;217.3009;1.0313
2175;217.4002;0.4445
2176;217.5001;0.8101
2177;217.6003;0.6432
2178;217.7004;0.9727
2179;217.8008;1.6491
2180;217.9005;4.8299
2181;218.0001;6.278
2182;218.1002;6.7312
2183;218.2015;5.5973
2184;218.3007;4.4765
2185;218.4005;3.857
2186;218.5008;3.6136
2187;218.6005;3.882
2188;218.7002;3.4825
2189;218.8014;2.7069
2190;218.9015;2.7568
2191;219.0007;2.3101
2192;219.1002;3.2964
2193;219.2013;3.904
2194;219.3016;3.7229
2195;219.4009;3.3275
2196;219.5018;3.1861
2197;219.6014;3.3291
2198;219.7006;3.5112
2199;219.8013;3.5153
2200;219.9003;3.1832
2201;220.0007;2.5145
2202;220.1007;2.9079
2203;220.2008;2.7955
2204;220.3005;2.4843
2205;220.4005;2.123
2206;220.5;2.0388
2207;220.6016;1.9133
2208;220.7011;1.7959
2209;220.8015;1.7227
2210;220.9006;1.6573
2211;221.0005;1.3904
2212;221.1009;1.4912
2213;221.2019;1.6804
2214;221.3013;1.7871
2215;221.4016;1.6249
2216;221.5007;1.6174
2217;221.6008;1.2688
2218;221.7005;1.1078
2219;221.801;1.2914
2220;221.9;1.2615
2221;222.0004;1.3153
2222;222.1002;1.318
2223;222.201;1.3676
2224;222.3007;1.6156
2225;222.4012;1.3295
2226;222.4999;1.2254
2227;222.6017;1.2139
2228;222.7001;1.4143
2229;222.8003;1.2246
2230;222.9018;0.9148
2231;223.0003;1.0294
2232;223.1002;1.0901
2233;223.2;1.2798
2234;223.3008;1.5918
2235;223.4007;1.3573
2236;223.5009;1.3898
2237;223.6001;1.0277
2238;223.7011;0.364
2239;223.8003;0.9403
2240;223.9002;0.7212
2241;224.0004;1.281
2242;224.1008;1.5877
2243;224.2004;1.9955
2244;224.3011;1.5109
2245;224.4008;1.7244
2246;224.5016;1.8594
2247;224.6002;2.138
2248;224.7006;1.5923
2249;224.8005;1.0998
2250;224.9;1.5796
2251;225.0019;1.2372
2252;225.1005;1.4538
2253;225.2008;1.3001
2254;225.3008;1.2085
2255;225.4012;1.4117
2256;225.5003;1.6248
2257;225.6002;1.3909
2258;225.7019;1.6765
2259;225.8003;1.7863
2260;225.9005;1.304
2261;226.0007;0.7161
2262;226.1002;0.783
2263;226.2011;0.3212
2264;226.3018;0.4443
2265;226.4005;0.4664
2266;226.5011;0.245
2267;226.6011;0.3335
2268;226.7005;0.9953
2269;226.8009;1.2837
2270;226.9004;1.7481
2271;227.0;2.1546
2272;227.101;1.5549
2273;227.2017;1.7459
2274;227.2999;1.1652
2275;227.4002;0.6513
2276;227.5013;0.7134
2277;227.6;0.9194
2278;227.7016;0.6661
2279;227.8004;0.319
2280;227.9001;0.3207
2281;228.0006;0.7758
2282;228.1004;0.8615
2283;228.2002;0.5544
2284;228.3013;3.4631
2285;228.4005;5.8819
2286;228.5018;8.1767
2287;228.6001;13.0091
2288;228.7018;18.6804
2289;228.8019;10.5902
2290;228.9006;4.5709
2291;229.0003;2.3582
2292;229.1011;1.0516
2293;229.2003;6.5184
2294;229.3014;10.5541
2295;229.4003;15.6094
2296;229.5;4.4452
2297;229.6002;1.5512
2298;229.7017;0.3633
2299;229.8017;0.3168
2300;229.9019;0.2688
2301;230.0001;1.2003
2302;230.1018;3.5423
2303;230.2065;5.3676
2304;230.3002;6.257
2305;230.4013;2.1715
2306;230.5005;1.3059
2307;230.6001;0.3838
2308;230.7018;0.2979
2309;230.8007;0.3871
2310;230.9014;2.8152
2311;231.001;2.2716
2312;231.1017;5.6932
2313;231.2002;0.9021
2314;231.3005;1.3102
2315;231.4;0.8067
2316;231.501;0.4367
2317;231.6012;0.3981
2318;231.7014;0.4388
2319;231.8004;0.8926
2320;231.9012;3.8484
2321;232.0009;1.5862
2322;232.1003;1.4144
2323;232.2011;0.8573
2324;232.3008;0.3933
2325;232.4017;0.3063
2326;232.5019;0.506
2327;232.6013;5.005
2328;232.7018;2.4493
2329;232.8014;0.4942
2330;232.9013;0.4781
2331;233.0016;0.3416
2332;233.1014;0.2545
2333;233.2009;0.438
2334;233.3005;0.8454
2335;233.4011;3.1835
2336;233.5011;1.3271
2337;233.6012;2.8183
2338;233.7007;2.2451
2339;233.8011;0.3098
2340;233.9006;0.1463
2341;234.0003;0.1505
2342;234.1018;0.3211
2343;234.2012;3.6287
2344;234.3009;7.1759
2345;234.4013;4.9817
2346;234.5013;1.6771
2347;234.6019;0.7485
2348;234.701;0.2245
2349;234.8015;0.261
2350;234.9007;0.4842
2351;235.0006;0.4345
2352;235.1011;4.6649
2353;235.2011;2.5474
2354;235.3006;0.5089
2355;235.4013;0.3557
2356;235.5002;0.305
2357;235.6001;3.114
2358;235.7011;3.3979
2359;235.8018;5.9502
2360;235.9002;3.0123
2361;236.0013;0.9419
2362;236.1014;0.5277
2363;236.2003;0.3639
2364;236.3001;0.3662
2365;236.4019;0.7155
2366;236.501;0.9272
2367;236.6009;4.4158
2368;236.7019;1.2028
2369;236.8009;0.4915
2370;236.9014;0.4144
2371;237.0006;0.3432
2372;237.1012;0.3267
2373;237.2006;3.1343
2374;237.3007;3.5952
2375;237.4018;4.1194
2376;237.5004;1.1
2377;237.6003;0.3871
2378;237.7013;0.377
2379;237.8007;0.412
2380;237.9006;2.0703
2381;238.0;3.8567
2382;238.1007;2.0943
2383;238.2009;9.6379
2384;238.3008;11.8281
2385;238.4005;6.1987
2386;238.5003;2.3848
2387;238.6014;0.1972
2388;238.7;0.1366
2389;238.8008;0.2422
2390;238.9011;5.4297
2391;239.0007;6.9611
2392;239.1016;4.9787
2393;239.201;3.5735
2394;239.3006;2.4291
2395;239.4011;1.5597
2396;239.5011;0.3976
2397;239.6;3.6719
2398;239.7;5.5897
2399;239.8006;7.4783
2400;239.901;7.7546
2401;240.0003;6.6947
2402;240.1001;3.7117
2403;240.2008;0.9341
2404;240.3008;0.7137
2405;240.4008;2.2681
2406;240.5019;7.0828
2407;240.6001;12.5823
2408;240.7006;12.9893
2409;240.8;7.0899
2410;240.9006;3.1879
2411;241.0006;2.1879
2412;241.1019;2.0253
2413;241.2;0.5795
2414;241.3019;0.2513
2415;241.4008;0.1705
2416;241.5015;0.1356
2417;241.6006;1.897
2418;241.7017;1.9843
2419;241.8018;4.1237
2420;241.9007;5.0144
2421;242.0006;1.9041
2422;242.1009;1.5837
2423;242.2005;0.283
2424;242.3009;0.1697
2425;242.4018;0.1641
2426;242.5013;0.2771
2427;242.6016;10.4866
2428;242.7001;9.7889
2429;242.8015;7.574
2430;242.9004;0.8696
2431;243.0018;0.2777
2432;243.1002;0.1963
2433;243.2015;0.2205
2434;243.3005;1.4872
2435;243.4005;4.907
2436;243.5014;7.2261
2437;243.6011;2.2226
2438;243.7011;1.1907
2439;243.8006;1.2805
2440;243.9004;0.1662
2441;244.0007;0.2163
2442;244.1009;1.0143
2443;244.2012;4.6887
2444;244.3003;4.145
2445;244.4005;1.9701
2446;244.5011;1.7334
2447;244.6006;0.9104
2448;244.7006;0.223
2449;244.8011;0.1928
2450;244.9009;4.9416
2451;245.0001;8.6662
2452;245.1019;9.3304
2453;245.2018;7.8809
2454;245.3016;2.8699
2455;245.4002;1.8763
2456;245.5014;0.2689
2457;245.6002;0.2115
2458;245.7006;0.2307
2459;245.8008;0.1713
2460;245.9018;0.2839
2461;246.0013;5.1481
2462;246.1013;1.819
2463;246.2013;1.2937
2464;246.3003;0.6317
2465;246.401;0.7355
2466;246.5012;0.368
2467;246.6011;0.1594
2468;246.7015;0.1552
2469;246.8018;0.1534
2470;246.9017;0.16
2471;247.0015;0.1644
2472;247.1007;0.1622
2473;247.2018;0.167
2474;247.3018;0.1638
2475;247.4015;0.1573
2476;247.5004;0.1583
2477;247.6012;0.1557
2478;247.7003;0.153
2479;247.8011;0.1522
2480;247.9018;0.1496
2481;248.0016;0.1411
2482;248.1014;0.1515
2483;248.2001;0.3407
2484;248.3018;0.7783
2485;248.4005;0.7486
2486;248.5002;0.7181
2487;248.6;0.1822
2488;248.7013;0.1814
2489;248.8008;0.1788
2490;248.9017;0.1624
2491;249.0004;0.1533
2492;249.1008;0.1524
2493;249.2009;0.2221
2494;249.3016;0.4483
2495;249.4014;0.2778
2496;249.5001;5.0981
2497;249.6009;13.6886
2498;249.7003;6.6097
2499;249.8017;15.2528
2500;249.9004;19.0886
2501;250.0002;4.1539
2502;250.1007;0.4464
2503;250.2006;0.5332
2504;250.3013;0.6874
2505;250.4001;0.3173
2506;250.5008;0.3547
2507;250.6015;0.4961
2508;250.7;0.6727
2509;250.8005;0.8065
2510;250.9003;0.9669
2511;251.0;0.7983
2512;251.1017;0.9542
2513;251.2015;0.8131
2514;251.3002;0.8871
2515;251.401;1.0655
2516;251.5016;1.1884
2517;251.6014;1.2724
2518;251.7008;1.1202
2519;251.8013;1.2205
2520;251.8999;1.1856
2521;252.0017;1.2779
2522;252.1014;1.2696
2523;252.2012;1.5579
2524;252.3009;1.2763
2525;252.4007;1.3825
2526;252.5013;1.5219
2527;252.601;1.8468
2528;252.7005;1.3257
2529;252.8005;1.3901
2530;252.9012;1.2024
2531;253.0009;0.949
2532;253.1013;1.3679
2533;253.2006;1.4683
2534;253.3002;1.7392
2535;253.4011;1.0645
2536;253.5003;1.1782
2537;253.6007;0.9678
2538;253.701;1.2129
2539;253.8014;0.8601
2540;253.9001;0.8802
2541;254.0005;0.8605
2542;254.0999;0.9164
2543;254.2005;1.0461
2544;254.302;0.8508
2545;254.4019;0.1842
2546;254.5006;0.1902
2547;254.6006;0.1785
2548;254.7008;0.1796
2549;254.8012;0.1747
2550;254.9011;0.171
2551;255.0006;0.1705
2552;255.1005;0.1693
2553;255.2005;0.1709
2554;255.3013;0.1559
2555;255.4004;0.1471
2556;255.5;0.1472
2557;255.6002;0.1336
2558;255.7005;0.1766
2559;255.8214;0.9645
2560;255.9;2.1349
2561;256.0014;3.4741
2562;256.1003;4.9494
2563;256.2006;5.5669
2564;256.3007;5.1677
2565;256.4002;4.4165
2566;256.5005;3.9494
2567;256.6019;5.1218
2568;256.7011;2.7013
2569;256.8011;1.3798
2570;256.9014;1.1073
2571;257.0007;0.8237
2572;257.1002;0.9495
2573;257.2014;0.8973
2574;257.3014;0.9015
2575;257.4008;0.8708
2576;257.5014;0.7888
2577;257.6006;0.9234
2578;257.7017;0.9039
2579;257.8009;0.8533
2580;257.9007;0.8454
2581;258.0005;0.8612
2582;258.1005;0.8912
2583;258.2009;0.9071
2584;258.3004;0.9158
2585;258.4015;0.8924
2586;258.5;0.9255
2587;258.6009;0.8974
2588;258.7003;0.8231
2589;258.8007;0.9436
2590;258.9001;0.8958
2591;259.0013;0.8626
2592;259.1015;0.8638
2593;259.2019;0.8664
2594;259.3002;0.9076
2595;259.4;0.9171
2596;259.5005;0.8673
2597;259.6007;0.9095
2598;259.7013;0.8759
2599;259.8004;0.895
2600;259.9005;0.8757
2601;260.0012;0.8858
2602;260.1016;0.8773
2603;260.2012;0.8855
2604;260.3012;0.8919
2605;260.4002;0.854
2606;260.5013;0.8612
2607;260.6019;0.899
2608;260.7;0.9137
2609;260.801;0.8816
2610;260.9009;0.8799
2611;261.0001;0.8813
2612;261.1007;0.8831
2613;261.2016;0.8538
2614;261.3009;0.8705
2615;261.4011;0.8822
2616;261.5018;0.8516
2617;261.6013;0.8619
2618;261.7016;0.8929
2619;261.8002;0.8509
2620;261.9;0.9197
2621;262.0004;0.8733
2622;262.1013;0.9128
2623;262.2012;0.8863
2624;262.3016;0.8708
2625;262.4001;0.8501
2626;262.5008;0.8702
2627;262.6014;0.8708
2628;262.701;0.8637
2629;262.8004;0.901
2630;262.9011;0.9103
2631;263.001;0.8992
2632;263.1006;0.8586
2633;263.2013;0.8851
2634;263.3015;0.9414
2635;263.4005;0.8588
2636;263.5018;0.8582
2637;263.6011;0.7912
2638;263.7017;0.7496
2639;263.8006;0.7458
2640;263.9015;0.8486
2641;264.0005;0.6008
2642;264.1;1.0149
2643;264.2006;0.7388
2644;264.3006;0.1835
2645;264.4011;0.4737
2646;264.5007;0.4517
2647;264.6005;0.209
2648;264.7005;0.3781
2649;264.8007;0.469
2650;264.9012;0.2512
2651;265.0;0.2271
2652;265.1013;0.3039
2653;265.2014;0.3163
2654;265.301;0.4083
2655;265.4012;0.4072
2656;265.5017;0.4431
2657;265.6004;0.3084
2658;265.7014;0.2532
2659;265.8011;0.3946
2660;265.9017;0.4076
2661;266.0004;0.4388
2662;266.1007;0.3937
2663;266.2014;0.5493
2664;266.3015;0.6054
2665;266.4007;0.3885
2666;266.501;0.4319
2667;266.6009;0.3582
2668;266.7;0.312
2669;266.8003;0.2609
2670;266.9001;0.2337
2671;267.0005;0.4211
2672;267.1011;0.3059
2673;267.2004;0.1714
2674;267.3009;0.1773
2675;267.4013;0.1715
2676;267.5012;0.1718
2677;267.6009;0.171
2678;267.7012;0.1671
2679;267.8004;0.1763
2680;267.9015;0.1732
2681;268.0014;0.1678
2682;268.1001;0.1734
2683;268.2014;0.1758
2684;268.3013;0.1724
2685;268.4007;0.1743
2686;268.5006;0.1784
2687;268.6007;0.174
2688;268.7001;0.1744
2689;268.8019;0.1737
2690;268.9006;0.1701
2691;269.0018;0.169
2692;293.3549;0.8812
2693;293.4246;1.535
2694;293.5367;1.6341
2695;293.6182;1.8508
2696;293.6823;1.5509
2697;293.744;1.3708
2698;293.8079;1.2189
2699;293.8719;0.4178
2700;293.9359;3.3112
2701;293.9998;3.0155
2702;294.0643;2.11
2703;294.1278;1.4114
2704;294.1918;1.3197
2705;294.2558;0.3303
2706;294.3198;0.3319
2707;294.3838;0.7996
2708;294.4477;0.2781
2709;294.5117;0.3095
2710;294.5758;3.2127
2711;294.6396;2.7387
2712;294.7036;3.3705
2713;294.7836;6.1534
2714;294.848;2.0471
2715;294.8956;0.3905
2716;294.9596;1.5136
2717;295.0235;2.5308
2718;295.0875;2.3956
2719;295.1515;2.0359
2720;295.2156;1.3098
2721;295.2794;0.3355
2722;295.3434;0.3046
2723;295.4075;0.2919
2724;295.4713;0.3077
2725;295.5353;0.3303
2726;295.5992;0.3357
2727;295.6633;1.3514
2728;295.7272;0.8923
2729;295.7912;2.4078
2730;295.8551;2.5416
2731;295.9191;2.6905
2732;295.9831;2.1653
2733;296.047;2.0489
2734;296.111;1.3125
2735;296.1749;0.7101
2736;296.2389;0.7023
2737;296.3029;0.4974
2738;296.3669;0.4022
2739;296.4308;0.8602
2740;296.4948;2.5051
2741;296.5587;3.9257
2742;296.6227;0.8579
2743;296.6973;0.2673
2744;296.7506;0.3187
2745;296.8146;1.2949
2746;296.8786;1.4734
2747;296.9426;1.5428
2748;296.9905;2.1066
2749;297.0555;2.0008
2750;297.1191;0.396
2751;297.183;0.3327
2752;297.2477;0.3131
2753;297.3103;0.3007
2754;297.3743;0.2961
2755;297.4383;0.2899
2756;297.5022;0.3091
2757;297.5661;0.3224
2758;297.6302;1.8372
2759;297.6941;1.6523
2760;297.7581;1.1588
2761;297.823;0.9497
2762;297.886;1.1653
2763;297.9499;1.2835
2764;298.0139;0.7678
2765;298.0779;0.3521
2766;298.1259;0.3513
2767;298.1898;0.3143
2768;298.2538;0.299
2769;298.3177;0.2722
2770;298.3817;0.2776
2771;298.4456;0.273
2772;298.5096;0.283
2773;298.5736;0.2882
2774;298.6376;1.3581
2775;298.7016;0.8482
2776;298.7656;0.316
2777;298.8296;0.3038
2778;298.8937;0.2804
2779;298.9587;0.2796
2780;299.022;0.2863
2781;299.0867;0.2972
2782;299.1494;0.3025
2783;299.2132;0.2921
2784;299.2772;0.2814
2785;299.3412;0.2602
2786;299.4052;0.2605
2787;299.4692;0.2515
2788;299.5171;0.265
2789;299.5813;0.2692
2790;299.6451;0.2775
2791;299.709;1.1472
2792;299.773;0.5271
2793;299.8218;0.7205
2794;299.885;0.8284
2795;299.9489;0.3658
2796;300.0129;0.2839
2797;300.0768;0.2814
2798;300.1408;0.2773
2799;300.2048;0.2839
2800;300.2686;0.2753
2801;300.3327;0.277
2802;300.3967;0.2774
2803;300.4606;0.2813
2804;300.5086;0.2905
2805;300.5726;1.5384
2806;300.6367;0.4894
2807;300.7006;0.3029
2808;300.7647;0.3014
2809;300.8283;0.2955
2810;300.8924;0.294
2811;300.9565;0.2933
2812;301.0204;0.2848
2813;301.0843;0.2854
2814;301.1482;0.2813
2815;301.2123;0.2869
2816;301.2762;0.2833
2817;301.3401;0.2872
2818;301.4042;0.2881
2819;301.4681;0.2783
2820;301.5321;0.2677
2821;301.596;0.2631
2822;301.66;0.258
2823;301.724;0.2683
2824;301.7879;1.7984
2825;301.8519;1.4548
2826;301.9159;0.9292
2827;301.9799;2.9082
2828;302.0439;2.7878
2829;302.1078;2.7337
2830;302.1557;3.8234
2831;302.2198;4.3926
2832;302.2837;3.0156
2833;302.3477;0.7638
2834;302.4117;0.3239
2835;302.4756;0.322
2836;302.5396;0.3165
2837;302.6035;0.3133
2838;302.6674;0.2979
2839;302.7314;0.2867
2840;302.7954;0.2885
2841;302.8593;0.2843
2842;302.9233;0.3041
2843;302.9873;0.8069
2844;303.0513;1.5496
2845;303.1153;0.8973
2846;303.1792;0.7591
2847;303.2431;1.2513
2848;303.3072;0.7923
2849;303.3711;0.3125
2850;303.4351;0.3165
2851;303.4991;0.3122
2852;303.563;0.3222
2853;303.627;0.3126
2854;303.6909;0.3081
2855;303.755;0.2976
2856;303.8189;0.2972
2857;303.8828;0.2871
2858;303.9468;0.2479
2859;304.0107;0.2856
2860;304.0747;2.5198
2861;304.1386;1.9569
2862;304.2029;1.5864
2863;304.2667;2.2889
2864;304.3307;2.3411
2865;304.3947;1.6466
2866;304.4586;1.5406
2867;304.5226;1.4599
2868;304.5865;1.0262
2869;304.6505;0.3256
2870;304.7144;0.3217
2871;304.7623;0.3044
2872;304.8263;0.2959
2873;304.8903;0.2607
2874;304.9544;0.2646
2875;305.0182;0.2695
2876;305.0822;0.2658
2877;305.1302;0.27
2878;305.1942;1.0564
2879;305.2582;1.9284
2880;305.3222;0.303
2881;305.3862;0.2972
2882;305.45;0.3074
2883;305.514;0.2998
2884;305.578;0.5889
2885;305.642;0.5258
2886;305.7058;0.2814
2887;305.7699;0.2541
2888;305.8338;0.2576
2889;305.8979;0.2438
2890;305.9618;0.2298
2891;306.0257;0.2439
2892;306.0896;0.2826
2893;306.1537;0.2886
2894;306.2176;0.2856
2895;306.2816;0.2884
2896;306.3455;0.4994
2897;306.4096;0.2903
2898;306.4734;0.2837
2899;306.5375;0.2778
2900;306.6013;0.2799
2901;306.6653;0.2578
2902;306.7293;0.2459
2903;306.7933;0.24
2904;306.8574;0.2485
2905;306.9212;0.2521
2906;306.9853;0.2715
2907;307.0493;0.2513
2908;307.1133;0.257
2909;307.1772;0.2624
2910;307.2411;0.2829
2911;307.3051;0.7093
2912;307.3691;1.2947
2913;307.4329;0.3147
2914;307.497;0.9494
2915;307.5611;2.1243
2916;307.625;1.168
2917;307.6888;0.6652
2918;307.7529;0.3331
2919;307.8168;0.2956
2920;307.8808;0.3056
2921;307.9447;0.2997
2922;308.0088;0.2563
2923;308.0566;0.2372
2924;308.1207;0.2517
2925;308.1846;0.2697
2926;308.2487;0.2787
2927;308.3126;0.2817
2928;308.3766;0.2836
2929;308.4406;0.3029
2930;308.5045;0.3012
2931;308.5684;0.3041
2932;308.6325;0.8168
2933;308.6964;1.2254
2934;308.7603;2.7322
2935;308.8243;3.6066
2936;308.8883;1.6475
2937;308.9522;1.199
2938;309.0162;0.9766
2939;309.0802;0.4793
2940;309.1441;0.2815
2941;309.2081;0.273
2942;309.2721;0.2695
2943;309.336;0.2616
2944;309.4;0.2287
2945;309.4639;0.2188
2946;309.528;0.2119
2947;309.5919;0.2113
2948;309.6558;0.2188
2949;309.7198;0.2168
2950;309.7837;0.2209
2951;309.8478;0.2195
2952;309.9117;0.2263
2953;309.9757;0.2179
2954;310.0395;0.2109
2955;310.0875;0.2042
2956;310.1516;0.2097
2957;310.2155;0.2075
2958;310.2795;0.2068
2959;310.3435;0.1995
2960;310.4075;0.2063
2961;310.4714;0.2035
2962;310.5353;0.1973
2963;310.5993;0.2049
2964;310.6633;0.2002
2965;310.7272;0.2012
2966;310.7751;0.197
2967;310.8391;0.1996
2968;310.9032;0.2002
2969;310.9671;0.2045
2970;311.031;0.213
2971;311.095;0.2151
2972;311.159;0.2173
2973;311.2229;0.2217
2974;311.2869;0.2234
2975;311.3509;0.2259
2976;311.4149;0.2228
2977;311.4788;0.2203
2978;311.5428;0.2314
2979;311.6068;0.2212
2980;311.6707;0.2198
2981;311.7346;0.217
2982;311.7986;0.224
2983;311.8627;0.2148
2984;311.9265;0.2176
2985;311.9906;0.2184
2986;312.0545;0.2194
2987;312.1185;0.2078
2988;312.1823;0.2086
2989;312.2463;0.2096
2990;312.3102;0.2135
2991;312.3743;0.2147
2992;312.4382;0.2061
2993;312.5022;0.2154
2994;312.5661;0.2213
2995;312.6302;0.2195
2996;312.6963;0.2137
2997;312.7585;0.2122
2998;312.856;0.2033
2999;312.918;0.2183
3000;312.9823;0.2352
3001;313.046;0.7498
3002;313.1099;1.5548
3003;313.174;2.3625
3004;313.2379;2.8325
3005;313.3019;1.8323
3006;313.3673;1.0757
3007;313.4313;0.9685
3008;313.4938;0.8845
3009;313.5576;0.8779
3010;313.6217;1.0061
3011;313.6857;0.4497
3012;313.7497;0.2903
3013;313.8138;0.2411
3014;313.8775;0.1993
3015;313.9415;0.1851
3016;314.0055;0.1863
3017;314.0694;0.1933
3018;314.1334;0.2077
3019;314.1974;0.2371
3020;314.2614;0.2616
3021;314.3254;0.2778
3022;314.3893;0.3046
3023;314.4532;2.3549
3024;314.5173;2.0255
3025;314.5812;2.4366
3026;314.6452;4.4994
3027;314.7092;6.3844
3028;314.7731;7.3374
3029;314.837;7.0839
3030;314.9011;5.3584
3031;314.9491;4.5205
3032;315.013;3.3767
3033;315.0769;2.2637
3034;315.1409;2.03
3035;315.2049;3.6983
3036;315.2688;4.8452
3037;315.3327;4.7969
3038;315.3966;6.4158
3039;315.4607;5.9029
3040;315.5246;8.363
3041;315.5886;8.1458
3042;315.6526;6.6602
3043;315.7165;4.1817
3044;315.7805;4.8197
3045;315.8445;3.4897
3046;315.9084;2.2125
3047;315.9564;4.4435
3048;316.0204;5.7302
3049;316.0844;5.3476
3050;316.1483;6.2464
3051;316.2123;5.1847
3052;316.2763;7.2874
3053;316.3402;7.6336
3054;316.4042;5.9134
3055;316.4682;3.7132
3056;316.5329;3.8524
3057;316.5961;3.7469
3058;316.6601;1.6241
3059;316.7243;5.2958
3060;316.7881;6.4887
3061;316.8528;6.3605
3062;316.9165;7.4129
3063;316.98;6.9632
3064;317.0452;6.5452
3065;317.1078;7.6835
3066;317.1728;6.3628
3067;317.236;5.9582
3068;317.2998;4.4288
3069;317.3644;3.0929
3070;317.4277;3.5519
3071;317.4918;2.0149
3072;317.5563;1.3434
3073;317.6199;4.8276
3074;317.6836;5.5411
3075;317.7476;7.4885
3076;317.8115;6.2816
3077;317.8754;5.7819
3078;317.9394;9.1387
3079;318.0034;7.3817
3080;318.0673;5.6172
3081;318.1314;4.1194
3082;318.1953;4.4044
3083;318.2592;3.4252
3084;318.3232;1.9995
3085;318.3871;5.5352
3086;318.4513;6.2
3087;318.515;6.0699
3088;318.5791;6.4918
3089;318.6431;6.8458
3090;318.7075;6.4744
3091;318.7711;6.7303
3092;318.835;5.1585
3093;318.8992;4.866
3094;318.9641;2.739
3095;319.0269;2.1544
3096;319.0922;2.6561
3097;319.1547;2.0106
3098;319.2192;3.4627
3099;319.283;4.9745
3100;319.347;5.5855
3101;319.3947;5.6016
3102;319.4586;5.145
3103;319.5225;5.9381
3104;319.5865;6.4846
3105;319.6506;6.2841
3106;319.6984;6.4002
3107;319.7624;4.2283
3108;319.8265;5.4822
3109;319.8917;5.0565
3110;319.9556;3.0392
3111;320.0183;3.7069
3112;320.0823;6.1257
3113;320.1468;5.8796
3114;320.2102;6.5325
3115;320.2741;7.3809
3116;320.3389;8.4954
3117;320.4021;6.8318
3118;320.4661;1.505
3119;320.5301;3.8457
3120;320.5941;5.8904
3121;320.6586;4.2168
3122;320.7224;3.9556
3123;320.786;3.2481
3124;320.8499;3.3118
3125;320.9152;2.3369
3126;320.9792;1.2041
3127;321.042;2.9291
3128;321.1065;3.6638
3129;321.1697;3.6365
3130;321.2351;4.2448
3131;321.2983;3.8465
3132;321.363;4.5553
3133;321.4257;4.6116
3134;321.4897;1.806
3135;321.5538;2.4106
3136;321.6183;4.4262
3137;321.6827;3.2822
3138;321.7468;2.1837
3139;321.8094;2.231
3140;321.8735;3.8018
3141;321.938;5.9863
3142;322.0026;7.247
3143;322.0654;7.7354
3144;322.1305;8.0204
3145;322.1939;6.7364
3146;322.2572;6.9864
3147;322.3222;6.1483
3148;322.3861;5.5037
3149;322.4504;5.0544
3150;322.5135;2.9812
3151;322.5769;2.6597
3152;322.6416;1.4952
3153;322.7051;1.698
3154;322.7689;1.4446
3155;322.8334;3.0055
3156;322.8967;3.6141
3157;322.962;4.2777
3158;323.0248;3.669
3159;323.09;4.6397
3160;323.1528;5.6979
3161;323.2166;6.0404
3162;323.2805;6.233
3163;323.3459;5.1011
3164;323.4085;2.8363
3165;323.4726;3.5712
3166;323.5363;1.9763
3167;323.6007;0.4156
3168;323.6657;2.4547
3169;323.7292;3.2852
3170;323.7924;2.3984
3171;323.8567;2.5905
3172;323.9204;3.0824
3173;323.9843;1.0175
3174;324.0496;2.8686
3175;324.1129;5.4437
3176;324.1764;3.0257
3177;324.2415;3.3412
3178;324.3044;2.6501
3179;324.3695;2.7184
3180;324.4327;2.3773
3181;324.4975;1.4448
3182;324.5615;1.5861
3183;324.6248;2.986
3184;324.6881;2.7926
3185;324.7525;3.925
3186;324.8161;4.6597
3187;324.8813;4.6308
3188;324.9442;5.3107
3189;325.0081;1.3832
3190;325.0722;3.9343
3191;325.1366;4.9299
3192;325.2;4.5467
3193;325.2652;4.3741
3194;325.3291;3.7176
3195;325.3919;3.0878
3196;325.4561;2.7929
3197;325.5198;1.1805
3198;325.5849;2.6198
3199;325.6491;3.6879
3200;325.7118;2.8277
3201;325.7757;5.2115
3202;325.8397;5.4633
3203;325.9037;4.598
3204;325.9677;5.2031
3205;326.0317;6.251
3206;326.0956;2.1664
3207;326.1597;8.8144
3208;326.2236;7.3676
3209;326.2876;4.3809
3210;326.3516;2.9314
3211;326.4156;2.5985
3212;326.4796;1.759
3213;326.5275;1.4464
3214;326.5916;0.8909
3215;326.6556;1.0269
3216;326.7196;0.78
3217;326.7835;0.9577
3218;326.8478;2.8351
3219;326.9126;3.4534
3220;326.9755;4.1503
3221;327.04;4.5424
3222;327.1042;5.5349
3223;327.1687;3.7715
3224;327.2328;3.409
3225;327.296;1.9331
3226;327.3597;0.9349
3227;327.4234;0.8053
3228;327.4873;0.8157
3229;327.5527;0.3218
3230;327.6154;0.3085
3231;327.6806;0.3173
3232;327.7441;0.3546
3233;327.8072;3.1804
3234;327.8719;2.2674
3235;327.9358;0.4021
3236;327.9997;6.645
3237;328.0633;7.0946
3238;328.1284;4.3577
3239;328.1912;3.3844
3240;328.2561;2.8327
3241;328.3192;2.5921
3242;328.3844;2.085
3243;328.4475;2.1049
3244;328.5111;0.4685
3245;328.575;0.4816
3246;328.6403;1.0188
3247;328.703;0.453
3248;328.7677;0.4049
3249;328.8149;0.3411
3250;328.8791;0.2672
3251;328.9433;0.174
3252;329.0076;0.4014
3253;329.0715;4.8563
3254;329.1508;6.9483
3255;329.2148;4.7157
3256;329.2792;3.9711
3257;329.344;3.9856
3258;329.4068;1.4641
3259;329.4721;1.1474
3260;329.5348;0.3159
3261;329.6;0.2395
3262;329.664;0.2244
3263;329.728;0.2527
3264;329.7906;2.6556
3265;329.8553;0.8939
3266;329.9187;2.5555
3267;329.9826;6.2384
3268;330.0478;1.9334
3269;330.1106;3.9475
3270;330.1747;5.6855
3271;330.239;5.3934
3272;330.3026;4.7608
3273;330.3679;4.2699
3274;330.4306;4.502
3275;330.4945;4.8859
3276;330.5584;3.1146
3277;330.6233;4.4134
3278;330.6868;4.02
3279;330.7505;4.4535
3280;330.8143;7.9366
3281;330.8637;7.5315
3282;330.9277;12.5769
3283;330.9906;15.1714
3284;331.0557;14.1828
3285;331.1183;9.0752
3286;331.1823;4.8614
3287;331.2476;3.8475
3288;331.3116;3.7566
3289;331.3743;3.4492
3290;331.4392;3.4547
3291;331.5035;3.8123
3292;331.5662;3.1017
3293;331.6302;1.5
3294;331.6948;2.4911
3295;331.7582;2.9768
3296;331.8222;2.5802
3297;331.8864;3.3564
3298;331.95;4.1673
3299;332.0147;3.0177
3300;332.0794;1.7668
3301;332.1423;3.5094
3302;332.2072;5.7756
3303;332.2701;6.6268
3304;332.3341;7.1731
3305;332.3982;4.3351
3306;332.4633;6.1734
3307;332.5262;8.3913
3308;332.5905;4.6551
3309;332.654;6.0086
3310;332.7179;4.5825
3311;332.782;2.8029
3312;332.8459;2.2378
3313;332.9099;2.3099
3314;332.9739;3.1805
3315;333.0385;4.2309
3316;333.1018;4.0687
3317;333.1667;5.1402
3318;333.2299;5.1784
3319;333.2951;3.5971
3320;333.3578;6.1722
3321;333.4219;7.329
3322;333.4857;4.565
3323;333.5511;3.2522
3324;333.6139;1.499
3325;333.679;0.4625
3326;333.743;0.4307
3327;333.8063;0.3716
3328;333.8695;0.3345
3329;333.9348;0.2628
3330;333.9976;0.2815
3331;334.063;0.3678
3332;334.1267;0.414
3333;334.1897;0.6532
3334;334.2546;3.8221
3335;334.3177;2.0114
3336;334.3817;2.594
3337;334.4468;1.8738
3338;334.5099;1.5869
3339;334.5734;0.6685
3340;334.6385;0.544
3341;334.7027;2.171
3342;334.7654;3.7155
3343;334.8294;3.4465
3344;334.8945;3.5927
3345;334.9573;3.3783
3346;335.0219;1.7999
3347;335.0853;1.9547
3348;335.1506;3.7382
3349;335.2133;2.4227
3350;335.2776;2.0492
3351;335.3426;5.0127
3352;335.4053;3.5375
3353;335.4695;1.8859
3354;335.5332;1.3697
3355;335.598;1.4871
3356;335.6613;3.2785
3357;335.7259;2.8792
3358;335.7894;1.4998
3359;335.8531;3.1359
3360;335.9172;2.9384
3361;336.0003;3.3668
3362;336.1012;3.9457
3363;336.2011;10.9562
3364;336.3;11.8882
3365;336.4007;13.3811
3366;336.5003;10.212
3367;336.6;9.3915
3368;336.7002;6.6537
3369;336.8005;5.6698
3370;336.9015;7.2512
3371;337.0011;10.4442
3372;337.1003;8.443
3373;337.2011;13.7905
3374;337.3019;19.7208
3375;337.4017;14.7406
3376;337.5011;18.6752
3377;337.6001;13.9028
3378;337.7003;6.3697
3379;337.8011;6.5457
3380;337.8999;4.9647
3381;338.0007;8.2539
3382;338.1005;10.1613
3383;338.2009;16.7679
3384;338.3013;15.2333
3385;338.4016;10.9548
3386;338.4999;12.8064
3387;338.6014;12.2914
3388;338.7009;9.8462
3389;338.8015;6.8367
3390;338.9016;7.6142
3391;339.0011;7.1042
3392;339.1018;8.0059
3393;339.2005;9.8852
3394;339.3017;15.0513
3395;339.4008;12.6181
3396;339.5005;12.567
3397;339.6014;8.8203
3398;339.7012;7.3585
3399;339.8;4.6915
3400;339.9018;7.7259
3401;340.0008;7.4399
3402;340.1017;9.1554
3403;340.2006;5.7577
3404;340.3008;2.1156
3405;340.4001;0.1855
3406;340.5013;2.0157
3407;340.6004;10.0048
3408;340.7016;8.4113
3409;340.8019;5.6084
3410;340.9005;4.5679
3411;341.0009;4.0578
3412;341.1015;5.5897
3413;341.201;10.1743
3414;341.3012;10.6442
3415;341.401;6.7329
3416;341.5011;5.4419
3417;341.6004;4.6842
3418;341.7;0.3328
3419;341.8007;0.2867
3420;341.9013;0.3206
3421;342.0007;0.3041
3422;342.1006;0.8636
3423;342.2007;5.7824
3424;342.3003;6.3157
3425;342.4008;8.3313
3426;342.5008;8.5921
3427;342.6012;5.1732
3428;342.7006;3.5172
3429;342.8003;2.1638
3430;342.9018;0.9203
3431;343.0005;0.582
3432;343.1004;0.4397
3433;343.2007;2.6866
3434;343.3003;6.0185
3435;343.4014;7.2646
3436;343.5006;6.9127
3437;343.6009;9.5496
3438;343.7004;9.6757
3439;343.8001;4.5729
3440;343.901;1.9582
3441;344.0001;0.8283
3442;344.1004;2.5577
3443;344.2008;5.787
3444;344.3008;7.5586
3445;344.4016;6.6394
3446;344.501;6.1247
3447;344.6013;6.5487
3448;344.7004;5.5829
3449;344.8006;4.1595
3450;344.9015;2.9867
3451;345.0004;6.1475
3452;345.1004;10.921
3453;345.2012;12.4594
3454;345.3006;10.9889
3455;345.4001;9.3455
3456;345.5;6.3994
3457;345.6002;6.3518
3458;345.7006;4.7869
3459;345.8;5.7475
3460;345.9012;6.4986
3461;346.0016;12.441
3462;346.1012;14.9096
3463;346.2004;12.0832
3464;346.3004;8.911
3465;346.401;9.2795
3466;346.5008;5.9344
3467;346.6011;4.535
3468;346.7004;3.7492
3469;346.801;5.4056
3470;346.9001;8.4268
3471;347.0002;10.1446
3472;347.101;6.9526
3473;347.2018;0.4814
3474;347.3019;0.3842
3475;347.4;0.3486
3476;347.5004;0.2856
3477;347.6011;0.281
3478;347.7005;0.1947
3479;347.8012;0.1481
3480;347.9;0.1204
3481;348.0003;0.1698
3482;348.1;0.3218
3483;348.2016;0.4496
3484;348.3016;1.3978
3485;348.4005;3.2661
3486;348.5016;0.2236
3487;348.6001;0.1951
3488;348.7004;0.156
3489;348.8013;0.1416
3490;348.9012;0.126
3491;349.0018;0.1196
3492;349.1016;0.3308
3493;349.2008;0.4125
3494;349.302;0.3515
3495;349.4003;0.3226
3496;349.501;13.9116
3497;349.6008;10.9121
3498;349.701;4.9287
3499;349.8001;3.8669
3500;349.9009;3.566
3501;350.0018;2.5625
3502;350.1003;3.4318
3503;350.2003;8.4845
3504;350.3013;12.1632
3505;350.4009;8.6938
3506;350.5007;1.6648
3507;350.6015;4.5003
3508;350.7017;0.4347
3509;350.801;2.5531
3510;350.9017;1.2175
3511;351.0012;2.2338
3512;351.1011;3.0556
3513;351.2009;4.9271
3514;351.3014;1.3734
3515;351.4006;11.3304
3516;351.5001;3.6458
3517;351.6015;3.5792
3518;351.7009;3.8486
3519;351.8007;2.2412
3520;351.9003;1.2136
3521;352.0004;0.5531
3522;352.1006;3.3947
3523;352.2012;3.4246
3524;352.3008;0.7593
3525;352.4007;3.1353
3526;352.5015;8.4363
3527;352.6001;9.1232
3528;352.7002;6.7522
3529;352.8007;2.3859
3530;352.9009;4.7158
3531;353.0013;7.072
3532;353.1012;6.0394
3533;353.201;5.7527
3534;353.3014;7.1799
3535;353.4019;6.941
3536;353.5002;6.3571
3537;353.6012;3.5677
3538;353.7;0.5953
3539;353.8011;0.7199
3540;353.9001;0.5021
3541;354.0005;0.3477
3542;354.1;2.8453
3543;354.2013;6.2609
3544;354.3008;5.5132
3545;354.4004;4.7673
3546;354.5018;0.3287
3547;354.6009;0.3255
3548;354.7009;0.1559
3549;354.8017;0.1271
3550;354.9017;0.1326
3551;355.0004;0.1199
3552;355.1;0.1044
3553;355.201;0.1267
3554;355.3017;0.1305
3555;355.4018;0.1267
3556;355.5012;0.1146
3557;355.6015;0.1142
3558;355.7019;0.1473
3559;355.801;0.5347
3560;355.9008;0.1513
3561;356.0003;0.1325
3562;356.1002;0.0316
3563;356.2014;-0.2843
3564;356.3008;0.0628
3565;356.4012;2.5367
3566;356.5012;0.1354
3567;356.6009;0.1333
3568;356.7017;0.1812
3569;356.8031;0.2011
3570;356.9;0.1183
3571;357.0016;0.112
3572;357.1009;0.1082
3573;357.2;0.1005
3574;357.3013;0.0704
3575;357.4011;7.3332
3576;357.5011;11.7669
3577;357.6008;16.9571
3578;357.7003;6.3212
3579;357.8016;4.5973
3580;357.9004;3.6886
3581;358.0001;2.0753
3582;358.1009;0.3311
3583;358.2006;0.2627
3584;358.3012;0.3021
3585;358.4007;0.3385
3586;358.5018;0.255
3587;358.6015;0.279
3588;358.7014;0.3616
3589;358.8008;0.2846
3590;358.9005;0.2779
3591;359.0003;0.5334
3592;359.0999;0.2605
3593;359.2016;0.3033
3594;359.3005;0.1969
3595;359.4004;0.2705
3596;359.5002;0.3725
3597;359.601;0.2857
3598;359.7002;0.3268
3599;359.8017;0.2737
3600;359.9001;0.2846
3601;360.0013;0.349
3602;360.1001;0.2737
3603;360.2003;0.255
3604;360.3019;0.284
3605;360.4008;0.3101
3606;360.5006;0.3372
3607;360.6012;0.284
3608;360.7004;0.2998
3609;360.8015;0.2619
3610;360.9013;0.269
3611;361.0017;0.33
3612;361.1013;0.2597
3613;361.2016;0.3302
3614;361.3017;0.3199
3615;361.4005;0.2886
3616;361.5005;0.2798
3617;361.6004;0.2677
3618;361.701;0.3555
3619;361.8014;0.3065
3620;361.9004;0.3317
3621;362.001;0.3127
3622;362.1019;0.3562
3623;362.2015;0.3665
3624;362.3011;0.3614
3625;362.4009;0.3175
3626;362.5;0.3776
3627;362.6013;0.3079
3628;362.7017;0.328
3629;362.8014;0.31
3630;362.9012;0.299
3631;363.0017;0.235
3632;363.101;0.2634
3633;363.201;0.2019
3634;363.3003;0.2093
3635;363.4016;0.2454
3636;363.5;0.2652
3637;363.6002;0.2284
3638;363.7012;0.2759
3639;363.8007;0.2925
3640;363.9014;0.3826
3641;364.0002;0.269
3642;364.1002;0.2544
3643;364.2002;0.2849
3644;364.3013;0.2643
3645;364.4003;0.2592
3646;364.5012;0.2634
3647;364.6015;0.2802
3648;364.7015;0.2808
3649;364.8015;0.2957
3650;364.9002;0.2674
3651;365.0005;0.285
3652;365.101;0.2772
3653;365.2007;0.272
3654;365.3014;0.2728
3655;365.4018;0.2802
3656;365.502;0.2729
3657;365.6013;0.2995
3658;365.702;0.2637
3659;365.8004;0.4009
3660;365.9006;0.3335
3661;366.0019;0.278
3662;366.1003;0.2718
3663;366.2011;0.2836
3664;366.3014;0.293
3665;366.4001;0.2761
3666;366.5008;0.2905
3667;366.6017;0.3174
3668;366.7007;0.2868
3669;366.8007;0.2678
3670;366.9018;0.2959
3671;367.0008;0.2679
3672;367.101;0.2874
3673;367.2005;0.2855
3674;367.301;0.3595
3675;367.4003;0.2872
3676;367.5012;0.2695
3677;367.6017;0.3266
3678;367.7016;0.2919
3679;367.8001;0.2683
3680;367.9013;0.2874
3681;368.0002;0.2828
3682;368.1013;0.3695
3683;368.2011;0.2852
3684;368.301;0.3921
3685;368.4011;3.222
3686;368.5018;5.8311
3687;368.6008;6.0778
3688;368.7004;1.8952
3689;368.8019;0.7148
3690;368.9007;0.3064
3691;369.0005;0.2616
3692;369.1005;0.1936
3693;369.2011;0.183
3694;369.3017;0.2538
3695;369.4018;0.3134
3696;369.5019;0.189
3697;369.6006;0.2078
3698;369.7;0.9551
3699;369.8001;1.749
3700;369.9012;3.2421
3701;370.0009;8.074
3702;370.1015;10.1313
3703;370.2017;13.63
3704;370.3012;14.0451
3705;370.4003;4.6321
3706;370.5019;0.2327
3707;370.6009;16.8423
3708;370.7018;5.5462
3709;370.8015;7.1293
3710;370.9014;10.0046
3711;371.0012;5.9129
3712;371.1007;6.3917
3713;371.2004;8.7172
3714;371.3016;4.491
3715;371.4015;0.3695
3716;371.5012;0.3219
3717;371.6005;0.2856
3718;371.7015;0.2529
3719;371.8005;0.2222
3720;371.9017;3.3947
3721;372.0015;5.5288
3722;372.1017;9.1319
3723;372.2004;7.478
3724;372.3004;3.2418
3725;372.4008;2.2378
3726;372.5012;1.7396
3727;372.6001;1.9602
3728;372.7011;3.0153
3729;372.8016;5.4675
3730;372.9006;8.5393
3731;373.0006;9.6599
3732;373.1007;6.616
3733;373.201;6.2994
3734;373.3014;4.4765
3735;373.4015;2.3235
3736;373.5024;2.516
3737;373.6014;7.9042
3738;373.7016;7.6226
3739;373.8004;9.5578
3740;373.9015;3.1958
3741;374.0002;2.6032
3742;374.1;6.2555
3743;374.2007;4.5041
3744;374.3004;3.4079
3745;374.4015;4.7583
3746;374.5015;5.3093
3747;374.6016;5.516
3748;374.702;7.1433
3749;374.8;7.2515
3750;374.9013;9.3559
3751;375.0009;6.8141
3752;375.1018;4.6672
3753;375.2013;4.6767
3754;375.3007;4.4569
3755;375.4019;3.8353
3756;375.5;4.1443
3757;375.601;5.0357
3758;375.7005;7.1978
3759;375.8026;8.7572
3760;375.9011;6.0656
3761;376.0005;5.1927
3762;376.1003;0.4709
3763;376.2012;2.0527
3764;376.3016;3.1136
3765;376.4001;3.4919
3766;376.5004;6.937
3767;376.6015;6.1708
3768;376.7013;5.7657
3769;376.8001;3.7452
3770;376.9012;0.3503
3771;377.0007;0.2224
3772;377.1013;0.2616
3773;377.2012;4.4673
3774;377.301;5.1183
3775;377.4008;6.7744
3776;377.5009;2.7789
3777;377.6006;3.2395
3778;377.7009;0.3846
3779;377.8019;0.3497
3780;377.9008;3.5727
3781;378.001;2.6201
3782;378.1018;5.271
3783;378.2015;4.8913
3784;378.3018;2.6556
3785;378.4014;4.0905
3786;378.5016;1.8638
3787;378.6011;1.8031
3788;378.7017;2.0697
3789;378.8017;0.2429
3790;378.9015;6.4366
3791;379.0003;5.9942
3792;379.1013;5.9046
3793;379.201;4.5439
3794;379.3001;3.7936
3795;379.4011;4.3026
3796;379.5009;3.8441
3797;379.6014;2.9045
3798;379.7008;4.5268
3799;379.8018;6.2039
3800;379.9009;6.0192
3801;380.0006;4.4869
3802;380.1007;3.7971
3803;380.2013;1.5142
3804;380.301;4.4559
3805;380.4008;2.4785
3806;380.5001;0.3965
3807;380.6011;1.9328
3808;380.7013;1.7207
3809;380.8008;1.731
3810;380.9013;2.721
3811;381.0009;0.4743
3812;381.1007;4.4465
3813;381.2012;1.7252
3814;381.3013;0.2316
3815;381.4016;0.9145
3816;381.5004;0.8615
3817;381.6012;0.0776
3818;381.7019;0.0406
3819;381.8013;0.0534
3820;381.9009;0.0945
3821;382.0017;0.4319
3822;382.1014;0.2693
3823;382.2008;0.2502
3824;382.3005;0.0958
3825;382.4006;0.0691
3826;382.5004;0.0645
3827;382.6007;0.0627
3828;382.7008;0.2202
3829;382.8013;0.1841
3830;382.9012;0.1816
3831;383.0013;0.2166
3832;383.1005;0.1862
3833;383.2009;0.2012
3834;383.3011;0.1809
3835;383.4004;0.1771
3836;383.5002;1.5929
3837;383.6015;5.0298
3838;383.7013;8.0599
3839;383.8011;11.0713
3840;383.9012;8.6738
3841;384.0003;2.5119
3842;384.1006;1.1007
3843;384.2007;16.5406
3844;384.3008;5.4132
3845;384.4012;13.8777
3846;384.5009;10.1019
3847;384.6008;1.9201
3848;384.7012;0.9293
3849;384.8004;0.6965
3850;384.9012;0.71
3851;385.0011;0.7872
3852;385.1017;0.6767
3853;385.2001;0.7882
3854;385.3009;0.6587
3855;385.4011;0.6707
3856;385.5003;0.7323
3857;385.6008;0.6764
3858;385.7004;0.6847
3859;385.8002;0.6836
3860;385.9008;0.7401
3861;386.0007;0.7407
3862;386.1013;0.6722
3863;386.2011;0.7424
3864;386.3002;0.6926
3865;386.4001;0.7865
3866;386.5009;0.7808
3867;386.6011;0.6732
3868;386.7007;0.758
3869;386.8013;0.7211
3870;386.9009;0.7732
3871;387.001;0.7278
3872;387.0999;0.7921
3873;387.2001;0.7785
3874;387.3018;0.645
3875;387.3999;0.7148
3876;387.5009;0.6677
3877;387.6012;0.6228
3878;387.7;0.6403
3879;387.8008;0.617
3880;387.9007;0.6561
3881;388.0;0.7432
3882;388.1015;0.638
3883;388.2003;0.7024
3884;388.3007;0.7965
3885;388.4019;0.6628
3886;388.5002;0.2356
3887;388.6017;1.0498
3888;388.7001;0.2402
3889;388.8012;0.355
3890;388.9004;0.2283
3891;389.0006;0.2297
3892;389.1011;0.2784
3893;389.2007;0.28
3894;389.3001;3.1421
3895;389.4006;3.6917
3896;389.5012;5.3768
3897;389.6;5.5941
3898;389.7005;1.3703
3899;389.8019;1.0667
3900;389.9018;0.6545
3901;390.0005;0.2134
3902;390.1003;0.3034
3903;390.2012;1.3638
3904;390.3014;5.2137
3905;390.4002;7.6574
3906;390.5014;9.4155
3907;390.6007;16.5743
3908;390.7018;4.242
3909;390.8009;5.5152
3910;390.9003;6.7418
3911;391.0002;8.3868
3912;391.1006;16.2229
3913;391.2017;10.8344
3914;391.3007;3.9322
3915;391.4018;4.9995
3916;391.5016;3.0819
3917;391.6002;7.0483
3918;391.7003;8.0351
3919;391.8014;0.477
3920;391.9013;4.505
3921;392.0017;5.453
3922;392.1014;7.3843
3923;392.2003;5.7315
3924;392.3004;5.0984
3925;392.4019;3.3825
3926;392.5001;3.5556
3927;392.6016;0.9172
3928;392.7002;1.9211
3929;392.8015;0.869
3930;392.9012;0.1632
3931;393.0016;0.2197
3932;393.1005;4.338
3933;393.2017;6.7278
3934;393.3018;10.8177
3935;393.4017;11.6674
3936;393.5018;11.011
3937;393.6016;6.9458
3938;393.7017;4.7237
3939;393.8013;2.9947
3940;393.9016;5.5723
3941;394.0003;0.7516
3942;394.1015;0.5092
3943;394.2013;0.551
3944;394.3013;0.5841
3945;394.4015;0.4341
3946;394.5008;0.2888
3947;394.6001;0.2835
3948;394.7;0.3007
3949;394.8018;10.0954
3950;394.9018;10.597
3951;395.0015;4.8098
3952;395.1014;3.2854
3953;395.2015;0.2958
3954;395.3006;0.3396
3955;395.4018;0.26
3956;395.501;0.6596
3957;395.6018;1.7399
3958;395.7012;7.8688
3959;395.8017;6.3831
3960;395.9012;4.3443
3961;396.0014;2.4775
3962;396.1005;3.8191
3963;396.2017;0.35
3964;396.3014;0.4314
3965;396.4009;5.5467
3966;396.5005;6.1839
3967;396.6018;5.828
3968;396.7011;4.0249
3969;396.8009;4.4202
3970;396.9011;3.235
3971;397.0016;8.2582
3972;397.1012;16.2961
3973;397.2;19.653
3974;397.3017;6.6976
3975;397.4013;3.7647
3976;397.5012;3.2637
3977;397.6005;4.3356
3978;397.7013;5.5871
3979;397.8018;7.8656
3980;397.9015;5.4682
3981;398.0009;6.9308
3982;398.1003;8.9543
3983;398.2011;12.2905
3984;398.3008;8.7089
3985;398.4012;4.2733
3986;398.501;1.592
3987;398.6013;12.2818
3988;398.701;18.5439
3989;398.8012;14.9064
3990;398.9015;3.3021
3991;399.0005;1.1574
3992;399.1009;16.2748
3993;399.2012;7.0337
3994;399.3005;0.9117
3995;399.4012;0.8338
3996;399.5006;4.0599
3997;399.6006;1.7769
3998;399.7009;2.1282
3999;399.8015;1.92
4000;399.9011;2.584
4001;400.0016;3.513
4002;400.1004;3.3961
4003;400.2003;6.3506
4004;400.3016;2.9776
4005;400.4015;1.9243
4006;400.5006;2.239
4007;400.6015;5.9544
4008;400.7001;5.2115
4009;400.8004;2.3019
4010;400.9011;0.1377
4011;401.0019;0.2012
4012;401.1016;3.7751
4013;401.201;10.5128
4014;401.3;14.6822
4015;401.4001;14.1314
4016;401.5014;5.4237
4017;401.601;0.6549
4018;401.7;15.3118
4019;401.8007;20.9558
4020;401.9012;6.5707
4021;402.0005;1.4981
4022;402.1005;2.1359
4023;402.2001;0.7556
4024;402.3007;1.4125
4025;402.4012;1.4457
4026;402.5006;1.5011
4027;402.6;0.3201
4028;402.7018;0.7468
4029;402.8001;0.3553
4030;402.9009;0.2846
4031;403.0007;0.2784
4032;403.1014;3.8147
4033;403.2004;7.8535
4034;403.3018;13.1228
4035;403.4002;14.7379
4036;403.5011;16.167
4037;403.6001;20.1387
4038;403.7007;23.3796
4039;403.8016;24.5123
4040;403.9004;12.6014
4041;404.0007;5.179
4042;404.1016;3.1648
4043;404.2002;1.7314
4044;404.3017;0.7398
4045;404.4;0.1442
4046;404.5;0.139
4047;404.6013;0.1419
4048;404.7015;0.1612
4049;404.8005;0.1591
4050;404.9019;0.1432
4051;405.0005;0.2413
4052;405.1008;0.2309
4053;405.2005;0.2309
4054;405.3002;0.2358
4055;405.4017;0.2474
4056;405.5002;0.1886
4057;405.6004;0.2042
4058;405.7016;0.1814
4059;405.8019;0.187
4060;405.9004;0.1863
4061;406.0005;0.1918
4062;406.101;0.1956
4063;406.202;0.1931
4064;406.3018;0.1924
4065;406.401;0.19
4066;406.5014;0.1889
4067;406.6003;0.1911
4068;406.7016;0.1881
4069;406.8009;0.1821
4070;406.9001;0.1766
4071;407.002;0.1826
4072;407.1016;0.1837
4073;407.2004;0.1879
4074;407.3004;0.1863
4075;407.4002;0.1976
4076;407.5017;0.1857
4077;407.6017;0.1881
4078;407.7001;0.1898
4079;407.8;0.1886
4080;407.9018;0.188
4081;408.0018;0.2049
4082;408.1013;0.2112
4083;408.2;0.2141
4084;408.302;0.2123
4085;408.4001;0.2193
4086;408.5013;0.2219
4087;408.6;0.221
4088;408.7019;0.2026
4089;408.8;0.2124
4090;408.9019;0.2118
4091;409.0017;0.2074
4092;409.0999;0.2166
4093;409.2013;0.2077
4094;409.3015;0.2148
4095;409.401;0.2027
4096;409.5016;0.1972
4097;409.601;0.2054
4098;409.7015;0.2026
4099;409.8016;0.2385
4100;409.9013;0.1943
4101;410.0008;0.1692
4102;410.1005;0.1627
4103;410.2018;0.2298
4104;410.3016;0.1972
4105;410.4015;0.1732
4106;410.5014;0.1693
4107;410.601;0.1946
4108;410.7012;0.1499
4109;410.8001;0.1805
4110;410.9006;0.1854
4111;411.0017;0.1957
4112;411.1016;0.1854
4113;411.2002;0.1521
4114;411.3014;1.3083
4115;411.4012;0.5012
4116;411.5004;0.5491
4117;411.6008;0.2344
4118;411.7008;0.2235
4119;411.8011;0.2731
4120;411.9003;0.3736
4121;412.0016;0.2753
4122;412.1003;0.2672
4123;412.2009;0.3451
4124;412.3013;0.1846
4125;412.4006;0.1735
4126;412.5004;0.1931
4127;412.601;1.923
4128;412.7008;2.8477
4129;412.8016;3.7965
4130;412.9009;5.1523
4131;413.0009;6.0771
4132;413.1013;2.6462
4133;413.2007;1.4165
4134;413.301;1.5824
4135;413.4002;1.2888
4136;413.5009;1.3671
4137;413.6011;0.7127
4138;413.7009;0.4003
4139;413.8004;4.3853
4140;413.901;8.4587
4141;414.0011;13.4021
4142;414.1013;15.1895
4143;414.201;15.3745
4144;414.3011;13.417
4145;414.4011;7.6532
4146;414.5018;3.7055
4147;414.601;1.845
4148;414.7012;1.2854
4149;414.8008;1.4475
4150;414.9004;1.2385
4151;415.0007;1.3783
4152;415.1016;1.2364
4153;415.2;1.1664
4154;415.301;1.1597
4155;415.401;5.4652
4156;415.5009;12.326
4157;415.6004;16.9958
4158;415.7014;18.7046
4159;415.8;17.683
4160;415.9008;11.2717
4161;416.001;3.2309
4162;416.1015;0.9641
4163;416.2014;0.6267
4164;416.3002;0.7181
4165;416.4;0.6693
4166;416.5011;0.7679
4167;416.601;0.7878
4168;416.701;0.7838
4169;416.8012;0.7847
4170;416.9013;0.8173
4171;417.0004;0.7903
4172;417.1015;0.7876
4173;417.2002;0.8047
4174;417.3018;1.0687
4175;417.4007;5.2248
4176;417.5017;14.8636
4177;417.6015;22.76
4178;417.7015;28.5778
4179;417.8009;34.083
4180;417.9016;37.8606
4181;418.0003;39.3998
4182;418.1;39.8341
4183;418.2018;40.7803
4184;418.3015;42.2576
4185;418.4002;43.4277
4186;418.5;43.3781
4187;418.6008;31.7909
4188;418.7013;11.2031
4189;418.8;2.0636
4190;418.9007;1.26
4191;419.0007;1.17
4192;419.1;1.0238
4193;419.2014;1.0336
4194;419.3004;0.9711
4195;419.4009;0.9865
4196;419.5;1.0317
4197;419.6006;1.0497
4198;419.7002;1.0627
4199;419.8007;1.0891
4200;419.9009;1.0509
4201;420.0005;0.8421
4202;420.1019;1.0532
4203;420.2;0.995
4204;420.3016;0.9801
4205;420.4006;0.8956
4206;420.5016;0.9512
4207;420.6003;0.9578
4208;420.7001;0.9553
4209;420.8022;0.9232
4210;420.9029;0.923
4211;421.0003;0.9606
4212;421.1008;0.9688
4213;421.2017;0.8714
4214;421.3;0.9733
4215;421.4003;0.9738
4216;421.502;0.9551
4217;421.6002;0.95
4218;421.7005;1.0264
4219;421.8015;0.9357
4220;421.9;0.9855
4221;422.0008;1.2994
4222;422.1003;1.0602
4223;422.2006;1.1752
4224;422.3018;0.6463
4225;422.4002;0.7
4226;422.5001;0.7287
4227;422.6002;0.4053
4228;422.7002;0.2629
4229;422.8019;0.6012
4230;422.9003;0.6041
4231;423.0001;0.1963
4232;423.1001;0.2596
4233;423.2014;0.1772
4234;423.3;0.1718
4235;423.4;0.2451
4236;423.5007;1.6178
4237;423.6018;4.5666
4238;423.7019;6.9824
4239;423.8;7.907
4240;423.9015;8.0215
4241;424.0017;8.7864
4242;424.1001;11.4482
4243;424.2019;4.0045
4244;424.3019;1.8538
4245;424.4;0.9994
4246;424.5009;0.2319
4247;424.6016;0.2283
4248;424.7017;0.3109
4249;424.8013;4.046
4250;424.9013;2.3775
4251;425.0006;0.3041
4252;425.1;0.4789
4253;425.2007;2.9692
4254;425.3016;3.5662
4255;425.4018;4.0255
4256;425.5017;3.6457
4257;425.6003;2.6283
4258;425.7018;5.0578
4259;425.8017;6.8644
4260;425.9018;10.1688
4261;426.0012;5.174
4262;426.1013;1.7254
4263;426.2015;4.0515
4264;426.3004;5.1641
4265;426.4012;6.0998
4266;426.5009;4.6881
4267;426.6011;5.2152
4268;426.7018;7.8196
4269;426.8012;5.9109
4270;426.901;4.2715
4271;427.001;1.2332
4272;427.1013;2.1542
4273;427.2014;6.4808
4274;427.301;7.3283
4275;427.4003;3.4803
4276;427.5012;0.657
4277;427.6008;1.9446
4278;427.7009;0.3168
4279;427.8;4.3344
4280;427.9007;8.5384
4281;428.0016;11.0172
4282;428.1001;12.0458
4283;428.2005;2.6095
4284;428.3019;1.4571
4285;428.4012;1.0128
4286;428.5004;0.1471
4287;428.6015;0.1675
4288;428.7018;9.1591
4289;428.8009;13.2008
4290;428.9015;12.0553
4291;429.0011;6.7031
4292;429.1008;0.1489
4293;429.2013;0.1731
4294;429.3009;0.1488
4295;429.4017;0.1662
4296;429.5007;0.1513
4297;429.6001;0.1233
4298;429.7006;0.15
4299;429.8004;0.0832
4300;429.9019;6.6853
4301;430.0017;11.2327
4302;430.1006;13.7918
4303;430.2004;10.4324
4304;430.3;7.1131
4305;430.4005;4.4184
4306;430.5009;1.6838
4307;430.6017;0.2435
4308;430.7015;0.2278
4309;430.8009;0.2457
4310;430.9013;0.1499
4311;431.0016;0.1902
4312;431.1018;6.2519
4313;431.201;12.1437
4314;431.3008;13.5514
4315;431.4007;8.7195
4316;431.5008;3.9466
4317;431.6003;2.8836
4318;431.7;3.3968
4319;431.8003;2.0675
4320;431.9006;0.4572
4321;432.0006;0.8292
4322;432.1017;0.5035
4323;432.2001;0.1683
4324;432.3015;0.5031
4325;432.4009;7.1969
4326;432.5008;9.0412
4327;432.6005;13.6795
4328;432.701;18.4665
4329;432.8012;16.2467
4330;432.9003;14.796
4331;433.0019;7.4318
4332;433.1017;4.5162
4333;433.2005;1.5372
4334;433.3012;0.2014
4335;433.4008;0.8438
4336;433.5006;0.1772
4337;433.6014;0.1434
4338;433.7;0.1755
4339;433.8016;0.1507
4340;433.9003;11.672
4341;434.0002;8.4373
4342;434.1;5.0068
4343;434.2;3.4606
4344;434.3014;2.0945
4345;434.4006;1.8899
4346;434.5014;1.2097
4347;434.6012;1.1136
4348;434.7012;0.4301
4349;434.8004;11.8212
4350;434.9018;13.2138
4351;435.0016;7.05
4352;435.1002;2.9502
4353;435.2002;0.621
4354;435.3018;0.4723
4355;435.4006;0.2399
4356;435.5011;0.2467
4357;435.6008;1.0825
4358;435.7007;2.4276
4359;435.8017;12.3969
4360;435.8999;6.6888
4361;436.0004;2.1171
4362;436.1019;2.0326
4363;436.2006;1.9071
4364;436.3004;1.3849
4365;436.4019;2.4394
4366;436.5004;2.948
4367;436.6017;8.9462
4368;436.7007;11.8001
4369;436.8001;9.0254
4370;436.9;4.6639
4371;437.0005;0.2576
4372;437.1014;0.8051
4373;437.2019;0.2375
4374;437.3003;0.1903
4375;437.4016;1.4138
4376;437.5012;0.9432
4377;437.6019;9.8291
4378;437.7017;9.7313
4379;437.8013;4.0314
4380;437.9013;1.904
4381;438.001;0.3221
4382;438.1013;0.8357
4383;438.201;0.921
4384;438.3015;1.1082
4385;438.4014;2.1882
4386;438.501;9.5902
4387;438.601;10.9156
4388;438.7015;7.8811
4389;438.8;4.7876
4390;438.9007;2.0156
4391;439.0013;2.0835
4392;439.1005;1.6007
4393;439.2015;0.2719
4394;439.3003;0.1558
4395;439.4012;4.7158
4396;439.5005;12.2791
4397;439.6001;11.1004
4398;439.7007;5.426
4399;439.8008;3.3424
4400;439.9013;0.7431
4401;440.0012;1.4236
4402;440.1;0.2235
4403;440.2012;0.226
4404;440.3011;0.2536
4405;440.4012;14.153
4406;440.5008;16.8379
4407;440.6016;18.1707
4408;440.7014;7.8141
4409;440.8002;2.1591
4410;440.9009;2.4685
4411;441.0006;1.1579
4412;441.1013;0.1808
4413;441.2017;0.263
4414;441.3015;0.2401
4415;441.4012;0.2572
4416;441.5018;11.0893
4417;441.6012;13.8852
4418;441.7019;11.0816
4419;441.8018;4.8137
4420;441.9017;1.3853
4421;442.002;0.4202
4422;442.1016;1.2458
4423;442.2004;0.2109
4424;442.3;0.183
4425;442.4012;0.1115
4426;442.5013;12.9862
4427;442.6011;11.5269
4428;442.7013;6.2917
4429;442.801;2.7438
4430;442.9014;2.2846
4431;443.0014;0.6985
4432;443.1009;0.9619
4433;443.2018;0.9286
4434;443.3012;0.1728
4435;443.4006;0.214
4436;443.5004;7.6242
4437;443.601;12.1371
4438;443.7012;9.6813
4439;443.8015;4.2519
4440;443.9012;0.1953
4441;444.0012;0.1997
4442;444.1006;0.1906
4443;444.2014;0.1522
4444;444.3002;0.1938
4445;444.4015;0.3047
4446;444.5018;8.8769
4447;444.6015;8.1227
4448;444.7;3.5096
4449;444.8;1.7883
4450;444.9009;0.2471
4451;445.0008;0.239
4452;445.1007;0.2486
4453;445.2007;0.2651
4454;445.3009;1.6118
4455;445.4004;1.9494
4456;445.502;8.1499
4457;445.6016;10.9314
4458;445.7017;4.9481
4459;445.8014;2.591
4460;445.9008;1.5595
4461;446.001;0.2619
4462;446.1004;0.2554
4463;446.2005;0.3938
4464;446.3012;0.694
4465;446.4012;2.8667
4466;446.5004;0.788
4467;446.6013;11.0563
4468;446.7005;9.4307
4469;446.8004;4.242
4470;446.9003;2.3941
4471;447.0013;1.9627
4472;447.1003;0.3345
4473;447.2003;1.6946
4474;447.3018;0.3257
4475;447.4005;0.4456
4476;447.5009;0.2994
4477;447.6013;0.3015
4478;447.7006;0.2088
4479;447.8015;0.2481
4480;447.9009;0.1451
4481;448.0019;0.2301
4482;448.1007;0.7045
4483;448.201;3.2784
4484;448.3;3.8175
4485;448.4001;4.5768
4486;448.5016;2.9694
4487;448.6006;1.7779
4488;448.7005;0.9206
4489;448.8004;2.6207
4490;448.9002;2.7819
4491;449.0;2.2981
4492;449.1007;-0.6119
4493;449.2017;-1.5291
4494;449.3001;-2.5676
4495;449.4005;0.768
4496;449.5017;0.1941
4497;449.6003;0.6354
4498;449.7018;2.4575
4499;449.8017;1.5188
4500;449.9002;0.5027
4501;450.0007;2.9807
4502;450.1004;3.7463
4503;450.2004;3.2439
4504;450.3;6.7879
4505;450.4017;11.8639
4506;450.5008;12.6237
4507;450.6006;8.9272
4508;450.7004;8.7944
4509;450.8019;6.4928
4510;450.9005;6.4598
4511;451.0005;6.45
4512;451.1012;7.8428
4513;451.2001;11.5015
4514;451.3019;12.403
4515;451.4017;10.6124
4516;451.5017;6.4443
4517;451.6004;7.6475
4518;451.7017;8.2698
4519;451.8015;5.5551
4520;451.9001;6.1594
4521;452.0009;11.356
4522;452.1006;22.821
4523;452.2017;21.443
4524;452.3013;17.225
4525;452.4;9.1992
4526;452.5015;6.0813
4527;452.601;5.1217
4528;452.7005;4.4688
4529;452.8015;3.6708
4530;452.9002;5.09
4531;453.0016;7.786
4532;453.1009;11.9765
4533;453.2018;17.4038
4534;453.3008;17.0164
4535;453.4002;10.9204
4536;453.5;9.612
4537;453.6004;8.5732
4538;453.7008;6.9659
4539;453.8009;5.8781
4540;453.9009;6.7268
4541;454.0019;10.6754
4542;454.1014;17.9392
4543;454.2018;16.3473
4544;454.3009;11.8352
4545;454.4016;8.8484
4546;454.5008;5.2546
4547;454.6015;5.6997
4548;454.7018;5.0911
4549;454.8015;4.6851
4550;454.9012;5.9717
4551;455.0019;10.0155
4552;455.1006;18.3003
4553;455.2006;16.0717
4554;455.301;9.4973
4555;455.4001;9.302
4556;455.5002;6.7126
4557;455.6001;4.8784
4558;455.7016;4.9323
4559;455.8012;9.9687
4560;455.9013;16.5706
4561;456.0013;18.495
4562;456.1005;21.9367
4563;456.2001;24.4085
4564;456.3013;11.0846
4565;456.4004;7.9781
4566;456.5002;3.201
4567;456.6005;5.2722
4568;456.7011;4.1556
4569;456.8014;8.3767
4570;456.8999;21.668
4571;457.0012;24.4436
4572;457.1018;17.9079
4573;457.2011;15.5243
4574;457.3011;7.2819
4575;457.4007;6.5395
4576;457.5002;6.9252
4577;457.601;5.697
4578;457.7011;4.0542
4579;457.8009;6.0242
4580;457.9017;9.7809
4581;458.0011;9.3236
4582;458.1019;13.2274
4583;458.2;14.9829
4584;458.3015;8.4313
4585;458.4006;3.2629
4586;458.5016;3.506
4587;458.6006;2.9667
4588;458.7013;2.9779
4589;458.8012;11.5117
4590;458.9017;15.8451
4591;459.0011;12.6337
4592;459.1013;7.4586
4593;459.2016;6.2232
4594;459.3005;4.6854
4595;459.4002;3.4944
4596;459.5003;3.0216
4597;459.6015;4.6813
4598;459.7019;10.3005
4599;459.8011;8.8391
4600;459.9012;7.0949
4601;460.0001;7.9628
4602;460.1002;7.1189
4603;460.2013;4.7964
4604;460.301;6.0842
4605;460.4003;9.2168
4606;460.5015;11.8692
4607;460.6001;5.9749
4608;460.7014;3.4809
4609;460.8006;1.53
4610;460.9002;2.3987
4611;461.0004;4.2413
4612;461.1015;14.9756
4613;461.2008;13.9573
4614;461.3011;13.8745
4615;461.4011;10.0429
4616;461.5;5.8671
4617;461.6011;3.9115
4618;461.7014;2.5115
4619;461.8006;1.8538
4620;461.9005;10.2564
4621;462.0014;17.4974
4622;462.1017;15.8083
4623;462.2008;10.1781
4624;462.3011;8.2651
4625;462.4011;5.798
4626;462.5005;4.8138
4627;462.6003;2.0495
4628;462.7004;4.5627
4629;462.8008;11.2501
4630;462.9005;11.6852
4631;463.0005;16.1156
4632;463.1013;14.0496
4633;463.2005;8.436
4634;463.3014;6.9665
4635;463.4005;4.4078
4636;463.5017;3.3976
4637;463.6007;8.2012
4638;463.7008;13.4325
4639;463.8009;8.2548
4640;463.9014;5.907
4641;464.0001;6.312
4642;464.1011;5.4581
4643;464.201;5.8825
4644;464.3008;3.5257
4645;464.4009;1.2831
4646;464.5019;0.6864
4647;464.6009;0.3439
4648;464.701;0.4456
4649;464.8013;0.4368
4650;464.9004;0.452
4651;465.0;0.3738
4652;465.1;0.339
4653;465.2013;0.3321
4654;465.3014;0.2933
4655;465.4016;0.2655
4656;465.5008;0.446
4657;465.6006;0.3627
4658;465.7012;0.4014
4659;465.8011;3.9961
4660;465.9016;7.0353
4661;466.0008;7.8297
4662;466.1008;3.2601
4663;466.2006;0.3002
4664;466.3006;0.3131
4665;466.4009;0.306
4666;466.5005;0.263
4667;466.6018;0.1797
4668;466.701;0.2643
4669;466.8004;0.3741
4670;466.9002;0.3205
4671;467.0005;0.2983
4672;467.1012;0.3325
4673;467.2;0.2424
4674;467.3007;0.2607
4675;467.4012;0.2505
4676;467.5003;0.2185
4677;467.6013;0.2139
4678;467.7007;0.2171
4679;467.8012;0.2223
4680;467.9004;0.221
4681;468.0009;0.2175
4682;468.1013;0.218
4683;468.2006;0.2217
4684;468.3013;0.2158
4685;468.4012;0.2093
4686;468.5001;0.2173
4687;468.6014;0.2162
4688;468.7004;0.2107
4689;468.8012;0.2202
4690;468.901;0.2157
4691;469.0;0.2186
4692;469.1011;0.2212
4693;469.2008;0.2193
4694;469.3016;0.2122
4695;469.4013;0.2164
4696;469.5016;0.2149
4697;469.6014;0.2139
4698;469.7017;0.2108
4699;469.8003;0.2179
4700;469.9019;0.2177
4701;470.0002;0.2153
4702;470.1003;0.2226
4703;470.2015;0.2319
4704;470.3017;0.2229
4705;470.4014;0.2198
4706;470.5017;0.2194
4707;470.6008;0.2256
4708;470.7018;0.2266
4709;470.8013;0.228
4710;470.9016;0.2267
4711;471.0018;0.2275
4712;471.1014;0.2301
4713;471.2004;0.2254
4714;471.3012;0.2251
4715;471.4004;0.2275
4716;471.5018;0.2184
4717;471.6008;0.2381
4718;471.701;0.2299
4719;471.8012;0.2289
4720;471.901;0.2298
4721;472.0002;0.2225
4722;472.1012;0.2298
4723;472.2013;0.2235
4724;472.3014;0.2232
4725;472.4018;0.241
4726;472.502;0.2383
4727;472.6018;0.2271
4728;472.7;0.2333
4729;472.8;0.207
4730;472.9002;0.4197
4731;473.0016;1.7589
4732;473.101;0.4337
4733;473.2015;0.4197
4734;473.3011;0.7719
4735;473.4002;0.2118
4736;473.5017;1.7472
4737;473.6011;5.2596
4738;473.7019;8.1963
4739;473.8011;11.5478
4740;473.9018;13.9925
4741;474.0014;12.8677
4742;474.1004;12.8777
4743;474.2009;11.54
4744;474.3012;7.5186
4745;474.4006;3.0342
4746;474.5014;5.0779
4747;474.6002;4.7059
4748;474.7009;4.6718
4749;474.8011;5.0127
4750;474.9006;10.063
4751;475.0015;7.1834
4752;475.1006;5.4704
4753;475.2008;7.9534
4754;475.301;10.7608
4755;475.4017;6.0592
4756;475.5001;2.6744
4757;475.6018;2.4992
4758;475.7002;4.4536
4759;475.8004;2.5469
4760;475.9001;1.0572
4761;476.0016;0.5405
4762;476.1013;3.0619
4763;476.201;6.4871
4764;476.3015;5.1736
4765;476.4003;1.6529
4766;476.5015;1.8828
4767;476.6014;1.9162
4768;476.7004;1.6446
4769;476.8012;0.1906
4770;476.9001;0.3379
4771;477.001;2.0259
4772;477.1012;2.6664
4773;477.2013;3.0392
4774;477.3012;2.7767
4775;477.4016;5.0881
4776;477.5013;6.909
4777;477.6;12.8394
4778;477.7004;4.0111
4779;477.8018;2.4548
4780;477.9015;0.846
4781;478.0013;0.7339
4782;478.101;0.7468
4783;478.2015;0.7998
4784;478.3015;0.6902
4785;478.4003;0.259
4786;478.501;1.1856
4787;478.6008;3.6938
4788;478.7015;8.1287
4789;478.8014;12.2446
4790;478.9002;15.4679
4791;479.0008;10.8214
4792;479.1014;5.7963
4793;479.2008;1.5064
4794;479.3002;2.3001
4795;479.4013;1.9413
4796;479.5004;2.449
4797;479.6008;1.9555
4798;479.7007;6.1626
4799;479.8006;17.4228
4800;479.9006;17.8794
4801;480.0007;20.45
4802;480.1016;4.0485
4803;480.2017;1.0321
4804;480.3006;9.209
4805;480.4017;24.7712
4806;480.5016;6.9018
4807;480.6004;2.9785
4808;480.7008;2.5278
4809;480.8014;3.0864
4810;480.9001;1.2184
4811;481.0009;0.586
4812;481.1007;0.2227
4813;481.2004;0.263
4814;481.3008;0.2368
4815;481.4013;0.2531
4816;481.5004;0.2531
4817;481.6007;0.2424
4818;481.7009;1.055
4819;481.8001;0.2562
4820;481.9018;0.2775
4821;482.0008;0.2438
4822;482.1006;0.2438
4823;482.2;0.2587
4824;482.3;0.2513
4825;482.4019;0.2424
4826;482.5005;0.2444
4827;482.6017;0.2388
4828;482.7004;0.2344
4829;482.8008;0.2409
4830;482.9017;0.2454
4831;483.0017;0.244
4832;483.101;0.2409
4833;483.2003;0.2416
4834;483.3004;0.2366
4835;483.4005;0.243
4836;483.5003;0.235
4837;483.6007;0.2412
4838;483.7003;0.2468
4839;483.8013;0.2443
4840;483.9006;0.2513
4841;484.0017;0.2569
4842;484.1009;0.2438
4843;484.2019;0.248
4844;484.3013;0.2473
4845;484.4007;0.2591
4846;484.5121;0.2721
4847;484.6016;0.2562
4848;484.7018;0.2575
4849;484.8011;0.2661
4850;484.9009;0.2572
4851;485.0014;0.2615
4852;485.0999;0.2586
4853;485.2005;0.2607
4854;485.3017;0.2574
4855;485.401;0.2646
4856;485.5018;0.2512
4857;485.6007;0.2625
4858;485.7007;0.2596
4859;485.8013;0.2686
4860;485.9;0.2606
4861;486.0018;0.2587
4862;486.1007;0.2584
4863;486.2014;0.2708
4864;486.3011;0.263
4865;486.4006;0.2646
4866;486.5002;0.2707
4867;486.601;0.2755
4868;486.7015;0.2511
4869;486.8015;0.2473
4870;486.9017;0.2811
4871;487.0019;1.4537
4872;487.1014;6.3667
4873;487.2018;7.9845
4874;487.3016;7.8094
4875;487.4016;3.3451
4876;487.5006;1.7149
4877;487.6;1.2294
4878;487.7016;0.5865
4879;487.8006;0.2635
4880;487.9017;0.2708
4881;488.0017;0.2398
4882;488.1014;0.4488
4883;488.2015;0.6772
4884;488.3005;0.8948
4885;488.401;1.0426
4886;488.5012;0.7117
4887;488.6013;0.292
4888;488.7016;0.3954
4889;488.8014;0.5938
4890;488.9003;0.6831
4891;489.0018;0.4246
4892;489.101;4.0696
4893;489.201;6.3733
4894;489.3017;8.8386
4895;489.4012;10.2011
4896;489.5008;12.7044
4897;489.6017;14.831
4898;489.7015;13.2657
4899;489.8009;3.5992
4900;489.9006;1.5555
4901;490.001;15.7888
4902;490.1003;11.9004
4903;490.2011;14.5127
4904;490.3013;14.3316
4905;490.4017;1.6042
4906;490.5012;1.6469
4907;490.6004;1.5248
4908;490.7019;1.4669
4909;490.8006;1.0576
4910;490.9011;0.3313
4911;491.001;0.3251
4912;491.1016;0.7899
4913;491.2;2.3734
4914;491.301;1.7601
4915;491.401;2.0962
4916;491.5004;1.99
4917;491.6006;1.1349
4918;491.7002;1.2304
4919;491.8004;0.5967
4920;491.901;1.1913
4921;492.0016;0.2557
4922;492.1015;0.5751
4923;492.2006;1.2982
4924;492.3019;1.8358
4925;492.4016;1.7511
4926;492.5005;1.6465
4927;492.6012;4.027
4928;492.7008;3.2439
4929;492.8012;9.1525
4930;492.9012;11.9936
4931;493.0006;15.6202
4932;493.1013;9.922
4933;493.2006;9.2071
4934;493.2999;5.4835
4935;493.4013;5.3166
4936;493.5004;18.7584
4937;493.601;4.7284
4938;493.7014;3.1163
4939;493.8014;2.634
4940;493.9012;1.4782
4941;494.0012;0.2571
4942;494.1013;0.2617
4943;494.2003;0.2621
4944;494.3;0.2421
4945;494.4013;0.2467
4946;494.5015;0.2234
4947;494.6013;4.6002
4948;494.7017;10.3548
4949;494.8006;8.6284
4950;494.9016;13.9455
4951;495.0009;10.9721
4952;495.1008;11.2179
4953;495.2002;12.796
4954;495.3003;15.3639
4955;495.4008;15.4897
4956;495.5015;15.9876
4957;495.6003;10.9389
4958;495.7002;6.8077
4959;495.8015;2.4467
4960;495.9001;3.9997
4961;496.001;1.3726
4962;496.1012;1.5538
4963;496.2013;1.2336
4964;496.3009;0.3953
4965;496.4017;11.1689
4966;496.5013;11.7422
4967;496.6011;9.9816
4968;496.7011;4.7773
4969;496.801;8.2296
4970;496.9018;18.8415
4971;497.0006;18.7256
4972;497.1005;9.9019
4973;497.2007;3.4462
4974;497.3008;2.079
4975;497.4018;1.3323
4976;497.5005;0.9879
4977;497.6013;0.2481
4978;497.7;0.7311
4979;497.8003;0.2482
4980;497.9001;1.6798
4981;498.0017;11.1489
4982;498.1008;12.3232
4983;498.2014;3.5292
4984;498.3015;1.6586
4985;498.4011;0.8575
4986;498.501;0.2499
4987;498.601;0.533
4988;498.701;0.4879
4989;498.8014;0.3572
4990;498.9019;0.4412
4991;499.0004;0.3889
4992;499.1017;0.3093
4993;499.2008;0.3483
4994;499.3017;0.2947
4995;499.4005;0.3062
4996;499.5028;0.4071
4997;499.6003;0.4016
4998;499.7017;0.3007
4999;499.8007;0.2724
5000;499.9006;0.3312
5001;500.0012;0.2843
5002;500.1004;0.2841
5003;500.2009;0.4787
5004;500.3015;0.2604
5005;500.4014;0.2675
5006;500.4999;0.3871
5007;500.6004;0.2554
5008;500.7013;0.3084
5009;500.8014;0.3361
5010;500.9007;0.2788
5011;501.0013;0.3177
5012;501.1012;0.4991
5013;501.2002;0.3595
5014;501.302;0.2802
5015;501.4013;0.4194
5016;501.5012;0.34
5017;501.6129;0.3032
5018;501.7003;0.3618
5019;501.8017;0.2836
5020;501.9011;0.3307
5021;502.0019;0.2851
5022;502.1005;0.2647
5023;502.201;0.2766
5024;502.3029;0.3377
5025;502.4006;0.4031
5026;502.5009;0.77
5027;502.6011;0.4018
5028;502.7001;0.479
5029;502.8007;0.5175
5030;502.9019;0.538
5031;503.0;0.2627
5032;503.1004;0.2441
5033;503.2002;0.2497
5034;503.3012;0.2768
5035;503.4012;0.3475
5036;503.5003;0.3727
5037;503.6001;0.2956
5038;503.7018;0.3747
5039;503.8002;0.3034
5040;503.9016;0.3761
5041;504.0018;0.2581
5042;504.1013;0.2768
5043;504.2;0.3184
5044;504.3017;1.6732
5045;504.4002;4.3375
5046;504.5005;6.519
5047;504.6013;5.7952
5048;504.7005;4.6621
5049;504.8009;1.6424
5050;504.9;0.2943
5051;505.0006;0.2525
5052;505.1;0.3141
5053;505.2018;0.3369
5054;505.3006;0.3343
5055;505.4015;1.0463
5056;505.5014;4.9019
5057;505.6017;2.3602
5058;505.7018;1.9424
5059;505.8011;0.4406
5060;505.9;2.677
5061;506.0012;5.3899
5062;506.1007;4.3534
5063;506.2005;1.5163
5064;506.3016;0.5614
5065;506.4012;0.3543
5066;506.5002;0.3013
5067;506.6014;0.2772
5068;506.7004;0.9453
5069;506.8018;4.1337
5070;506.9014;4.4641
5071;507.0014;3.4157
5072;507.1007;0.0834
5073;507.2019;0.0976
5074;507.3007;6.9616
5075;507.4013;8.8207
5076;507.5001;9.9779
5077;507.6006;5.2152
5078;507.7003;1.2811
5079;507.8018;0.1789
5080;507.9018;0.2049
5081;508.0;0.4689
5082;508.1011;2.318
5083;508.2012;3.2558
5084;508.3;1.9597
5085;508.4016;10.1619
5086;508.5002;13.3581
5087;508.6005;8.6636
5088;508.7004;4.6129
5089;508.8009;4.5824
5090;508.9005;5.2359
5091;509.0006;2.7388
5092;509.1004;1.9396
5093;509.2018;1.4969
5094;509.3008;2.7293
5095;509.4018;4.2251
5096;509.5006;7.545
5097;509.6;5.6092
5098;509.701;3.257
5099;509.8005;7.4039
5100;509.9012;6.0848
5101;510.0012;2.8268
5102;510.1006;0.7026
5103;510.2001;0.1677
5104;510.3004;0.2291
5105;510.4;0.2277
5106;510.4999;0.4021
5107;510.601;0.1995
5108;510.701;0.3865
5109;510.8018;2.9883
5110;510.9018;7.4411
5111;511.0007;6.2024
5112;511.1005;3.8054
5113;511.2013;0.0698
5114;511.3015;3.6573
5115;511.4017;0.073
5116;511.5012;0.0979
5117;511.6018;0.1434
5118;511.7016;2.4436
5119;511.8012;2.1916
5120;511.9007;2.6184
5121;512.0013;1.5702
5122;512.1018;4.4894
5123;512.2014;4.4476
5124;512.3016;6.2003
5125;512.4009;6.7009
5126;512.5007;7.3605
5127;512.6013;8.7639
5128;512.7017;12.2491
5129;512.8005;15.3847
5130;512.9003;16.6263
5131;513.001;16.8628
5132;513.1011;18.1595
5133;513.2019;17.5517
5134;513.3008;18.8417
5135;513.4019;18.9329
5136;513.5012;19.4443
5137;513.6007;20.6806
5138;513.7005;21.5571
5139;513.8006;22.8461
5140;513.9008;21.9165
5141;514.001;23.5229
5142;514.101;23.2853
5143;514.2018;24.6746
5144;514.3003;25.0213
5145;514.4016;20.2599
5146;514.5002;11.934
5147;514.6013;1.2723
5148;514.7018;3.2008
5149;514.8016;3.1488
5150;514.9;1.6443
5151;515.0012;0.9174
5152;515.1004;1.6192
5153;515.2017;1.7071
5154;515.3005;1.9237
5155;515.4019;2.0482
5156;515.5004;2.0553
5157;515.6002;1.3478
5158;515.7015;1.297
5159;515.8018;1.2176
5160;515.9007;1.3382
5161;516.0012;1.3737
5162;516.1006;1.2983
5163;516.2004;1.2281
5164;516.3013;1.2975
5165;516.4004;1.1604
5166;516.5012;1.436
5167;516.6005;1.9725
5168;516.7017;4.2586
5169;516.8008;5.3453
5170;516.9;6.7119
5171;517.0016;7.2053
5172;517.1014;6.1476
5173;517.2012;5.725
5174;517.3006;3.9093
5175;517.4008;4.7006
5176;517.5005;8.4402
5177;517.6009;10.9248
5178;517.7004;13.0188
5179;517.8013;14.4227
5180;517.9016;15.8783
5181;518.0014;16.8623
5182;518.101;17.9476
5183;518.2005;19.6638
5184;518.301;19.9998
5185;518.4;22.1364
5186;518.5018;19.6316
5187;518.6006;2.4341
5188;518.7004;3.4002
5189;518.8017;1.7358
5190;518.9005;1.6553
5191;519.0017;1.8572
5192;519.1017;1.697
5193;519.2004;1.8324
5194;519.3001;2.0273
5195;519.4013;1.911
5196;519.5003;1.6227
5197;519.602;1.6374
5198;519.7005;1.8257
5199;519.8009;1.7083
5200;519.9009;2.5945
5201;520.0005;2.3142
5202;520.1011;2.2668
5203;520.2009;3.4268
5204;520.3004;3.4496
5205;520.4003;2.6239
5206;520.5009;1.8392
5207;520.6005;2.2761
5208;520.7016;1.1572
5209;520.8005;1.0947
5210;520.9013;1.0217
5211;521.0004;1.1351
5212;521.1;1.0561
5213;521.2001;0.3798
5214;521.3011;0.3469
5215;521.4015;0.5366
5216;521.5001;1.5154
5217;521.6001;1.4295
5218;521.7018;1.3745
5219;521.8008;1.2088
5220;521.9013;0.8667
5221;522.0007;0.671
5222;522.1003;0.7014
5223;522.2006;0.9512
5224;522.302;1.0026
5225;522.4003;2.4513
5226;522.5002;2.0695
5227;522.6018;2.6038
5228;522.7003;2.5338
5229;522.8005;3.3198
5230;522.9017;2.2706
5231;523.0003;2.3403
5232;523.1;1.9394
5233;523.201;1.283
5234;523.3015;1.177
5235;523.4003;1.5116
5236;523.5009;2.0869
5237;523.6013;4.1948
5238;523.7012;4.4225
5239;523.8002;4.0721
5240;523.9015;4.5636
5241;524.0016;5.6884
5242;524.101;3.8237
5243;524.2019;1.8143
5244;524.3013;2.0101
5245;524.4017;1.5093
5246;524.5006;1.0538
5247;524.6008;2.2483
5248;524.7001;2.5905
5249;524.8002;2.4776
5250;524.9018;2.5501
5251;525.0012;2.7285
5252;525.1016;2.8505
5253;525.201;2.519
5254;525.3016;2.6544
5255;525.4005;2.6708
5256;525.5018;3.9683
5257;525.6001;3.7276
5258;525.7003;5.055
5259;525.8013;4.9958
5260;525.9009;6.3742
5261;526.0016;4.9226
5262;526.1014;3.8531
5263;526.2014;3.0676
5264;526.3001;3.2023
5265;526.4012;3.1901
5266;526.5007;2.9354
5267;526.6004;4.3992
5268;526.7009;3.4999
5269;526.8008;4.5229
5270;526.901;4.6661
5271;527.0013;3.4492
5272;527.1002;9.2517
5273;527.2014;12.035
5274;527.3018;13.9353
5275;527.4001;14.3477
5276;527.501;15.6128
5277;527.6011;16.4897
5278;527.7006;17.4505
5279;527.8005;18.427
5280;527.901;20.6445
5281;528.001;21.8806
5282;528.1003;23.4198
5283;528.2019;25.0838
5284;528.3018;25.6679
5285;528.4007;27.5212
5286;528.5018;28.8667
5287;528.6;28.9367
5288;528.7002;29.2427
5289;528.8013;30.3292
5290;528.9009;30.5945
5291;529.0007;31.6965
5292;529.1014;32.6445
5293;529.201;32.5552
5294;529.3007;33.6208
5295;529.4011;31.2725
5296;529.5005;33.5849
5297;529.6016;35.7605
5298;529.7014;38.3628
5299;529.8001;43.0644
5300;529.9018;42.9229
5301;530.0019;38.2618
5302;530.1004;35.143
5303;530.2014;35.966
5304;530.3009;37.5557
5305;530.4006;39.6226
5306;530.5013;43.8283
5307;530.6001;47.0398
5308;530.7012;44.6069
5309;530.8004;40.1198
5310;530.9;36.6767
5311;531.0001;40.9789
5312;531.1001;43.6526
5313;531.2006;45.9649
5314;531.3005;47.0193
5315;531.4016;51.4905
5316;531.502;48.0418
5317;531.6008;48.5125
5318;531.7005;43.2469
5319;531.801;44.3841
5320;531.9012;46.1583
5321;532.0009;45.9952
5322;532.1014;45.9588
5323;532.2004;46.1181
5324;532.3004;47.5779
5325;532.4019;43.9162
5326;532.4999;18.8913
5327;532.6011;5.6419
5328;532.7007;3.4277
5329;532.8007;1.7899
5330;532.9003;0.5432
5331;533.0016;0.4759
5332;533.1003;0.222
5333;533.2;2.5175
5334;533.3011;10.9585
5335;533.4012;20.1516
5336;533.5007;26.2741
5337;533.6016;31.8086
5338;533.7001;36.8491
5339;533.8015;39.3078
5340;533.9006;42.8176
5341;534.002;46.9078
5342;534.1001;50.5967
5343;534.2016;40.9386
5344;534.3019;40.5017
5345;534.4018;42.4865
5346;534.5018;45.2263
5347;534.6007;53.2513
5348;534.7016;53.1098
5349;534.8019;40.9026
5350;534.9017;42.2884
5351;535.0018;42.8643
5352;535.1006;28.8759
5353;535.2017;9.9538
5354;535.3002;3.8139
5355;535.4008;2.1404
5356;535.5012;0.4624
5357;535.6008;1.2088
5358;535.7105;0.551
5359;535.801;1.2578
5360;535.902;0.6715
5361;536.001;0.9961
5362;536.1006;0.599
5363;536.2003;0.6351
5364;536.3011;0.1641
5365;536.4001;0.3234
5366;536.5005;1.9252
5367;536.6004;6.4058
5368;536.7;10.5506
5369;536.8011;16.2016
5370;536.9009;21.8326
5371;537.0002;26.6675
5372;537.1;29.2459
5373;537.2014;36.1633
5374;537.3001;38.8272
5375;537.4012;41.4615
5376;537.5013;42.5778
5377;537.6;39.3545
5378;537.7018;42.7346
5379;537.8016;47.9772
5380;537.9003;40.6913
5381;538.0011;40.268
5382;538.1018;41.5298
5383;538.2006;42.8583
5384;538.3002;43.8826
5385;538.4;43.3798
5386;538.5009;43.3907
5387;538.6006;43.3245
5388;538.7019;35.0785
5389;538.8016;14.9124
5390;538.9016;1.5793
5391;539.0002;1.8619
5392;539.1006;0.5592
5393;539.2014;0.1699
5394;539.3001;0.2756
5395;539.4006;0.178
5396;539.5004;0.1597
5397;539.6011;0.1498
5398;539.7012;0.1111
5399;539.8004;0.2231
5400;539.9014;0.0884
5401;540.0005;0.0617
5402;540.1002;6.6799
5403;540.2006;8.8572
5404;540.3014;10.761
5405;540.4004;3.7138
5406;540.5013;2.3424
5407;540.6;1.3801
5408;540.7001;1.1454
5409;540.8019;1.2004
5410;540.9009;2.4238
5411;541.0;4.6079
5412;541.1008;7.2034
5413;541.2002;7.1597
5414;541.3011;6.3351
5415;541.4013;13.5771
5416;541.5017;11.7475
5417;541.6011;11.9398
5418;541.7003;16.0116
5419;541.8001;20.7778
5420;541.9;24.2685
5421;542.0012;27.1842
5422;542.1004;32.5827
5423;542.2;33.1625
5424;542.3009;37.5525
5425;542.4008;38.2002
5426;542.5012;36.0061
5427;542.6008;38.7349
5428;542.7005;39.8592
5429;542.8018;38.603
5430;542.9006;39.2458
5431;543.0005;43.2026
5432;543.101;43.7261
5433;543.201;43.345
5434;543.3008;42.4232
5435;543.4017;34.2721
5436;543.5001;16.7809
5437;543.601;8.2676
5438;543.7012;0.8388
5439;543.8013;0.1357
5440;543.9011;0.1629
5441;544.0009;0.1542
5442;544.1014;0.1572
5443;544.2006;0.1602
5444;544.3007;0.1626
5445;544.4008;0.1478
5446;544.5006;0.1504
5447;544.6005;0.1658
5448;544.7004;0.127
5449;544.8019;0.1251
5450;544.9009;0.1244
5451;545.0012;0.1293
5452;545.1006;0.1276
5453;545.2003;0.1301
5454;545.3012;0.1296
5455;545.4001;0.1281
5456;545.5013;0.1304
5457;545.6012;0.1299
5458;545.7012;0.1316
5459;545.8018;0.1241
5460;545.9014;0.118
5461;546.0009;0.1193
5462;546.101;0.1125
5463;546.2014;0.1109
5464;546.3012;0.1152
5465;546.4007;0.1072
5466;546.5018;0.1062
5467;546.6005;0.0891
5468;546.7011;0.1128
5469;546.8007;0.1012
5470;546.9014;0.0973
5471;547.0002;0.8055
5472;547.1002;2.356
5473;547.2009;5.1387
5474;547.3013;9.3145
5475;547.4016;12.0645
5476;547.5003;8.3929
5477;547.6017;3.5356
5478;547.7002;1.8095
5479;547.8;1.557
5480;547.9018;1.4129
5481;548.0002;1.4869
5482;548.1017;1.4377
5483;548.2011;1.3633
5484;548.3008;1.7795
5485;548.4006;2.0006
5486;548.5015;2.2777
5487;548.6006;3.3253
5488;548.7007;3.9842
5489;548.8008;5.1162
5490;548.9006;5.151
5491;549.001;3.8336
5492;549.1008;2.6313
5493;549.2001;2.2163
5494;549.3013;2.0961
5495;549.4;1.9346
5496;549.5004;1.8925
5497;549.6011;2.4458
5498;549.7;7.9441
5499;549.8003;11.5305
5500;549.9011;11.9157
5501;550.0018;6.9099
5502;550.1011;3.9572
5503;550.2003;2.1262
5504;550.301;1.9415
5505;550.4018;1.8713
5506;550.5015;1.8402
5507;550.6003;1.7966
5508;550.7012;1.7436
5509;550.8002;1.8292
5510;550.901;1.7193
5511;551.0002;1.6996
5512;551.0999;1.7114
5513;551.2018;1.7143
5514;551.3018;1.7081
5515;551.401;1.6794
5516;551.5007;1.6613
5517;551.6013;1.7299
5518;551.7004;1.7572
5519;551.8008;1.5608
5520;551.9014;1.5606
5521;552.0008;1.7463
5522;552.1017;2.5912
5523;552.2;2.8287
5524;552.2999;2.6342
5525;552.4144;2.8077
5526;552.5004;2.8598
5527;552.601;2.4543
5528;552.7007;2.0985
5529;552.8015;2.2126
5530;552.901;1.9102
5531;553.0001;3.7226
5532;553.1013;4.0075
5533;553.2017;5.2387
5534;553.3011;3.3475
5535;553.4015;3.2907
5536;553.5001;3.4484
5537;553.6017;2.9272
5538;553.7007;3.0726
5539;553.8009;2.9459
5540;553.9017;3.1978
5541;554.0014;3.7877
5542;554.1001;4.7253
5543;554.2019;6.797
5544;554.3006;8.651
5545;554.4003;6.3546
5546;554.5001;2.9956
5547;554.6008;1.7459
5548;554.7019;1.6263
5549;554.8016;1.3456
5550;554.9003;0.2291
5551;555.0012;0.2104
5552;555.1008;0.1485
5553;555.2006;0.1379
5554;555.3003;2.9672
5555;555.401;4.3257
5556;555.5017;3.2566
5557;555.6005;10.2661
5558;555.7018;14.5354
5559;555.8004;18.1747
5560;555.9001;22.4398
5561;556.0008;26.2697
5562;556.1006;25.4814
5563;556.2003;30.0004
5564;556.3;14.6155
5565;556.4017;5.4233
5566;556.5005;1.4373
5567;556.6002;1.8308
5568;556.7015;1.4709
5569;556.8016;0.8274
5570;556.9014;0.7588
5571;557.001;0.7641
5572;557.1018;0.4522
5573;557.2015;2.3863
5574;557.3013;4.8105
5575;557.4011;14.8826
5576;557.5008;19.499
5577;557.6015;19.1063
5578;557.7;16.879
5579;557.8014;14.1781
5580;557.9011;18.2642
5581;558.0009;22.2534
5582;558.1005;14.8483
5583;558.2014;14.2922
5584;558.3008;2.8059
5585;558.4008;1.9799
5586;558.5001;0.8277
5587;558.601;0.2214
5588;558.7012;1.9745
5589;558.801;6.6054
5590;558.901;14.7276
5591;559.0007;21.5665
5592;559.1013;25.7775
5593;559.2007;23.6905
5594;559.3002;26.2102
5595;559.4019;23.9732
5596;559.501;25.6373
5597;559.6014;26.6638
5598;559.7009;30.797
5599;559.8007;29.4184
5600;559.9002;30.2546
5601;560.0018;18.6933
5602;560.1007;8.3392
5603;560.2008;10.8341
5604;560.3005;12.2082
5605;560.4014;7.8425
5606;560.5;2.3681
5607;560.6019;1.4198
5608;560.7016;0.6533
5609;560.8011;1.3292
5610;560.9016;3.2466
5611;561.0012;5.6838
5612;561.1011;7.7188
5613;561.2018;13.2573
5614;561.3;17.5632
5615;561.4011;17.3809
5616;561.5005;12.8543
5617;561.6018;17.2456
5618;561.7004;20.4937
5619;561.8007;22.6191
5620;561.9012;25.6658
5621;562.0013;30.61
5622;562.1012;34.2899
5623;562.2009;35.1788
5624;562.3017;33.5829
5625;562.4007;31.2422
5626;562.4999;31.7058
5627;562.6014;34.3564
5628;562.7015;35.9806
5629;562.8002;36.8361
5630;562.9016;43.2574
5631;563.0002;40.6146
5632;563.101;1.7601
5633;563.2007;5.0895
5634;563.3009;3.0843
5635;563.4011;3.0303
5636;563.5005;3.2907
5637;563.6008;3.6157
5638;563.701;2.5499
5639;563.8004;2.2107
5640;563.9019;1.4218
5641;564.0012;0.782
5642;564.1018;0.2735
5643;564.2018;0.2523
5644;564.3013;1.5806
5645;564.4018;1.8505
5646;564.5002;0.866
5647;564.6017;2.2042
5648;564.7001;1.588
5649;564.8018;0.4091
5650;564.9012;0.1778
5651;565.0004;0.1211
5652;565.101;0.1594
5653;565.201;0.1523
5654;565.3007;0.1352
5655;565.4008;0.1503
5656;565.5011;0.1362
5657;565.6;0.1193
5658;565.7005;0.1162
5659;565.8019;0.2058
5660;565.9;1.7745
5661;566.0003;4.6485
5662;566.1;6.7986
5663;566.2003;7.9092
5664;566.3;4.2505
5665;566.4001;4.2058
5666;566.5017;3.0612
5667;566.6;2.9107
5668;566.7003;3.4341
5669;566.8016;3.5757
5670;566.9011;2.7299
5671;567.0005;1.1511
5672;567.1008;5.2934
5673;567.2017;4.2279
5674;567.3;5.2038
5675;567.4003;2.8701
5676;567.5015;0.1519
5677;567.6011;-1.0716
5678;567.7015;-0.7489
5679;567.8019;0.0526
5680;567.9004;-0.1175
5681;568.0015;-0.1121
5682;568.1019;1.9317
5683;568.2008;2.0159
5684;568.3008;1.7182
5685;568.4006;1.5004
5686;568.5015;1.3757
5687;568.6011;1.2437
5688;568.7005;1.337
5689;568.8005;1.3818
5690;568.9016;1.1969
5691;569.0004;1.5237
5692;569.1004;1.4313
5693;569.2015;1.4633
5694;569.3018;1.3131
5695;569.4011;1.1161
5696;569.5015;1.0915
5697;569.6012;1.3942
5698;569.7015;0.6687
5699;569.8012;0.2337
5700;569.9007;-0.5638
5701;600.8195;0.3302
5702;601.0853;0.3313
5703;601.1947;0.3278
5704;601.2616;0.3344
5705;601.322;0.3304
5706;601.3859;0.3358
5707;601.45;0.3358
5708;601.5139;0.3315
5709;601.5779;0.3347
5710;601.6429;0.3283
5711;601.7059;0.3377
5712;601.7699;0.3265
5713;601.8341;0.3363
5714;601.8978;0.331
5715;601.9458;0.3391
5716;602.0098;0.3313
5717;602.0738;0.3348
5718;602.1379;0.3312
5719;602.2021;0.3333
5720;602.2657;0.3341
5721;602.3299;0.3311
5722;602.3937;0.3355
5723;602.4577;0.3297
5724;602.5217;0.3349
5725;602.5857;0.3336
5726;602.6497;0.3381
5727;602.7136;0.3357
5728;602.7776;0.3356
5729;602.8416;0.3401
5730;602.9056;0.3309
5731;602.9695;0.3316
5732;603.0334;0.3283
5733;603.0974;0.3374
5734;603.1613;0.328
5735;603.2253;0.3358
5736;603.2894;0.3401
5737;603.3533;0.3251
5738;603.4173;0.3354
5739;603.4813;0.3277
5740;603.5452;0.3301
5741;603.6091;0.3297
5742;603.6738;0.3273
5743;603.7372;0.334
5744;603.8011;0.3274
5745;603.8651;0.3335
5746;603.929;0.3311
5747;603.993;0.3311
5748;604.057;0.3257
5749;604.121;0.3276
5750;604.185;0.3301
5751;604.2493;0.3314
5752;604.3129;0.3362
5753;604.377;0.3219
5754;604.4409;0.3396
5755;604.5048;0.3256
5756;604.5688;0.3282
5757;604.6168;0.3274
5758;604.6807;0.3361
5759;604.7447;0.3299
5760;604.8088;0.3298
5761;604.8728;0.3283
5762;604.9368;0.3259
5763;605.0007;0.3338
5764;605.0647;0.3234
5765;605.1286;0.3378
5766;605.1926;0.3265
5767;605.2565;0.3329
5768;605.3205;0.3201
5769;605.3845;0.329
5770;605.4485;0.3309
5771;605.5125;0.3258
5772;605.5765;0.3404
5773;605.6404;0.3263
5774;605.7043;0.3338
5775;605.7683;0.3262
5776;605.8322;0.3247
5777;605.8962;0.3254
5778;605.9442;0.332
5779;606.0082;0.3221
5780;606.0721;0.3291
5781;606.136;0.3286
5782;606.2056;0.3224
5783;606.2551;0.3295
5784;606.3119;0.3296
5785;606.3761;0.3259
5786;606.4399;0.3304
5787;606.5039;0.3312
5788;606.5679;0.3287
5789;606.632;0.3296
5790;606.6958;0.3184
5791;606.7597;0.3317
5792;606.8238;0.3203
5793;606.8719;0.3273
5794;606.9356;0.3236
5795;606.9996;0.3322
5796;607.0637;0.3193
5797;607.1276;0.3322
5798;607.1915;0.3256
5799;607.2554;0.3297
5800;607.3194;0.3273
5801;607.3842;0.3216
5802;607.4474;0.3214
5803;607.5114;0.3236
5804;607.5754;0.3229
5805;607.6394;0.32
5806;607.7033;0.3237
5807;607.7673;0.3232
5808;607.8312;0.316
5809;607.8952;0.3337
5810;607.9592;0.3177
5811;608.0233;0.3276
5812;608.0872;0.3232
5813;608.1511;0.324
5814;608.2151;0.3211
5815;608.2794;0.3166
5816;608.3433;0.3285
5817;608.407;0.3202
5818;608.4712;0.3254
5819;608.535;0.3206
5820;608.5989;0.3201
5821;608.663;0.3243
5822;608.7269;0.3191
5823;608.7922;0.3285
5824;608.8549;0.3173
5825;608.9188;0.3239
5826;608.9668;0.311
5827;609.0308;0.3192
5828;609.096;0.3161
5829;609.1588;0.3282
5830;609.2231;0.3191
5831;609.288;0.3165
5832;609.351;0.3206
5833;609.4146;0.3146
5834;609.479;0.3271
5835;609.5425;0.3175
5836;609.6065;0.3239
5837;609.6704;0.3214
5838;609.7343;0.3213
5839;609.7996;0.3212
5840;609.8623;0.3145
5841;609.9262;0.3285
5842;609.9902;0.3202
5843;610.0548;0.323
5844;610.1182;0.3228
5845;610.1827;0.3165
5846;610.2466;0.3247
5847;610.3101;0.3181
5848;610.3754;0.3241
5849;610.4381;0.315
5850;610.502;0.3266
5851;610.566;0.3161
5852;610.6299;0.3235
5853;610.6939;0.3283
5854;610.7579;0.3171
5855;610.8218;0.3173
5856;610.8859;0.3188
5857;610.9498;0.3214
5858;611.0138;0.321
5859;611.0779;0.3178
5860;611.1417;0.3219
5861;611.2057;0.3157
5862;611.2696;0.3232
5863;611.3342;0.3111
5864;611.3982;0.3251
5865;611.4616;0.3178
5866;611.5268;0.3127
5867;611.5895;0.3237
5868;611.6534;0.3142
5869;611.7173;0.318
5870;611.7814;0.312
5871;611.8453;0.3204
