time_s,measured_value
0.00984,-1.9894
0.01968,-1.9833
0.02952,-1.9967
0.03936,-1.9874
0.0492,-1.9865
0.05904,-2.0064
0.06888,-2.0203
0.07872,-2.014
0.08856,-2.0241
0.0984,-2.0275
0.10824,-2.0307
0.11808,-2.0183
0.128,-2.0079
0.13799,-2.0218
0.14799,-2.0313
0.15798,-2.0199
0.16798,-2.0232
0.17798,-2.043
0.18797,-2.0567
0.19797,-2.0611
0.20797,-2.0685
0.21796,-2.0556
0.22796,-2.0518
0.23795,-2.0582
0.24795,-2.0368
0.25795,-2.019
0.26794,-2.0033
0.27793,-2.013
0.28792,-2.042
0.29791,-2.0533
0.30791,-2.0503
0.3179,-2.0421
0.32789,-2.0356
0.33788,-2.023
0.34787,-2.0202
0.35787,-2.007
0.36786,-2.0041
0.37784,-1.9877
0.38781,-1.9682
0.39778,-1.9757
0.40775,-1.9649
0.41773,-1.9498
0.4277,-1.9608
0.43767,-1.9576
0.44764,-1.9522
0.45761,-1.9448
0.46758,-1.9446
0.47755,-1.9265
0.48752,-1.9267
0.49749,-1.9257
0.5075,-1.9135
0.5175,-1.9185
0.5275,-1.9348
0.5375,-1.9437
0.5475,-1.9583
0.5575,-1.9555
0.56751,-1.9596
0.57751,-1.9545
0.58751,-1.9506
0.59751,-1.9516
0.60751,-1.9513
0.61751,-1.9513
0.62753,-1.9502
0.63755,-1.9753
0.64758,-1.9723
0.6576,-1.9581
0.66762,-1.9546
0.67765,-1.9506
0.68767,-1.9622
0.69769,-1.9739
0.70772,-1.9815
0.71774,-1.976
0.72776,-1.9705
0.73779,-1.9562
0.74781,-1.9561
0.75778,-1.9559
0.76774,-1.9663
0.7777,-1.9732
0.78767,-1.9722
0.79763,-1.9763
0.80759,-1.9821
0.81756,-1.9799
0.82752,-1.9862
0.83748,-1.9752
0.84745,-1.9682
0.85741,-1.9685
0.86738,-1.9541
0.87736,-1.9562
0.88736,-1.9567
0.89736,-1.9677
0.90736,-1.9846
0.91736,-1.9751
0.92736,-1.9709
0.93736,-1.9678
0.94736,-1.9672
0.95736,-1.9594
0.96736,-1.9458
0.97736,-1.9354
0.98736,-1.9441
0.99736,-1.9663
1.00739,-1.9766
1.01743,-1.9799
1.02746,-1.975
1.03749,-1.9682
1.04752,-1.9452
1.05755,-1.9193
1.06758,-1.9295
1.07762,-1.954
1.08765,-1.957
1.09768,-1.9527
1.10771,-1.9532
1.11774,-1.9368
1.1278,-1.9432
1.13787,-1.9358
1.14794,-1.9522
1.15802,-1.9476
1.16809,-1.942
1.17817,-1.9482
1.18824,-1.9552
1.19831,-1.9557
1.20839,-1.9518
1.21846,-1.9564
1.22853,-1.9436
1.23861,-1.9404
1.24868,-1.9377
1.25866,-1.9586
1.26863,-1.9625
1.27861,-1.9654
1.28858,-1.968
1.29856,-1.9583
1.30853,-1.9407
1.31851,-1.9437
1.32848,-1.9527
1.33846,-1.9783
1.34843,-1.9723
1.35841,-1.9565
1.36838,-1.9498
1.37837,-1.9492
1.38837,-1.9499
1.39837,-1.9487
1.40837,-1.9435
1.41837,-1.9293
1.42837,-1.9324
1.43837,-1.9425
1.44837,-1.9629
1.45837,-1.9698
1.46837,-1.9782
1.47837,-1.9748
1.48837,-1.965
1.49836,-1.9557
1.50836,-1.9402
1.51834,-1.9293
1.52832,-1.9458
1.53831,-1.9488
1.54829,-1.9644
1.55827,-1.9671
1.56825,-1.9696
1.57824,-1.973
1.58822,-1.9671
1.5982,-1.9573
1.60818,-1.944
1.61816,-1.9463
1.62818,-1.9554
1.6382,-1.9661
1.64823,-1.9626
1.65826,-1.965
1.66828,-1.9814
1.67831,-2.0014
1.68834,-2.0134
1.69836,-2.0021
1.70839,-1.9632
1.71842,-1.9315
1.72844,-1.9162
1.73847,-1.9239
1.7485,-1.9263
1.75847,-1.9197
1.76845,-1.9495
1.77843,-1.9717
1.7884,-2.0083
1.79838,-2.0085
1.80835,-1.9887
1.81833,-1.9688
1.82831,-1.9537
1.83828,-1.9481
1.84826,-1.9554
1.85823,-1.9554
1.86821,-1.9687
1.87822,-1.973
1.88822,-1.9789
1.89822,-1.9857
1.90822,-1.972
1.91822,-1.9794
1.92821,-1.9742
1.93821,-1.9711
1.94821,-1.9747
1.95821,-1.9841
1.96821,-1.9914
1.97821,-1.9954
1.98821,-1.9993
1.99821,-1.9978
2.00821,-1.9815
2.0182,-1.9896
2.0282,-1.986
2.03819,-1.9721
2.04818,-1.9615
2.05818,-1.962
2.06817,-1.9698
2.07816,-1.988
2.08816,-2.0005
2.09815,-2.0049
2.10814,-1.997
2.11814,-2.0002
2.12813,-1.9964
2.13813,-1.9794
2.14813,-1.9776
2.15812,-1.9827
2.16812,-1.9833
2.17811,-1.9963
2.18811,-1.9871
2.19811,-1.9924
2.2081,-1.9973
2.2181,-1.9879
2.22809,-1.9818
2.23809,-1.9909
2.24809,-1.9868
2.25819,-1.9981
2.26829,-1.9892
2.27839,-1.9868
2.28849,-2.0008
2.29859,-2.0046
2.30869,-1.9959
2.31879,-1.9937
2.32889,-1.986
2.33899,-1.9886
2.34909,-1.9902
2.35919,-1.9937
2.36929,-1.9904
2.37935,-1.9849
2.38935,-1.9999
2.39936,-2.0047
2.40936,-2.0062
2.41936,-2.0021
2.42937,-1.9983
2.43937,-1.9984
2.44937,-1.9958
2.45938,-1.988
2.46938,-1.9972
2.47938,-1.9981
2.48939,-2.0006
2.49939,-1.9976
2.50939,-1.9837
2.51939,-1.9824
2.52939,-1.9962
2.53938,-1.9839
2.54938,-1.9799
2.55938,-1.981
2.56937,-1.987
2.57937,-2.0007
2.58937,-2.0079
2.59937,-1.9905
2.60936,-1.9985
2.61936,-1.9928
2.62934,-1.9929
2.6393,-1.9871
2.64926,-1.9825
2.65923,-1.9801
2.66919,-1.9921
2.67915,-1.983
2.68911,-1.9805
2.69907,-1.9839
2.70903,-1.9893
2.71899,-1.9949
2.72895,-1.9966
2.73891,-1.9796
2.74888,-1.9806
2.75899,-1.986
2.76909,-1.9954
2.77919,-1.9946
2.78929,-1.9719
2.79939,-1.9737
2.80949,-1.9904
2.81959,-1.993
2.82969,-1.9896
2.83979,-1.9928
2.84989,-1.9961
2.85999,-2.0083
2.87009,-1.9954
2.88009,-1.9903
2.88997,-1.9757
2.89986,-1.9935
2.90974,-2.0036
2.91962,-2.0092
2.92951,-1.9982
2.93939,-2.0022
2.94928,-1.9966
2.95916,-2.0029
2.96904,-1.9883
2.97893,-1.9935
2.98881,-1.9981
2.9987,-2.0021
3.0087,-1.9952
3.0187,-1.9886
3.02869,-1.9874
3.03869,-1.9947
3.04869,-2.0063
3.05869,-2.0002
3.06868,-1.9934
3.07868,-1.9954
3.08868,-1.9931
3.09868,-2.0015
3.10867,-1.9933
3.11867,-1.9807
3.12867,-1.9889
3.13867,-1.9957
3.14867,-1.9967
3.15867,-2.0003
3.16867,-1.9956
3.17867,-2.0005
3.18867,-1.9997
3.19867,-1.9864
3.20867,-1.9879
3.21867,-1.9854
3.22867,-1.9925
3.23867,-1.9944
3.24867,-1.9867
3.25868,-1.9844
3.26869,-1.9927
3.2787,-2.0051
3.28871,-1.9938
3.29872,-1.9921
3.30873,-1.9849
3.31874,-1.9894
3.32875,-1.988
3.33876,-1.9838
3.34877,-1.9805
3.35878,-1.985
3.36879,-1.9963
3.37881,-1.9931
3.38883,-1.9947
3.39886,-1.9886
3.40889,-1.9867
3.41891,-1.9878
3.42894,-1.9787
3.43897,-1.9832
3.449,-1.9977
3.45902,-1.9949
3.46905,-1.9964
3.47908,-1.9938
3.4891,-1.9878
3.49913,-1.9889
3.50921,-1.9897
3.51929,-1.9946
3.52936,-1.9763
3.53944,-1.9797
3.54951,-1.9859
3.55959,-1.9932
3.56966,-1.9959
3.57974,-1.9838
3.58981,-1.9885
3.59989,-1.9942
3.60996,-1.9917
3.62004,-1.985
3.63008,-1.9772
3.64007,-1.9861
3.65006,-2.0062
3.66006,-1.9941
3.67005,-1.9947
3.68004,-1.9909
3.69004,-1.9981
3.70003,-1.9977
3.71002,-1.9946
3.72002,-1.9891
3.73001,-1.9788
3.74,-1.9934
3.75,-1.9999
3.75997,-1.9872
3.76994,-1.9853
3.7799,-1.9824
3.78987,-2
3.79984,-1.9888
3.80981,-1.9867
3.81978,-1.9795
3.82975,-1.9892
3.83972,-2.0021
3.84969,-1.9902
3.85966,-1.989
3.86963,-1.9811
3.87963,-1.9868
3.88965,-1.9929
3.89967,-1.9839
3.9097,-1.9876
3.91972,-1.988
3.92975,-2.0022
3.93977,-1.9877
3.94979,-1.9925
3.95982,-1.9848
3.96984,-1.9882
3.97986,-1.9972
3.98989,-1.9964
3.99991,-1.9819
4.00991,-1.9726
4.01991,-1.9974
4.02991,-1.9858
4.0399,-1.9839
4.0499,-1.9874
4.0599,-1.9988
4.06989,-1.9947
4.07989,-1.9955
4.08989,-1.9827
4.09988,-1.9836
4.10988,-1.9918
4.11988,-1.9899
4.12988,-1.9895
4.13988,-1.9872
4.14988,-1.9795
4.15988,-1.987
4.16988,-1.9939
4.17988,-1.9844
4.18988,-1.982
4.19988,-1.9765
4.20988,-1.9891
4.21988,-1.9819
4.22988,-1.9764
4.23988,-1.9794
4.24988,-1.9888
4.25988,-1.9936
4.26987,-1.9907
4.27987,-1.9828
4.28987,-1.9854
4.29986,-1.9812
4.30986,-1.9757
4.31986,-1.9782
4.32985,-1.9745
4.33985,-1.9791
4.34984,-1.9883
4.35984,-1.9908
4.36984,-1.9831
4.37982,-1.9874
4.38978,-1.9893
4.39973,-1.9877
4.40969,-1.982
4.41965,-1.9759
4.42961,-1.9811
4.43957,-1.9929
4.44953,-1.9928
4.45948,-1.9826
4.46944,-1.9808
4.4794,-1.9865
4.48936,-1.9896
4.49932,-1.9951
4.50943,-1.9778
4.51954,-1.9757
4.52966,-1.9897
4.53977,-1.9866
4.54988,-1.9861
4.56,-1.9812
4.57011,-1.9869
4.58022,-1.9887
4.59033,-1.9962
4.60045,-1.9827
4.61056,-1.984
4.62067,-1.9796
4.63069,-1.9852
4.64061,-1.9842
4.65053,-1.9816
4.66045,-1.9779
4.67037,-1.9897
4.6803,-1.9937
4.69022,-1.986
4.70014,-1.9733
4.71006,-1.9763
4.71998,-1.981
4.7299,-1.9782
4.73982,-1.976
4.74974,-1.984
4.75983,-1.987
4.76991,-1.9885
4.78,-1.9904
4.79008,-1.9883
4.80016,-1.9811
4.81025,-1.976
4.82033,-1.9805
4.83041,-1.9792
4.8405,-1.9862
4.85058,-1.9885
4.86066,-1.9872
4.87075,-1.9861
4.88079,-1.9759
4.89079,-1.9726
4.90078,-1.9782
4.91078,-1.9851
4.92078,-1.982
4.93077,-1.9776
4.94077,-1.9746
4.95077,-1.9842
4.96076,-1.9846
4.97076,-1.9794
4.98075,-1.9706
4.99075,-1.9735
5.00075,-1.9901
5.01075,-1.9866
5.02075,-1.9772
5.03075,-1.9672
5.04075,-1.9763
5.05075,-1.985
5.06074,-1.9766
5.07074,-1.9774
5.08074,-1.9768
5.09074,-1.9813
5.10074,-1.9901
5.11074,-1.9775
5.12074,-1.9816
5.13077,-1.9647
5.14083,-1.9774
5.15089,-1.9842
5.16095,-1.9915
5.17101,-1.9922
5.18106,-1.9972
5.19112,-1.9953
5.20118,-1.9902
5.21124,-1.9743
5.2213,-1.9725
5.23135,-1.9855
5.24141,-1.9813
5.25147,-1.9812
5.26141,-1.9873
5.27134,-1.9854
5.28127,-1.9897
5.2912,-1.9879
5.30114,-1.9797
5.31107,-1.9729
5.321,-1.9769
5.33093,-1.9783
5.34087,-1.9834
5.3508,-1.9843
5.36073,-1.9848
5.37066,-1.9873
5.38063,-1.9981
5.39061,-1.9861
5.4006,-1.9778
5.41059,-1.9741
5.42057,-1.9925
5.43056,-1.9866
5.44055,-1.9743
5.45054,-1.9726
5.46052,-1.9854
5.47051,-1.9803
5.4805,-1.9852
5.49049,-1.9842
5.50047,-1.9821
5.51045,-1.9857
5.52042,-1.987
5.5304,-1.9739
5.54037,-1.9683
5.55034,-1.9781
5.56032,-1.9917
5.57029,-1.9801
5.58026,-1.9786
5.59023,-1.9769
5.60021,-1.9915
5.61018,-1.982
5.62015,-1.9809
5.63016,-1.9794
5.64016,-1.9732
5.65015,-1.9798
5.66015,-1.9842
5.67015,-1.9715
5.68015,-1.9697
5.69015,-1.9924
5.70015,-1.9877
5.71015,-1.9743
5.72015,-1.9772
5.73015,-1.9672
5.74015,-1.9771
5.75015,-1.9949
5.76014,-1.9833
5.77013,-1.9875
5.78011,-1.9941
5.7901,-1.993
5.80009,-1.985
5.81008,-1.9913
5.82007,-1.9763
5.83006,-1.9727
5.84005,-1.9904
5.85004,-1.9956
5.86002,-1.9872
5.87001,-1.9983
5.88007,-2.0176
5.89018,-2.02
5.90029,-2.0186
5.91041,-2.0111
5.92052,-2.0096
5.93063,-2.0061
5.94075,-2.0046
5.95086,-1.9799
5.96097,-1.9784
5.97109,-1.9865
5.9812,-1.9972
5.99131,-1.9988
6.00143,-1.9944
6.01143,-1.9986
6.02143,-2.0005
6.03143,-1.9897
6.04143,-1.9826
6.05143,-1.9795
6.06142,-1.9838
6.07142,-1.9886
6.08142,-1.988
6.09142,-1.9869
6.10142,-1.9858
6.11142,-2.0048
6.12142,-2.0051
6.1314,-1.9965
6.14137,-1.9884
6.15133,-1.9848
6.16129,-1.9924
6.17125,-1.9951
6.18122,-1.9897
6.19118,-1.9857
6.20114,-1.9976
6.2111,-2.0005
6.22107,-1.9966
6.23103,-1.9939
6.24099,-1.9921
6.25095,-1.9937
6.26095,-2.0012
6.27094,-1.9964
6.28094,-1.9908
6.29093,-1.9922
6.30092,-1.9999
6.31092,-1.9879
6.32091,-1.9748
6.3309,-1.9755
6.34089,-1.9875
6.35089,-1.9938
6.36088,-1.9942
6.37087,-1.9937
6.38087,-1.9868
6.39088,-2.0006
6.40088,-2.0067
6.41088,-1.9884
6.42088,-1.9897
6.43088,-1.9803
6.44088,-1.9874
6.45089,-1.9852
6.46089,-1.9868
6.47089,-1.9928
6.48089,-1.9961
6.49089,-2.003
6.50089,-2.0028
6.51089,-1.9969
6.52088,-1.9957
6.53086,-1.9887
6.54085,-1.9925
6.55084,-1.9753
6.56083,-1.9813
6.57082,-1.9825
6.58081,-2.0016
6.5908,-1.9998
6.60079,-1.9974
6.61078,-1.987
6.62077,-2.0012
6.6308,-1.9894
6.64086,-1.9838
6.65093,-1.9837
6.661,-1.9804
6.67106,-1.9966
6.68113,-2.0063
6.6912,-1.9969
6.70126,-1.9949
6.71133,-2.0005
6.7214,-2.0011
6.73147,-1.9957
6.74153,-1.9825
6.7516,-1.9844
6.76154,-1.9926
6.77147,-2.0015
6.7814,-2.0013
6.79134,-1.9984
6.80127,-1.9908
6.8112,-1.9984
6.82114,-1.9883
6.83107,-1.9801
6.841,-1.9833
6.85094,-1.9815
6.86087,-1.9957
6.8708,-2.0041
6.88079,-1.9952
6.89081,-1.9953
6.90084,-2.0013
6.91086,-1.9953
6.92089,-1.9866
6.93092,-1.9828
6.94094,-1.9905
6.95097,-1.9926
6.96099,-1.9971
6.97102,-1.9897
6.98105,-1.984
6.99107,-1.9914
7.0011,-2.0034
7.01118,-1.9921
7.02126,-1.9888
7.03134,-1.9882
7.04142,-1.9946
7.0515,-1.9982
7.06157,-1.9888
7.07165,-1.989
7.08173,-1.9995
7.09181,-1.9941
7.10189,-1.9897
7.11197,-1.9857
7.12205,-1.9863
7.13208,-1.9909
7.14207,-1.9988
7.15206,-2.0013
7.16204,-1.9904
7.17203,-1.9847
7.18201,-1.9814
7.192,-1.9904
7.20198,-1.9908
7.21197,-1.9844
7.22196,-1.9925
7.23194,-1.9852
7.24193,-1.9891
7.25191,-2.0012
7.26192,-1.9902
7.27192,-1.9876
7.28192,-1.9929
7.29192,-1.9952
7.30193,-1.9818
7.31193,-1.9797
7.32193,-1.9859
7.33193,-2.0061
7.34193,-1.9965
7.35194,-1.9912
7.36194,-1.9814
7.37194,-1.9871
7.38193,-1.9946
7.39189,-1.9866
7.40186,-1.9828
7.41182,-1.9992
7.42179,-1.9973
7.43175,-2.0003
7.44172,-1.9936
7.45168,-1.9803
7.46165,-1.9938
7.47161,-1.9908
7.48157,-1.9938
7.49154,-1.9884
7.5015,-1.9932
7.51154,-2.0012
7.52157,-1.9916
7.5316,-1.9882
7.54163,-1.9892
7.55166,-1.9909
7.56169,-1.9967
7.57172,-1.9896
7.58175,-1.9874
7.59179,-1.9854
7.60182,-1.9927
7.61185,-1.9928
7.62188,-1.9949
7.63189,-1.9908
7.64187,-1.9876
7.65186,-1.9999
7.66184,-2.0092
7.67182,-1.9885
7.68181,-1.9801
7.69179,-1.9915
7.70177,-2.0018
7.71176,-2.0001
7.72174,-1.9864
7.73172,-1.9888
7.74171,-2.0046
7.75169,-1.9997
7.76167,-1.9887
7.77165,-1.9876
7.78162,-1.9896
7.7916,-1.9944
7.80158,-2.0004
7.81155,-2.0029
7.82153,-1.9904
7.83151,-1.9964
7.84149,-2.002
7.85146,-1.9903
7.86144,-1.9896
7.87142,-1.9933
7.88142,-1.9967
7.89145,-1.9971
7.90147,-1.9909
7.9115,-1.9856
7.92153,-1.9987
7.93155,-1.9938
7.94158,-1.9939
7.9516,-1.9787
7.96163,-1.9842
7.97166,-1.9993
7.98168,-1.9942
7.99171,-1.9927
8.00174,-1.9905
8.01174,-1.9875
8.02174,-1.9975
8.03173,-1.9998
8.04173,-1.9903
8.05173,-1.9863
8.06173,-1.9929
8.07173,-1.9929
8.08173,-1.9973
8.09172,-1.9861
8.10172,-1.9821
8.11172,-1.9921
8.12172,-1.9892
8.13176,-1.9794
8.14185,-1.9767
8.15194,-1.9801
8.16202,-1.9857
8.17211,-1.9942
8.18219,-1.9897
8.19228,-1.9807
8.20237,-1.9818
8.21245,-1.9975
8.22254,-1.9855
8.23262,-1.9875
8.24271,-1.9901
8.25279,-1.9972
8.26283,-1.9891
8.27287,-1.9887
8.28291,-1.9804
8.29294,-1.9795
8.30298,-1.9916
8.31301,-1.9918
8.32305,-1.9855
8.33309,-1.9807
8.34312,-1.9891
8.35316,-1.9931
8.36319,-1.9896
8.37323,-1.9803
8.38321,-1.9824
8.39313,-1.9863
8.40305,-1.9897
8.41297,-1.9726
8.42289,-1.9811
8.43281,-1.9909
8.44273,-1.9886
8.45265,-1.9906
8.46257,-1.9866
8.47249,-1.9758
8.48241,-1.9848
8.49233,-1.9967
8.50225,-1.9924
8.51225,-1.9833
8.52225,-1.9839
8.53225,-1.9916
8.54224,-1.993
8.55224,-1.982
8.56224,-1.9879
8.57224,-1.9899
8.58224,-1.9899
8.59224,-1.9903
8.60223,-1.9881
8.61223,-1.9956
8.62223,-1.9936
8.63225,-2.0053
8.64227,-1.9862
8.6523,-1.9859
8.66233,-1.9765
8.67235,-1.9882
8.68238,-1.9962
8.69241,-1.9852
8.70243,-1.9843
8.71246,-1.9817
8.72249,-1.997
8.73251,-1.9836
8.74254,-1.9795
8.75256,-1.9832
8.76264,-1.9889
8.77269,-1.9909
8.78274,-1.9884
8.79279,-1.9862
8.80285,-1.9844
8.8129,-1.999
8.82295,-1.984
8.83301,-1.9803
8.84306,-1.9815
8.85311,-1.988
8.86317,-1.9882
8.87322,-2.0002
8.88322,-1.9783
8.89316,-1.9851
8.9031,-1.9963
8.91304,-1.9946
8.92298,-1.9818
8.93292,-1.983
8.94286,-1.9847
8.9528,-1.9924
8.96274,-1.992
8.97268,-1.9867
8.98262,-1.9866
8.99256,-1.991
9.0025,-2.0008
9.0125,-1.9925
9.02251,-1.9833
9.03252,-1.9733
9.04252,-1.9876
9.05253,-1.994
9.06253,-1.9771
9.07254,-1.9811
9.08254,-1.9818
9.09255,-1.9994
9.10256,-1.9877
9.11256,-1.986
9.12257,-1.9859
9.13257,-1.9846
9.14257,-1.9887
9.15256,-1.9812
9.16256,-1.9712
9.17256,-1.9894
9.18255,-1.9824
9.19255,-1.985
9.20255,-1.9853
9.21254,-1.9857
9.22254,-1.9891
9.23254,-1.997
9.24254,-1.9957
9.25253,-1.9912
9.26258,-1.9745
9.27262,-1.9879
9.28266,-1.9869
9.2927,-1.9715
9.30275,-1.971
9.31279,-1.9752
9.32283,-1.9771
9.33287,-1.9829
9.34292,-1.9823
9.35296,-1.974
9.363,-1.9817
9.37305,-1.989
9.38307,-1.9812
9.39305,-1.9705
9.40304,-1.9762
9.41302,-1.9887
9.423,-1.9848
9.43299,-1.9846
9.44297,-1.9788
9.45296,-1.9849
9.46294,-1.9903
9.47293,-1.9922
9.48291,-1.9813
9.4929,-1.9767
9.50288,-1.9851
9.51291,-1.9943
9.52294,-1.9836
9.53297,-1.9816
9.54299,-1.9822
9.55302,-1.9899
9.56305,-1.988
9.57307,-1.9801
9.5831,-1.971
9.59313,-1.9768
9.60316,-1.9989
9.61319,-1.9878
9.62321,-1.9853
9.63325,-1.9846
9.64325,-1.9798
9.65325,-1.9828
9.66325,-1.9762
9.67326,-1.9702
9.68326,-1.9667
9.69326,-1.9822
9.70326,-1.99
9.71327,-1.9872
9.72327,-1.9808
9.73327,-1.9794
9.74328,-1.9865
9.75328,-1.9948
9.76329,-1.9776
9.7733,-1.976
9.78331,-1.9871
9.79332,-1.9871
9.80333,-1.9811
9.81334,-1.9775
9.82335,-1.9863
9.83336,-1.9903
9.84337,-1.9901
9.85338,-1.9797
9.86339,-1.9702
9.8734,-1.9697
9.88339,-1.9824
9.89336,-1.9965
9.90333,-1.9759
9.9133,-1.9702
9.92327,-1.9758
9.93323,-1.9922
9.9432,-1.9803
9.95317,-1.9764
9.96314,-1.9735
9.97311,-1.9788
9.98307,-1.9778
9.99304,-1.9776
10.00301,-1.9732
10.01303,-1.9773
10.02304,-1.9908
10.03305,-1.9773
10.04306,-1.9669
10.05307,-1.9723
10.06309,-1.9764
10.0731,-1.9791
10.08311,-1.9853
10.09312,-1.9714
10.10314,-1.9746
10.11315,-1.9858
10.12316,-1.9892
10.13317,-1.9681
10.14317,-1.9647
10.15316,-1.9718
10.16316,-1.9816
10.17316,-1.9811
10.18315,-1.9823
10.19315,-1.9764
10.20314,-1.9901
10.21314,-1.9863
10.22313,-1.9738
10.23313,-1.9633
10.24313,-1.9617
10.25312,-1.9751
10.26313,-1.976
10.27313,-1.9779
10.28312,-1.9703
10.29312,-1.9777
10.30311,-1.9974
10.31311,-1.9941
10.3231,-1.9748
10.3331,-1.9683
10.34309,-1.9696
10.35309,-1.9761
10.36308,-1.9687
10.37308,-1.9726
10.38308,-1.9748
10.39308,-1.9805
10.40309,-1.9813
10.41309,-1.9733
10.42309,-1.97
10.4331,-1.9713
10.4431,-1.9718
10.4531,-1.9692
10.46311,-1.9723
10.47311,-1.9694
10.48311,-1.9719
10.49311,-1.9795
10.50312,-1.9695
10.51319,-1.9552
10.52326,-1.9566
10.53333,-1.9673
10.54339,-1.9721
10.55346,-1.9559
10.56353,-1.95
10.5736,-1.9507
10.58367,-1.9605
10.59374,-1.9495
10.6038,-1.9426
10.61387,-1.9513
10.62394,-1.9772
10.63398,-1.9844
10.64398,-1.9849
10.65397,-1.9869
10.66397,-1.9556
10.67397,-1.9244
10.68397,-1.9096
10.69397,-1.8961
10.70396,-1.8877
10.71396,-1.9121
10.72396,-1.9219
10.73396,-1.9272
10.74396,-1.9285
10.75395,-1.9067
10.76395,-1.9021
10.77394,-1.896
10.78394,-1.883
10.79393,-1.8694
10.80393,-1.867
10.81392,-1.8497
10.82391,-1.846
10.83391,-1.849
10.8439,-1.8548
10.8539,-1.8781
10.86389,-1.8747
10.87388,-1.8827
10.88388,-1.8953
10.89388,-1.8997
10.90387,-1.8962
10.91387,-1.9039
10.92387,-1.9024
10.93386,-1.8992
10.94386,-1.8817
10.95386,-1.8796
10.96385,-1.8668
10.97385,-1.8476
10.98384,-1.8278
10.99384,-1.8242
11.00384,-1.8183
11.01384,-1.8241
11.02384,-1.8396
11.03384,-1.8373
11.04384,-1.8533
11.05384,-1.8631
11.06384,-1.8603
11.07384,-1.8503
11.08384,-1.8403
11.09383,-1.8341
11.10383,-1.8242
11.11383,-1.8058
11.12383,-1.8092
11.13382,-1.8307
11.1438,-1.8645
11.15378,-1.9022
11.16376,-1.915
11.17374,-1.8969
11.18372,-1.8691
11.1937,-1.8619
11.20368,-1.8601
11.21366,-1.8644
11.22364,-1.8571
11.23361,-1.8535
11.24359,-1.8767
11.25357,-1.8734
11.26359,-1.8784
11.27361,-1.8819
11.28362,-1.8844
11.29364,-1.9156
11.30365,-1.9299
11.31367,-1.9398
11.32369,-1.9189
11.3337,-1.897
11.34372,-1.8908
11.35373,-1.8866
11.36375,-1.9121
11.37376,-1.9283
11.38376,-1.9122
11.39373,-1.9154
11.4037,-1.9107
11.41367,-1.9188
11.42364,-1.9323
11.43361,-1.9369
11.44357,-1.9366
11.45354,-1.9165
11.46351,-1.8942
11.47348,-1.879
11.48345,-1.8741
11.49342,-1.883
11.50339,-1.89
11.51344,-1.8873
11.52347,-1.9019
11.5335,-1.8985
11.54354,-1.9095
11.55357,-1.8897
11.5636,-1.8571
11.57363,-1.8595
11.58366,-1.8729
11.59369,-1.8781
11.60372,-1.9013
11.61375,-1.9274
11.62379,-1.9182
11.63384,-1.897
11.64391,-1.8813
11.65398,-1.8625
11.66405,-1.8667
11.67411,-1.867
11.68418,-1.8888
11.69425,-1.8861
11.70432,-1.8509
11.71439,-1.8373
11.72446,-1.8609
11.73453,-1.8967
11.7446,-1.9108
11.75466,-1.9134
11.76464,-1.9139
11.77461,-1.9154
11.78458,-1.8957
11.79455,-1.8678
11.80453,-1.862
11.8145,-1.8855
11.82447,-1.8946
11.83444,-1.8954
11.84441,-1.9101
11.85439,-1.9262
11.86436,-1.9273
11.87433,-1.9392
11.88433,-1.9153
11.89435,-1.8808
11.90437,-1.8631
11.91439,-1.8738
11.92441,-1.8986
11.93443,-1.9305
11.94446,-1.9513
11.95448,-1.9378
11.9645,-1.9027
11.97452,-1.8926
11.98454,-1.9227
11.99456,-1.9285
12.00458,-1.9432
12.01456,-1.9144
12.02453,-1.8984
12.0345,-1.8749
12.04448,-1.8663
12.05445,-1.8394
12.06442,-1.8365
12.0744,-1.8403
12.08437,-1.8505
12.09434,-1.8446
12.10431,-1.8374
12.11429,-1.8414
12.12426,-1.7882
12.13431,-1.7763
12.14441,-1.7886
12.1545,-1.791
12.1646,-1.7936
12.17469,-1.8036
12.18479,-1.7862
12.19488,-1.7679
12.20498,-1.7757
12.21507,-1.8109
12.22517,-1.8902
12.23526,-1.9222
12.24536,-1.8951
12.25545,-1.8593
12.26535,-1.8042
12.27524,-1.8027
12.28513,-1.8105
12.29502,-1.8239
12.30491,-1.7868
12.31481,-1.7649
12.3247,-1.7766
12.33459,-1.8029
12.34448,-1.8023
12.35437,-1.8286
12.36426,-1.8722
12.37415,-1.8937
12.3841,-1.8936
12.3941,-1.8658
12.4041,-1.8239
12.4141,-1.7837
12.4241,-1.759
12.4341,-1.7815
12.4441,-1.8111
12.4541,-1.8424
12.4641,-1.8433
12.4741,-1.8341
12.4841,-1.7969
12.4941,-1.7859
12.5041,-1.8278
12.51414,-1.8643
12.52416,-1.8862
12.53417,-1.8894
12.54419,-1.8858
12.55421,-1.8572
12.56423,-1.8311
12.57425,-1.7911
12.58427,-1.7656
12.59429,-1.7478
12.60431,-1.7592
12.61433,-1.799
12.62434,-1.8407
12.63435,-1.8751
12.64435,-1.8866
12.65435,-1.8964
12.66435,-1.8991
12.67434,-1.9143
12.68434,-1.9154
12.69434,-1.9309
12.70434,-1.9339
12.71433,-1.9398
12.72433,-1.9539
12.73433,-1.9636
12.74433,-1.9524
12.75432,-1.9229
12.7644,-1.8964
12.77448,-1.8771
12.78455,-1.8348
12.79463,-1.7883
12.8047,-1.7493
12.81478,-1.7418
12.82485,-1.7389
12.83493,-1.7177
12.845,-1.6778
12.85508,-1.6266
12.86515,-1.5928
12.87523,-1.5577
12.88527,-1.6421
12.89527,-1.7563
12.90527,-1.7712
12.91528,-1.7939
12.92528,-1.7197
12.93528,-1.6888
12.94528,-1.7158
12.95529,-1.7136
12.96529,-1.719
12.97529,-1.711
12.98529,-1.6884
12.9953,-1.5855
13.0053,-1.463
13.01526,-1.3152
13.02523,-1.1505
13.03519,-1.1369
13.04515,-1.4396
13.05512,-1.6168
13.06508,-1.6961
13.07504,-1.7515
13.085,-1.7862
13.09497,-1.8281
13.10493,-1.8736
13.11489,-1.8961
13.12486,-1.8937
13.13486,-1.9236
13.14489,-1.9683
13.15492,-2.0313
13.16495,-2.0934
13.17498,-2.1324
13.18502,-2.1449
13.19505,-2.1551
13.20508,-2.1702
13.21511,-2.1782
13.22514,-2.1881
13.23517,-2.1626
13.2452,-2.1471
13.25524,-2.1123
13.26523,-2.0916
13.27523,-2.0465
13.28522,-2.0035
13.29522,-1.9761
13.30522,-1.9648
13.31521,-1.9659
13.32521,-1.9494
13.3352,-1.9179
13.3452,-1.8977
13.35519,-1.8999
13.36519,-1.9017
13.37519,-1.8898
13.38519,-1.8541
13.39519,-1.8353
13.40519,-1.8036
13.41519,-1.7756
13.42519,-1.7578
13.43519,-1.7422
13.44519,-1.7301
13.45519,-1.7523
13.46519,-1.7534
13.47519,-1.7118
13.48519,-1.6493
13.49519,-1.5712
13.50519,-1.475
13.51519,-1.3437
13.52519,-1.0602
13.53518,-0.7215
13.54518,-0.4211
13.55517,-0.1142
13.56517,0.0946
13.57517,0.1867
13.58516,0.1721
13.59516,0.1456
13.60515,0.1449
13.61515,0.1934
13.62515,0.3054
13.63514,0.4553
13.64511,0.6026
13.65507,0.7168
13.66504,0.7758
13.67501,0.8697
13.68498,0.9916
13.69494,1.1435
13.70491,1.314
13.71488,1.3197
13.72485,-0.2344
13.73482,-0.4776
13.74478,0.0008
13.75475,0.3022
13.76475,0.9271
13.77473,1.6084
13.78472,2.011
13.79471,2.0846
13.8047,1.9263
13.81468,1.6799
13.82467,1.3915
13.83466,1.0409
13.84464,0.636
13.85463,0.1483
13.86462,-0.2832
13.87461,-0.635
13.88466,-0.9228
13.89477,-1.1786
13.90488,-1.3638
13.915,-1.5036
13.92511,-1.5807
13.93522,-1.6273
13.94533,-1.6696
13.95545,-1.7131
13.96556,-1.7249
13.97567,-1.7223
13.98578,-1.7541
13.9959,-1.8119
14.00601,-1.8134
14.01601,-1.8122
14.026,-1.8384
14.036,-1.8555
14.046,-1.9042
14.05599,-1.9254
14.06599,-1.9352
14.07599,-1.8782
14.08598,-1.7622
14.09598,-1.7162
14.10598,-1.6931
14.11597,-1.6866
14.12597,-1.6674
14.13598,-1.6051
14.146,-1.599
14.15602,-1.5937
14.16604,-1.6548
14.17605,-1.7049
14.18607,-1.7139
14.19609,-1.7023
14.20611,-1.6641
14.21613,-1.6343
14.22615,-1.6451
14.23617,-1.6726
14.24619,-1.6994
14.25621,-1.7264
14.2662,-1.7579
14.27617,-1.7823
14.28614,-1.7977
14.29611,-1.8183
14.30608,-1.8463
14.31605,-1.8482
14.32602,-1.8305
14.33599,-1.8029
14.34596,-1.7848
14.35593,-1.7589
14.3659,-1.7374
14.37587,-1.7012
14.38585,-1.6848
14.39581,-1.7208
14.40578,-1.7148
14.41575,-1.6898
14.42572,-1.6967
14.43569,-1.5781
14.44566,-1.3602
14.45562,-0.993
14.46559,-0.5805
14.47556,-0.3366
14.48553,-0.2594
14.4955,-0.304
14.50547,-0.4122
14.51545,-0.4571
14.52544,-0.4083
14.53542,-0.3266
14.5454,-0.254
14.55539,-0.2407
14.56537,-0.2318
14.57535,-0.2059
14.58533,-0.1876
14.59532,-0.1615
14.6053,-0.1155
14.61528,-0.0547
14.62527,0.0376
14.63528,0.164
14.64532,0.3238
14.65536,0.4796
14.66541,0.6065
14.67545,0.7721
14.68549,0.9844
14.69553,1.1776
14.70557,1.3117
14.71562,1.3957
14.72566,1.4049
14.7357,1.4422
14.74574,1.5555
14.75578,1.7132
14.76586,1.8751
14.77592,2.09
14.78599,2.2463
14.79606,2.3413
14.80613,2.3359
14.8162,2.2795
14.82627,2.219
14.83633,2.1604
14.8464,2.1021
14.85647,1.9402
14.86654,1.6651
14.87661,1.2666
14.8866,0.8405
14.89651,0.3906
14.90642,-0.0304
14.91632,-0.4034
14.92623,-0.6826
14.93614,-0.8834
14.94605,-0.9997
14.95596,-1.0753
14.96587,-1.1484
14.97577,-1.2368
14.98568,-1.3419
14.99559,-1.4164
15.0055,-1.4544
15.0156,-1.4692
15.02569,-1.4758
15.03579,-1.4735
15.04589,-1.4475
15.05599,-1.3936
15.06608,-1.3988
15.07618,-1.4058
15.08628,-1.4259
15.09638,-1.4435
15.10647,-1.4713
15.11657,-1.492
15.12667,-1.5012
15.13672,-1.5006
15.14671,-1.4671
15.1567,-1.4814
15.16669,-1.5006
15.17669,-1.5156
15.18668,-1.5295
15.19667,-1.5459
15.20666,-1.5616
15.21666,-1.5725
15.22665,-1.5559
15.23664,-1.5494
15.24663,-1.5196
15.25663,-1.46
15.26669,-1.3714
15.27675,-1.3405
15.28682,-1.2959
15.29688,-1.2176
15.30694,-1.0884
15.317,-0.9255
15.32707,-0.7501
15.33713,-0.6084
15.34719,-0.4919
15.35725,-0.3885
15.36732,-0.2833
15.37738,-0.2219
15.38738,-0.1456
15.39731,0.0118
15.40724,0.2366
15.41717,0.4312
15.42709,0.5996
15.43702,0.7497
15.44695,0.8458
15.45688,0.9122
15.46681,1.0328
15.47674,1.1049
15.48667,0.8208
15.4966,-0.1538
15.50653,-0.4209
15.51651,-0.4399
15.5265,0.5392
15.53649,1.6814
15.54648,2.4307
15.55647,2.7965
15.56646,2.9847
15.57644,2.8318
15.58643,2.5244
15.59642,2.1798
15.60641,1.8354
15.6164,1.481
15.62638,1.1745
15.6364,0.9313
15.64641,0.7574
15.65641,0.6134
15.66642,0.5015
15.67643,0.4024
15.68643,0.2934
15.69644,0.1803
15.70645,0.0624
15.71646,-0.145
15.72646,-0.4518
15.73647,-0.6921
15.74648,-0.8899
15.75648,-1.0536
15.76646,-1.2611
15.77644,-1.4574
15.78641,-1.594
15.79638,-1.6798
15.80636,-1.7343
15.81633,-1.7772
15.8263,-1.819
15.83628,-1.824
15.84625,-1.8306
15.85623,-1.853
15.8662,-1.9071
15.87617,-1.8847
15.88616,-1.8998
15.89616,-1.8862
15.90617,-1.8814
15.91617,-1.8402
15.92617,-1.7807
15.93617,-1.7126
15.94617,-1.6861
15.95618,-1.6732
15.96618,-1.6646
15.97618,-1.6522
15.98618,-1.6313
15.99618,-1.5937
16.00619,-1.5193
16.0162,-1.439
16.02621,-1.2995
16.03623,-1.1365
16.04624,-1.0255
16.05625,-0.7128
16.06626,-0.03
16.07628,0.6029
16.08629,1.0414
16.0963,1.3698
16.10631,1.5156
16.11633,1.5237
16.12634,1.4154
16.13638,1.3514
16.14646,1.2811
16.15653,0.9775
16.16661,1.328
16.17668,1.5382
16.18676,1.6227
16.19683,1.7203
16.20691,1.7789
16.21698,1.7818
16.22706,1.8728
16.23713,2.0411
16.24721,2.1512
16.25728,2.2392
16.26736,2.221
16.27743,2.1995
16.28751,2.1841
16.29758,2.1532
16.30766,2.1195
16.31773,2.1071
16.3278,2.1316
16.33788,2.1643
16.34795,2.1627
16.35803,2.1405
16.3681,2.0707
16.37817,1.9757
16.3882,1.8395
16.39817,1.5971
16.40814,1.3096
16.41811,0.9368
16.42808,0.5221
16.43805,0.1046
16.44802,-0.2615
16.45799,-0.5696
16.46796,-0.8036
16.47793,-0.9933
16.4879,-1.1216
16.49787,-1.2392
16.50784,-1.3439
16.51779,-1.4522
16.52774,-1.525
16.53769,-1.5789
16.54763,-1.5935
16.55758,-1.6046
16.56753,-1.5933
16.57748,-1.5801
16.58743,-1.5742
16.59738,-1.5941
16.60733,-1.6209
16.61728,-1.6374
16.62723,-1.6602
16.6372,-1.6974
16.64719,-1.696
16.65719,-1.7025
16.66718,-1.6793
16.67717,-1.6817
16.68716,-1.6909
16.69715,-1.7184
16.70715,-1.7483
16.71714,-1.7602
16.72713,-1.7961
16.73712,-1.8048
16.74712,-1.8007
16.75711,-1.7742
16.76711,-1.7591
16.77712,-1.7478
16.78712,-1.7499
16.79713,-1.7865
16.80713,-1.7829
16.81714,-1.7864
16.82714,-1.7518
16.83715,-1.7129
16.84715,-1.6652
16.85715,-1.5958
16.86716,-1.5138
16.87716,-1.4332
16.8872,-1.2765
16.89725,-0.9656
16.9073,-0.4596
16.91735,0.2926
16.9274,0.0733
16.93746,-0.331
16.94751,-0.1468
16.95756,0.5344
16.96761,1.0504
16.97766,1.2455
16.98772,1.4077
16.99777,1.5395
17.00782,1.6357
17.01778,1.657
17.02775,1.5265
17.03771,1.4467
17.04767,1.3217
17.05763,1.2024
17.06759,1.1253
17.07756,1.0241
17.08752,0.9161
17.09748,0.7681
17.10744,0.552
17.1174,0.2995
17.12737,0.0019
17.13738,-0.3177
17.14743,-0.6334
17.15748,-0.9386
17.16753,-1.2086
17.17758,-1.4154
17.18764,-1.5522
17.19769,-1.6516
17.20774,-1.7607
17.21779,-1.8713
17.22784,-1.9785
17.23789,-2.0672
17.24795,-2.101
17.258,-2.0904
17.26797,-2.0778
17.27794,-2.045
17.2879,-2.0352
17.29787,-2.0467
17.30784,-2.0568
17.31781,-2.0567
17.32778,-2.0659
17.33775,-2.0825
17.34771,-2.0507
17.35768,-2.0414
17.36765,-2.0345
17.37762,-2.0258
17.3876,-2.0347
17.3976,-2.0597
17.4076,-2.068
17.41759,-2.0593
17.42759,-2.0312
17.43758,-1.9732
17.44758,-1.9119
17.45757,-1.8492
17.46757,-1.7865
17.47757,-1.7115
17.48756,-1.606
17.49756,-1.4518
17.50755,-1.2974
17.51755,-0.8639
17.52755,-0.413
17.53754,-0.068
17.54753,0.3905
17.55753,0.3042
17.56752,0.3283
17.57751,0.7433
17.58751,1.1365
17.5975,1.3421
17.6075,1.5462
17.61749,1.7283
17.62748,1.8369
17.6375,1.867
17.64752,1.8258
17.65755,1.7346
17.66757,1.5829
17.6776,1.3847
17.68762,1.1894
17.69765,0.9456
17.70767,0.6124
17.7177,0.2246
17.72772,-0.1973
17.73775,-0.5831
17.74777,-0.9051
17.7578,-1.1691
17.76779,-1.3376
17.77776,-1.4558
17.78773,-1.5422
17.79771,-1.6216
17.80768,-1.6984
17.81766,-1.7902
17.82763,-1.8674
17.8376,-1.9236
17.84758,-1.9627
17.85755,-1.9649
17.86752,-1.938
17.8775,-1.9277
17.8875,-1.9367
17.8975,-1.974
17.90749,-2.0193
17.91749,-2.0534
17.92749,-2.0965
17.93748,-2.1203
17.94748,-2.1179
17.95748,-2.0912
17.96747,-2.0347
17.97747,-1.9815
17.98747,-1.934
17.99747,-1.9079
18.00746,-1.8334
18.01754,-1.7005
18.0276,-1.5446
18.03767,-1.1722
18.04773,-1.058
18.05779,-0.3924
18.06786,0.7507
18.07792,0.8701
18.08798,1.2374
18.09804,1.7586
18.10811,1.8395
18.11817,1.7742
18.12823,1.5531
18.13826,1.2154
18.14826,0.9154
18.15825,0.6399
18.16825,0.4006
18.17824,0.1743
18.18824,0.0818
18.19823,-0.0083
18.20823,-0.1361
18.21822,-0.2709
18.22821,-0.4121
18.23821,-0.5795
18.2482,-0.7319
18.2582,-0.8765
18.26816,-1.034
18.27812,-1.199
18.28807,-1.352
18.29803,-1.4754
18.30799,-1.5503
18.31795,-1.5848
18.3279,-1.617
18.33786,-1.665
18.34782,-1.6986
18.35778,-1.6968
18.36773,-1.6423
18.37769,-1.6313
18.38771,-1.5849
18.39779,-1.57
18.40787,-1.5683
18.41795,-1.5805
18.42803,-1.6222
18.43811,-1.6815
18.44819,-1.7124
18.45827,-1.7493
18.46835,-1.7923
18.47843,-1.8271
18.4885,-1.8465
18.49858,-1.8236
18.50866,-1.7746
18.51863,-1.7187
18.52859,-1.6907
18.53855,-1.6553
18.54852,-1.5833
18.55848,-1.4579
18.56844,-1.2962
18.5784,-1.0321
18.58837,-0.6974
18.59833,-0.5655
18.60829,-0.3391
18.61825,-0.1555
18.62821,0.1801
18.6382,1.3707
18.6482,2.001
18.65819,2.1642
18.66819,2.1731
18.67819,2.022
18.68819,1.8275
18.69819,1.524
18.70819,1.1493
18.71818,0.7652
18.72818,0.437
18.73818,0.1825
18.74818,-0.0031
18.75818,-0.1497
18.76818,-0.2995
18.77817,-0.4273
18.78817,-0.5924
18.79817,-0.807
18.80816,-0.9867
18.81816,-1.1344
18.82816,-1.262
18.83815,-1.3754
18.84815,-1.4677
18.85814,-1.5665
18.86814,-1.627
18.87814,-1.695
18.88815,-1.7995
18.89818,-1.8012
18.9082,-1.7997
18.91823,-1.7833
18.92825,-1.7279
18.93827,-1.6881
18.9483,-1.6896
18.95832,-1.6861
18.96835,-1.6906
18.97837,-1.7348
18.9884,-1.7913
18.99842,-1.8094
19.00845,-1.8403
19.01844,-1.8614
19.02841,-1.8619
19.03839,-1.8451
19.04837,-1.8007
19.05834,-1.7523
19.06832,-1.71
19.07829,-1.6731
19.08827,-1.6495
19.09825,-1.5926
19.10822,-1.4451
19.1182,-1.2409
19.12818,-1.1787
19.13818,-0.9098
19.1482,-0.5586
19.15822,-0.1242
19.16824,0.4254
19.17826,0.3913
19.18828,0.2122
19.19831,0.8437
19.20833,1.0886
19.21835,1.4061
19.22837,1.482
19.23839,1.4953
19.24841,1.4005
19.25843,1.2184
19.26841,1.0342
19.27839,0.888
19.28837,0.7615
19.29834,0.6235
19.30832,0.4566
19.3183,0.3165
19.32827,0.2657
19.33825,0.1593
19.34822,-0.045
19.3582,-0.2818
19.36818,-0.5308
19.37815,-0.7865
19.38814,-1.0005
19.39815,-1.1967
19.40815,-1.3638
19.41815,-1.5168
19.42815,-1.6357
19.43815,-1.7294
19.44815,-1.8005
19.45815,-1.8881
19.46815,-1.9563
19.47816,-2.0239
19.48816,-1.9859
19.49816,-1.87
19.50816,-1.8302
19.51825,-1.8236
19.52834,-1.8216
19.53843,-1.8397
19.54852,-1.8264
19.55861,-1.8526
19.5687,-1.8544
19.5788,-1.8492
19.58889,-1.8166
19.59898,-1.7749
19.60907,-1.7029
19.61916,-1.6468
19.62925,-1.6399
19.63931,-1.6269
19.64935,-1.6044
19.65938,-1.5768
19.66942,-1.5363
19.67945,-1.4583
19.68949,-1.3542
19.69953,-1.1531
19.70956,-0.9626
19.71959,-0.6309
19.72963,-0.2331
19.73967,0.2471
19.7497,1.002
19.75974,1.4329
19.76967,1.5316
19.7796,1.6441
19.78953,1.6822
19.79946,1.6535
19.80939,1.6057
19.81932,1.5817
19.82925,1.5893
19.83918,1.6104
19.84911,1.6187
19.85904,1.6533
19.86897,1.7035
19.8789,1.8215
19.88888,1.9285
19.8989,2.0253
19.90892,2.1224
19.91894,2.2113
19.92896,2.3057
19.93898,2.3654
19.949,2.3936
19.95902,2.373
19.96905,2.3011
19.97907,2.2238
19.98909,2.1081
19.99911,1.9616
20.00913,1.8426
20.01913,1.8182
20.02914,1.727
20.03914,1.6113
20.04914,1.3987
20.05914,1.1141
20.06914,0.7595
20.07914,0.3238
20.08914,-0.1397
20.09915,-0.571
20.10915,-0.8993
20.11915,-1.1561
20.12915,-1.3506
20.13915,-1.5065
20.14914,-1.6234
20.15914,-1.7158
20.16913,-1.7812
20.17913,-1.8166
20.18912,-1.8237
20.19912,-1.8162
20.20911,-1.8092
20.21911,-1.7903
20.2291,-1.8001
20.2391,-1.8117
20.24909,-1.8158
20.25909,-1.8286
20.26909,-1.8425
20.27909,-1.865
20.28908,-1.8633
20.29908,-1.845
20.30907,-1.8299
20.31907,-1.8001
20.32907,-1.7479
20.33907,-1.645
20.34906,-1.3869
20.35906,-1.1308
20.36906,-0.819
20.37905,0.2325
20.38905,1.8388
20.39904,2.7215
20.40903,2.9889
20.41903,2.5488
20.42902,1.5206
20.43901,0.9886
20.449,0.9426
20.459,0.9917
20.46899,1.0878
20.47898,1.1218
20.48897,1.0628
20.49896,1.0022
20.50896,0.9315
20.51896,0.917
20.52896,0.8786
20.53895,0.6465
20.54895,0.3311
20.55895,-0.0008
20.56894,-0.3191
20.57894,-0.6008
20.58894,-0.8517
20.59894,-1.0694
20.60893,-1.2445
20.61893,-1.3978
20.62893,-1.557
20.63893,-1.7093
20.64892,-1.8206
20.65892,-1.8757
20.66892,-1.9033
20.67892,-1.9654
20.68891,-2.0346
20.69891,-2.0873
20.70891,-2.1336
20.7189,-2.1163
20.7289,-2.0863
20.7389,-2.1137
20.7489,-2.0856
20.75889,-2.0653
20.76894,-2.0301
20.77898,-1.9954
20.78903,-1.9984
20.79908,-2.0143
20.80912,-2.0225
20.81917,-2.0229
20.82921,-1.9952
20.83926,-1.9665
20.84931,-1.933
20.85935,-1.8763
20.8694,-1.7877
20.87944,-1.6356
20.88949,-1.3695
20.89952,-1.1661
20.90955,-0.9077
20.91958,-0.8172
20.92961,-0.9229
20.93964,0.2127
20.94967,0.961
20.9597,1.6311
20.96973,2.3077
20.97976,1.4406
20.98979,0.8484
20.99982,1.6841
21.00985,1.5244
21.01985,1.4965
21.02984,1.2561
21.03984,0.8946
21.04984,0.5397
21.05983,0.1859
21.06983,-0.038
21.07983,-0.262
21.08982,-0.5762
21.09982,-0.8562
21.10982,-1.1165
21.11981,-1.317
21.12981,-1.4959
21.13981,-1.6261
21.14981,-1.7136
21.1598,-1.7487
21.1698,-1.7979
21.17979,-1.855
21.18979,-1.9111
21.19978,-1.9313
21.20978,-1.95
21.21977,-2.0059
21.22977,-2.0569
21.23977,-2.0699
21.24976,-2.0936
21.25976,-2.1167
21.26975,-2.093
21.27975,-2.1022
21.28974,-2.1059
21.29974,-2.1303
21.30973,-2.1513
21.31973,-2.1367
21.32973,-2.0904
21.33972,-2.0394
21.34972,-1.9957
21.35971,-1.9618
21.36971,-1.9541
21.3797,-1.9619
21.38969,-1.9866
21.39965,-2.0245
21.40961,-2.0385
21.41958,-2.0054
21.42954,-1.9381
21.43951,-1.8614
21.44947,-1.7773
21.45943,-1.6794
21.4694,-1.5493
21.47936,-1.4684
21.48933,-1.4033
21.49929,-1.3862
21.50925,-1.3386
21.51929,-0.9863
21.52932,-0.2797
21.53935,0.3614
21.54938,0.8835
21.5594,1.3601
21.56944,1.6403
21.57946,1.6675
21.58949,1.5376
21.59952,1.3654
21.60955,1.4313
21.61958,1.7052
21.62961,1.994
21.63962,2.2426
21.64962,2.4385
21.65961,2.5736
21.6696,2.6661
21.67959,2.6786
21.68959,2.6636
21.69958,2.6638
21.70957,2.6552
21.71957,2.6531
21.72956,2.623
21.73955,2.5594
21.74955,2.4713
21.75954,2.4512
21.7695,2.4428
21.77947,2.4279
21.78943,2.3982
21.7994,2.3319
21.80936,2.232
21.81933,2.1349
21.82929,2.1106
21.83926,2.147
21.84922,2.2598
21.85919,2.3698
21.86915,2.5059
21.87912,2.5644
21.88916,2.6266
21.89928,2.7281
21.9094,2.8889
21.91952,3.043
21.92964,3.1346
21.93976,3.2752
21.94987,3.537
21.95999,3.904
21.97011,4.2874
21.98023,4.569
21.99035,4.6557
22.00047,4.3024
22.01059,4.1323
22.02055,1.5998
22.03052,0.9259
22.04048,1.9482
22.05045,2.4131
22.06041,1.6214
22.07038,1.971
22.08034,1.8466
22.0903,2.1285
22.10027,1.5826
22.11023,1.0901
22.1202,0.7136
22.13016,0.1954
22.14017,-0.3828
22.1502,-0.8494
22.16023,-1.2244
22.17026,-1.4769
22.18029,-1.6871
22.19032,-1.8818
22.20035,-2.046
22.21038,-2.1252
22.22042,-2.1178
22.23045,-2.0992
22.24048,-2.0869
22.25051,-2.0664
22.26054,-2.0725
22.27054,-2.0716
22.28053,-2.0951
22.29053,-2.1484
22.30053,-2.1264
22.31052,-2.1435
22.32052,-2.0517
22.33051,-1.9816
22.34051,-1.9383
22.35051,-1.9168
22.3605,-1.9244
22.3705,-1.9922
22.3805,-2.0367
22.3905,-2.0883
22.40049,-2.1134
22.41049,-2.0864
22.42048,-2.0741
22.43048,-2.0095
22.44048,-1.9685
22.45047,-1.951
22.46047,-1.9443
22.47047,-1.958
22.48046,-1.9766
22.49046,-1.9999
22.50046,-2.0099
22.51045,-1.968
22.52049,-1.8829
22.53052,-1.7664
22.54054,-1.6719
22.55057,-1.6279
22.5606,-1.6414
22.57062,-1.6917
22.58065,-1.7772
22.59068,-1.8145
22.6007,-1.7249
22.61073,-1.6216
22.62076,-1.5087
22.63078,-1.4275
22.64078,-1.4246
22.65075,-1.4218
22.66072,-1.4139
22.67068,-1.398
22.68065,-1.3848
22.69061,-1.3712
22.70058,-1.3477
22.71055,-1.282
22.72052,-1.2644
22.73048,-1.2519
22.74045,-1.2561
22.75042,-1.2682
22.76038,-1.2803
22.77047,-1.2403
22.78054,-1.2346
22.79061,-1.2403
22.80068,-1.2705
22.81075,-1.3313
22.82082,-1.4033
22.83089,-1.4538
22.84097,-1.4989
22.85104,-1.5173
22.86111,-1.5342
22.87118,-1.5292
22.88125,-1.5128
22.89124,-1.4772
22.90113,-1.4773
22.91103,-1.4719
22.92093,-1.4722
22.93082,-1.5079
22.94072,-1.565
22.95061,-1.6286
22.96051,-1.6536
22.97041,-1.6496
22.9803,-1.5966
22.9902,-1.5291
23.0001,-1.4289
23.00999,-1.4551
23.02007,-1.4746
23.03014,-1.4873
23.04021,-1.518
23.05028,-1.5425
23.06035,-1.4629
23.07043,-1.4564
23.0805,-1.4542
23.09057,-1.4128
23.10064,-1.3827
23.11071,-1.3599
23.12079,-1.3455
23.13086,-1.3185
23.1409,-1.2884
23.15089,-1.2609
23.16089,-1.2213
23.17088,-1.1836
23.18088,-1.1542
23.19087,-1.135
23.20087,-1.113
23.21087,-1.0581
23.22086,-0.9786
23.23086,-0.921
23.24085,-0.8503
23.25085,-0.7874
23.26084,-0.7093
23.27085,-0.6025
23.28085,-0.4997
23.29085,-0.4215
23.30086,-0.3178
23.31086,-0.2283
23.32086,-0.1951
23.33086,-0.9192
23.34087,-0.9632
23.35087,-1.1548
23.36087,-1.1634
23.37088,-1.1087
23.38088,-0.9593
23.39088,-0.8206
23.40086,-0.7055
23.41084,-0.6883
23.42082,-0.806
23.43081,-1.0237
23.44079,-1.2974
23.45077,-1.5584
23.46075,-1.7213
23.47073,-1.7857
23.48071,-1.7203
23.49069,-1.6053
23.50067,-1.5843
23.51065,-1.6031
23.52069,-1.6172
23.53073,-1.6717
23.54077,-1.7298
23.55081,-1.7789
23.56085,-1.8273
23.57089,-1.8508
23.58093,-1.8453
23.59097,-1.825
23.60101,-1.8074
23.61105,-1.7917
23.62109,-1.7806
23.63113,-1.7506
23.64115,-1.698
23.65115,-1.6733
23.66116,-1.6716
23.67116,-1.6687
23.68116,-1.6554
23.69116,-1.6275
23.70116,-1.616
23.71116,-1.6149
23.72116,-1.6132
23.73116,-1.615
23.74116,-1.598
23.75117,-1.5859
23.76117,-1.5457
23.77114,-1.5032
23.78112,-1.5061
23.79109,-1.5258
23.80107,-1.539
23.81104,-1.545
23.82101,-1.5628
23.83099,-1.598
23.84096,-1.6192
23.85094,-1.6373
23.86091,-1.6149
23.87089,-1.59
23.88086,-1.6049
23.89084,-1.6104
23.90082,-1.6286
23.91081,-1.6607
23.92079,-1.6786
23.93077,-1.6809
23.94075,-1.6791
23.95073,-1.7041
23.96071,-1.7411
23.97069,-1.7514
23.98068,-1.7327
23.99066,-1.7167
24.00064,-1.7182
24.01062,-1.7342
24.02062,-1.7236
24.03061,-1.6445
24.04061,-1.5872
24.05061,-1.5739
24.06061,-1.5697
24.0706,-1.5679
24.0806,-1.5766
24.0906,-1.5845
24.10059,-1.5754
24.11059,-1.5434
24.12059,-1.5089
24.13058,-1.4392
24.1406,-1.3347
24.15063,-1.206
24.16065,-1.0541
24.17068,-0.8983
24.18071,-0.7946
24.19074,-0.8192
24.20076,-0.7585
24.21079,-0.7133
24.22082,-0.6772
24.23084,-0.6553
24.24087,-0.6153
24.2509,-0.5973
24.26093,-0.5723
24.27101,-0.5161
24.28109,-0.4214
24.29117,-0.3156
24.30125,-0.171
24.31133,-0.0478
24.32141,0.1209
24.33149,0.2558
24.34157,0.3326
24.35165,0.3816
24.36173,0.4178
24.37181,0.453
24.38189,0.5575
24.39193,0.7735
24.40193,1.004
24.41192,1.1758
24.42192,1.2649
24.43191,1.3238
24.44191,1.3444
24.45191,1.4467
24.4619,1.6652
24.4719,2.0156
24.4819,2.3734
24.49189,2.7199
24.50189,2.9871
24.51188,3.0791
24.52195,3.063
24.53201,3.0073
24.54207,2.9632
24.55214,2.9329
24.5622,2.8668
24.57226,2.7795
24.58232,2.6397
24.59238,2.5098
24.60245,2.3421
24.61251,2.1349
24.62257,1.9128
24.63263,1.6276
24.64262,1.2774
24.65253,0.9672
24.66243,0.7086
24.67234,0.2794
24.68225,-0.1547
24.69216,-0.5336
24.70206,-0.8135
24.71197,-1.0044
24.72188,-1.1643
24.73179,-1.3088
24.7417,-1.4549
24.7516,-1.5974
24.76151,-1.7105
24.77156,-1.7439
24.78158,-1.7038
24.7916,-1.7418
24.80163,-1.7715
24.81165,-1.7651
24.82167,-1.7815
24.8317,-1.8302
24.84172,-1.8837
24.85174,-1.9114
24.86176,-1.9294
24.87179,-1.8878
24.88181,-1.8101
24.89182,-1.7336
24.90181,-1.6419
24.91179,-1.5389
24.92178,-1.367
24.93177,-1.159
24.94176,-0.8034
24.95174,-0.3048
24.96173,0.2455
24.97172,0.7862
24.9817,1.1546
24.99169,1.3797
25.00168,1.5315
25.01167,1.6563
25.02167,1.77
25.03167,1.8762
25.04168,1.9795
25.05168,2.014
25.06168,1.9276
25.07168,1.7222
25.08168,1.5579
25.09168,1.5453
25.10168,1.5868
25.11168,1.6688
25.12169,1.7277
25.13169,1.8206
25.14169,1.917
25.15169,1.9265
25.16168,1.897
25.17167,1.8376
25.18167,1.8238
25.19167,1.8546
25.20166,1.8848
25.21165,1.9223
25.22165,1.9546
25.23165,2.0172
25.24164,2.1216
25.25164,2.2874
25.26163,2.5058
25.27163,2.7913
25.28163,3.0579
25.29163,3.2333
25.30163,3.303
25.31163,3.346
25.32163,3.4087
25.33163,3.524
25.34163,3.6997
25.35163,3.9868
25.36164,4.2373
25.37164,4.4285
25.38164,4.5599
25.39168,4.6355
25.40174,4.6927
25.41181,4.7538
25.42188,4.8383
25.43195,4.891
25.44202,4.8823
25.45209,4.864
25.46215,4.878
25.47222,4.9351
25.48229,4.9961
25.49236,5.0347
25.50243,5.1213
25.5125,5.2906
25.5225,5.4639
25.5325,5.6475
25.5425,5.8451
25.5525,6.0576
25.5625,6.2325
25.5725,6.3862
25.5825,6.5614
25.59249,6.6056
25.6025,6.6813
25.6125,6.8157
25.6225,7.0518
25.6325,7.2819
25.64249,7.4569
25.65249,7.457
25.66248,7.1979
25.67247,6.7291
25.68246,6.1518
25.69245,5.7438
25.70245,5.5504
25.71244,5.6087
25.72243,5.8934
25.73242,6.2285
25.74241,6.4075
25.75241,6.2892
25.7624,5.9047
25.77239,5.4141
25.78235,5.1039
25.79231,5.058
25.80227,5.2821
25.81224,5.5894
25.8222,5.8699
25.83216,6.0241
25.84213,5.8359
25.85209,5.3559
25.86205,4.8067
25.87201,4.4122
25.88198,4.2033
25.89197,4.101
25.90197,4.0297
25.91198,3.9023
25.92199,3.6386
25.932,3.1598
25.942,2.5663
25.95201,1.9316
25.96202,1.3328
25.97203,0.7796
25.98203,0.3027
25.99204,-0.0956
26.00205,-0.401
26.01206,-0.6238
26.02209,-0.7906
26.03211,-0.9545
26.04214,-1.1533
26.05216,-1.3725
26.06219,-1.5534
26.07221,-1.67
26.08224,-1.6929
26.09227,-1.6644
26.10229,-1.6473
26.11232,-1.5854
26.12234,-1.5088
26.13237,-1.497
26.14237,-1.5237
26.15233,-1.5418
26.16229,-1.5589
26.17225,-1.5434
26.18221,-1.53
26.19217,-1.5328
26.20213,-1.562
26.21209,-1.5984
26.22205,-1.4195
26.23201,-0.701
26.24197,0.4887
26.25193,1.8805
26.26189,2.7651
26.27197,3.1742
26.28204,3.2045
26.29212,2.9887
26.30219,2.7254
26.31227,2.5075
26.32234,2.3285
26.33242,2.0971
26.34249,1.8469
26.35257,1.6156
26.36264,1.2897
26.37271,1.0737
26.38279,0.88
26.39281,0.6835
26.40276,0.4826
26.41271,0.1148
26.42266,-0.2657
26.43261,-0.5706
26.44256,-0.7991
26.45251,-0.9754
26.46247,-1.1171
26.47242,-1.233
26.48237,-1.3048
26.49232,-1.3591
26.50227,-1.4276
26.51222,-1.4962
26.52228,-1.5161
26.53233,-1.5441
26.54238,-1.5737
26.55243,-1.6023
26.56248,-1.6323
26.57253,-1.6601
26.58257,-1.6593
26.59262,-1.626
26.60267,-1.6093
26.61272,-1.6037
26.62277,-1.5803
26.63282,-1.5815
26.6431,-1.5818
26.65358,-1.6075
26.66406,-1.646
26.67455,-1.7016
26.68504,-1.7622
26.69552,-1.8035
26.70601,-1.8247
26.71649,-1.8294
26.72698,-1.8027
26.73746,-1.7584
26.74795,-1.6989
26.75843,-1.6423
26.76892,-1.6013
26.77847,-1.5581
26.78802,-1.5028
26.79758,-1.4171
26.80713,-1.3633
26.81668,-1.1496
26.82624,-0.7666
26.83579,0.2754
26.84534,1.9274
26.8549,1.9881
26.86445,1.6278
26.874,1.7298
26.88356,1.0992
26.89331,-0.0943
26.90327,-0.2089
26.91322,-0.4557
26.92318,-0.1831
26.93313,-0.0124
26.94308,0.1633
26.95304,0.158
26.96299,0.1581
26.97295,0.0046
26.9829,-0.3569
26.99286,-0.7339
27.00281,-1.0305
27.01276,-1.2712
27.0228,-1.4424
27.03284,-1.5616
27.04288,-1.6645
27.05291,-1.7415
27.06295,-1.779
27.07298,-1.7798
27.08302,-1.7934
27.09306,-1.7542
27.10309,-1.7056
27.11313,-1.6846
27.12316,-1.6732
27.1332,-1.6577
27.1432,-1.6729
27.15315,-1.6813
27.1631,-1.6872
27.17305,-1.6139
27.18301,-1.6209
27.19296,-1.593
27.20291,-1.5908
27.21286,-1.5728
27.22281,-1.5441
27.23276,-1.5559
27.24271,-1.6348
27.25267,-1.7019
27.26262,-1.7248
27.27267,-1.6734
27.28271,-1.593
27.29276,-1.502
27.30281,-1.4441
27.31285,-1.404
27.3229,-1.4201
27.33295,-1.4535
27.34299,-1.5089
27.35304,-1.5438
27.36309,-1.5463
27.37313,-1.5151
27.38318,-1.439
27.39319,-1.3232
27.40317,-1.1872
27.41314,-1.0632
27.42311,-0.8838
27.43309,-0.6414
27.44306,-0.4359
27.45304,-0.0238
27.46301,0.5977
27.47298,1.142
27.48296,1.5588
27.49293,1.863
27.50291,2.0541
27.51288,2.2338
27.52291,2.3532
27.53292,2.5661
27.54292,2.7774
27.55293,2.933
27.56294,2.8661
27.57295,2.5206
27.58296,2.0666
27.59296,1.5954
27.60297,1.1342
27.61298,0.7012
27.62299,0.3577
27.633,0.146
27.64302,0.007
27.65305,-0.1856
27.66308,-0.4489
27.67312,-0.6849
27.68315,-0.8883
27.69318,-1.0567
27.70321,-1.2072
27.71325,-1.3486
27.72328,-1.4728
27.73331,-1.5749
27.74335,-1.6396
27.75338,-1.6803
27.76341,-1.6704
27.77345,-1.6977
27.78349,-1.725
27.79353,-1.7298
27.80357,-1.691
27.81361,-1.6369
27.82365,-1.5959
27.83369,-1.6004
27.84373,-1.6012
27.85377,-1.6003
27.86381,-1.5856
27.87384,-1.6095
27.88388,-1.6209
27.8939,-1.6281
27.90388,-1.6162
27.91386,-1.5495
27.92385,-1.3238
27.93383,-0.6991
27.94382,0.1217
27.9538,0.0265
27.96378,-0.1422
27.97376,-0.5244
27.98375,-0.2073
27.99373,-0.0206
28.00372,-0.2551
28.0137,-0.2837
28.0237,-0.4563
28.0337,-0.5477
28.0437,-0.6383
28.0537,-0.7927
28.0637,-0.9804
28.07371,-1.0964
28.08371,-1.2303
28.09371,-1.4191
28.10371,-1.5782
28.11371,-1.702
28.12371,-1.7941
28.13371,-1.8546
28.14371,-1.8525
28.1537,-1.8314
28.1637,-1.7809
28.17369,-1.7491
28.18369,-1.7515
28.19368,-1.7721
28.20367,-1.8359
28.21367,-1.9015
28.22366,-1.9636
28.23366,-1.9984
28.24365,-2.027
28.25364,-1.9743
28.26364,-2.0133
28.27362,-2.0859
28.28359,-2.0406
28.29357,-2.0413
28.30354,-2.052
28.31351,-2.0051
28.32349,-1.951
28.33346,-1.9252
28.34344,-1.9255
28.35341,-1.9732
28.36339,-2.0312
28.37336,-2.0571
28.38333,-2.0846
28.39332,-2.1137
28.40331,-2.1485
28.4133,-2.1729
28.42329,-2.2035
28.43328,-2.1999
28.44328,-2.1352
28.45327,-2.0915
28.46326,-2.1241
28.47325,-2.187
28.48324,-2.2323
28.49324,-2.2382
28.50323,-2.1973
28.51322,-2.1882
28.52321,-2.1567
28.53321,-2.1054
28.5432,-2.0423
28.55319,-1.982
28.56318,-1.9497
28.57318,-1.93
28.58317,-1.9163
28.59316,-1.8568
28.60316,-1.796
28.61315,-1.7434
28.62314,-1.668
28.63313,-1.6091
28.64313,-1.5465
28.65313,-1.491
28.66313,-1.4614
28.67313,-1.3846
28.68312,-1.2855
28.69312,-1.1062
28.70312,-0.8911
28.71312,-0.6958
28.72312,-0.4936
28.73312,-0.3767
28.74312,-0.338
28.75311,-0.3514
28.76311,-0.4125
28.7733,-0.5218
28.78348,-0.6483
28.79366,-0.772
28.80385,-0.8684
28.81403,-0.9265
28.82422,-1.0176
28.8344,-1.1602
28.84459,-1.3143
28.85477,-1.4531
28.86495,-1.5634
28.87514,-1.6241
28.88532,-1.6212
28.89538,-1.5808
28.90526,-1.5184
28.91515,-1.4529
28.92503,-1.4027
28.93492,-1.3803
28.94481,-1.3752
28.95469,-1.3796
28.96458,-1.3934
28.97446,-1.3762
28.98435,-1.3575
28.99423,-1.3661
29.00412,-1.3722
29.01401,-1.3891
29.02404,-1.3877
29.03407,-1.3902
29.0441,-1.3931
29.05413,-1.4256
29.06416,-1.4536
29.07419,-1.4649
29.08422,-1.4797
29.09425,-1.5581
29.10428,-1.6366
29.11431,-1.6773
29.12433,-1.6532
29.13437,-1.6105
29.14438,-1.5843
29.15438,-1.5778
29.16438,-1.6099
29.17438,-1.6563
29.18437,-1.6846
29.19437,-1.6956
29.20437,-1.6658
29.21437,-1.5997
29.22437,-1.501
29.23436,-1.3882
29.24436,-1.2756
29.25436,-1.1703
29.26436,-1.0584
29.27436,-0.9031
29.28436,-0.7342
29.29436,-0.5859
29.30436,-0.4972
29.31436,-0.4099
29.32436,-0.3202
29.33436,-0.1545
29.34435,0.106
29.35435,0.4466
29.36436,0.8328
29.37435,1.3185
29.38435,1.858
29.39434,2.3123
29.4043,2.6727
29.41427,3.0026
29.42424,3.277
29.4342,3.4364
29.44417,3.5162
29.45414,3.5637
29.4641,3.5017
29.47407,3.2735
29.48404,2.9041
29.494,2.4154
29.50397,1.8862
29.51394,1.3376
29.52396,0.8336
29.53398,0.4575
29.544,0.1474
29.55402,-0.1919
29.56404,-0.5905
29.57406,-0.9292
29.58408,-1.1764
29.5941,-1.3398
29.60412,-1.4589
29.61414,-1.5293
29.62416,-1.5991
29.63417,-1.6459
29.64417,-1.6924
29.65414,-1.7455
29.66411,-1.7796
29.67407,-1.8364
29.68404,-1.8528
29.69401,-1.8323
29.70398,-1.7883
29.71395,-1.6989
29.72391,-1.6895
29.73388,-1.7174
29.74385,-1.7565
29.75382,-1.8194
29.76379,-1.8883
29.77383,-1.9154
29.78386,-1.8875
29.7939,-1.8385
29.80393,-1.806
29.81397,-1.7762
29.82401,-1.7532
29.83404,-1.7394
29.84408,-1.7664
29.85412,-1.8724
29.86415,-1.9702
29.87419,-2.0273
29.88423,-2.0487
29.89431,-1.9825
29.90443,-1.9371
29.91456,-1.8576
29.92468,-1.7095
29.9348,-1.5351
29.94492,-1.4198
29.95505,-1.3087
29.96517,-1.1518
29.97529,-0.876
29.98541,-0.5521
29.99554,-0.2151
30.00566,0.0835
30.01578,0.307
30.0257,0.522
30.03561,0.7427
30.04552,0.948
30.05544,1.1488
30.06535,1.2464
30.07526,1.2109
30.08518,1.1428
30.09509,1.0488
30.105,0.8655
30.11492,0.5877
30.12483,0.2321
30.13474,-0.0923
30.14476,-0.3733
30.15486,-0.6218
30.16496,-0.8867
30.17506,-1.1381
30.18517,-1.3119
30.19527,-1.5057
30.20537,-1.6317
30.21547,-1.7613
30.22557,-1.8656
30.23567,-1.9882
30.24578,-2.0668
30.25588,-2.0834
30.26598,-2.04
30.27597,-2.0187
30.28595,-1.9833
30.29594,-1.9381
30.30593,-1.8639
30.31592,-1.873
30.3259,-1.9286
30.33589,-1.9751
30.34588,-1.9992
30.35586,-1.9762
30.36585,-1.929
30.37584,-1.8472
30.38583,-1.7789
30.39577,-1.7401
30.40567,-1.7276
30.41557,-1.7551
30.42547,-1.7642
30.43537,-1.7302
30.44527,-1.5703
30.45517,-1.1672
30.46507,-0.505
30.47497,0.1301
30.48487,0.5823
30.49478,0.9005
30.50467,1.1671
30.51458,1.434
30.52461,1.6698
30.53463,1.8529
30.54465,1.9347
30.55468,1.9086
30.5647,1.7942
30.57472,1.5999
30.58475,1.328
30.59477,0.9831
30.60479,0.4979
30.61482,0.0493
30.62484,-0.3771
30.63486,-0.6798
30.64486,-0.9302
30.65483,-1.1192
30.66479,-1.279
30.67476,-1.4106
30.68472,-1.5195
30.69469,-1.616
30.70466,-1.6904
30.71462,-1.7761
30.72459,-1.8369
30.73456,-1.8835
30.74452,-1.9373
30.75449,-2.0022
30.76445,-2.0445
30.77456,-1.9807
30.78465,-1.9972
30.79475,-1.999
30.80485,-1.9426
30.81495,-1.8911
30.82505,-1.8086
30.83515,-1.8232
30.84525,-1.7941
30.85534,-1.7807
30.86544,-1.7703
30.87554,-1.7428
30.88564,-1.7142
30.89568,-1.7102
30.90567,-1.7054
30.91565,-1.6998
30.92563,-1.6531
30.93561,-1.5801
30.9456,-1.5029
30.95558,-1.3706
30.96556,-1.321
30.97554,-1.2582
30.98553,-1.2161
30.99551,-1.0172
31.00549,-1.0368
31.01547,-0.9642
31.0255,-0.6587
31.03552,-0.329
31.04554,-0.2568
31.05556,0.2402
31.06559,0.722
31.07561,0.6337
31.08563,0.6914
31.09565,0.6741
31.10568,0.526
31.1157,0.2788
31.12572,-0.0823
31.13574,-0.3784
31.14574,-0.5454
31.15571,-0.6424
31.16567,-0.7284
31.17564,-0.8542
31.18561,-1.0178
31.19557,-1.2043
31.20554,-1.3612
31.2155,-1.5215
31.22547,-1.6333
31.23544,-1.7305
31.2454,-1.7994
31.25537,-1.8719
31.26534,-1.9105
31.27538,-1.9023
31.28541,-1.8722
31.29543,-1.8275
31.30546,-1.8037
31.31548,-1.7878
31.32551,-1.7743
31.33553,-1.7883
31.34556,-1.7998
31.35559,-1.8254
31.36561,-1.8277
31.37564,-1.8359
31.38566,-1.8372
31.39568,-1.8289
31.40568,-1.7906
31.41567,-1.76
31.42567,-1.6718
31.43567,-1.674
31.44567,-1.6906
31.45566,-1.6851
31.46566,-1.6722
31.47566,-1.6345
31.48565,-1.5941
31.49565,-1.507
31.50565,-1.3888
31.51565,-1.2385
31.52561,-1.122
31.53557,-0.9893
31.54554,-0.8177
31.5555,-0.5262
31.56546,-0.0191
31.57542,0.6372
31.58538,1.2995
31.59534,1.6686
31.6053,1.8565
31.61526,2.0674
31.62523,2.1558
31.63519,2.7879
31.64517,3.4722
31.65518,4.2553
31.66518,4.4543
31.67519,4.363
31.6852,4.091
31.6952,3.7275
31.70521,3.3655
31.71521,3.0557
31.72522,2.7789
31.73522,2.5347
31.74523,2.3695
31.75523,2.2894
31.76524,2.2246
31.77523,2.0955
31.78523,1.8737
31.79522,1.5824
31.80522,1.2993
31.81521,1.0863
31.82521,0.9714
31.83521,0.8181
31.8452,0.5832
31.8552,0.3658
31.86519,0.1832
31.87519,0.1114
31.88518,0.0901
31.89519,0.1098
31.90522,0.1762
31.91524,0.2805
31.92526,0.4359
31.93529,0.6212
31.94531,0.8577
31.95534,1.1651
31.96536,1.584
31.97538,2.1028
31.98541,2.6805
31.99543,3.2326
32.00546,3.6755
32.01548,3.8692
32.02556,4.4068
32.03564,3.7774
32.04572,3.9279
32.0558,4.6993
32.06588,4.5749
32.07595,4.8457
32.08603,5.4699
32.09611,5.6257
32.10619,5.5815
32.11627,5.2924
32.12635,4.7126
32.13643,3.7455
32.14647,2.6472
32.15646,2.0208
32.16646,1.6524
32.17646,1.435
32.18645,1.1626
32.19645,0.7245
32.20645,0.2933
32.21645,-0.0331
32.22645,-0.2666
32.23644,-0.4101
32.24644,-0.542
32.25644,-0.7573
32.26644,-1.0793
32.27643,-1.3735
32.28642,-1.6998
32.2964,-1.8778
32.30639,-1.9658
32.31637,-2.0915
32.32636,-2.1482
32.33635,-2.1143
32.34633,-2.1128
32.35632,-2.1202
32.3663,-2.1446
32.37629,-2.1338
32.38627,-2.1258
32.39627,-2.1467
32.40628,-2.1559
32.41629,-2.1331
32.4263,-2.1341
32.4363,-2.1264
32.44631,-2.1526
32.45632,-2.1738
32.46633,-2.1888
32.47634,-2.145
32.48634,-2.1562
32.49635,-2.1851
32.50636,-2.2159
32.51637,-2.2368
32.52637,-2.2576
32.53637,-2.2403
32.54637,-2.2076
32.55637,-2.1461
32.56636,-2.0553
32.57636,-2.0327
32.58636,-2.0482
32.59636,-2.0247
32.60636,-1.9971
32.61636,-1.9563
32.62635,-1.9036
32.63635,-1.7122
32.64634,-1.5508
32.65632,-1.4783
32.6663,-1.4005
32.67628,-1.3196
32.68626,-1.2718
32.69624,-1.2697
32.70621,-1.2366
32.71619,-1.1729
32.72617,-1.1073
32.73615,-1.0584
32.74613,-1.0146
32.75611,-0.966
32.76609,-0.9243
32.77613,-0.9302
32.78618,-1.0336
32.79622,-1.1359
32.80626,-1.233
32.81631,-1.3225
32.82635,-1.3938
32.83639,-1.4624
32.84643,-1.5139
32.85648,-1.5529
32.86652,-1.5898
32.87656,-1.6368
32.8866,-1.6766
32.89662,-1.7088
32.90659,-1.7256
32.91657,-1.7444
32.92655,-1.7538
32.93653,-1.7705
32.94651,-1.7642
32.95649,-1.7725
32.96646,-1.7991
32.97644,-1.8423
32.98642,-1.9497
32.9964,-2.0841
33.00637,-2.2064
33.01635,-2.2535
33.02643,-2.2522
33.03648,-2.2416
33.04654,-2.223
33.05659,-2.2358
33.06664,-2.2569
33.07669,-2.2858
33.08675,-2.3391
33.0968,-2.384
33.10685,-2.4125
33.11691,-2.4249
33.12696,-2.4333
33.13701,-2.4419
33.14705,-2.461
33.15705,-2.4807
33.16705,-2.474
33.17705,-2.4506
33.18705,-2.4379
33.19706,-2.4127
33.20706,-2.3826
33.21706,-2.3627
33.22706,-2.3577
33.23706,-2.3932
33.24707,-2.4485
33.25707,-2.4693
33.26707,-2.4709
33.2771,-2.4339
33.28712,-2.3867
33.29715,-2.3199
33.30718,-2.2449
33.3172,-2.1685
33.32723,-2.0955
33.33725,-2.0403
33.34728,-2.0177
33.35731,-1.9984
33.36733,-1.9706
33.37736,-1.8541
33.38739,-1.6833
33.39739,-1.5465
33.40737,-1.4259
33.41735,-1.2943
33.42732,-1.1491
33.4373,-1.0097
33.44727,-0.8523
33.45725,-0.6843
33.46723,-0.5258
33.4772,-0.424
33.48718,-0.3499
33.49716,-0.2847
33.50713,-0.1973
33.51711,-0.0711
33.52716,0.0623
33.5372,0.2727
33.54725,0.486
33.5573,0.5954
33.56735,0.6292
33.57739,0.6324
33.58744,0.6183
33.59749,0.4948
33.60754,0.233
33.61758,-0.0766
33.62763,-0.3862
33.63768,-0.7012
33.64767,-1.0066
33.6576,-1.2261
33.66753,-1.4081
33.67745,-1.5481
33.68737,-1.6671
33.6973,-1.786
33.70723,-1.8837
33.71715,-2.004
33.72708,-2.1255
33.737,-2.2019
33.74693,-2.2492
33.75686,-2.219
33.76678,-2.1383
33.77683,-2.1034
33.78687,-2.0431
33.79691,-1.9861
33.80695,-1.9398
33.81699,-1.8844
33.82703,-1.8333
33.83707,-1.7417
33.84711,-1.5413
33.85715,-1.1787
33.86719,-0.6216
33.87723,-0.0238
33.88727,0.4551
33.89731,0.6717
33.90736,0.6908
33.9174,0.6098
33.92745,0.5258
33.9375,0.5279
33.94754,0.5649
33.95758,0.574
33.96763,0.5416
33.97768,0.5211
33.98772,0.5008
33.99776,0.4928
34.00781,0.4699
34.01786,0.4476
34.02784,0.3886
34.03783,0.0562
34.04782,-0.3873
34.0578,-0.7776
34.06779,-1.1264
34.07777,-1.382
34.08776,-1.5822
34.09774,-1.7516
34.10773,-1.8917
34.11772,-2.0554
34.1277,-2.1895
34.13769,-2.3293
34.14768,-2.4658
34.15765,-2.4098
34.16763,-2.4004
34.17759,-2.3524
34.18756,-2.3112
34.19754,-2.2775
34.2075,-2.2479
34.21748,-2.1645
34.22744,-2.0845
34.23742,-2.0138
34.24739,-1.9583
34.25735,-1.9026
34.26733,-1.8228
34.27729,-1.5778
34.28723,-1.0027
34.29717,-0.2801
34.30711,0.4687
34.31705,0.9028
34.32699,1.1307
34.33693,1.1406
34.34687,1.037
34.35681,0.911
34.36675,0.8066
34.37669,0.8241
34.38663,0.8841
34.39667,0.8219
34.4068,0.6479
34.41693,0.4167
34.42706,0.1856
34.43719,-0.021
34.44732,-0.3972
34.45745,-0.8245
34.46758,-1.2087
34.47771,-1.4957
34.48784,-1.6954
34.49797,-1.8365
34.5081,-1.984
34.51823,-2.1162
34.52824,-2.1819
34.53823,-2.2337
34.54823,-2.2343
34.55822,-2.1766
34.56821,-2.0865
34.57821,-1.9795
34.5882,-1.8363
34.59819,-1.6375
34.60819,-1.214
34.61818,-0.2755
34.62817,0.8169
34.63817,1.4795
34.64816,1.701
34.65815,1.7144
34.66813,1.627
34.67812,0.5249
34.6881,0.9601
34.69809,2.3626
34.70807,1.2657
34.71806,2.2736
34.72804,2.2757
34.73803,2.3783
34.74801,2.1711
34.758,1.8145
34.76798,1.4196
34.77791,1.0583
34.78784,0.6812
34.79778,0.2477
34.8077,-0.0854
34.81764,-0.3657
34.82757,-0.7742
34.8375,-1.0725
34.84743,-1.2841
34.85736,-1.4975
34.86729,-1.7013
34.87722,-1.8666
34.88715,-1.9887
34.89716,-2.0389
34.90725,-2.0479
34.91733,-2.0507
34.92741,-2.0187
34.9375,-1.9545
34.94758,-1.884
34.95766,-1.7846
34.96775,-1.5712
34.97783,-1.3579
34.98791,-1.106
34.99799,-0.825
35.00808,-0.5969
35.01816,-0.5531
35.02817,-0.6189
35.03817,-0.7491
35.04818,-0.8795
35.05818,-1.0983
35.06818,-1.2684
35.07818,-1.2657
35.08818,-1.1959
35.09819,-1.1311
35.10819,-1.15
35.11819,-1.2716
35.12819,-1.4137
35.1382,-1.6061
35.14819,-1.808
35.15816,-1.877
35.16813,-1.7844
35.1781,-1.6009
35.18807,-1.3578
35.19804,-1.0594
35.20802,-0.6746
35.21799,-0.2932
35.22796,0.0001
35.23793,0.2438
35.24791,0.5056
35.25788,0.7884
35.26785,0.9705
35.27783,1.2438
35.2878,1.5254
35.29778,2.0292
35.30776,2.8774
35.31773,3.5296
35.32771,4.0505
35.33769,4.5884
35.34766,5.0849
35.35764,5.4938
35.36762,5.8717
35.37759,6.177
35.38757,6.4427
35.39759,6.588
35.40763,6.6691
35.41768,6.8076
35.42772,6.9903
35.43777,7.0369
35.44781,6.9521
35.45786,6.8668
35.46791,5.721
35.47795,5.5244
35.488,4.7526
35.49804,4.1222
35.50809,3.5815
35.51814,2.8831
35.52816,2.6966
35.53819,2.7303
35.54822,2.557
35.55825,2.3478
35.56828,2.5326
35.5783,2.6761
35.58833,2.6946
35.59836,2.5668
35.60839,2.3247
35.61841,2.0713
35.62844,1.8223
35.63847,1.6011
35.64847,1.3789
35.65845,1.1592
35.66842,0.9441
35.6784,0.695
35.68837,0.3972
35.69835,0.1004
35.70832,-0.1887
35.7183,-0.4462
35.72827,-0.641
35.73825,-0.7577
35.74822,-0.8976
35.7582,-1.0576
35.76817,-1.2088
35.77817,-1.4098
35.78816,-1.5386
35.79815,-1.7155
35.80814,-1.8593
35.81813,-2.0511
35.82811,-2.1382
35.8381,-2.2312
35.84809,-2.3098
35.85809,-2.3713
35.86807,-2.4212
35.87806,-2.4452
35.88805,-2.4312
35.89808,-2.3952
35.90812,-2.3155
35.91816,-2.3073
35.92821,-2.3204
35.93826,-2.3572
35.9483,-2.3561
35.95834,-2.3398
35.96839,-2.3284
35.97844,-2.2367
35.98848,-2.2215
35.99852,-2.2522
36.00857,-2.2818
36.01862,-2.2834
36.0286,-2.2564
36.03858,-2.2146
36.04856,-2.1554
36.05855,-2.0849
36.06853,-2.0156
36.07851,-1.9497
36.08849,-1.8586
36.09848,-1.7646
36.10846,-1.634
36.11844,-1.4681
36.12843,-1.2606
36.13841,-0.9819
36.14841,-0.7427
36.15839,-0.4405
36.16838,-0.1875
36.17836,0.045
36.18834,0.2531
36.19833,0.5108
36.20831,0.7844
36.2183,1.1594
36.22828,1.5405
36.23826,1.9348
36.24825,2.2946
36.25823,2.6878
36.26822,3.1057
36.27822,3.5353
36.28822,4.0707
36.29822,4.7018
36.30822,5.1948
36.31822,5.5413
36.32822,5.7426
36.33822,5.7703
36.34822,5.6089
36.35823,5.3721
36.36823,5.1581
36.37823,5.0825
36.38823,5.0866
36.39822,5.1359
36.40822,5.1542
36.41822,5.1461
36.42822,5.0888
36.43822,4.9815
36.44822,4.821
36.45822,4.6945
36.46822,4.5777
36.47821,4.6128
36.48821,4.8216
36.49821,5.0448
36.50821,5.1736
36.51821,5.1271
36.52824,4.9254
36.53825,4.6781
36.54826,4.4636
36.55827,4.3408
36.56828,4.2515
36.57829,4.0374
36.5883,3.6025
36.59831,2.7786
36.60832,1.6887
36.61833,0.6343
36.62833,-0.2186
36.63834,-0.7911
36.64838,-1.0921
36.65843,-1.3095
36.66849,-1.3906
36.67855,-1.4878
36.6886,-1.5794
36.69866,-1.6543
36.70871,-1.7107
36.71877,-1.7638
36.72883,-1.8336
36.73888,-1.9205
36.74894,-1.944
36.759,-1.9507
36.76905,-1.9072
36.77906,-1.8845
36.78905,-1.8993
36.79904,-1.9019
36.80904,-1.9252
36.81903,-2.0003
36.82903,-2.1187
36.83902,-2.2278
36.84901,-2.3156
36.85901,-2.3947
36.869,-2.4488
36.879,-2.4976
36.88899,-2.5281
36.89899,-2.5492
36.90899,-2.6035
36.91899,-2.6366
36.929,-2.6278
36.939,-2.6079
36.949,-2.5753
36.959,-2.535
36.969,-2.4851
36.979,-2.4414
36.989,-2.3881
36.999,-2.3322
37.009,-2.2303
37.019,-2.092
37.02901,-1.8768
37.03901,-1.7218
37.04902,-1.563
37.05902,-1.4363
37.06902,-1.2787
37.07902,-1.0958
37.08902,-0.9081
37.09903,-0.7404
37.10903,-0.5561
37.11903,-0.3619
37.12903,-0.1428
37.13903,0.2679
37.14904,0.6449
37.15902,0.942
37.16901,1.2099
37.179,1.5584
37.189,1.9745
37.19899,2.4066
37.20897,2.7711
37.21896,2.9527
37.22895,2.9573
37.23895,2.8806
37.24893,2.7719
37.25892,2.6589
37.26891,2.5985
37.27891,2.6467
37.28891,1.4531
37.2989,2.5243
37.3089,2.9508
37.3189,3.0187
37.32889,3.0559
37.33889,3.0154
37.34888,2.0464
37.35888,1.8095
37.36888,2.21
37.37888,1.7796
37.38887,1.6982
37.39887,1.2081
37.40887,0.673
37.41887,0.8818
37.42886,1.1125
37.43886,1.1112
37.44886,1.161
37.45885,0.99
37.46885,0.6817
37.47885,0.1922
37.48885,-0.3015
37.49884,-0.7249
37.50884,-1.0506
37.51884,-1.3183
37.52884,-1.5932
37.53883,-1.8375
37.54882,-2.0115
37.55882,-2.1778
37.56881,-2.2715
37.5788,-2.3536
37.58879,-2.4366
37.59879,-2.5168
37.60878,-2.5727
37.61877,-2.6012
37.62877,-2.6232
37.63876,-2.6284
37.64876,-2.5975
37.65873,-2.6
37.66871,-2.6127
37.67869,-2.6076
37.68866,-2.5987
37.69864,-2.5812
37.70862,-2.5334
37.71859,-2.4229
37.72857,-2.266
37.73854,-2.1149
37.74852,-2.0065
37.7585,-1.9593
37.76847,-2.0073
37.77855,-2.1515
37.78863,-2.283
37.79871,-2.3633
37.80878,-2.3625
37.81886,-2.2924
37.82893,-2.2055
37.839,-2.197
37.84908,-2.2478
37.85915,-2.3476
37.86923,-2.4275
37.8793,-2.4672
37.88938,-2.4649
37.89943,-2.4121
37.90946,-2.3089
37.91948,-2.2914
37.92951,-2.353
37.93954,-2.4211
37.94957,-2.4988
37.95959,-2.5599
37.96962,-2.6085
37.97964,-2.6109
37.98967,-2.5991
37.9997,-2.5777
38.00973,-2.6294
38.01975,-2.7835
38.02982,-2.8885
38.03989,-2.9608
38.04995,-2.991
38.06001,-2.9841
38.07008,-2.8959
38.08014,-2.819
38.09021,-2.7494
38.10027,-2.7439
38.11034,-2.7516
38.1204,-2.738
38.13047,-2.6936
38.14053,-2.5986
38.15053,-2.4788
38.16045,-2.2611
38.17038,-2.001
38.1803,-1.7815
38.19022,-1.6452
38.20015,-1.5747
38.21007,-1.5577
38.21999,-1.5395
38.22991,-1.5126
38.23983,-1.4388
38.24976,-1.3089
38.25968,-1.0669
38.2696,-0.7591
38.27961,-0.5131
38.28962,-0.4
38.29962,-0.4008
38.30962,-0.4243
38.31963,-0.3721
38.32963,-0.1913
38.33963,0.1811
38.34964,0.4759
38.35964,0.6224
38.36965,0.6554
38.37965,0.631
38.38966,0.652
38.39968,0.6835
38.40968,0.7523
38.41969,0.9628
38.42969,1.1313
38.43969,1.0993
38.4497,0.9926
38.4597,0.947
38.4697,0.9699
38.47971,0.9631
38.48971,0.9339
38.49971,0.909
38.50972,0.8852
38.51972,0.9655
38.52971,1.1379
38.53969,1.3036
38.54967,1.4967
38.55965,1.6668
38.56964,1.8364
38.57962,2.0219
38.5896,2.1503
38.59959,2.1411
38.60957,2.0603
38.61955,1.998
38.62954,1.9904
38.63952,1.9866
38.64957,2.0197
38.65964,2.0075
38.66971,2.0027
38.67978,2.0682
38.68985,2.1604
38.69992,2.1716
38.71,2.092
38.72007,1.9224
38.73014,1.7346
38.74021,1.7282
38.75028,1.7555
38.76035,1.8353
38.77042,1.9871
38.78031,2.1771
38.7902,2.3861
38.80009,2.5344
38.80997,2.6113
38.81987,2.633
38.82975,2.6535
38.83964,2.7233
38.84953,2.7177
38.85942,2.6782
38.86931,2.6225
38.8792,2.5746
38.88909,2.5343
38.89909,2.4952
38.90918,2.5419
38.91928,2.6287
38.92937,2.7635
38.93947,2.8988
38.94957,3.0036
38.95966,3.1074
38.96976,3.252
38.97985,3.3996
38.98995,3.5468
39.00005,3.641
39.01014,3.6786
39.02024,3.7586
39.03025,3.826
39.04027,3.8877
39.05028,3.9599
39.06029,4.0251
39.0703,4.0869
39.08031,4.1373
39.09033,4.1981
39.10034,4.248
39.11035,4.2722
39.12037,4.2469
39.13037,4.1856
39.14039,4.1054
39.1504,3.9828
39.1604,3.7574
39.17039,3.4987
39.18039,3.1902
39.19039,2.7757
39.20039,2.2836
39.21039,1.7757
39.22039,1.3004
39.23038,0.8646
39.24038,0.4758
39.25038,0.1035
39.26038,-0.2211
39.27038,-0.4652
39.28041,-0.6335
39.29044,-0.7488
39.30048,-0.8299
39.3105,-0.8759
39.32054,-0.8977
39.33057,-0.9075
39.3406,-0.9029
39.35063,-0.9195
39.36066,-0.9409
39.37069,-0.9899
39.38072,-1.0157
39.39075,-0.9981
39.40075,-0.9434
39.41071,-0.8696
39.42067,-0.7937
39.43064,-0.7167
39.4406,-0.6608
39.45056,-0.5741
39.46052,-0.49
39.47048,-0.422
39.48044,-0.4043
39.4904,-0.4124
39.50036,-0.4709
39.51033,-0.4488
39.52029,-0.3966
39.53027,-0.2362
39.54024,-0.0035
39.55022,0.1597
39.5602,0.2866
39.57018,0.3828
39.58015,0.4513
39.59013,0.4953
39.60011,0.5237
39.61008,0.5631
39.62006,0.6203
39.63004,0.7081
39.64002,0.8387
39.65001,1.011
39.66,1.219
39.66998,1.3156
39.67997,1.3088
39.68996,1.2606
39.69995,1.2716
39.70993,1.351
39.71992,1.4599
39.72991,1.5787
39.7399,1.6704
39.74989,1.7125
39.75988,1.7221
39.76986,1.766
39.77987,1.8647
39.78986,1.9172
39.79985,1.9563
39.80985,2.0107
39.81984,2.1238
39.82984,2.2659
39.83983,2.3522
39.84982,2.3743
39.85982,2.3579
39.86981,2.3623
39.87981,2.3607
39.8898,2.3304
39.89982,2.3314
39.90985,2.3676
39.9199,2.5499
39.92994,2.8215
39.93997,3.0559
39.95001,3.1636
39.96005,3.1188
39.97009,3.044
39.98013,2.9775
39.99017,2.9489
40.00021,2.9573
40.01025,3.0205
40.02029,3.1377
40.03028,3.3195
40.04028,3.5309
40.05028,3.6064
40.06028,3.5652
40.07027,3.4562
40.08027,3.3952
40.09027,3.4632
40.10027,3.5935
40.11026,3.871
40.12026,4.2176
40.13026,4.4688
40.14026,4.5698
40.15029,4.6309
40.16036,4.5788
40.17043,4.5637
40.1805,4.6213
40.19056,4.8097
40.20063,4.9358
40.2107,4.9057
40.22076,4.8124
40.23083,4.6903
40.2409,4.6247
40.25097,4.6192
40.26103,4.6682
40.2711,4.7032
40.28112,4.7699
40.29114,4.8362
40.30116,4.8842
40.31118,4.8741
40.3212,4.7912
40.33122,4.6209
40.34124,4.4454
40.35126,4.2931
40.36128,4.1513
40.3713,4.0988
40.38132,3.9667
40.39134,3.4967
40.40133,2.7091
40.41129,1.8399
40.42124,1.0568
40.43119,0.3862
40.44115,-0.1397
40.4511,-0.5382
40.46105,-0.8431
40.47101,-1.0637
40.48096,-1.2242
40.49091,-1.3507
40.50087,-1.4663
40.51082,-1.5684
40.52077,-1.7286
40.53078,-1.9138
40.54076,-2.0972
40.55075,-2.2265
40.56073,-2.2972
40.57072,-2.3356
40.5807,-2.3149
40.59069,-2.2535
40.60067,-2.1947
40.61066,-2.1633
40.62064,-2.1812
40.63063,-2.2536
40.64061,-2.3579
40.65062,-2.431
40.66065,-2.4634
40.67068,-2.4573
40.68071,-2.4252
40.69074,-2.3731
40.70077,-2.3708
40.7108,-2.3988
40.72083,-2.4474
40.73086,-2.4893
40.74089,-2.5305
40.75092,-2.573
40.76094,-2.6154
40.77097,-2.6336
40.78098,-2.6113
40.79097,-2.6244
40.80097,-2.6184
40.81097,-2.5878
40.82097,-2.5657
40.83097,-2.5595
40.84097,-2.5674
40.85096,-2.568
40.86096,-2.5989
40.87096,-2.6857
40.88096,-2.7804
40.89096,-2.8317
40.90096,-2.8503
40.91095,-2.853
40.92095,-2.8136
40.93095,-2.7538
40.94094,-2.6672
40.95094,-2.5799
40.96094,-2.5221
40.97094,-2.4496
40.98093,-2.3769
40.99093,-2.3312
41.00093,-2.2778
41.01093,-2.2208
41.02092,-2.1415
41.0309,-1.9198
41.04087,-1.2219
41.05084,-0.164
41.06081,-0.2597
41.07079,-0.1539
41.08076,-0.3629
41.09073,-0.3446
41.1007,-0.2995
41.11067,-0.2163
41.12064,-0.2911
41.13062,-0.1934
41.14059,-0.2217
41.1506,-0.3661
41.16062,-0.5515
41.17064,-0.7224
41.18066,-0.8267
41.19067,-0.9813
41.20069,-1.1363
41.21071,-1.2546
41.22073,-1.4165
41.23075,-1.573
41.24077,-1.6983
41.25079,-1.7883
41.26081,-1.8347
41.27082,-1.8695
41.28091,-1.922
41.29099,-1.9843
41.30107,-2.0257
41.31116,-2.1311
41.32124,-2.1578
41.33132,-2.1935
41.3414,-2.2368
41.35148,-2.2418
41.36156,-2.2668
41.37165,-2.3169
41.38173,-2.3946
41.39181,-2.4458
41.40184,-2.4932
41.41182,-2.5657
41.42179,-2.6008
41.43176,-2.6611
41.44173,-2.696
41.4517,-2.6721
41.46168,-2.6624
41.47165,-2.6774
41.48162,-2.7203
41.49159,-2.7368
41.50157,-2.7398
41.51154,-2.7288
41.52151,-2.7462
41.53153,-2.7348
41.54154,-2.7308
41.55156,-2.7246
41.56157,-2.6896
41.57158,-2.6388
41.5816,-2.5515
41.59161,-2.4623
41.60162,-2.3728
41.61164,-2.2689
41.62165,-2.1531
41.63166,-2.0211
41.64168,-1.8783
41.65169,-1.5731
41.66169,-1.0782
41.67168,-0.7244
41.68169,-0.4719
41.69168,-0.1943
41.70168,0.0262
41.71168,0.0723
41.72168,-0.014
41.73168,-0.1843
41.74168,-0.3786
41.75168,-0.6595
41.76168,-0.9099
41.77168,-1.0795
41.78164,-1.2385
41.7916,-1.4058
41.80156,-1.513
41.81152,-1.5812
41.82148,-1.6492
41.83144,-1.6855
41.8414,-1.6797
41.85136,-1.6419
41.86132,-1.5828
41.87128,-1.5941
41.88124,-1.5945
41.8912,-1.5986
41.9012,-1.5818
41.91123,-1.5827
41.92126,-1.5935
41.93129,-1.5934
41.94131,-1.5807
41.95134,-1.5271
41.96137,-1.4601
41.9714,-1.3915
41.98143,-1.3303
41.99146,-1.3132
42.00148,-1.3253
42.01151,-1.3628
42.02154,-1.4217
42.03154,-1.4553
42.04154,-1.4404
42.05154,-1.3789
42.06153,-1.2983
42.07153,-1.2394
42.08153,-1.176
42.09153,-1.1189
42.10152,-1.0827
42.11152,-1.089
42.12152,-1.1825
42.13152,-1.2669
42.14151,-1.3602
42.15151,-1.4458
42.16151,-1.5657
42.17151,-1.7187
42.1815,-1.9106
42.1915,-2.1304
42.2015,-2.3293
42.2115,-2.4586
42.22149,-2.5258
42.23149,-2.5348
42.24149,-2.4928
42.25149,-2.5464
42.26148,-2.6356
42.27148,-2.7146
42.28156,-2.7704
42.29164,-2.8349
42.30172,-2.8631
42.31179,-2.8399
42.32187,-2.8189
42.33195,-2.7012
42.34202,-2.7162
42.3521,-2.7562
42.36217,-2.7787
42.37225,-2.8311
42.38233,-2.934
42.39241,-2.818
42.40245,-2.8791
42.41246,-2.9108
42.42246,-2.902
42.43246,-2.8404
42.44247,-2.8714
42.45247,-2.8086
42.46247,-2.8062
42.47247,-2.8733
42.48248,-2.8232
42.49248,-2.775
42.50248,-2.7529
42.51249,-2.6823
42.52249,-2.5776
42.53248,-2.4859
42.54248,-2.3866
42.55247,-2.3134
42.56247,-2.311
42.57246,-2.3348
42.58245,-2.3285
42.59245,-2.2558
42.60244,-2.1812
42.61244,-2.005
42.62243,-1.7942
42.63243,-1.6023
42.64242,-1.3108
42.65241,-1.0524
42.66238,-0.8078
42.67234,-0.6073
42.6823,-0.4212
42.69226,-0.2566
42.70223,-0.0653
42.71219,0.113
42.72216,0.2672
42.73212,0.3909
42.74208,0.4662
42.75205,0.4915
42.76201,0.4815
42.77198,0.4233
42.78199,0.3586
42.79201,0.2933
42.80202,0.242
42.81204,0.1945
42.82205,0.1712
42.83207,0.186
42.84208,0.1872
42.8521,0.1874
42.86211,0.1912
42.87213,0.2012
42.88214,0.2222
42.89216,0.2146
42.90219,0.1471
42.9122,-0.0026
42.92221,-0.2078
42.93222,-0.46
42.94222,-0.7196
42.95223,-0.9313
42.96224,-1.0923
42.97225,-1.2127
42.98226,-1.3233
42.99226,-1.4099
43.00227,-1.4966
43.01228,-1.5622
43.02229,-1.6038
43.03228,-1.6383
43.04227,-1.6658
43.05226,-1.6868
43.06225,-1.6932
43.07224,-1.7029
43.08223,-1.7149
43.09222,-1.7052
43.10221,-1.7159
43.1122,-1.7284
43.12218,-1.727
43.13218,-1.7289
43.14217,-1.748
43.15218,-1.7461
43.1622,-1.7427
43.17221,-1.7307
43.18223,-1.7295
43.19225,-1.7458
43.20226,-1.7445
43.21227,-1.7608
43.22229,-1.7529
43.2323,-1.7711
43.24232,-1.8009
43.25233,-1.8506
43.26235,-1.8977
43.27237,-1.9427
43.28242,-2.0089
43.29248,-2.0855
43.30253,-2.1804
43.31259,-2.2645
43.32264,-2.3064
43.3327,-2.3022
43.34275,-2.3223
43.35281,-2.3184
43.36286,-2.3504
43.37291,-2.3539
43.38297,-2.3734
43.39302,-2.3935
43.40303,-2.4083
43.41301,-2.4148
43.42297,-2.4282
43.43295,-2.4133
43.44291,-2.4029
43.45288,-2.4013
43.46285,-2.3966
43.47282,-2.3979
43.48279,-2.433
43.49276,-2.484
43.50273,-2.5192
43.5127,-2.5119
43.52267,-2.4664
43.53271,-2.4008
43.54275,-2.3092
43.55279,-2.2226
43.56283,-2.1507
43.57287,-2.0821
43.58291,-1.987
43.59296,-1.8777
43.603,-1.6975
43.61304,-1.3922
43.62308,-1.028
43.63312,-0.7419
43.64316,-0.5897
43.6532,-0.6516
43.66319,-0.8174
43.67319,-0.5737
43.68319,-0.1973
43.69318,0.0488
43.70318,0.291
43.71317,0.5051
43.72317,0.5817
43.73317,0.4832
43.74316,0.3999
43.75315,0.3354
43.76315,0.2279
43.77315,0.0921
43.78311,-0.0773
43.79307,-0.3055
43.80303,-0.5411
43.81299,-0.7539
43.82295,-0.9625
43.83291,-1.2057
43.84287,-1.5207
43.85283,-1.8471
43.86279,-2.1124
43.87275,-2.2937
43.88271,-2.3922
43.89267,-2.4776
43.90266,-2.5598
43.91269,-2.6106
43.92271,-2.5992
43.93274,-2.6194
43.94277,-2.6048
43.95279,-2.6112
43.96282,-2.6189
43.97284,-2.5887
43.98287,-2.5515
43.99289,-2.5353
44.00292,-2.5002
44.01294,-2.462
44.02297,-2.3842
44.03295,-2.3165
44.04292,-2.2681
44.05289,-2.2341
44.06287,-2.1977
44.07284,-2.1268
44.08281,-2.0207
44.09278,-1.9795
44.10276,-1.9026
44.11273,-1.8638
44.1227,-1.6965
44.13268,-1.5927
44.14265,-1.3461
44.15266,-0.9615
44.16271,-0.2793
44.17276,0.2359
44.18282,0.4601
44.19286,0.4593
44.20292,0.3314
44.21296,0.1091
44.22301,-0.0524
44.23307,-0.2379
44.24311,-0.423
44.25317,-0.6387
44.26321,-0.9189
44.27327,-1.1534
44.28328,-1.3859
44.29328,-1.5972
44.30328,-1.8325
44.31327,-2.0219
44.32327,-2.1472
44.33326,-2.2221
44.34326,-2.2803
44.35326,-2.3176
44.36325,-2.3016
44.37325,-2.3046
44.38325,-2.2969
44.39325,-2.3074
44.40323,-2.3084
44.4132,-2.331
44.42316,-2.3433
44.43313,-2.3228
44.44309,-2.3292
44.45306,-2.3271
44.46302,-2.3197
44.47299,-2.3421
44.48296,-2.3508
44.49292,-2.338
44.50289,-2.2903
44.51286,-2.2658
44.52282,-2.2849
44.53281,-2.284
44.54281,-2.2876
44.5528,-2.2935
44.56279,-2.3156
44.57278,-2.3332
44.58278,-2.3461
44.59277,-2.3457
44.60276,-2.322
44.61275,-2.2659
44.62275,-2.252
44.63274,-2.233
44.64273,-2.223
44.65277,-2.216
44.66285,-2.213
44.67294,-2.1985
44.68302,-2.2027
44.6931,-2.2058
44.70319,-2.2271
44.71327,-2.2325
44.72335,-2.2287
44.73344,-2.2161
44.74352,-2.1952
44.7536,-2.1843
44.76369,-2.188
44.77377,-2.1965
44.78374,-2.2019
44.7937,-2.2377
44.80367,-2.2685
44.81363,-2.2736
44.8236,-2.253
44.83356,-2.2601
44.84353,-2.2689
44.85349,-2.2682
44.86346,-2.2746
44.87342,-2.2815
44.88339,-2.2903
44.89335,-2.2749
44.90333,-2.2727
44.91332,-2.2786
44.92331,-2.2902
44.93329,-2.2906
44.94328,-2.2703
44.95327,-2.2432
44.96326,-2.1971
44.97324,-2.1802
44.98323,-2.1643
44.99322,-2.1297
45.00321,-2.0932
45.0132,-2.0642
45.02319,-2.0209
45.03321,-1.9604
45.04323,-1.8988
45.05325,-1.8365
45.06327,-1.7707
45.07329,-1.6796
45.08331,-1.5231
45.09333,-1.3326
45.10335,-1.0147
45.11337,-0.7394
45.12339,-0.547
45.13341,-0.2868
45.14343,-0.1327
45.15343,-0.0465
45.16342,0.083
45.1734,0.1092
45.18339,0.0978
45.19337,0.0866
45.20336,0.0745
45.21334,0.0517
45.22332,0.0684
45.23331,0.0104
45.24329,-0.1666
45.25328,-0.4824
45.26326,-0.8029
45.27325,-1.09
45.28325,-1.3257
45.29325,-1.51
45.30325,-1.6377
45.31324,-1.7337
45.32324,-1.8495
45.33324,-1.99
45.34324,-2.0956
45.35323,-2.1674
45.36323,-2.2087
45.37323,-2.2059
45.38323,-2.2037
45.39323,-2.1833
45.40324,-2.1914
45.41326,-2.1885
45.42329,-2.1866
45.43331,-2.2055
45.44333,-2.2288
45.45336,-2.2445
45.46338,-2.2159
45.4734,-2.1711
45.48343,-2.1262
45.49345,-2.1565
45.50348,-2.171
45.5135,-2.1848
45.52352,-2.1716
45.53352,-2.2024
45.54351,-2.2484
45.5535,-2.2436
45.56349,-2.206
45.57348,-2.1575
45.58347,-2.1289
45.59346,-2.1154
45.60345,-2.102
45.61345,-2.1047
45.62344,-2.1068
45.63343,-2.1604
45.64342,-2.1959
45.6534,-2.2089
45.66338,-2.2104
45.67337,-2.2009
45.68335,-2.1756
45.69333,-2.1823
45.70331,-2.1535
45.71329,-2.1042
45.72327,-2.0757
45.73325,-2.0355
45.74323,-1.9707
45.75321,-1.9194
45.7632,-1.8518
45.77317,-1.7742
45.78328,-1.6734
45.79338,-1.6024
45.80348,-1.5384
45.81359,-1.6146
45.82369,-1.6682
45.83379,-1.5796
45.84389,-1.4398
45.85399,-1.2294
45.86409,-1.0869
45.8742,-0.9964
45.8843,-0.9024
45.8944,-0.7411
45.90445,-0.4175
45.91442,-0.5664
45.92439,-0.1828
45.93437,0.1461
45.94434,0.4806
45.95432,0.6176
45.96429,0.6633
45.97427,0.6458
45.98424,0.6154
45.99421,0.5212
46.00419,0.3643
46.01416,0.1512
46.02414,-0.0973
46.03415,-0.3574
46.04417,-0.5906
46.05418,-0.79
46.06419,-0.9454
46.07421,-1.0639
46.08422,-1.1583
46.09423,-1.3751
46.10425,-1.5632
46.11426,-1.648
46.12428,-1.7641
46.13429,-1.8386
46.1443,-1.9216
46.15431,-1.9617
46.16431,-1.9796
46.1743,-1.9997
46.1843,-2.0234
46.1943,-2.0585
46.2043,-2.1083
46.2143,-2.1271
46.2243,-2.1311
46.23429,-2.1106
46.24429,-2.0996
46.25429,-2.056
46.26429,-1.9881
46.27429,-1.9078
46.28429,-1.7837
46.29428,-1.636
46.30428,-1.4011
46.31427,-1.0938
46.32426,-0.6469
46.33426,-0.324
46.34425,0.0829
46.35425,0.1613
46.36425,0.5338
46.37424,0.9144
46.38424,0.5878
46.39423,0.4075
46.40423,0.9408
46.41423,1.9708
46.42422,2.4671
46.43422,2.7583
46.44423,2.7869
46.45422,2.7808
46.46422,2.8036
46.47422,2.8191
46.48422,2.7713
46.49422,2.654
46.50422,2.5164
46.51422,2.341
46.52422,2.1513
46.53422,1.9548
46.54422,1.7745
46.55421,1.5039
46.56421,1.1556
46.5742,0.7794
46.5842,0.3933
46.5942,0.0535
46.60419,-0.2784
46.61419,-0.6331
46.62418,-0.9918
46.63418,-1.2793
46.64418,-1.5626
46.65416,-1.7584
46.66413,-1.8677
46.67411,-1.9684
46.68408,-2.0294
46.69405,-2.1249
46.70402,-2.2132
46.71399,-2.2762
46.72396,-2.3098
46.73393,-2.3234
46.7439,-2.3051
46.75387,-2.2624
46.76384,-2.2014
46.77382,-2.1343
46.78391,-2.0653
46.79398,-2.0068
46.80405,-1.989
46.81412,-1.9521
46.8242,-1.888
46.83427,-1.7661
46.84434,-1.7356
46.85442,-1.5058
46.86449,-1.2553
46.87456,-1.1325
46.88463,-0.4287
46.89471,-0.1255
46.90472,0.0743
46.91467,0.2472
46.92463,0.2227
46.93457,0.1698
46.94453,0.17
46.95448,0.2204
46.96443,0.3378
46.97438,0.4509
46.98433,0.4824
46.99428,0.4335
47.00423,0.3673
47.01418,0.235
47.02414,0.0412
47.03421,-0.2376
47.04428,-0.6149
47.05436,-1.0093
47.06443,-1.3708
47.07451,-1.6415
47.08458,-1.8461
47.09466,-1.9833
47.10473,-2.0818
47.11481,-2.1469
47.12488,-2.1998
47.13496,-2.2519
47.14503,-2.3252
47.15506,-2.4028
47.16502,-2.4634
47.17498,-2.4939
47.18494,-2.5017
47.19491,-2.4814
47.20487,-2.4732
47.21484,-2.4676
47.2248,-2.4543
47.23476,-2.3759
47.24472,-2.3371
47.25469,-2.3313
47.26465,-2.31
47.27462,-2.321
47.28465,-2.3104
47.29468,-2.3152
47.30471,-2.3553
47.31474,-2.3829
47.32476,-2.3844
47.33479,-2.3756
47.34482,-2.3424
47.35485,-2.2996
47.36488,-2.2443
47.37491,-2.2105
47.38494,-2.1897
47.39497,-2.1753
47.40498,-2.1795
47.41498,-2.1922
47.42498,-2.1891
47.43498,-2.1829
47.44498,-2.1868
47.45498,-2.1311
47.46497,-2.085
47.47497,-2.0629
47.48497,-2.0242
47.49496,-1.8485
47.50496,-1.7837
47.51496,-2.0176
47.52496,-1.9062
47.53495,-1.6623
47.54495,-1.1117
47.55494,-0.5906
47.56494,-0.299
47.57493,-0.1984
47.58493,-0.1876
47.59492,-0.2536
47.60492,-0.3252
47.61491,-0.3994
47.6249,-0.4784
47.6349,-0.5856
47.64489,-0.7006
47.65489,-0.8283
47.66489,-0.9546
47.67489,-1.0902
47.68489,-1.2273
47.69489,-1.3715
47.70488,-1.4864
47.71488,-1.5675
47.72488,-1.639
47.73488,-1.6992
47.74488,-1.7568
47.75488,-1.7979
47.76488,-1.8347
47.77488,-1.9089
47.78488,-1.9964
47.79488,-2.0564
47.80487,-2.0842
47.81487,-2.1108
47.82487,-2.1321
47.83487,-2.1162
47.84486,-2.116
47.85486,-2.14
47.86486,-2.1593
47.87486,-2.1594
47.88485,-2.1438
47.89485,-2.1385
47.90484,-2.1335
47.91481,-2.1103
47.92478,-2.0864
47.93475,-2.0518
47.94473,-2.0365
47.9547,-2.0442
47.96467,-2.054
47.97464,-2.0475
47.98461,-2.0101
47.99458,-1.9392
48.00455,-1.8735
48.01452,-1.7649
48.02449,-1.6336
48.0346,-1.3637
48.04469,-1.0529
48.05479,-0.5553
48.06489,0.1285
48.07499,0.6717
48.08509,1.0421
48.09518,1.3371
48.10528,1.5652
48.11538,1.7175
48.12548,1.8309
48.13558,1.9078
48.14568,1.9522
48.15574,1.9491
48.16574,1.8979
48.17575,1.766
48.18576,1.5332
48.19577,1.2012
48.20578,0.8317
48.21579,0.4288
48.2258,-0.112
48.2358,-0.6979
48.24581,-1.2369
48.25582,-1.6412
48.26583,-1.9002
48.27584,-2.0553
48.28595,-2.1447
48.29606,-2.204
48.30618,-2.2644
48.31629,-2.3071
48.3264,-2.3287
48.33651,-2.3611
48.34662,-2.3998
48.35674,-2.4349
48.36684,-2.4882
48.37696,-2.4995
48.38707,-2.4524
48.39718,-2.4457
48.40718,-2.4466
48.41705,-2.4544
48.42693,-2.4395
48.4368,-2.4162
48.44668,-2.4071
48.45655,-2.4066
48.46643,-2.406
48.4763,-2.3551
48.48618,-2.2526
48.49605,-2.1338
48.50593,-1.9269
48.5158,-1.5852
48.52568,-1.119
48.53568,-0.5696
48.54568,-0.2274
48.55569,0.0309
48.56569,0.0616
48.57569,0.0425
48.58569,-0.0177
48.5957,-0.0184
48.6057,0.0262
48.6157,0.0458
48.6257,0.0388
48.6357,0.0175
48.64571,-0.0804
48.65571,-0.2967
48.66572,-0.513
48.67572,-0.7599
48.68573,-1.0153
48.69573,-1.2366
48.70573,-1.4398
48.71574,-1.6441
48.72575,-1.7908
48.73575,-1.8934
48.74575,-1.9564
48.75576,-2.0058
48.76576,-2.0375
48.77577,-2.067
48.78576,-2.1195
48.79575,-2.1705
48.80573,-2.1976
48.81572,-2.1873
48.8257,-2.1616
48.83569,-2.1493
48.84567,-2.1413
48.85565,-2.1085
48.86564,-2.0988
48.87562,-2.0529
48.88561,-1.9178
48.89559,-1.7651
48.90562,-1.6411
48.91568,-1.5321
48.92574,-1.4413
48.9358,-1.174
48.94587,-0.7052
48.95593,0.1177
48.96599,-0.3616
48.97605,0.565
48.98611,1.4316
48.99617,1.1992
49.00624,1.8549
49.0163,2.3551
49.02636,3.0529
49.03627,3.3831
49.04617,3.4018
49.05608,3.1923
49.06598,2.8976
49.07589,2.5231
49.08579,2.0457
49.0957,1.4942
49.1056,1.0181
49.11551,0.641
49.12542,0.3212
49.13532,0.0783
49.14523,-0.1449
49.15524,-0.4455
49.16534,-0.8348
49.17545,-1.2172
49.18556,-1.5568
49.19567,-1.79
49.20578,-1.9853
49.21588,-2.1884
49.22599,-2.3248
49.2361,-2.421
49.24621,-2.5127
49.25631,-2.6426
49.26642,-2.5491
49.27653,-2.5277
49.2866,-2.5122
49.29666,-2.5066
49.30672,-2.4927
49.31679,-2.5131
49.32685,-2.5013
49.33692,-2.4888
49.34698,-2.4542
49.35704,-2.4007
49.36711,-2.3357
49.37717,-2.2415
49.38724,-2.093
49.3973,-1.8909
49.40734,-1.7383
49.41734,-1.6442
49.42733,-1.5552
49.43733,-1.4767
49.44733,-0.9544
49.45733,-0.8517
49.46733,-0.5702
49.47733,-0.353
49.48733,0.3297
49.49733,0.526
49.50733,0.6528
49.51733,0.7334
49.52732,0.7867
49.53728,0.7835
49.54723,0.6622
49.55719,0.4762
49.56714,0.2422
49.5771,-0.0497
49.58705,-0.3742
49.597,-0.6893
49.60695,-0.9868
49.61691,-1.2378
49.62686,-1.4145
49.63681,-1.5428
49.64676,-1.6255
49.65671,-1.706
49.66664,-1.7642
49.67657,-1.8655
49.6865,-2.0054
49.69643,-2.1514
49.70636,-2.1691
49.7163,-2.2358
49.72623,-2.349
49.73616,-2.3943
49.74609,-2.4121
49.75602,-2.4186
49.76595,-2.4122
49.77588,-2.4309
49.78591,-2.4659
49.79593,-2.4612
49.80596,-2.4738
49.81598,-2.4074
49.82601,-2.4098
49.83603,-2.4092
49.84606,-2.4802
49.85608,-2.553
49.86611,-2.598
49.87613,-2.6098
49.88616,-2.6014
49.89618,-2.5636
49.9062,-2.5027
49.91619,-2.3885
49.92619,-2.2615
49.9362,-2.0828
49.94619,-1.8071
49.95619,-1.4616
49.96619,-1.1651
49.97619,-0.9668
49.98619,-0.9318
49.99619,-1.0189
50.00619,-0.8248
50.01619,-0.6699
50.02618,-0.0792
50.03619,0.4503
50.04619,1.1676
50.05619,1.6238
50.06618,1.6734
50.07618,1.729
50.08619,1.6984
50.09618,1.4839
50.10618,1.1549
50.11618,0.8361
50.12618,0.5266
50.13618,0.2159
50.14618,-0.0247
50.15619,-0.203
50.16618,-0.3708
50.17618,-0.5235
50.18618,-0.728
50.19618,-0.9985
50.20618,-1.2609
50.21618,-1.5108
50.22618,-1.7233
50.23618,-1.9306
50.24618,-2.1036
50.25618,-2.2581
50.26618,-2.392
50.27618,-2.5114
50.28617,-2.6156
50.29617,-2.6684
50.30616,-2.7018
50.31615,-2.7011
50.32614,-2.7024
50.33613,-2.6859
50.34613,-2.6563
50.35612,-2.6703
50.36611,-2.6305
50.3761,-2.6154
50.38609,-2.5926
50.39608,-2.5745
50.40612,-2.5522
50.4162,-2.5506
50.42628,-2.5252
50.43636,-2.5172
50.44643,-2.4866
50.45651,-2.4836
50.46659,-2.4766
50.47667,-2.4533
50.48674,-2.4338
50.49682,-2.4144
50.5069,-2.3584
50.51698,-2.3583
50.52706,-2.3905
50.5371,-2.4249
50.54713,-2.4047
50.55715,-2.3748
50.56717,-2.3629
50.5772,-2.3351
50.58722,-2.1859
50.59724,-1.9737
50.60727,-1.6005
50.61729,-1.185
50.62732,-0.8724
50.63734,-0.7909
50.64737,-1.8679
50.6574,-1.6321
50.66745,-1.5281
50.6775,-1.8393
50.68755,-1.8637
50.69759,-1.7396
50.70764,-1.6313
50.71769,-1.5937
50.72774,-1.6069
50.73778,-1.6487
50.74783,-1.714
50.75788,-1.8351
50.76793,-1.966
50.77797,-2.0809
50.78786,-2.1631
50.79775,-2.2193
50.80763,-2.2231
50.81752,-2.2087
50.82741,-2.2431
50.83729,-2.3035
50.84718,-2.3542
50.85706,-2.3789
50.86695,-2.3953
50.87683,-2.3951
50.88672,-2.3767
50.89661,-2.3444
50.90655,-2.3175
50.91654,-2.2944
50.92653,-2.2829
50.93653,-2.3107
50.94652,-2.3636
50.95651,-2.4042
50.9665,-2.4218
50.9765,-2.4084
50.98649,-2.3704
50.99648,-2.3387
51.00647,-2.3191
51.01647,-2.3219
51.02646,-2.331
51.03652,-2.3393
51.04657,-2.3426
51.05663,-2.3571
51.06668,-2.3588
51.07674,-2.3633
51.08679,-2.3712
51.09685,-2.3986
51.1069,-2.4137
51.11696,-2.4392
51.12701,-2.4724
51.13707,-2.5091
51.14712,-2.5442
51.15718,-2.4955
51.16724,-2.4686
51.17729,-2.4541
51.18734,-2.4596
51.1974,-2.4721
51.20745,-2.4983
51.21751,-2.4958
51.22756,-2.5122
51.23762,-2.5054
51.24767,-2.5318
51.25773,-2.5505
51.26778,-2.5426
51.27784,-2.5124
51.28784,-2.4808
51.29783,-2.4502
51.30783,-2.4713
51.31782,-2.4337
51.32782,-2.4542
51.33781,-2.4807
51.34781,-2.4849
51.3578,-2.4948
51.3678,-2.4869
51.3778,-2.4651
51.38779,-2.4355
51.39779,-2.4184
51.40778,-2.4319
51.41777,-2.4583
51.42776,-2.4708
51.43775,-2.4064
51.44774,-2.305
51.45773,-2.2458
51.46772,-2.1592
51.47771,-2.0196
51.48771,-1.8409
51.4977,-1.6704
51.50769,-1.5793
51.51768,-1.5627
51.52767,-1.4861
51.53771,-1.1073
51.54775,-0.5406
51.55779,0.0567
51.56783,0.5192
51.57787,0.878
51.58791,1.1127
51.59795,1.185
51.60799,1.1929
51.61804,1.2639
51.62808,1.4502
51.63812,1.6457
51.64816,1.8121
51.65816,1.9816
51.66812,2.1588
51.67808,2.3118
51.68804,2.3474
51.698,2.2249
51.70796,1.9525
51.71792,1.5617
51.72788,1.1954
51.73784,0.8954
51.7478,0.623
51.75776,0.3796
51.76772,0.1799
51.77768,0.0078
51.78766,-0.1638
51.79764,-0.3505
51.80761,-0.6019
51.81759,-0.9384
51.82757,-1.2671
51.83754,-1.529
51.84752,-1.6989
51.85749,-1.8162
51.86747,-1.9202
51.87745,-2.0078
51.88742,-2.0648
51.8974,-2.108
51.90739,-2.1567
51.91737,-2.1764
51.92735,-2.1818
51.93733,-2.1832
51.94731,-2.1959
51.95729,-2.2118
51.96727,-2.2372
51.97725,-2.3021
51.98723,-2.3434
51.99722,-2.3778
52.00719,-2.3915
52.01718,-2.3788
52.02716,-2.3536
52.03725,-2.3171
52.04734,-2.2911
52.05743,-2.2891
52.06752,-2.2756
52.07761,-2.2631
52.0877,-2.2419
52.09779,-2.2256
52.10788,-2.2167
52.11797,-2.207
52.12805,-2.2007
52.13814,-2.1932
52.14823,-2.1818
52.15823,-2.1678
52.16813,-2.1523
52.17804,-2.1334
52.18794,-2.1204
52.19785,-2.1097
52.20775,-2.1166
52.21765,-2.1133
52.22755,-2.137
52.23746,-2.1589
52.24736,-2.1857
52.25726,-2.2036
52.26717,-2.2396
52.27707,-2.286
52.28716,-2.3451
52.29725,-2.4098
52.30734,-2.4801
52.31744,-2.5337
52.32753,-2.5821
52.33762,-2.5984
52.34771,-2.6095
52.3578,-2.6332
52.36789,-2.6369
52.37798,-2.6543
52.38807,-2.6689
52.39816,-2.681
52.40818,-2.669
52.41811,-2.6517
52.42804,-2.6286
52.43797,-2.5932
52.44791,-2.5573
52.45784,-2.5242
52.46777,-2.5245
52.4777,-2.5033
52.48764,-2.449
52.49757,-2.336
52.5075,-2.1703
52.51743,-1.9349
52.52736,-1.6319
52.53742,-1.3406
52.54748,-1.041
52.55754,-0.6337
52.56759,-0.2934
52.57765,-0.0458
52.5877,0.124
52.59776,0.2968
52.60781,0.4342
52.61787,0.5595
52.62793,0.6612
52.63798,0.7078
52.64804,0.6484
52.65807,0.3921
52.66808,-0.0513
52.67809,-0.4886
52.68809,-0.8035
52.6981,-0.9937
52.70811,-1.1521
52.71811,-1.3781
52.72812,-1.5965
52.73813,-1.8046
52.74813,-1.9579
52.75814,-2.0875
52.76815,-2.176
52.77816,-2.2431
52.78816,-2.2962
52.79817,-2.351
52.80818,-2.3809
52.81819,-2.4006
52.82819,-2.4274
52.8382,-2.4426
52.84821,-2.4491
52.85822,-2.4726
52.86822,-2.5275
52.87823,-2.5536
52.88824,-2.539
52.89824,-2.5302
52.90825,-2.4923
52.91824,-2.4443
52.92823,-2.3999
52.93822,-2.36
52.9482,-2.3148
52.95819,-2.1937
52.96819,-1.9849
52.97817,-1.4873
52.98816,-0.7021
52.99815,0.1219
53.00814,0.7121
53.01813,0.6222
53.02812,0.2556
53.03814,-0.0546
53.04813,-0.4545
53.05813,-0.8755
53.06813,-1.1437
53.07813,-1.3478
53.08812,-1.4646
53.09812,-1.5698
53.10812,-1.6821
53.11811,-1.7765
53.12811,-1.8651
53.13811,-1.9662
53.14811,-2.0476
53.15811,-2.1137
53.16811,-2.1536
53.17811,-2.1598
53.18811,-2.1799
53.19811,-2.204
53.20811,-2.2245
53.21811,-2.2503
53.22811,-2.2587
53.23811,-2.2683
53.24811,-2.2651
53.25811,-2.2808
53.26811,-2.3016
53.27811,-2.3193
53.28811,-2.2979
53.29809,-2.2619
53.30808,-2.2132
53.31806,-2.1696
53.32805,-2.0649
53.33804,-1.7561
53.34802,-0.9753
53.35801,0.4865
53.368,1.6008
53.37798,1.9409
53.38797,1.8653
53.39795,1.4517
53.40796,0.9629
53.41796,0.5967
53.42798,0.2838
53.43799,-0.1074
53.448,-0.4444
53.45802,-0.7121
53.46803,-0.93
53.47804,-1.0826
53.48805,-1.2408
53.49806,-1.4651
53.50808,-1.6932
53.51809,-1.8862
53.5281,-2.052
53.53811,-2.1565
53.54811,-2.24
53.55812,-2.3054
53.56813,-2.4016
53.57813,-2.4675
53.58814,-2.5232
53.59814,-2.4986
53.60815,-2.4661
53.61816,-2.4047
53.62816,-2.3459
53.63817,-2.2837
53.64817,-2.2824
53.65818,-2.2848
53.66816,-2.2831
53.67815,-2.3117
53.68813,-2.3366
53.69811,-2.3373
53.7081,-2.2983
53.71808,-2.2228
53.72807,-2.1441
53.73805,-2.0363
53.74804,-1.7957
53.75802,-0.9293
53.76801,0.4575
53.77799,1.6203
53.78802,1.9791
53.79803,1.8215
53.80804,1.4096
53.81805,0.9221
53.82806,0.5555
53.83806,0.2845
53.84807,0.0912
53.85808,-0.0864
53.86809,-0.2739
53.8781,-0.5138
53.88811,-0.7205
53.89812,-0.8729
53.90816,-1.0472
53.91822,-1.239
53.92829,-1.4086
53.93835,-1.5493
53.94842,-1.6797
53.95848,-1.792
53.96855,-1.8846
53.97862,-1.9567
53.98868,-2.0259
53.99875,-2.074
54.00882,-2.1364
54.01888,-2.1759
54.02895,-2.2112
54.03896,-2.2422
54.04896,-2.2748
54.05897,-2.3032
54.06897,-2.3195
54.07898,-2.3464
54.08899,-2.3684
54.099,-2.3899
54.109,-2.4139
54.11901,-2.4047
54.12902,-2.3882
54.13902,-2.3481
54.14903,-2.3478
54.15903,-2.3608
54.16903,-2.3587
54.17902,-2.3878
54.18901,-2.4229
54.199,-2.4609
54.20899,-2.493
54.21898,-2.4978
54.22897,-2.5052
54.23896,-2.4697
54.24896,-2.417
54.25895,-2.3897
54.26894,-2.3768
54.27893,-2.3848
54.28893,-2.4135
54.29893,-2.4344
54.30893,-2.4207
54.31893,-2.3903
54.32893,-2.3769
54.33892,-2.3546
54.34892,-2.332
54.35892,-2.2811
54.36892,-2.1963
54.37892,-2.0897
54.38892,-1.9439
54.39891,-1.8523
54.40891,-1.6683
54.4189,-1.5042
54.4289,-0.3935
54.43889,0.7474
54.44889,0.5747
54.45889,0.0811
54.46888,0.0821
54.47887,0.1073
54.48887,-0.2829
54.49886,-0.1278
54.50886,-0.2064
54.51886,-0.2644
54.52885,-0.5044
54.53893,-0.755
54.54901,-0.9866
54.55908,-1.1615
54.56915,-1.3268
54.57922,-1.4716
54.5893,-1.6194
54.59937,-1.7219
54.60944,-1.8053
54.61951,-1.8717
54.62959,-1.9019
54.63966,-1.926
54.64973,-1.968
54.65976,-2.0249
54.66969,-2.088
54.67962,-2.161
54.68954,-2.2541
54.69947,-2.3365
54.7094,-2.3166
54.71933,-2.3546
54.72926,-2.3342
54.73919,-2.2931
54.74911,-2.2832
54.75904,-2.255
54.76897,-2.2722
54.7789,-2.2807
54.78887,-2.3087
54.79883,-2.3301
54.80879,-2.3274
54.81876,-2.344
54.82872,-2.3491
54.83868,-2.3499
54.84864,-2.3511
54.8586,-2.3297
54.86856,-2.2966
54.87852,-2.2384
54.88849,-2.1526
54.89845,-2.1246
54.90844,-2.1066
54.91846,-2.1096
54.92847,-2.1307
54.93849,-2.1597
54.9485,-2.1526
54.95852,-2.136
54.96853,-2.1055
54.97855,-2.0255
54.98856,-1.885
54.99858,-1.5829
55.00859,-1.1809
55.01861,-0.9251
55.02863,0.1404
55.03868,1.2145
55.04873,1.8333
55.05877,1.31
55.06882,2.0468
55.07887,1.9602
55.08892,2.9157
55.09896,3.3269
55.10901,3.3751
55.11906,2.994
55.12911,2.4807
55.13916,1.9745
55.1492,1.4644
55.15924,1.0144
55.16926,0.7102
55.17928,0.4458
55.1893,0.1319
55.19933,-0.3026
55.20935,-0.789
55.21937,-1.2065
55.22939,-1.5369
55.23941,-1.7332
55.24944,-1.8521
55.25946,-1.9393
55.26948,-2.0347
55.2795,-2.1389
55.28954,-2.287
55.29958,-2.3695
55.30962,-2.4518
55.31966,-2.4482
55.3297,-2.4723
55.33974,-2.4787
55.34978,-2.4851
55.35981,-2.5084
55.36985,-2.5118
55.37989,-2.5302
55.38993,-2.5259
55.39997,-2.5318
55.40997,-2.5421
55.41994,-2.5492
55.42992,-2.5663
55.43989,-2.596
55.44986,-2.6399
55.45983,-2.6935
55.4698,-2.7257
55.47977,-2.6997
55.48974,-2.6275
55.49971,-2.5615
55.50968,-2.5015
55.51965,-2.4859
55.52962,-2.4812
55.53962,-2.4696
55.54961,-2.4474
55.5596,-2.4246
55.5696,-2.4168
55.57959,-2.4166
55.58959,-2.3869
55.59958,-2.3385
55.60958,-2.302
55.61957,-2.2929
55.62957,-2.2797
55.63956,-2.2825
55.64956,-2.3037
55.65956,-2.3182
55.66957,-2.3307
55.67959,-2.3189
55.6896,-2.2763
55.69961,-2.1837
55.70963,-2.0484
55.71964,-1.8918
55.72965,-1.6741
55.73966,-1.4529
55.74968,-1.251
55.75969,-1.1357
55.7697,-1.0541
55.77971,-0.9937
55.7897,-1.1821
55.79967,-1.3788
55.80965,-1.3428
55.81962,-1.3129
55.8296,-1.279
55.83958,-1.3249
55.84955,-1.4064
55.85953,-1.5414
55.86951,-1.6961
55.87948,-1.8257
55.88946,-1.9139
55.89943,-2.021
55.90942,-2.1164
55.91942,-2.196
55.92941,-2.236
55.93941,-2.2642
55.9494,-2.2909
55.95939,-2.3118
55.96939,-2.3016
55.97938,-2.2501
55.98938,-2.1832
55.99937,-2.1496
56.00936,-2.162
56.01936,-2.2062
56.02935,-2.2556
56.03943,-2.3147
56.04951,-2.3484
56.05959,-2.3424
56.06966,-2.2941
56.07974,-2.2451
56.08982,-2.2376
56.0999,-2.208
56.10997,-2.176
56.12005,-2.1328
56.13013,-2.065
56.14021,-1.9561
56.15029,-1.8297
56.16034,-1.6366
56.17034,-1.3936
56.18034,-1.114
56.19035,-0.7899
56.20035,-0.5252
56.21036,-0.2854
56.22036,-0.0763
56.23037,0.111
56.24037,0.283
56.25037,0.441
56.26038,0.5447
56.27038,0.5512
56.28038,0.6098
56.29045,0.5093
56.30053,0.5192
56.3106,0.4411
56.32067,0.2067
56.33075,-0.1038
56.34082,-0.4225
56.35089,-0.7688
56.36097,-1.084
56.37104,-1.3416
56.38111,-1.5743
56.39119,-1.7887
56.40126,-1.9566
56.4113,-2.0823
56.4213,-2.1721
56.43129,-2.2319
56.44129,-2.2797
56.45128,-2.3309
56.46128,-2.3816
56.47127,-2.4524
56.48127,-2.5532
56.49126,-2.58
56.50126,-2.5889
56.51125,-2.5813
56.52125,-2.561
56.53125,-2.5377
56.54117,-2.5326
56.55109,-2.5033
56.56102,-2.4948
56.57093,-2.4892
56.58086,-2.5115
56.59078,-2.5421
56.6007,-2.56
56.61062,-2.592
56.62054,-2.6283
56.63046,-2.6449
56.64038,-2.644
56.65031,-2.5888
56.66025,-2.4923
56.67022,-2.4354
56.68018,-2.4117
56.69015,-2.4186
56.70012,-2.4291
56.71009,-2.4358
56.72005,-2.4289
56.73002,-2.3982
56.73999,-2.3126
56.74995,-2.1703
56.75992,-2.049
56.76989,-1.8159
56.77985,-1.4871
56.78988,-1.101
56.79991,-1.6143
56.80994,-1.7905
56.81996,-1.5822
56.82999,-0.7392
56.84002,-0.6779
56.85004,0.0303
56.86007,0.1694
56.87009,0.1522
56.88012,0.05
56.89015,-0.1737
56.90018,-0.5006
56.91018,-0.8452
56.92015,-1.1984
56.93011,-1.4852
56.94008,-1.7132
56.95005,-1.876
56.96001,-2.0039
56.96998,-2.1061
56.97994,-2.1828
56.98991,-2.2655
56.99987,-2.335
57.00984,-2.3697
57.01981,-2.3559
57.02977,-2.3482
57.03981,-2.2979
57.04984,-2.2948
57.05986,-2.2991
57.06989,-2.2835
57.07992,-2.2944
57.08995,-2.321
57.09998,-2.3726
57.11001,-2.3878
57.12004,-2.3883
57.13007,-2.3832
57.1401,-2.357
57.15013,-2.3292
57.16015,-2.3213
57.17017,-2.3029
57.18018,-2.2976
57.1902,-2.2758
57.20021,-2.2361
57.21023,-2.228
57.22025,-2.2077
57.23026,-2.1478
57.24028,-2.0266
57.25029,-1.8835
57.26031,-1.7809
57.27032,-1.5823
57.28034,-1.278
57.29037,-0.5628
57.3004,0.1386
57.31043,0.8786
57.32046,0.7369
57.33049,0.6772
57.34052,0.5368
57.35055,0.3573
57.36058,0.1764
57.37061,-0.0546
57.38063,-0.288
57.39066,-0.4716
57.40069,-0.6189
57.41072,-0.8011
57.42072,-1.0262
57.43073,-1.2056
57.44073,-1.38
57.45073,-1.5435
57.46074,-1.7173
57.47074,-1.8964
57.48074,-2.0329
57.49075,-2.1319
57.50075,-2.2173
57.51075,-2.2719
57.52076,-2.2752
57.53076,-2.2804
57.54081,-2.2792
57.55085,-2.3341
57.56089,-2.4138
57.57094,-2.5161
57.58098,-2.6033
57.59103,-2.6225
57.60107,-2.6515
57.61111,-2.6881
57.62116,-2.6661
57.6312,-2.6701
57.64125,-2.6786
57.65129,-2.7127
57.6613,-2.7232
57.67127,-2.7265
57.68124,-2.7428
57.69121,-2.7594
57.70118,-2.7571
57.71115,-2.7545
57.72112,-2.7641
57.73108,-2.728
57.74105,-2.7283
57.75102,-2.7311
57.76099,-2.774
57.77096,-2.7757
57.78093,-2.7897
57.7909,-2.7985
57.80087,-2.7906
57.81084,-2.7564
57.82082,-2.7046
57.83078,-2.6627
57.84076,-2.6482
57.85073,-2.6616
57.86069,-2.6783
57.87067,-2.6705
57.88064,-2.6493
57.89061,-2.6364
57.90058,-2.6218
57.91056,-2.6265
57.92055,-2.6346
57.93054,-2.6283
57.94053,-2.6233
57.95052,-2.5696
57.96051,-2.5578
57.97049,-2.5382
57.98048,-2.5049
57.99047,-2.4634
58.00046,-2.4142
58.01045,-2.3891
58.02044,-2.3647
58.03043,-2.3879
58.04045,-2.4318
58.05048,-2.4536
58.0605,-2.4312
58.07053,-2.4019
58.08055,-2.3452
58.09057,-2.2724
58.1006,-2.2195
58.11062,-2.1879
58.12065,-2.1238
58.13067,-2.0831
58.14069,-2.0382
58.15072,-1.9953
58.16073,-1.9794
58.17074,-1.9864
58.18075,-1.985
58.19076,-1.9767
58.20077,-1.9564
58.21078,-1.944
58.22079,-1.9584
58.2308,-1.9862
58.24081,-2.0373
58.25082,-2.0793
58.26083,-2.1097
58.27084,-2.1405
58.28085,-2.167
58.29092,-2.1953
58.30099,-2.2154
58.31105,-2.2167
58.32112,-2.2301
58.33118,-2.2554
58.34125,-2.2805
58.35132,-2.2993
58.36139,-2.335
58.37145,-2.4009
58.38152,-2.4681
58.39158,-2.5143
58.40165,-2.5396
58.41169,-2.5309
58.42171,-2.5779
58.43173,-2.6049
58.44175,-2.6209
58.45176,-2.5992
58.46178,-2.579
58.4718,-2.5791
58.48182,-2.604
58.49183,-2.6287
58.50185,-2.6393
58.51186,-2.6563
58.52188,-2.6925
58.5319,-2.7162
58.54189,-2.7251
58.55188,-2.7547
58.56187,-2.7883
58.57187,-2.8254
58.58186,-2.8437
58.59185,-2.8607
58.60184,-2.8738
58.61183,-2.8879
58.62183,-2.8864
58.63182,-2.8788
58.64181,-2.8707
58.6518,-2.8676
58.66183,-2.8985
58.6719,-2.945
58.68196,-2.989
58.69203,-2.9948
58.7021,-2.9786
58.71216,-2.9101
58.72223,-2.8138
58.73229,-2.746
58.74236,-2.8433
58.75242,-2.7967
58.76249,-2.7032
58.77255,-2.6422
58.78262,-2.6656
58.79256,-2.7431
58.80248,-2.7885
58.81241,-2.7524
58.82234,-2.7121
58.83226,-2.6632
58.84219,-2.6077
58.85212,-2.5381
58.86205,-2.4636
58.87197,-2.4567
58.8819,-2.4458
58.89183,-2.4578
58.90175,-2.5084
58.91172,-2.5415
58.92171,-2.5462
58.93169,-2.5454
58.94168,-2.5439
58.95168,-2.5209
58.96166,-2.48
58.97165,-2.4337
58.98164,-2.3945
58.99163,-2.3961
59.00162,-2.4025
59.01161,-2.4085
59.0216,-2.4325
59.03159,-2.4567
59.04155,-2.4664
59.0515,-2.4486
59.06146,-2.4387
59.07142,-2.4563
59.08138,-2.477
59.09134,-2.5009
59.1013,-2.5029
59.11126,-2.4875
59.12122,-2.4708
59.13118,-2.4373
59.14114,-2.4007
59.1511,-2.371
59.1611,-2.3762
59.17113,-2.4139
59.18117,-2.469
59.1912,-2.4891
59.20124,-2.4756
59.21127,-2.464
59.22131,-2.4684
59.23134,-2.4564
59.24138,-2.429
59.25141,-2.3674
59.26145,-2.343
59.27148,-2.3556
59.28152,-2.4085
59.29152,-2.4521
59.30152,-2.4374
59.31152,-2.3933
59.32152,-2.3273
59.33152,-2.2665
59.34152,-2.2282
59.35152,-2.2093
59.36152,-2.1823
59.37151,-2.1468
59.38151,-2.1913
59.39151,-2.1732
59.40151,-2.1806
59.41151,-2.1702
59.4215,-2.1226
59.43149,-2.096
59.44148,-2.1086
59.45148,-2.1283
59.46147,-2.1458
59.47146,-2.1507
59.48145,-2.1648
59.49145,-2.2062
59.50144,-2.248
59.51143,-2.292
59.52142,-2.3154
59.53142,-2.3247
59.54152,-2.328
59.55161,-2.3372
59.56169,-2.3283
59.57178,-2.3321
59.58186,-2.3856
59.59195,-2.4322
59.60203,-2.4651
59.61212,-2.4553
59.6222,-2.4283
59.63229,-2.3593
59.64237,-2.2555
59.65245,-2.1259
59.6625,-1.9262
59.67249,-1.7016
59.68249,-1.5801
59.69248,-1.5512
59.70248,-1.2281
59.71247,-0.776
59.72247,-0.3251
59.73246,-0.1641
59.74246,-0.0951
59.75245,-0.0639
59.76245,0.2168
59.77245,0.4563
59.78244,0.5475
59.79243,0.4883
59.80243,0.2203
59.81242,-0.0511
59.82241,-0.302
59.83241,-0.6341
59.8424,-0.9753
59.85239,-1.3183
59.86238,-1.6162
59.87238,-1.8358
59.88237,-2.0244
59.89236,-2.1578
59.90236,-2.2838
59.91234,-2.3943
59.92231,-2.5344
59.93228,-2.6258
59.94225,-2.6671
59.95222,-2.6936
59.96219,-2.7058
59.97216,-2.7129
59.98213,-2.7286
59.9921,-2.7206
60.00208,-2.7025
60.01205,-2.6534
60.02201,-2.5817
60.03199,-2.477
60.04202,-2.3754
60.05204,-2.2499
60.06206,-2.1331
60.07208,-1.9939
60.0821,-1.8261
60.09212,-1.5621
60.10215,-1.1068
60.11217,-0.4739
60.12219,-0.0915
60.13221,0.1557
60.14223,0.2649
60.15226,0.3178
60.16227,-0.3755
60.17226,-0.4912
60.18225,0.1442
60.19224,0.4164
60.20222,0.3982
60.21222,0.2566
60.22221,0.2029
60.2322,0.5867
60.24219,0.6822
60.25218,0.3611
60.26217,-0.0071
60.27216,-0.3291
60.28215,-0.6606
60.29215,-1.0207
60.30215,-1.3391
60.31216,-1.5809
60.32216,-1.7817
60.33216,-1.9553
60.34216,-2.1104
60.35216,-2.2441
60.36216,-2.3744
60.37217,-2.4963
60.38217,-2.6164
60.39217,-2.7332
60.40217,-2.7995
60.41217,-2.8167
60.42215,-2.8032
60.43212,-2.7806
60.44209,-2.7531
60.45207,-2.7664
60.46204,-2.7709
60.47202,-2.7243
60.48199,-2.7102
60.49196,-2.6498
60.50194,-2.6364
60.51191,-2.5765
60.52188,-2.5362
60.53186,-2.5204
60.54185,-2.489
60.55184,-2.4586
60.56182,-2.4058
60.57181,-2.3096
60.58179,-2.2126
60.59178,-2.121
60.60177,-1.9981
60.61176,-1.8055
60.62174,-1.4038
60.63173,-0.7941
60.64171,-0.1093
60.6517,0.5295
60.66175,1.0793
60.67187,1.4413
60.68199,1.7052
60.69211,1.8906
60.70223,2.0073
60.71235,2.0678
60.72247,2.0367
60.73259,1.9172
60.74271,1.7352
60.75283,1.4667
60.76295,1.0563
60.77307,0.5049
60.78319,-0.0487
60.79319,-0.4464
60.80318,-0.7874
60.81316,-1.0261
60.82315,-1.1843
60.83313,-1.3152
60.84312,-1.4822
60.8531,-1.6748
60.86309,-1.8586
60.87307,-2.0123
60.88306,-2.2037
60.89305,-2.3468
60.90303,-2.4521
60.91303,-2.5135
60.92303,-2.5574
60.93303,-2.6041
60.94303,-2.6466
60.95303,-2.6745
60.96303,-2.6947
60.97303,-2.7281
60.98303,-2.7463
60.99303,-2.7761
61.00303,-2.7751
61.01303,-2.7735
61.02303,-2.78
61.03302,-2.7723
61.04301,-2.7672
61.05298,-2.7309
61.06295,-2.673
61.07292,-2.604
61.08289,-2.5453
61.09286,-2.4581
61.10284,-2.3513
61.11281,-2.2564
61.12278,-1.9205
61.13275,-1.2906
61.14272,-0.947
61.15269,-1.289
61.16269,-1.1637
61.1727,-0.9185
61.18271,-0.8774
61.19272,-0.1932
61.20274,-0.0492
61.21275,-0.2729
61.22276,-0.1994
61.23277,-0.3303
61.24278,-0.8125
61.25279,-1.0878
61.26281,-1.4782
61.27282,-1.7223
61.28283,-1.9052
61.29284,-2.1021
61.30285,-2.2137
61.31286,-2.2053
61.32287,-2.2141
61.33288,-2.1587
61.34289,-2.1582
61.35289,-2.2199
61.3629,-2.2398
61.37291,-2.1902
61.38292,-2.0873
61.39293,-1.9011
61.40294,-1.8068
61.41294,-1.8112
61.42294,-1.9048
61.43293,-2.038
61.44293,-2.0854
61.45293,-2.0665
61.46292,-2.068
61.47292,-2.0494
61.48291,-2.0703
61.49291,-2.0615
61.50291,-2.0074
61.5129,-1.9535
61.5229,-1.9115
61.53289,-1.9643
61.5429,-1.9816
61.55289,-1.9451
61.56288,-1.8553
61.57288,-1.6589
61.58287,-1.3882
61.59286,-1.1298
61.60286,-0.9401
61.61285,-0.7531
61.62284,-0.4724
61.63284,-0.0917
61.64283,0.286
61.65282,0.9831
61.66282,1.6868
61.67281,2.2006
61.68281,2.5392
61.69281,2.4864
61.7028,2.3499
61.7128,2.3247
61.7228,2.35
61.7328,2.3928
61.74279,2.4107
61.75279,2.3602
61.76279,2.2465
61.77279,2.0401
61.78278,1.6441
61.79286,1.1062
61.80293,0.4941
61.813,-0.1437
61.82307,-0.7138
61.83314,-1.1662
61.8432,-1.4952
61.85328,-1.7748
61.86334,-2.0044
61.87341,-2.1932
61.88348,-2.3302
61.89355,-2.4185
61.90362,-2.4759
61.91364,-2.5488
61.92362,-2.6005
61.9336,-2.6413
61.94357,-2.6276
61.95355,-2.5797
61.96353,-2.5756
61.9735,-2.5606
61.98348,-2.5094
61.99346,-2.466
62.00343,-2.4442
62.01341,-2.3853
62.02339,-2.2908
62.03336,-2.06
62.04335,-1.5454
62.05334,-0.8077
62.06332,0.0808
62.07331,0.8626
62.0833,1.45
62.09329,1.7601
62.10328,2.0383
62.11326,2.1992
62.12325,2.2399
62.13324,2.1977
62.14322,2.034
62.15321,1.8509
62.1632,1.6744
62.1732,1.5005
62.1832,1.3353
62.1932,1.2383
62.20319,1.1127
62.21319,0.9359
62.22319,0.7108
62.23318,0.4068
62.24318,-0.0558
62.25318,-0.5374
62.26318,-0.9447
62.27317,-1.2997
62.28317,-1.5878
62.29322,-1.8254
62.30324,-2.0122
62.31327,-2.1512
62.32329,-2.2429
62.33332,-2.3075
62.34334,-2.3511
62.35337,-2.3591
62.36339,-2.4062
62.37342,-2.4538
62.38344,-2.4797
62.39347,-2.5207
62.40349,-2.4998
62.41352,-2.4369
62.42352,-2.3629
62.43351,-2.2688
62.4435,-2.1332
62.4535,-1.874
62.46349,-1.1836
62.47348,-0.1924
62.48348,1.1447
62.49347,1.8271
62.50347,1.9093
62.51346,1.8684
62.52345,1.5964
62.53345,1.2252
62.54345,0.9167
62.55342,0.6913
62.5634,0.5332
62.57338,0.48
62.58335,0.3977
62.59333,0.2517
62.60331,0.044
62.61329,-0.2285
62.62327,-0.4676
62.63324,-0.6376
62.64322,-0.953
62.6532,-1.3732
62.66319,-1.6863
62.67319,-1.8906
62.68319,-2.0327
62.6932,-2.1537
62.7032,-2.2309
62.7132,-2.2596
62.7232,-2.2451
62.7332,-2.2522
62.7432,-2.2635
62.7532,-2.2389
62.7632,-2.1749
62.7732,-2.0851
62.78321,-1.9593
62.79322,-1.5848
62.80324,-0.4805
62.81325,1.5996
62.82327,3.1787
62.83328,3.4731
62.8433,3.5572
62.85331,3.3522
62.86333,2.8734
62.87334,2.2298
62.88335,1.7686
62.89337,1.4363
62.90338,1.149
62.91342,0.8995
62.9235,0.6975
62.93357,0.5295
62.94365,0.3399
62.95372,-0.025
62.96379,-0.5375
62.97387,-1.1384
62.98394,-1.5946
62.99401,-1.8949
63.00409,-2.083
63.01416,-2.217
63.02423,-2.2972
63.03431,-2.3397
63.04428,-2.3551
63.05425,-2.3895
63.06422,-2.4233
63.07418,-2.4536
63.08415,-2.5281
63.09412,-2.5183
63.10408,-2.5018
63.11405,-2.4649
63.12402,-2.4539
63.13398,-2.4549
63.14395,-2.4814
63.15392,-2.4735
63.16392,-2.4384
63.17395,-2.3961
63.18398,-2.3112
63.19401,-2.1581
63.20404,-1.936
63.21407,-1.6574
63.2241,-0.6806
63.23413,0.6263
63.24416,1.9866
63.25419,0.5781
63.26422,0.3854
63.27425,1.1186
63.28428,1.4054
63.29435,-0.095
63.30442,0.0524
63.31448,0.2368
63.32454,0.2411
63.3346,0.0618
63.34467,-0.4243
63.35472,-0.8994
63.36479,-1.2769
63.37485,-1.63
63.38491,-1.958
63.39497,-2.2505
63.40504,-2.4922
63.41501,-2.6217
63.42491,-2.5301
63.43481,-2.4996
63.4447,-2.4382
63.4546,-2.4351
63.4645,-2.4068
63.47439,-2.3685
63.48429,-2.3871
63.49419,-2.4159
63.50408,-2.4441
63.51398,-2.4808
63.52388,-2.5402
63.53377,-2.6022
63.54385,-2.5671
63.55392,-2.5501
63.56399,-2.5477
63.57406,-2.5418
63.58413,-2.5678
63.5942,-2.5792
63.60427,-2.6152
63.61434,-2.6022
63.62441,-2.5799
63.63448,-2.5579
63.64455,-2.5122
63.65462,-2.4546
63.66463,-2.4188
63.67457,-2.3885
63.68451,-2.3779
63.69445,-2.4419
63.70439,-2.4794
63.71433,-2.4736
63.72427,-2.4705
63.73421,-2.4321
63.74415,-2.3489
63.75409,-2.2371
63.76403,-2.1429
63.77396,-2.0948
63.78391,-2.0488
63.79392,-1.9985
63.80392,-1.9068
63.81393,-1.8466
63.82394,-1.6752
63.83395,-1.4932
63.84396,-1.4072
63.85397,-1.4172
63.86398,-1.4114
63.87399,-1.4547
63.884,-1.533
63.894,-1.6162
63.90401,-1.6894
63.91406,-1.7964
63.92414,-1.9173
63.93422,-2.0466
63.94429,-2.1999
63.95436,-2.3333
63.96444,-2.4347
63.97452,-2.5015
63.98459,-2.5517
63.99467,-2.6137
64.00475,-2.6756
64.01482,-2.5587
64.02489,-2.6015
64.03497,-2.6173
64.04498,-2.6593
64.05497,-2.6404
64.06497,-2.6218
64.07497,-2.5942
64.08497,-2.5584
64.09497,-2.5079
64.10497,-2.4711
64.11497,-2.4428
64.12496,-2.4325
64.13496,-2.419
64.14496,-2.4053
64.15496,-2.401
64.16499,-2.3999
64.17506,-2.4033
64.18513,-2.4057
64.19521,-2.392
64.20528,-2.3852
64.21535,-2.4009
64.22541,-2.416
64.23548,-2.4341
64.24555,-2.4216
64.25562,-2.3802
64.26569,-2.3317
64.27576,-2.2938
64.28584,-2.3095
64.29585,-2.3276
64.30585,-2.3548
64.31585,-2.3575
64.32585,-2.3655
64.33585,-2.3816
64.34585,-2.3974
64.35585,-2.4008
64.36585,-2.3961
64.37585,-2.4005
64.38586,-2.3982
64.39586,-2.3972
64.40586,-2.4088
64.41582,-2.4215
64.42574,-2.4201
64.43566,-2.4413
64.44559,-2.4602
64.45551,-2.4698
64.46543,-2.452
64.47536,-2.4393
64.48528,-2.433
64.4952,-2.4453
64.50513,-2.4448
64.51505,-2.4463
64.52497,-2.4515
64.5349,-2.4594
64.54491,-2.4648
64.55493,-2.464
64.56494,-2.4653
64.57496,-2.468
64.58498,-2.4415
64.59499,-2.4457
64.605,-2.4365
64.61502,-2.4381
64.62504,-2.4206
64.63505,-2.4025
64.64507,-2.416
64.65508,-2.4342
64.6651,-2.4312
64.67506,-2.4441
64.68504,-2.4531
64.695,-2.4754
64.70497,-2.4915
64.71494,-2.5008
64.72491,-2.5071
64.73487,-2.5122
64.74484,-2.5066
64.75481,-2.5126
64.76478,-2.5055
64.77474,-2.4995
64.78471,-2.4777
64.79479,-2.4542
64.80487,-2.4451
64.81495,-2.427
64.82503,-2.4104
64.83511,-2.3885
64.84518,-2.3431
64.85526,-2.2813
64.86534,-2.2261
64.87542,-2.1397
64.8855,-2.0267
64.89558,-1.9054
64.90565,-1.7337
64.91566,-1.5437
64.92558,-1.4039
64.93549,-1.2721
64.94541,-1.1886
64.95533,-1.2694
64.96525,-1.3642
64.97517,-1.3732
64.98509,-1.3209
64.99501,-1.2885
65.00493,-1.1112
65.01485,-0.941
65.02477,-0.8288
65.03468,-0.7609
65.04466,-0.7151
65.05464,-0.6954
65.06462,-0.6986
65.07459,-0.7157
65.08457,-0.7675
65.09455,-0.8437
65.10453,-0.8959
65.1145,-0.9551
65.12448,-1.0547
65.13446,-1.1875
65.14443,-1.34
65.15441,-1.5034
65.16443,-1.6702
65.17448,-1.8693
65.18454,-2.0002
65.1946,-2.1025
65.20466,-2.1363
65.21471,-2.192
65.22477,-2.2658
65.23483,-2.3334
65.24489,-2.3818
65.25494,-2.4367
65.265,-2.5127
65.27506,-2.564
65.28512,-2.5919
65.29514,-2.6022
65.30515,-2.5993
65.31516,-2.5882
65.32517,-2.5862
65.33518,-2.5982
65.3452,-2.6223
65.35521,-2.6319
65.36522,-2.6506
65.37524,-2.655
65.38525,-2.6569
65.39526,-2.6565
65.40527,-2.6424
65.41528,-2.6445
65.42527,-2.6434
65.43526,-2.6121
65.44525,-2.5714
65.45524,-2.5282
65.46523,-2.5083
65.47522,-2.4751
65.48521,-2.4663
65.4952,-2.4809
65.5052,-2.5132
65.51518,-2.523
65.52518,-2.5157
65.53516,-2.4745
65.54519,-2.4187
65.55522,-2.3708
65.56525,-2.3521
65.57528,-2.3638
65.58531,-2.375
65.59534,-2.3819
65.60537,-2.4013
65.6154,-2.423
65.62543,-2.432
65.63546,-2.3944
65.64549,-2.3402
65.65553,-2.3154
65.66554,-2.2797
65.67554,-2.2506
65.68553,-2.2024
65.69553,-2.1355
65.70553,-2.0805
65.71552,-2.0187
65.72552,-1.8174
65.73551,-1.5594
65.74551,-1.3316
65.7555,-1.1927
65.7655,-1.1496
65.7755,-1.0231
65.78549,-0.8122
65.79549,-0.574
65.80548,-0.3816
65.81548,-0.3243
65.82547,-0.5486
65.83546,-0.6767
65.84546,-0.5976
65.85546,-0.5821
65.86546,-0.6261
65.87545,-0.6601
65.88544,-0.7148
65.89544,-0.8766
65.90543,-1.0861
65.91544,-1.3051
65.92543,-1.4957
65.93543,-1.64
65.94543,-1.8012
65.95542,-1.9399
65.96542,-2.0308
65.97542,-2.1049
65.98541,-2.1795
65.99541,-2.2796
66.00541,-2.3197
66.0154,-2.3653
66.02541,-2.3882
66.0354,-2.3492
66.0454,-2.3463
66.0554,-2.3515
66.06539,-2.368
66.07539,-2.3858
66.08539,-2.4228
66.09538,-2.4822
66.10538,-2.5192
66.11538,-2.5323
66.12537,-2.5454
66.13537,-2.5476
66.14537,-2.5027
66.15536,-2.441
66.16536,-2.4194
66.17536,-2.4278
66.18536,-2.4571
66.19536,-2.454
66.20535,-2.4326
66.21535,-2.4059
66.22535,-2.3763
66.23535,-2.3477
66.24535,-2.2689
66.25535,-2.1688
66.26534,-2.0573
66.27534,-1.9235
66.28534,-1.7356
66.29533,-1.6613
66.30533,-1.3462
66.31532,-1.4036
66.32532,-1.2859
66.33531,-1.3875
66.34531,-1.1068
66.3553,-0.7147
66.3653,-0.7353
66.37529,-0.7344
66.38528,-0.5448
66.39528,0.1078
66.40527,0.1638
66.41531,0.0014
66.42539,-0.0414
66.43547,-0.0514
66.44555,-0.1684
66.45562,-0.3184
66.4657,-0.509
66.47578,-0.7764
66.48585,-1.0156
66.49593,-1.2122
66.506,-1.3781
66.51608,-1.5052
66.52615,-1.6034
66.53623,-1.7073
66.54625,-1.7826
66.55624,-1.8447
66.56625,-1.8977
66.57624,-1.9648
66.58624,-2.0287
66.59624,-2.0845
66.60624,-2.1561
66.61623,-2.246
66.62624,-2.292
66.63624,-2.3455
66.64623,-2.3975
66.65623,-2.4393
66.66623,-2.4539
66.67622,-2.4701
66.68622,-2.477
66.69621,-2.4915
66.70621,-2.5225
66.71619,-2.5402
66.72619,-2.5388
66.73618,-2.5458
66.74618,-2.5631
66.75617,-2.5572
66.76616,-2.542
66.77615,-2.5188
66.78615,-2.5144
66.79616,-2.4986
66.80616,-2.4806
66.81616,-2.4754
66.82616,-2.4648
66.83617,-2.4591
66.84617,-2.4594
66.85617,-2.4664
66.86617,-2.4474
66.87617,-2.4491
66.88618,-2.4494
66.89618,-2.4895
66.90618,-2.5235
66.91618,-2.5331
66.92619,-2.5158
66.93619,-2.4799
66.94618,-2.4313
66.95618,-2.3937
66.96619,-2.3925
66.97618,-2.3917
66.98618,-2.3988
66.99618,-2.4138
67.00618,-2.4524
67.01618,-2.441
67.02618,-2.4133
67.03618,-2.3778
67.04617,-2.3808
67.05616,-2.3858
67.06615,-2.4202
67.07613,-2.4356
67.08612,-2.4568
67.09611,-2.4933
67.10609,-2.5197
67.11608,-2.5299
67.12607,-2.5257
67.13605,-2.4817
67.14604,-2.4504
67.15603,-2.4411
67.16602,-2.417
67.17603,-2.4007
67.18603,-2.3969
67.19603,-2.4214
67.20603,-2.4516
67.21603,-2.459
67.22604,-2.4665
67.23604,-2.4258
67.24604,-2.374
67.25604,-2.3317
67.26604,-2.2733
67.27605,-2.2041
67.28605,-2.1295
67.29601,-2.0698
67.30597,-2.0316
67.31593,-1.9417
67.3259,-1.8202
67.33585,-1.6468
67.34582,-1.4202
67.35578,-1.3335
67.36575,-1.1187
67.37571,-0.9032
67.38567,-0.7039
67.39563,-0.555
67.40559,-0.3949
67.4156,-0.2848
67.4256,-0.2203
67.43561,-0.2319
67.44562,-0.264
67.45563,-0.2905
67.46563,-0.2719
67.47564,-0.207
67.48565,-0.1299
67.49566,-0.0607
67.50567,0.077
67.51567,0.2271
67.52568,0.3856
67.53569,0.5778
67.54579,0.7347
67.55589,0.7413
67.56599,-0.2769
67.57608,-0.5773
67.58617,-0.9269
67.59627,-1.2743
67.60636,-0.7956
67.61646,-0.0589
67.62656,0.7257
67.63665,1.1614
67.64674,1.2863
67.65684,1.0014
67.66689,0.5905
67.67689,0.0412
67.68688,-0.5332
67.69688,-1.032
67.70687,-1.3879
67.71687,-1.5947
67.72687,-1.7713
67.73686,-1.8983
67.74686,-1.9853
67.75685,-2.046
67.76685,-2.0896
67.77685,-2.128
67.78684,-2.1499
67.79684,-2.1735
67.80684,-2.189
67.81684,-2.2154
67.82684,-2.2548
67.83685,-2.2776
67.84685,-2.313
67.85684,-2.3357
67.86684,-2.3699
67.87685,-2.3757
67.88685,-2.396
67.89685,-2.3821
67.90685,-2.3563
67.91686,-2.3439
67.92687,-2.3341
67.93688,-2.3041
67.9469,-2.3117
67.95691,-2.3353
67.96692,-2.3082
67.97693,-2.2955
67.98694,-2.2841
67.99695,-2.2532
68.00696,-2.1629
68.01697,-2.0603
68.02698,-1.9237
68.03699,-1.6892
68.04694,-1.4132
68.05688,-1.4685
68.06684,-1.6526
68.07679,-1.4389
68.08674,-1.2825
68.09669,-1.2221
68.10664,-0.4352
68.11658,0.2167
68.12653,0.6286
68.13649,0.7816
68.14644,0.7881
68.15639,0.6677
68.16637,0.4083
68.17641,0.1245
68.18643,-0.0545
68.19646,-0.1085
68.2065,-0.1207
68.21653,-0.1412
68.22655,-0.1212
68.23659,-0.1121
68.24662,-0.1102
68.25665,-0.0955
68.26668,-0.0017
68.27671,0.1909
68.28674,0.4525
68.29675,0.7033
68.30675,0.8676
68.31674,0.9648
68.32674,1.0505
68.33674,1.1148
68.34673,1.2087
68.35673,1.3511
68.36673,1.5064
68.37672,1.7236
68.38672,1.8943
68.39672,2.0044
68.40672,2.0618
68.41673,2.0833
68.42676,2.0979
68.43678,1.9747
68.44681,1.7325
68.45683,1.4174
68.46686,1.0238
68.47688,0.5462
68.48691,-0.0054
68.49693,-0.5735
68.50697,-1.0659
68.51699,-1.4311
68.52702,-1.6773
68.53704,-1.8686
68.54705,-2.018
68.55706,-2.1307
68.56706,-2.2124
68.57707,-2.2658
68.58708,-2.2996
68.59708,-2.2854
68.60709,-2.2537
68.6171,-2.249
68.62711,-2.2485
68.63712,-2.2591
68.64713,-2.2605
68.65713,-2.256
68.66715,-2.2566
68.67719,-2.2624
68.68723,-2.2679
68.69726,-2.279
68.7073,-2.2804
68.71733,-2.2996
68.72737,-2.3055
68.7374,-2.3044
68.74744,-2.3003
68.75748,-2.2759
68.76752,-2.2477
68.77755,-2.224
68.78759,-2.1834
68.79761,-2.1515
68.8076,-2.1399
68.8176,-2.127
68.8276,-2.1144
68.83759,-2.0667
68.84759,-1.9892
68.85758,-1.9188
68.86758,-1.9029
68.87757,-1.9161
68.88757,-1.9277
68.89756,-1.9577
68.90755,-1.9773
68.91756,-2.0253
68.92755,-2.0963
68.93755,-2.1626
68.94755,-2.2379
68.95755,-2.3097
68.96755,-2.3707
68.97755,-2.4237
68.98755,-2.4541
68.99755,-2.4684
69.00755,-2.4914
69.01755,-2.4853
69.02754,-2.4874
69.03754,-2.4989
69.04751,-2.5175
69.05747,-2.53
69.06744,-2.5354
69.07741,-2.5148
69.08738,-2.4937
69.09734,-2.4888
69.10732,-2.4875
69.11728,-2.4841
69.12724,-2.4634
69.13721,-2.4385
69.14718,-2.4091
69.15715,-2.3723
69.16717,-2.3318
69.17722,-2.2612
69.18728,-2.093
69.19733,-1.6865
69.20739,-0.9552
69.21745,0.0324
69.2275,0.9164
69.23755,1.3374
69.2476,1.4492
69.25766,1.5098
69.26772,1.6074
69.27777,2.1302
69.28783,2.588
69.29782,2.8788
69.30779,3.0294
69.31777,2.7957
69.32774,2.4187
69.33772,1.9513
69.34769,1.4009
69.35767,0.8579
69.36765,0.48
69.37762,0.2181
69.38759,-0.0018
69.39757,-0.1899
69.40754,-0.3823
69.41752,-0.5852
69.42751,-0.8264
69.43748,-1.0846
69.44746,-1.3148
69.45744,-1.5088
69.46742,-1.6803
69.47741,-1.8096
69.48739,-1.8999
69.49737,-1.9505
69.50735,-1.9973
69.51733,-2.0581
69.52731,-2.1096
69.53729,-2.1705
69.5473,-2.2225
69.55731,-2.2537
69.56732,-2.2927
69.57733,-2.3231
69.58733,-2.3518
69.59734,-2.3675
69.60735,-2.4002
69.61736,-2.4091
69.62737,-2.4193
69.63737,-2.4132
69.64738,-2.4027
69.65739,-2.4069
69.6674,-2.388
69.67738,-2.3707
69.68737,-2.3571
69.69735,-2.3837
69.70734,-2.4128
69.71732,-2.4138
69.72731,-2.4191
69.73729,-2.4213
69.74728,-2.4161
69.75726,-2.4139
69.76725,-2.4195
69.77723,-2.4256
69.78722,-2.4348
69.79727,-2.4319
69.80732,-2.4279
69.81738,-2.4181
69.82743,-2.4052
69.83748,-2.3984
69.84753,-2.3733
69.85759,-2.3486
69.86764,-2.3077
69.87769,-2.2561
69.88775,-2.2133
69.8978,-2.1661
69.90785,-2.1164
69.91791,-2.0755
69.92794,-2.0056
69.93797,-1.9181
69.948,-1.8631
69.95803,-1.8107
69.96806,-1.7758
69.97809,-1.7521
69.98812,-1.7406
69.99815,-1.7141
70.00818,-1.6486
70.01821,-1.4995
70.02824,-1.3525
70.03827,-1.1708
70.04827,-0.895
70.05826,-0.6289
70.06825,-0.4003
70.07824,-0.1857
70.08823,0.0244
70.09823,0.2527
70.10822,0.4736
70.11821,0.6725
70.1282,0.7857
70.13819,0.8091
70.14819,0.7766
70.15817,0.6949
70.16817,0.5575
70.17818,0.3821
70.18817,0.2241
70.19817,0.0031
70.20818,-0.214
70.21818,-0.4611
70.22817,-0.7359
70.23817,-1.0246
70.24818,-1.2906
70.25818,-1.5126
70.26817,-1.6724
70.27818,-1.7948
70.28818,-1.8946
70.29817,-1.9495
70.30817,-1.9836
70.31817,-2.0309
70.32816,-2.1073
70.33816,-2.2143
70.34815,-2.3228
70.35815,-2.3872
70.36814,-2.4298
70.37814,-2.4976
70.38814,-2.5607
70.39813,-2.5793
70.40813,-2.5867
70.41814,-2.6053
70.42815,-2.5644
70.43816,-2.5292
70.44817,-2.4968
70.45818,-2.5074
70.46819,-2.5286
70.4782,-2.5728
70.4882,-2.5906
70.49821,-2.5856
70.50822,-2.5374
70.51823,-2.5017
70.52824,-2.4946
70.53825,-2.5158
70.54826,-2.5269
70.55825,-2.5077
70.56825,-2.5227
70.57825,-2.4676
70.58824,-2.3685
70.59824,-2.3076
70.60824,-2.3474
70.61824,-2.4248
70.62823,-2.4384
70.63824,-2.4003
70.64823,-2.4186
70.65823,-2.402
70.66824,-2.3645
70.67822,-2.3307
70.68821,-2.3545
70.6982,-2.397
70.70818,-2.4211
70.71817,-2.4088
70.72816,-2.393
70.73815,-2.3712
70.74814,-2.3425
70.75813,-2.3266
70.76811,-2.3385
70.7781,-2.3325
70.78809,-2.3476
70.7981,-2.3793
70.80811,-2.4022
70.81812,-2.4143
70.82813,-2.4146
70.83814,-2.4082
70.84816,-2.3808
70.85817,-2.3293
70.86818,-2.3259
70.8782,-2.3151
70.88821,-2.3328
70.89822,-2.3696
70.90823,-2.3892
70.91826,-2.4144
70.92828,-2.436
70.9383,-2.4276
70.94832,-2.3623
70.95834,-2.3133
70.96836,-2.2857
70.97838,-2.3019
70.9884,-2.3234
70.99842,-2.3591
71.00845,-2.3827
71.01846,-2.3957
71.02849,-2.3885
71.03851,-2.3988
71.04853,-2.3843
71.05855,-2.3188
71.06857,-2.2852
71.07859,-2.292
71.08862,-2.3151
71.09863,-2.3188
71.10866,-2.3492
71.11868,-2.3977
71.1287,-2.4377
71.13872,-2.4221
71.14874,-2.3901
71.15876,-2.3493
71.16876,-2.3172
71.17873,-2.3011
71.18871,-2.3117
71.19868,-2.3247
71.20866,-2.364
71.21863,-2.3994
71.22861,-2.4203
71.23858,-2.4197
71.24856,-2.393
71.25853,-2.3632
71.2685,-2.3444
71.27848,-2.3184
71.28845,-2.3
71.29846,-2.3077
71.30846,-2.3077
71.31847,-2.3227
71.32847,-2.3354
71.33847,-2.3685
71.34847,-2.3862
71.35847,-2.408
71.36848,-2.3928
71.37848,-2.3818
71.38848,-2.3767
71.39848,-2.3638
71.40849,-2.3618
71.4185,-2.3737
71.42851,-2.3675
71.43852,-2.3614
71.44853,-2.3761
71.45853,-2.3742
71.46854,-2.3455
71.47855,-2.3612
71.48856,-2.3829
71.49857,-2.3751
71.50858,-2.3633
71.51859,-2.351
71.52859,-2.3741
71.5386,-2.3791
71.54858,-2.3668
71.55856,-2.3583
71.56853,-2.3632
71.57851,-2.3534
71.58849,-2.3435
71.59847,-2.3451
71.60845,-2.3523
71.61843,-2.3664
71.62841,-2.3854
71.63839,-2.4068
71.64837,-2.4055
71.65835,-2.3979
71.66837,-2.3914
71.67839,-2.3881
71.68842,-2.3784
71.69846,-2.372
71.70849,-2.3726
71.71852,-2.3831
71.72855,-2.39
71.73859,-2.3739
71.74862,-2.3695
71.75864,-2.384
71.76868,-2.3896
71.77871,-2.3861
71.78874,-2.3847
71.7987,-2.3964
71.80865,-2.4233
71.81861,-2.4235
71.82856,-2.424
71.83852,-2.4016
71.84847,-2.3877
71.85842,-2.3684
71.86838,-2.3496
71.87833,-2.3424
71.88828,-2.3465
71.89824,-2.3648
71.9082,-2.3904
71.91817,-2.41
71.92817,-2.4222
71.93817,-2.4277
71.94817,-2.4252
71.95817,-2.3948
71.96816,-2.3834
71.97816,-2.3698
71.98816,-2.3705
71.99815,-2.3709
72.00816,-2.3794
72.01815,-2.3696
72.02815,-2.3692
72.03815,-2.3703
72.04827,-2.3753
72.05837,-2.3648
72.06848,-2.3564
72.07858,-2.3507
72.08868,-2.3585
72.09879,-2.3433
72.10889,-2.3386
72.119,-2.3574
72.1291,-2.3698
72.13921,-2.3809
72.14931,-2.3791
72.15942,-2.3769
72.16949,-2.3707
72.17954,-2.3726
72.18959,-2.3791
72.19964,-2.3759
72.20969,-2.3862
72.21974,-2.3965
72.22979,-2.4075
72.23985,-2.4077
72.24989,-2.4013
72.25994,-2.3848
72.26999,-2.3864
72.28004,-2.3728
72.29009,-2.369
72.30003,-2.3653
72.30997,-2.3754
72.3199,-2.3812
72.32983,-2.3829
72.33977,-2.3726
72.3497,-2.3681
72.35963,-2.3637
72.36957,-2.3691
72.37951,-2.3827
72.38944,-2.3847
72.39938,-2.3934
72.40931,-2.3969
72.4193,-2.4019
72.4293,-2.3896
72.4393,-2.3738
72.4493,-2.3712
72.4593,-2.3639
72.4693,-2.3648
72.4793,-2.3648
72.4893,-2.3767
72.49931,-2.3928
72.50931,-2.3899
72.51931,-2.3946
72.52931,-2.3889
72.53931,-2.3809
72.54932,-2.3808
72.55931,-2.3746
72.56931,-2.3748
72.57931,-2.3864
72.5893,-2.3967
72.5993,-2.3983
72.6093,-2.3942
72.61929,-2.3812
72.6293,-2.3745
72.63929,-2.3762
72.64928,-2.3809
72.65929,-2.368
72.66927,-2.3707
72.67926,-2.3861
72.68925,-2.3943
72.69923,-2.4001
72.70921,-2.39
72.71919,-2.3916
72.72918,-2.3908
72.73917,-2.3839
72.74915,-2.3611
72.75913,-2.3522
72.76912,-2.3545
72.7791,-2.3699
72.78909,-2.3778
72.79911,-2.3909
72.80912,-2.3969
72.81912,-2.4126
72.82913,-2.4107
72.83914,-2.3929
72.84915,-2.3679
72.85915,-2.3533
72.86916,-2.356
72.87917,-2.3708
72.88918,-2.3779
72.89919,-2.3899
72.90919,-2.4001
72.91919,-2.4133
72.92916,-2.412
72.93913,-2.3906
72.9491,-2.365
72.95908,-2.3544
72.96905,-2.3577
72.97902,-2.3636
72.98899,-2.3639
72.99896,-2.3758
73.00893,-2.3967
73.01891,-2.4014
73.02888,-2.3857
73.03885,-2.3717
73.04888,-2.3666
73.05891,-2.3593
73.06893,-2.3604
73.07896,-2.3758
73.08898,-2.3935
73.09901,-2.4
73.10903,-2.4037
73.11905,-2.3954
73.12907,-2.3841
73.1391,-2.3717
73.14912,-2.3732
73.15915,-2.3641
73.16918,-2.3639
73.17922,-2.3644
73.18927,-2.3834
73.19931,-2.3955
73.20935,-2.3994
73.2194,-2.3969
73.22944,-2.3805
73.23948,-2.3783
73.24953,-2.3724
73.25957,-2.3659
73.26961,-2.3782
73.27966,-2.3874
73.2897,-2.3975
73.29969,-2.4011
73.30968,-2.3863
73.31968,-2.3801
73.32967,-2.3818
73.33967,-2.3803
73.34966,-2.3793
73.35966,-2.3767
73.36965,-2.3846
73.37965,-2.406
73.38964,-2.4085
73.39964,-2.3953
73.40963,-2.39
73.41965,-2.3872
73.42971,-2.3822
73.43977,-2.3753
73.44982,-2.3654
73.45987,-2.3719
73.46992,-2.3937
73.47998,-2.3963
73.49003,-2.4104
73.50008,-2.4047
73.51014,-2.41
73.5202,-2.399
73.53024,-2.3776
73.5403,-2.3671
73.55025,-2.3608
73.56019,-2.3707
73.57014,-2.3802
73.58008,-2.4063
73.59002,-2.4019
73.59997,-2.4063
73.60991,-2.4189
73.61986,-2.4094
73.6298,-2.3866
73.63974,-2.3667
73.64969,-2.372
73.65963,-2.3878
73.66962,-2.385
73.67965,-2.3844
73.68967,-2.3951
73.6997,-2.3975
73.70972,-2.3925
73.71975,-2.3793
73.72977,-2.3722
73.7398,-2.3711
73.74983,-2.3943
73.75986,-2.399
73.76988,-2.3938
73.77991,-2.3987
73.78993,-2.4034
73.7999,-2.4022
73.80988,-2.3797
73.81985,-2.3708
73.82983,-2.3704
73.8398,-2.3858
73.84977,-2.3812
73.85974,-2.3898
73.86971,-2.3988
73.87968,-2.4003
73.88966,-2.412
73.89963,-2.411
73.9096,-2.3891
73.91962,-2.3801
73.92964,-2.3709
73.93966,-2.3927
73.94968,-2.3889
73.95971,-2.3955
73.96973,-2.4016
73.97975,-2.4079
73.98978,-2.4081
73.9998,-2.3904
74.00983,-2.3826
74.01984,-2.3898
74.02987,-2.3974
74.03989,-2.4055
74.0499,-2.4131
74.05989,-2.4063
74.06988,-2.423
74.07987,-2.4279
74.08987,-2.4245
74.09985,-2.4151
74.10985,-2.401
74.11984,-2.3988
74.12983,-2.3956
74.13982,-2.3862
74.14982,-2.3815
74.15981,-2.4063
74.16978,-2.4059
74.17974,-2.3999
74.1897,-2.4074
74.19967,-2.4032
74.20963,-2.3902
74.21959,-2.3891
74.22955,-2.3896
74.23952,-2.3934
74.24948,-2.3946
74.25945,-2.3981
74.2694,-2.3927
74.27937,-2.3852
74.28933,-2.3652
74.29942,-2.3671
74.3095,-2.3817
74.31959,-2.3836
74.32967,-2.3787
74.33975,-2.3903
74.34984,-2.3941
74.35992,-2.4063
74.37,-2.3899
74.38008,-2.3754
74.39017,-2.372
74.40025,-2.3755
74.41033,-2.375
74.42038,-2.3758
74.43039,-2.3773
74.44039,-2.3949
74.45039,-2.4005
74.4604,-2.4001
74.47041,-2.3941
74.48042,-2.3882
74.49042,-2.3867
74.50042,-2.3959
74.51043,-2.3944
74.52043,-2.3798
74.53044,-2.3856
74.54044,-2.3931
74.55046,-2.3891
74.56048,-2.3821
74.57049,-2.3812
74.58051,-2.3814
74.59052,-2.3774
74.60053,-2.3826
74.61055,-2.3863
74.62057,-2.3855
74.63058,-2.3864
74.64059,-2.3968
74.65061,-2.3998
74.66063,-2.388
74.67064,-2.3941
74.68064,-2.3992
74.69064,-2.3874
74.70065,-2.3849
74.71066,-2.3769
74.72066,-2.3804
74.73066,-2.3894
74.74067,-2.3892
74.75067,-2.3901
74.76067,-2.3977
74.77068,-2.3987
74.78069,-2.3966
74.79069,-2.3939
74.80069,-2.3946
74.81068,-2.3851
74.82068,-2.3783
74.83068,-2.3789
74.84068,-2.3675
74.85067,-2.3796
74.86066,-2.3973
74.87067,-2.4052
74.88066,-2.406
74.89066,-2.3955
74.90066,-2.3977
74.91065,-2.3964
74.92065,-2.3902
74.93063,-2.3979
74.9406,-2.4004
74.95058,-2.3984
74.96055,-2.4
74.97052,-2.3969
74.9805,-2.3893
74.99047,-2.3662
75.00045,-2.3802
75.01042,-2.3824
75.02039,-2.3695
75.03037,-2.3684
75.04034,-2.3813
75.05034,-2.3946
75.06033,-2.4
75.07031,-2.3943
75.08031,-2.3908
75.09029,-2.3922
75.10028,-2.3882
75.11028,-2.3746
75.12026,-2.3638
75.13025,-2.3729
75.14024,-2.3884
75.15023,-2.4058
75.16022,-2.4024
75.17023,-2.391
75.18024,-2.3956
75.19025,-2.392
75.20025,-2.3799
75.21026,-2.3744
75.22026,-2.3743
75.23027,-2.3828
75.24028,-2.3888
75.25028,-2.3982
75.26029,-2.3987
75.2703,-2.3924
75.2803,-2.3951
75.29031,-2.3843
75.30029,-2.3763
75.31026,-2.3751
75.32024,-2.3816
75.33021,-2.3921
75.34018,-2.391
75.35016,-2.3917
75.36013,-2.3997
75.3701,-2.3997
75.38007,-2.393
75.39005,-2.3876
75.40002,-2.379
75.41,-2.3847
75.42004,-2.3971
75.43012,-2.3935
75.44022,-2.3904
75.45031,-2.3879
75.4604,-2.3971
75.4705,-2.4027
75.48058,-2.3906
75.49068,-2.3864
75.50077,-2.3846
75.51086,-2.3923
75.52095,-2.3876
75.53104,-2.3942
75.54114,-2.3894
75.55117,-2.3946
75.56119,-2.4056
75.57121,-2.3944
75.58123,-2.3933
75.59125,-2.3944
75.60126,-2.3966
75.61129,-2.405
75.62131,-2.402
75.63132,-2.3889
75.64135,-2.3901
75.65137,-2.3976
75.66138,-2.3941
75.67139,-2.3871
75.68138,-2.3833
75.69136,-2.3877
75.70135,-2.3934
75.71133,-2.3957
75.72132,-2.4024
75.73131,-2.3946
75.74129,-2.3941
75.75128,-2.3944
75.76126,-2.3809
75.77125,-2.3845
75.78123,-2.3954
75.79122,-2.3963
75.80122,-2.4077
75.81123,-2.3916
75.82124,-2.3928
75.83125,-2.3899
75.84125,-2.3825
75.85126,-2.3849
75.86126,-2.3813
75.87127,-2.3918
75.88127,-2.3931
75.89127,-2.3921
75.90128,-2.3981
75.91129,-2.4004
75.92128,-2.3849
75.93126,-2.3874
75.94123,-2.3924
75.9512,-2.3939
75.96118,-2.3829
75.97115,-2.3798
75.98112,-2.401
75.9911,-2.4052
76.00108,-2.3868
76.01105,-2.3908
76.02102,-2.3939
76.031,-2.4079
76.04097,-2.3783
76.05106,-2.3657
76.06114,-2.3788
76.07124,-2.3959
76.08132,-2.3945
76.09141,-2.3868
76.10149,-2.3866
76.11158,-2.3896
76.12167,-2.3951
76.13175,-2.3866
76.14185,-2.383
76.15193,-2.3871
76.16202,-2.3842
76.17203,-2.388
76.18196,-2.3777
76.19189,-2.3838
76.20183,-2.3816
76.21176,-2.3778
76.22169,-2.389
76.23163,-2.3923
76.24156,-2.3835
76.25149,-2.3829
76.26142,-2.3871
76.27135,-2.388
76.28129,-2.3862
76.29122,-2.3731
76.30119,-2.3839
76.31116,-2.3903
76.32114,-2.3776
76.33111,-2.3733
76.34107,-2.3764
76.35104,-2.3894
76.36102,-2.389
76.37099,-2.3779
76.38095,-2.3756
76.39092,-2.3828
76.40089,-2.3838
76.41087,-2.3747
76.42085,-2.3744
76.43085,-2.3727
76.44086,-2.3786
76.45086,-2.3794
76.46086,-2.3743
76.47086,-2.3753
76.48087,-2.3729
76.49087,-2.387
76.50087,-2.3899
76.51087,-2.3762
76.52087,-2.3725
76.53088,-2.3747
76.54088,-2.3691
76.55102,-2.3662
76.56116,-2.3667
76.5713,-2.3747
76.58144,-2.3816
76.59158,-2.3957
76.60172,-2.3872
76.61185,-2.3788
76.62199,-2.3757
76.63213,-2.3753
76.64227,-2.3673
76.65241,-2.3616
76.66255,-2.3818
76.67262,-2.3923
76.68259,-2.3936
76.69257,-2.3922
76.70254,-2.3904
76.71251,-2.3821
76.72249,-2.3813
76.73246,-2.3789
76.74243,-2.3735
76.75241,-2.3721
76.76238,-2.3794
76.77235,-2.387
76.78233,-2.3879
76.7923,-2.3904
76.80226,-2.379
76.8122,-2.3812
76.82214,-2.3812
76.83209,-2.3817
76.84203,-2.3818
76.85197,-2.3813
76.86192,-2.3948
76.87186,-2.389
76.88181,-2.3826
76.89175,-2.3772
76.9017,-2.3766
76.91164,-2.3757
76.92167,-2.377
76.93178,-2.3754
76.94188,-2.3698
76.95199,-2.3829
76.9621,-2.3935
76.97221,-2.3868
76.98232,-2.3818
76.99242,-2.3794
77.00253,-2.3892
77.01263,-2.3868
77.02274,-2.366
77.03285,-2.3592
77.04296,-2.3738
77.05287,-2.3746
77.06279,-2.3746
77.0727,-2.3636
77.08262,-2.3783
77.09253,-2.3825
77.10245,-2.3911
77.11236,-2.3749
77.12228,-2.3655
77.13219,-2.3609
77.1421,-2.3745
77.15202,-2.3729
77.16193,-2.3644
77.17189,-2.36
77.18189,-2.3762
77.19189,-2.3817
77.20188,-2.3769
77.21188,-2.3715
77.22187,-2.3685
77.23186,-2.379
77.24186,-2.3769
77.25185,-2.366
77.26186,-2.3529
77.27185,-2.3488
77.28185,-2.3662
77.29184,-2.3676
77.30181,-2.3664
77.31179,-2.3647
77.32176,-2.3677
77.33173,-2.3758
77.34171,-2.3759
77.35168,-2.3606
77.36166,-2.3619
77.37163,-2.3657
77.38161,-2.368
77.39158,-2.3607
77.40155,-2.3588
77.41152,-2.3668
77.42153,-2.3672
77.43156,-2.3668
77.44159,-2.3541
77.45161,-2.3562
77.46165,-2.3647
77.47167,-2.3614
77.4817,-2.3588
77.49173,-2.3629
77.50176,-2.3674
77.51179,-2.3697
77.52182,-2.3714
77.53185,-2.3656
77.54188,-2.3619
77.55188,-2.3602
77.56187,-2.3691
77.57188,-2.3629
77.58188,-2.3481
77.59188,-2.3401
77.60188,-2.3618
77.61189,-2.366
77.62189,-2.3682
77.63189,-2.3601
77.64189,-2.3657
77.65189,-2.369
77.6619,-2.3725
77.67189,-2.3618
77.68188,-2.3619
77.69188,-2.3594
77.70187,-2.3799
77.71187,-2.3632
77.72186,-2.3611
77.73186,-2.3662
77.74185,-2.3743
77.75185,-2.3759
77.76184,-2.3542
77.77184,-2.3561
77.78183,-2.3697
77.79182,-2.3631
77.8019,-2.3687
77.81197,-2.3512
77.82204,-2.346
77.83212,-2.3516
77.84219,-2.3539
77.85226,-2.3582
77.86234,-2.3585
77.87241,-2.3585
77.88248,-2.36
77.89255,-2.3595
77.90263,-2.3575
77.9127,-2.3529
77.92272,-2.3542
77.93269,-2.3687
77.94267,-2.3672
77.95264,-2.3577
77.96261,-2.3552
77.97258,-2.3621
77.98255,-2.365
77.99252,-2.3601
78.00249,-2.347
78.01246,-2.3586
78.02243,-2.36
78.0324,-2.3594
78.04237,-2.3568
78.05241,-2.3666
78.06244,-2.3678
78.07246,-2.3784
78.0825,-2.3705
78.09252,-2.3547
78.10255,-2.355
78.11258,-2.3505
78.1226,-2.3579
78.13264,-2.3535
78.14266,-2.3635
78.15269,-2.3666
78.16272,-2.3766
78.17275,-2.3749
78.18279,-2.3692
78.19282,-2.3638
78.20284,-2.3603
78.21288,-2.3583
78.22291,-2.3615
78.23294,-2.3446
78.24297,-2.3562
78.25301,-2.3681
78.26304,-2.3684
78.27307,-2.3579
78.2831,-2.3662
78.29314,-2.3681
78.30312,-2.3631
78.3131,-2.3655
78.32307,-2.3568
78.33305,-2.3493
78.34303,-2.3635
78.35301,-2.3748
78.36299,-2.3736
78.37298,-2.3652
78.38296,-2.3616
78.39294,-2.3517
78.40292,-2.3524
78.4129,-2.3604
78.42291,-2.3615
78.43294,-2.3568
78.44297,-2.3829
78.453,-2.3794
78.46303,-2.372
78.47305,-2.3613
78.48309,-2.3694
78.49311,-2.3639
78.50314,-2.3543
78.51317,-2.3488
78.5232,-2.3561
78.53323,-2.3579
78.54326,-2.3592
78.55323,-2.367
78.56318,-2.3597
78.57313,-2.3657
78.58308,-2.3667
78.59303,-2.3608
78.60298,-2.3514
78.61293,-2.3546
78.62289,-2.3541
78.63284,-2.368
78.64278,-2.3618
78.65274,-2.3604
78.66269,-2.3528
78.67265,-2.359
78.68261,-2.3698
78.69257,-2.3521
78.70254,-2.3533
78.7125,-2.366
78.72247,-2.3763
78.73243,-2.3732
78.74239,-2.3626
78.75236,-2.3576
78.76232,-2.3654
78.77229,-2.3619
78.78225,-2.3593
78.79221,-2.3502
78.80222,-2.3559
78.8122,-2.3745
78.8222,-2.3796
78.83219,-2.3663
78.84218,-2.3578
78.85217,-2.3647
78.86217,-2.3723
78.87215,-2.3638
78.88215,-2.3491
78.89214,-2.3542
78.90213,-2.3666
78.91212,-2.3636
78.92218,-2.3595
78.93227,-2.3642
78.94235,-2.3622
78.95244,-2.3684
78.96252,-2.3674
78.9726,-2.355
78.98269,-2.351
78.99277,-2.351
79.00286,-2.3705
79.01295,-2.3701
79.02303,-2.3704
79.03312,-2.3651
79.04321,-2.3727
79.05321,-2.3699
79.06321,-2.3608
79.07321,-2.3491
79.08321,-2.3603
79.09321,-2.3681
79.10321,-2.3765
79.11321,-2.3694
79.12321,-2.3735
79.13322,-2.3801
79.14322,-2.3861
79.15322,-2.3646
79.16322,-2.3507
79.17323,-2.3561
79.18323,-2.3584
79.19323,-2.3823
79.20323,-2.3736
79.21323,-2.3695
79.22323,-2.3788
79.23323,-2.3902
79.24323,-2.3713
79.25323,-2.3641
79.26324,-2.3606
79.27323,-2.3581
79.28323,-2.3678
79.29324,-2.3608
79.30322,-2.3612
79.31319,-2.3659
79.32317,-2.3717
79.33314,-2.3777
79.34311,-2.3634
79.35309,-2.3515
79.36306,-2.3506
79.37303,-2.3531
79.38301,-2.356
79.39298,-2.3561
79.40295,-2.3567
79.41293,-2.3716
79.42293,-2.3744
79.43295,-2.368
79.44297,-2.3574
79.453,-2.3558
79.46301,-2.3525
79.47304,-2.3571
79.48306,-2.3513
79.49308,-2.3457
79.50311,-2.3567
79.51312,-2.3718
79.52315,-2.3704
79.53316,-2.3669
79.54319,-2.361
79.55316,-2.3559
79.56313,-2.3621
79.5731,-2.3642
79.58307,-2.3539
79.59304,-2.3628
79.60301,-2.3603
79.61298,-2.3672
79.62295,-2.3644
79.63292,-2.3615
79.64288,-2.3638
79.65285,-2.3558
79.66283,-2.3639
79.67284,-2.3601
79.68285,-2.3625
79.69288,-2.3664
79.7029,-2.3564
79.71292,-2.3558
79.72294,-2.3531
79.73296,-2.3515
79.74298,-2.3565
79.75301,-2.3639
79.76302,-2.3612
79.77305,-2.3598
79.78307,-2.3658
79.79309,-2.3765
79.80309,-2.3706
79.81309,-2.3541
79.82308,-2.3479
79.83308,-2.3453
79.84307,-2.3523
79.85307,-2.3461
79.86307,-2.3519
79.87306,-2.3664
79.88306,-2.3776
79.89305,-2.3767
79.90305,-2.3675
79.91305,-2.3674
79.92305,-2.3645
79.93305,-2.346
79.94305,-2.3516
79.95305,-2.3475
79.96305,-2.356
79.97305,-2.3682
79.98305,-2.3729
79.99304,-2.3676
80.00304,-2.3674
80.01304,-2.3626
80.02304,-2.3755
80.03304,-2.3612
80.04304,-2.3555
80.05316,-2.3543
80.06329,-2.3561
80.07341,-2.3691
80.08353,-2.3633
80.09366,-2.3551
80.10378,-2.3536
80.11391,-2.3623
80.12403,-2.3646
80.13416,-2.3587
80.14428,-2.3621
80.1544,-2.3579
80.16453,-2.3698
80.17455,-2.3675
80.18448,-2.3498
80.1944,-2.3488
80.20433,-2.3503
80.21425,-2.3545
80.22417,-2.3501
80.2341,-2.3444
80.24403,-2.355
80.25395,-2.373
80.26388,-2.366
80.2738,-2.3584
80.28372,-2.3464
80.29365,-2.3581
80.30368,-2.3632
80.31371,-2.3523
80.32373,-2.3491
80.33376,-2.3538
80.34378,-2.3609
80.35381,-2.3655
80.36383,-2.3617
80.37386,-2.3515
80.38388,-2.3541
80.39391,-2.3588
80.40393,-2.3488
80.41396,-2.3513
80.42396,-2.3459
80.43393,-2.355
80.44391,-2.3584
80.45389,-2.3612
80.46386,-2.355
80.47384,-2.3651
80.48381,-2.365
80.49379,-2.3622
80.50377,-2.347
80.51374,-2.3457
80.52372,-2.3424
80.53369,-2.3561
80.54367,-2.3642
80.55371,-2.3498
80.56374,-2.3516
80.57378,-2.3542
80.58381,-2.372
80.59384,-2.3612
80.60387,-2.342
80.61391,-2.3504
80.62394,-2.3472
80.63397,-2.3527
80.644,-2.352
80.65404,-2.3479
80.66407,-2.3581
80.67411,-2.3621
80.68417,-2.3675
80.69422,-2.348
80.70428,-2.3485
80.71434,-2.3517
80.7244,-2.3453
80.73445,-2.3401
80.74451,-2.3457
80.75456,-2.3508
80.76463,-2.355
80.77468,-2.3583
80.78474,-2.3539
80.79479,-2.348
