time_s,measured_value
0.0099,-1.6297
0.0198,-1.6178
0.0297,-1.6182
0.0396,-1.6151
0.04951,-1.6366
0.05941,-1.6562
0.06931,-1.6451
0.07921,-1.6285
0.08911,-1.6289
0.09901,-1.6464
0.10891,-1.6464
0.11881,-1.6432
0.12873,-1.6436
0.13866,-1.6511
0.14859,-1.6697
0.15852,-1.6665
0.16845,-1.6619
0.17838,-1.6636
0.18831,-1.6801
0.19823,-1.6798
0.20816,-1.6956
0.21809,-1.6897
0.22802,-1.6931
0.23795,-1.6912
0.24788,-1.6864
0.25788,-1.6698
0.26789,-1.6506
0.27789,-1.6532
0.28789,-1.6441
0.29789,-1.6278
0.30789,-1.6322
0.31789,-1.6482
0.32789,-1.6647
0.3379,-1.6658
0.3479,-1.6627
0.3579,-1.6543
0.3679,-1.6572
0.37789,-1.6572
0.38786,-1.6627
0.39782,-1.6561
0.40779,-1.6582
0.41776,-1.6575
0.42772,-1.6726
0.43769,-1.678
0.44766,-1.6463
0.45762,-1.6353
0.46759,-1.6486
0.47756,-1.6481
0.48752,-1.6824
0.49749,-1.6825
0.50753,-1.7112
0.51756,-1.7153
0.52759,-1.7162
0.53763,-1.6998
0.54766,-1.6665
0.55769,-1.6344
0.56772,-1.6244
0.57776,-1.611
0.58779,-1.5829
0.59782,-1.5858
0.60785,-1.6227
0.61789,-1.6571
0.6279,-1.6987
0.6379,-1.7086
0.64789,-1.7058
0.65789,-1.7047
0.66788,-1.6911
0.67788,-1.6867
0.68787,-1.688
0.69787,-1.6942
0.70786,-1.6931
0.71785,-1.6747
0.72785,-1.6566
0.73784,-1.6521
0.74784,-1.6648
0.75791,-1.663
0.76798,-1.6757
0.77805,-1.6793
0.78812,-1.6931
0.79819,-1.6968
0.80827,-1.6987
0.81834,-1.6877
0.82841,-1.6897
0.83848,-1.7019
0.84855,-1.7093
0.85862,-1.7174
0.86869,-1.7121
0.87873,-1.7071
0.88873,-1.6906
0.89873,-1.6714
0.90873,-1.6617
0.91873,-1.6562
0.92873,-1.6666
0.93873,-1.6771
0.94873,-1.6624
0.95873,-1.6653
0.96873,-1.6806
0.97873,-1.701
0.98873,-1.7212
0.99873,-1.7089
1.00873,-1.6984
1.01873,-1.7172
1.02873,-1.7229
1.03872,-1.7159
1.04872,-1.7003
1.05872,-1.6692
1.06872,-1.673
1.07872,-1.6773
1.08872,-1.6695
1.09871,-1.6754
1.10871,-1.691
1.11871,-1.7099
1.12871,-1.7465
1.13872,-1.7443
1.14872,-1.7097
1.15872,-1.7073
1.16872,-1.7222
1.17872,-1.7045
1.18873,-1.6893
1.19873,-1.6758
1.20873,-1.6855
1.21873,-1.6801
1.22873,-1.6871
1.23874,-1.6894
1.24874,-1.6931
1.25871,-1.7174
1.26867,-1.7137
1.27864,-1.7144
1.28861,-1.6998
1.29857,-1.6927
1.30854,-1.7105
1.3185,-1.7062
1.32847,-1.686
1.33844,-1.6768
1.3484,-1.6886
1.35837,-1.7035
1.36833,-1.7102
1.37831,-1.6984
1.3883,-1.7083
1.39828,-1.7192
1.40827,-1.7178
1.41826,-1.7182
1.42824,-1.6992
1.43823,-1.695
1.44821,-1.7027
1.4582,-1.701
1.46818,-1.7024
1.47817,-1.7074
1.48815,-1.7265
1.49814,-1.7294
1.50819,-1.7345
1.51825,-1.7296
1.5283,-1.7278
1.53835,-1.7387
1.5484,-1.7527
1.55845,-1.7345
1.56851,-1.7272
1.57856,-1.7323
1.58861,-1.747
1.59866,-1.7517
1.60872,-1.7336
1.61877,-1.7314
1.62877,-1.7372
1.63872,-1.75
1.64866,-1.743
1.65861,-1.7381
1.66855,-1.7465
1.6785,-1.7589
1.68845,-1.7713
1.69839,-1.7585
1.70834,-1.7303
1.71829,-1.7292
1.72823,-1.7315
1.73818,-1.7368
1.74812,-1.7347
1.75812,-1.7303
1.76812,-1.747
1.77812,-1.7541
1.78811,-1.7484
1.79811,-1.7426
1.80811,-1.7428
1.81811,-1.7563
1.8281,-1.7381
1.8381,-1.7327
1.8481,-1.7236
1.85809,-1.7162
1.86809,-1.7107
1.87814,-1.7056
1.88822,-1.6862
1.89831,-1.6902
1.90839,-1.6992
1.91848,-1.696
1.92856,-1.6899
1.93865,-1.6681
1.94873,-1.6633
1.95882,-1.6729
1.9689,-1.6728
1.97899,-1.662
1.98907,-1.663
1.99916,-1.694
2.00915,-1.6994
2.01914,-1.6917
2.02913,-1.6939
2.03912,-1.6901
2.04911,-1.6944
2.0591,-1.6824
2.06909,-1.6594
2.07908,-1.6456
2.08907,-1.6525
2.09906,-1.6878
2.10905,-1.685
2.11904,-1.686
2.12904,-1.6849
2.13904,-1.6967
2.14904,-1.7098
2.15904,-1.6947
2.16904,-1.6744
2.17904,-1.6627
2.18904,-1.6791
2.19904,-1.6819
2.20904,-1.6725
2.21904,-1.668
2.22904,-1.6705
2.23904,-1.6913
2.24904,-1.6862
2.25904,-1.6911
2.26904,-1.6928
2.27903,-1.6839
2.28903,-1.6962
2.29903,-1.6949
2.30902,-1.6918
2.31902,-1.6845
2.32902,-1.7012
2.33901,-1.7005
2.34901,-1.6942
2.35901,-1.6875
2.369,-1.6913
2.379,-1.7047
2.389,-1.6921
2.399,-1.6859
2.409,-1.6828
2.419,-1.7041
2.429,-1.6978
2.43899,-1.6984
2.44899,-1.6999
2.45899,-1.7043
2.46899,-1.7104
2.47899,-1.7077
2.48899,-1.6932
2.49899,-1.6784
2.509,-1.692
2.51901,-1.7052
2.52901,-1.7093
2.53902,-1.7017
2.54903,-1.7084
2.55904,-1.7255
2.56904,-1.7297
2.57905,-1.7223
2.58906,-1.7033
2.59906,-1.6857
2.60907,-1.6982
2.61908,-1.7091
2.6291,-1.7043
2.63909,-1.7011
2.64908,-1.7182
2.65907,-1.7332
2.66907,-1.738
2.67906,-1.7145
2.68905,-1.7107
2.69904,-1.7177
2.70904,-1.7211
2.71903,-1.7183
2.72902,-1.7108
2.73901,-1.7205
2.74901,-1.7269
2.75901,-1.7171
2.76901,-1.7145
2.77901,-1.7144
2.78901,-1.7272
2.79901,-1.7362
2.80901,-1.7193
2.81902,-1.7227
2.82902,-1.7123
2.83902,-1.7166
2.84902,-1.7304
2.85902,-1.7275
2.86902,-1.7255
2.87901,-1.7366
2.88898,-1.7479
2.89895,-1.742
2.90893,-1.7235
2.9189,-1.6968
2.92887,-1.7062
2.93884,-1.7185
2.94881,-1.7206
2.95879,-1.7311
2.96876,-1.7313
2.97873,-1.7376
2.9887,-1.7298
2.99868,-1.7168
3.00876,-1.706
3.01883,-1.7175
3.02891,-1.7357
3.03898,-1.7259
3.04906,-1.7161
3.05914,-1.7148
3.06921,-1.7305
3.07929,-1.7367
3.08937,-1.7246
3.09944,-1.7044
3.10952,-1.712
3.11959,-1.7388
3.12964,-1.7361
3.13964,-1.7113
3.14964,-1.71
3.15965,-1.7176
3.16965,-1.719
3.17965,-1.7321
3.18965,-1.7227
3.19966,-1.7234
3.20966,-1.7279
3.21966,-1.7294
3.22967,-1.7235
3.23967,-1.7114
3.24967,-1.7164
3.2597,-1.7373
3.26973,-1.7293
3.27976,-1.7246
3.28979,-1.7166
3.29983,-1.726
3.30986,-1.7368
3.31989,-1.7377
3.32992,-1.7208
3.33995,-1.7189
3.34998,-1.72
3.36001,-1.7254
3.37004,-1.7109
3.38003,-1.7089
3.38999,-1.7187
3.39995,-1.7351
3.40991,-1.7379
3.41987,-1.7245
3.42984,-1.7219
3.4398,-1.7234
3.44976,-1.7156
3.45972,-1.7129
3.46968,-1.7057
3.47964,-1.7061
3.4896,-1.7117
3.49956,-1.7242
3.50958,-1.7319
3.5196,-1.7212
3.52961,-1.7273
3.53963,-1.7336
3.54965,-1.7305
3.55967,-1.7207
3.56969,-1.7212
3.57971,-1.7255
3.58973,-1.7243
3.59974,-1.7132
3.60976,-1.6944
3.61978,-1.7042
3.62983,-1.7172
3.6399,-1.711
3.64997,-1.7168
3.66004,-1.7163
3.67011,-1.7357
3.68018,-1.7337
3.69025,-1.7292
3.70032,-1.7172
3.71039,-1.7049
3.72046,-1.7177
3.73053,-1.7051
3.74059,-1.7032
3.75066,-1.7002
3.7606,-1.7069
3.77054,-1.7242
3.78048,-1.7292
3.79042,-1.7193
3.80035,-1.7141
3.81029,-1.7131
3.82023,-1.7115
3.83016,-1.7092
3.8401,-1.7035
3.85004,-1.6948
3.85998,-1.7084
3.86991,-1.7046
3.87997,-1.7088
3.89013,-1.7066
3.90029,-1.7218
3.91046,-1.731
3.92062,-1.7197
3.93078,-1.7146
3.94095,-1.7065
3.95111,-1.7013
3.96127,-1.7114
3.97144,-1.6989
3.9816,-1.6942
3.99176,-1.6851
4.00193,-1.7065
4.01176,-1.6988
4.02159,-1.7029
4.03142,-1.7162
4.04125,-1.7142
4.05108,-1.7162
4.06091,-1.7085
4.07074,-1.7007
4.08057,-1.6969
4.09039,-1.708
4.10022,-1.7107
4.11005,-1.6893
4.11988,-1.6937
4.12983,-1.687
4.13988,-1.7094
4.14992,-1.7151
4.15997,-1.716
4.17002,-1.7105
4.18007,-1.7126
4.19012,-1.7132
4.20017,-1.7036
4.21022,-1.7011
4.22027,-1.7021
4.23032,-1.7078
4.24036,-1.7141
4.25041,-1.7084
4.26041,-1.7109
4.2704,-1.7125
4.2804,-1.7269
4.29039,-1.7129
4.30039,-1.7056
4.31038,-1.7096
4.32037,-1.7122
4.33037,-1.7085
4.34036,-1.7144
4.35035,-1.7038
4.36035,-1.7099
4.37034,-1.7166
4.38035,-1.7178
4.39038,-1.7118
4.4004,-1.7028
4.41043,-1.7053
4.42046,-1.7063
4.43048,-1.694
4.44051,-1.6851
4.45053,-1.691
4.46056,-1.7027
4.47058,-1.7104
4.48061,-1.7074
4.49064,-1.701
4.50066,-1.7168
4.51066,-1.7323
4.52066,-1.7253
4.53066,-1.7192
4.54066,-1.7096
4.55066,-1.7119
4.56066,-1.7128
4.57066,-1.6875
4.58066,-1.6821
4.59066,-1.7004
4.60065,-1.7136
4.61065,-1.7148
4.62065,-1.7093
4.63066,-1.7012
4.64066,-1.7197
4.65067,-1.7359
4.66067,-1.7272
4.67068,-1.7097
4.68068,-1.7071
4.69069,-1.7168
4.70069,-1.7106
4.7107,-1.6912
4.7207,-1.6902
4.73071,-1.6906
4.74071,-1.7043
4.75072,-1.6997
4.76071,-1.7038
4.77069,-1.6988
4.78067,-1.7175
4.79066,-1.7152
4.80064,-1.7105
4.81063,-1.697
4.82061,-1.7048
4.8306,-1.7079
4.84058,-1.7128
4.85056,-1.7011
4.86055,-1.6918
4.87053,-1.7026
4.88054,-1.7152
4.89056,-1.7096
4.90058,-1.7046
4.9106,-1.7048
4.92062,-1.7299
4.93064,-1.7262
4.94066,-1.7143
4.95068,-1.7104
4.9607,-1.721
4.97072,-1.7273
4.98074,-1.7241
4.99076,-1.7003
5.00078,-1.6835
5.01076,-1.6997
5.02074,-1.7159
5.03072,-1.7071
5.0407,-1.7139
5.05068,-1.7104
5.06066,-1.7291
5.07064,-1.7179
5.08062,-1.696
5.0906,-1.6872
5.10058,-1.718
5.11056,-1.7041
5.12054,-1.7154
5.13052,-1.7084
5.14051,-1.6984
5.15049,-1.7102
5.16048,-1.7166
5.17047,-1.6989
5.18045,-1.6871
5.19044,-1.6889
5.20042,-1.708
5.21041,-1.7137
5.2204,-1.7101
5.23038,-1.6912
5.24037,-1.7118
5.25035,-1.7134
5.26047,-1.707
5.27059,-1.7014
5.2807,-1.7011
5.29082,-1.7034
5.30093,-1.7069
5.31105,-1.6979
5.32116,-1.6952
5.33128,-1.7014
5.34139,-1.7092
5.35151,-1.7023
5.36162,-1.7094
5.37174,-1.6907
5.38178,-1.71
5.39175,-1.7143
5.40171,-1.705
5.41168,-1.7025
5.42164,-1.7095
5.4316,-1.7097
5.44157,-1.7063
5.45153,-1.6989
5.4615,-1.6896
5.47146,-1.6968
5.48143,-1.7095
5.49139,-1.6952
5.50136,-1.6838
5.51133,-1.6745
5.52129,-1.6974
5.53126,-1.71
5.54122,-1.6947
5.55119,-1.6857
5.56115,-1.7082
5.57112,-1.7213
5.58109,-1.7137
5.59105,-1.7095
5.60102,-1.7144
5.61098,-1.7135
5.62095,-1.7165
5.63094,-1.705
5.64095,-1.6875
5.65095,-1.6812
5.66096,-1.6989
5.67097,-1.7004
5.68097,-1.7022
5.69098,-1.7062
5.70099,-1.7113
5.71099,-1.7225
5.721,-1.7027
5.73101,-1.6898
5.74102,-1.6885
5.75102,-1.7088
5.76105,-1.7101
5.77107,-1.7063
5.7811,-1.6945
5.79112,-1.6988
5.80115,-1.7224
5.81117,-1.7319
5.82119,-1.7167
5.83122,-1.7018
5.84124,-1.7065
5.85127,-1.7095
5.86129,-1.7044
5.87132,-1.6892
5.88133,-1.6961
5.89132,-1.7046
5.90132,-1.7117
5.91131,-1.697
5.92131,-1.6907
5.9313,-1.6851
5.9413,-1.6954
5.95129,-1.7009
5.96129,-1.7031
5.97128,-1.6952
5.98128,-1.7141
5.99127,-1.708
6.00127,-1.7036
6.01126,-1.6922
6.02126,-1.7023
6.03125,-1.7178
6.04125,-1.707
6.05124,-1.7031
6.06124,-1.6981
6.07123,-1.6956
6.08123,-1.6958
6.09123,-1.7003
6.10122,-1.6883
6.11122,-1.6945
6.12121,-1.7076
6.1312,-1.6982
6.14118,-1.6883
6.15116,-1.6855
6.16114,-1.6995
6.17112,-1.7088
6.1811,-1.7066
6.19108,-1.6926
6.20106,-1.7006
6.21104,-1.699
6.22102,-1.6964
6.231,-1.6891
6.24098,-1.689
6.25096,-1.6915
6.26106,-1.7011
6.27115,-1.7024
6.28124,-1.6832
6.29133,-1.6887
6.30142,-1.7032
6.31152,-1.7156
6.32161,-1.7058
6.3317,-1.7012
6.34179,-1.6967
6.35188,-1.701
6.36197,-1.7023
6.37207,-1.6833
6.3821,-1.675
6.39206,-1.69
6.40202,-1.7041
6.41199,-1.705
6.42195,-1.7048
6.43192,-1.6931
6.44188,-1.7059
6.45184,-1.7106
6.46181,-1.7021
6.47177,-1.6858
6.48174,-1.6868
6.4917,-1.6969
6.50166,-1.6982
6.5117,-1.6792
6.52173,-1.6758
6.53176,-1.7012
6.5418,-1.7085
6.55183,-1.6987
6.56186,-1.7005
6.57189,-1.697
6.58193,-1.6918
6.59196,-1.7033
6.60199,-1.6849
6.61202,-1.6799
6.62206,-1.689
6.63209,-1.6935
6.64209,-1.6888
6.65208,-1.6783
6.66208,-1.6855
6.67207,-1.6961
6.68207,-1.7043
6.69207,-1.6965
6.70206,-1.6809
6.71206,-1.6906
6.72205,-1.69
6.73205,-1.6948
6.74205,-1.6925
6.75204,-1.6909
6.76204,-1.6985
6.77204,-1.7174
6.78204,-1.7006
6.79203,-1.6794
6.80203,-1.6804
6.81203,-1.687
6.82203,-1.7012
6.83202,-1.7061
6.84202,-1.7094
6.85202,-1.7131
6.86201,-1.7131
6.87201,-1.7067
6.882,-1.6865
6.89199,-1.6884
6.90197,-1.6974
6.91196,-1.6952
6.92194,-1.6885
6.93193,-1.6877
6.94191,-1.6776
6.9519,-1.6929
6.96189,-1.6953
6.97187,-1.6846
6.98186,-1.6824
6.99184,-1.6904
7.00183,-1.6967
7.01181,-1.6854
7.02178,-1.6793
7.03175,-1.6886
7.04172,-1.7035
7.0517,-1.6893
7.06167,-1.6874
7.07164,-1.6787
7.08162,-1.6845
7.09159,-1.7054
7.10156,-1.6954
7.11154,-1.696
7.12151,-1.699
7.13151,-1.7105
7.14154,-1.7037
7.15157,-1.6868
7.1616,-1.6919
7.17163,-1.6982
7.18166,-1.7146
7.19169,-1.7141
7.20172,-1.7013
7.21175,-1.6955
7.22178,-1.7062
7.2318,-1.7163
7.24183,-1.7004
7.25186,-1.6851
7.26186,-1.6978
7.27186,-1.7142
7.28186,-1.7209
7.29186,-1.7128
7.30186,-1.6917
7.31186,-1.696
7.32186,-1.7132
7.33186,-1.7023
7.34186,-1.6949
7.35186,-1.6906
7.36186,-1.7098
7.37186,-1.7216
7.38189,-1.7062
7.39193,-1.7076
7.40197,-1.7103
7.41201,-1.7125
7.42205,-1.7084
7.43209,-1.693
7.44213,-1.6979
7.45217,-1.7031
7.46221,-1.7061
7.47225,-1.7049
7.48229,-1.6982
7.49233,-1.697
7.50237,-1.7131
7.5124,-1.7161
7.52242,-1.7033
7.53244,-1.699
7.54247,-1.6994
7.55249,-1.7099
7.56251,-1.7005
7.57253,-1.6954
7.58255,-1.7033
7.59258,-1.7202
7.6026,-1.7246
7.61262,-1.7123
7.62264,-1.6959
7.63264,-1.6983
7.64262,-1.714
7.65259,-1.7103
7.66256,-1.7049
7.67253,-1.6961
7.6825,-1.7064
7.69248,-1.7206
7.70245,-1.7215
7.71242,-1.6973
7.72239,-1.6892
7.73236,-1.7125
7.74233,-1.7265
7.75231,-1.7259
7.76234,-1.7038
7.77238,-1.6949
7.78241,-1.7077
7.79244,-1.7067
7.80248,-1.6947
7.81251,-1.6938
7.82255,-1.7051
7.83258,-1.7159
7.84261,-1.7022
7.85265,-1.6998
7.86268,-1.6865
7.87271,-1.6975
7.88273,-1.7081
7.89271,-1.7144
7.9027,-1.7049
7.91269,-1.7024
7.92267,-1.7109
7.93266,-1.7158
7.94265,-1.6986
7.95263,-1.7004
7.96262,-1.7052
7.97261,-1.7095
7.98259,-1.6932
7.99258,-1.6926
8.00257,-1.6988
8.01253,-1.7217
8.02249,-1.7234
8.03246,-1.7087
8.04242,-1.7027
8.05238,-1.7068
8.06234,-1.7133
8.0723,-1.7146
8.08227,-1.7048
8.09223,-1.7084
8.10219,-1.721
8.11215,-1.717
8.12212,-1.7013
8.13212,-1.6988
8.14215,-1.6979
8.15219,-1.7105
8.16223,-1.7044
8.17226,-1.6929
8.1823,-1.6881
8.19233,-1.6993
8.20237,-1.7091
8.21241,-1.7133
8.22244,-1.7044
8.23248,-1.7103
8.24251,-1.7226
8.25255,-1.7203
8.26255,-1.7055
8.27255,-1.7023
8.28255,-1.7032
8.29254,-1.717
8.30254,-1.7107
8.31254,-1.6885
8.32254,-1.6925
8.33254,-1.7001
8.34253,-1.7035
8.35253,-1.7021
8.36253,-1.694
8.37253,-1.6953
8.38251,-1.7144
8.39248,-1.7085
8.40245,-1.7017
8.41242,-1.6947
8.42238,-1.701
8.43235,-1.6988
8.44232,-1.688
8.45229,-1.6979
8.46225,-1.7089
8.47222,-1.7262
8.48219,-1.722
8.49215,-1.7219
8.50212,-1.706
8.51223,-1.7101
8.52234,-1.7197
8.53245,-1.7163
8.54256,-1.699
8.55267,-1.7053
8.56278,-1.7161
8.57289,-1.729
8.58299,-1.7086
8.5931,-1.6842
8.60321,-1.6958
8.61332,-1.7038
8.62343,-1.7113
8.63348,-1.7016
8.64347,-1.6827
8.65346,-1.6947
8.66345,-1.7099
8.67344,-1.7046
8.68343,-1.7073
8.69342,-1.7078
8.70341,-1.7028
8.7134,-1.7008
8.72339,-1.6861
8.73338,-1.6838
8.74337,-1.6914
8.75336,-1.7193
8.76337,-1.7048
8.77336,-1.6968
8.78336,-1.6868
8.79336,-1.6981
8.80336,-1.7009
8.81336,-1.7086
8.82335,-1.7066
8.83335,-1.7005
8.84335,-1.7077
8.85335,-1.7075
8.86335,-1.7018
8.87334,-1.6938
8.88334,-1.7041
8.89334,-1.7089
8.90334,-1.7084
8.91334,-1.7079
8.92333,-1.7017
8.93333,-1.7075
8.94333,-1.702
8.95332,-1.6775
8.96332,-1.6868
8.97332,-1.6936
8.98332,-1.7122
8.99331,-1.7185
9.00331,-1.7086
9.01331,-1.7081
9.02331,-1.709
9.03331,-1.7169
9.04331,-1.7023
9.05331,-1.6942
9.0633,-1.7044
9.0733,-1.7081
9.0833,-1.7086
9.0933,-1.7073
9.1033,-1.7019
9.1133,-1.71
9.1233,-1.7209
9.1333,-1.7141
9.14329,-1.6991
9.15328,-1.7059
9.16328,-1.7138
9.17327,-1.7116
9.18327,-1.7053
9.19326,-1.702
9.20326,-1.7092
9.21325,-1.7177
9.22325,-1.7084
9.23324,-1.7047
9.24323,-1.6965
9.25323,-1.7153
9.2632,-1.7268
9.27318,-1.7113
9.28315,-1.7063
9.29312,-1.7059
9.3031,-1.7168
9.31307,-1.7215
9.32304,-1.7199
9.33302,-1.6981
9.34299,-1.6975
9.35296,-1.7175
9.36293,-1.7159
9.37291,-1.7088
9.38291,-1.7043
9.39291,-1.722
9.40291,-1.7294
9.41291,-1.7243
9.42292,-1.715
9.43292,-1.7093
9.44292,-1.7144
9.45293,-1.7082
9.46293,-1.7061
9.47293,-1.7103
9.48294,-1.7222
9.49294,-1.7172
9.50294,-1.7197
9.51298,-1.711
9.523,-1.7126
9.53302,-1.7315
9.54304,-1.7272
9.55306,-1.7117
9.56308,-1.7123
9.5731,-1.7079
9.58312,-1.7218
9.59313,-1.7253
9.60315,-1.7155
9.61317,-1.7115
9.62319,-1.7302
9.63324,-1.7292
9.6433,-1.7114
9.65336,-1.708
9.66343,-1.7102
9.67349,-1.7238
9.68356,-1.7228
9.69362,-1.7225
9.70368,-1.7104
9.71375,-1.7121
9.72381,-1.7208
9.73388,-1.7261
9.74394,-1.7094
9.754,-1.7086
9.764,-1.7209
9.774,-1.7161
9.784,-1.7058
9.794,-1.7076
9.804,-1.711
9.814,-1.7162
9.824,-1.7181
9.83399,-1.7033
9.84399,-1.6972
9.85399,-1.7087
9.86399,-1.7199
9.87399,-1.733
9.88399,-1.7282
9.89399,-1.724
9.904,-1.7386
9.914,-1.7421
9.924,-1.7235
9.934,-1.7248
9.94401,-1.7419
9.95401,-1.7458
9.96401,-1.7408
9.97401,-1.7139
9.98402,-1.7153
9.99402,-1.727
10.00402,-1.7454
10.01402,-1.7454
10.02401,-1.7342
10.03401,-1.7293
10.044,-1.739
10.054,-1.7171
10.06399,-1.7133
10.07399,-1.7121
10.08398,-1.7186
10.09398,-1.738
10.10397,-1.7284
10.11397,-1.7158
10.12396,-1.7223
10.13396,-1.7292
10.14396,-1.7351
10.15397,-1.7337
10.16397,-1.7156
10.17397,-1.7063
10.18398,-1.7045
10.19398,-1.6949
10.20398,-1.7073
10.21398,-1.7295
10.22399,-1.725
10.23399,-1.7171
10.24399,-1.7174
10.254,-1.7119
10.264,-1.7083
10.27399,-1.7184
10.28399,-1.7523
10.29398,-1.7285
10.30398,-1.711
10.31397,-1.7226
10.32397,-1.7265
10.33396,-1.7057
10.34396,-1.7016
10.35395,-1.6965
10.36395,-1.6887
10.37394,-1.6906
10.38396,-1.6976
10.39396,-1.6872
10.40396,-1.7
10.41396,-1.6982
10.42396,-1.6911
10.43396,-1.6632
10.44396,-1.6437
10.45396,-1.6382
10.46397,-1.6407
10.47397,-1.6186
10.48397,-1.6063
10.49397,-1.606
10.50397,-1.6357
10.51397,-1.6639
10.52397,-1.7212
10.53398,-1.7348
10.54398,-1.7583
10.55398,-1.7601
10.56398,-1.7519
10.57398,-1.7529
10.58398,-1.7359
10.59398,-1.7036
10.60398,-1.6823
10.61399,-1.6547
10.62399,-1.6903
10.634,-1.6982
10.64399,-1.6857
10.65399,-1.6903
10.66398,-1.6935
10.67397,-1.746
10.68396,-1.7883
10.69396,-1.7744
10.70395,-1.7308
10.71394,-1.7172
10.72394,-1.6841
10.73393,-1.6656
10.74392,-1.6447
10.75391,-1.623
10.76396,-1.5968
10.774,-1.5996
10.78403,-1.6004
10.79408,-1.6399
10.80411,-1.6165
10.81415,-1.608
10.82419,-1.5969
10.83423,-1.5815
10.84427,-1.5556
10.85431,-1.572
10.86435,-1.585
10.87439,-1.6079
10.88442,-1.6163
10.89443,-1.6406
10.90443,-1.6419
10.91443,-1.6603
10.92444,-1.6796
10.93444,-1.6991
10.94445,-1.7011
10.95445,-1.6776
10.96446,-1.6915
10.97446,-1.6829
10.98447,-1.7299
10.99447,-1.7639
11.00447,-1.7256
11.01449,-1.7302
11.02451,-1.7419
11.03452,-1.7798
11.04454,-1.8024
11.05456,-1.8003
11.06457,-1.8026
11.07459,-1.7894
11.0846,-1.7152
11.09462,-1.6437
11.10464,-1.646
11.11465,-1.6495
11.12467,-1.645
11.13468,-1.6516
11.14467,-1.6826
11.15466,-1.7121
11.16466,-1.5821
11.17465,-1.4192
11.18464,-1.6158
11.19464,-1.667
11.20463,-1.7012
11.21463,-1.5993
11.22462,-1.5342
11.23461,-1.567
11.24461,-1.609
11.2546,-1.6561
11.26461,-1.6079
11.27461,-1.5863
11.28462,-1.6246
11.29463,-1.6544
11.30463,-1.6078
11.31464,-1.5856
11.32464,-1.6068
11.33465,-1.6413
11.34465,-1.6343
11.35466,-1.5884
11.36467,-1.5625
11.37467,-1.5053
11.38466,-1.4725
11.39463,-1.437
11.40459,-1.4507
11.41456,-1.526
11.42453,-1.5792
11.43449,-1.3583
11.44446,-1.3613
11.45443,-1.5254
11.4644,-1.6507
11.47436,-1.5916
11.48433,-1.5271
11.4943,-1.5178
11.50427,-1.5167
11.5143,-1.4211
11.52432,-1.2925
11.53435,-1.2347
11.54437,-1.3017
11.5544,-1.3914
11.56443,-1.4521
11.57445,-1.4403
11.58448,-1.4325
11.5945,-1.4289
11.60453,-1.4731
11.61455,-1.54
11.62458,-1.5748
11.6346,-1.5863
11.6446,-1.6109
11.6546,-1.638
11.66459,-1.6628
11.67459,-1.6809
11.68459,-1.7044
11.69459,-1.7405
11.70459,-1.7573
11.71459,-1.7924
11.72459,-1.7915
11.73459,-1.7631
11.74459,-1.7298
11.75459,-1.7001
11.76459,-1.6416
11.77458,-1.6081
11.78457,-1.5806
11.79456,-1.5972
11.80455,-1.634
11.81454,-1.6959
11.82453,-1.7549
11.83452,-1.7646
11.84451,-1.7609
11.8545,-1.738
11.8645,-1.753
11.87449,-1.7994
11.88453,-1.8742
11.89461,-1.9283
11.90469,-1.9864
11.91477,-2.0158
11.92485,-2.0408
11.93493,-2.0503
11.94501,-2.0431
11.95509,-2.0575
11.96517,-2.0703
11.97525,-2.0664
11.98533,-2.0636
11.99541,-2.0723
12.00549,-2.0432
12.01546,-2.0035
12.02542,-1.9205
12.03538,-1.8399
12.04534,-1.7749
12.05531,-1.7017
12.06527,-1.6772
12.07523,-1.6631
12.08519,-1.8407
12.09515,-1.878
12.10511,-1.8345
12.11508,-1.7982
12.12504,-1.802
12.13503,-1.787
12.14506,-1.7268
12.15508,-1.5471
12.16511,-1.4629
12.17513,-1.418
12.18516,-1.4059
12.19518,-1.3909
12.20521,-1.3799
12.21523,-1.4
12.22526,-1.4152
12.23528,-1.415
12.24531,-1.4237
12.25533,-1.4016
12.26534,-1.3697
12.27534,-1.3476
12.28534,-1.3775
12.29534,-1.4344
12.30534,-1.4695
12.31534,-1.5029
12.32534,-1.4976
12.33534,-1.4414
12.34534,-1.4186
12.35534,-1.3935
12.36534,-1.3858
12.37534,-1.3784
12.38535,-1.3563
12.39536,-1.3586
12.40538,-1.3988
12.41539,-1.4457
12.4254,-1.496
12.43541,-1.5186
12.44543,-1.5501
12.45544,-1.5604
12.46545,-1.5349
12.47546,-1.4763
12.48548,-1.4335
12.49549,-1.3931
12.5055,-1.3679
12.51549,-1.3432
12.52547,-1.298
12.53545,-1.0122
12.54543,-0.606
12.55542,-0.5209
12.5654,-0.4305
12.57538,-0.357
12.58536,-0.3255
12.59534,-0.3332
12.60533,-0.3947
12.61531,-0.4826
12.62529,-0.5684
12.63527,-0.613
12.64524,-0.6298
12.65521,-0.6393
12.66518,-0.6559
12.67515,-0.6695
12.68512,-0.8731
12.69509,-0.9321
12.70506,-0.9348
12.71502,-0.9654
12.72499,-0.9731
12.73496,-0.9581
12.74493,-0.9378
12.7549,-0.9149
12.7649,-0.9134
12.77491,-0.918
12.78491,-0.91
12.79491,-0.8849
12.80491,-0.8323
12.81491,-0.8027
12.82491,-0.7759
12.83491,-0.7936
12.84491,-0.8224
12.85491,-0.8587
12.86491,-0.8852
12.87492,-0.9006
12.88492,-0.9042
12.89491,-0.8907
12.90491,-0.8812
12.91491,-0.8502
12.9249,-0.8434
12.9349,-0.8598
12.9449,-0.8727
12.9549,-0.8776
12.96489,-0.8814
12.97489,-0.9054
12.98489,-0.9197
12.99488,-0.9797
13.00488,-1.0288
13.01498,-1.0719
13.02507,-1.082
13.03517,-1.0943
13.04526,-1.0912
13.05536,-1.0723
13.06545,-1.0604
13.07555,-1.0679
13.08564,-1.1046
13.09574,-1.1217
13.10583,-1.1484
13.11593,-1.1593
13.12602,-1.1755
13.13609,-1.198
13.1461,-1.1953
13.1561,-1.1671
13.1661,-1.1576
13.1761,-1.1301
13.18611,-1.1191
13.19611,-1.2076
13.20611,-1.2592
13.21611,-1.2639
13.22612,-1.2579
13.23612,-1.2562
13.24612,-1.3188
13.25613,-1.3629
13.2661,-1.3538
13.27607,-1.3185
13.28603,-1.2724
13.296,-1.1856
13.30597,-1.1162
13.31594,-1.0656
13.32591,-1.0339
13.33588,-1.0268
13.34585,-1.007
13.35582,-1.0051
13.36578,-0.9891
13.37575,-0.9815
13.38575,-0.9586
13.39576,-0.9418
13.40578,-0.9442
13.41579,-0.9313
13.42581,-0.9384
13.43582,-0.9077
13.44584,-0.8641
13.45585,-0.8061
13.46587,-0.7712
13.47588,-0.8177
13.4859,-0.8084
13.49591,-0.7909
13.50593,-0.7878
13.51601,-0.7832
13.5261,-0.8018
13.53618,-0.814
13.54627,-0.8456
13.55635,-0.8651
13.56644,-0.872
13.57653,-0.8546
13.58661,-0.8225
13.5967,-0.7698
13.60678,-0.7547
13.61687,-0.7484
13.62695,-0.7386
13.63696,-0.7424
13.64688,-0.7462
13.65679,-0.7609
13.66671,-0.7988
13.67663,-0.8325
13.68655,-0.846
13.69647,-0.8753
13.70638,-0.9011
13.7163,-0.9174
13.72622,-0.9491
13.73614,-0.9789
13.74606,-1.0039
13.75597,-1.0218
13.76597,-1.0363
13.77597,-1.0394
13.78597,-1.0303
13.79597,-1.0307
13.80596,-1.0384
13.81596,-1.046
13.82596,-1.0603
13.83595,-1.0857
13.84595,-1.1175
13.85595,-1.1444
13.86595,-1.1714
13.87594,-1.1789
13.88595,-1.189
13.89594,-1.144
13.90594,-1.1272
13.91594,-1.1261
13.92594,-1.1416
13.93593,-1.1753
13.94593,-1.2921
13.95593,-1.3195
13.96593,-1.3876
13.97592,-1.3516
13.98592,-1.3385
13.99592,-1.3341
14.00592,-1.3165
14.01602,-1.3208
14.02613,-1.3115
14.03624,-1.3013
14.04635,-1.3104
14.05645,-1.3177
14.06656,-1.361
14.07667,-1.3776
14.08678,-1.3699
14.09688,-1.345
14.10699,-1.3305
14.1171,-1.3077
14.12721,-1.2998
14.13725,-1.2911
14.14721,-1.2878
14.15718,-1.2672
14.16715,-1.263
14.17711,-1.3489
14.18708,-1.5017
14.19705,-1.6626
14.20701,-1.8063
14.21698,-1.9516
14.22695,-2.0166
14.23691,-2.1329
14.24688,-2.167
14.25685,-2.2313
14.26685,-2.2849
14.27684,-2.3016
14.28684,-2.2807
14.29684,-2.2589
14.30684,-2.2735
14.31683,-2.258
14.32683,-2.2364
14.33683,-2.2169
14.34682,-2.2577
14.35682,-2.2333
14.36682,-2.2072
14.37681,-2.1737
14.3868,-2.1699
14.39676,-2.2003
14.40673,-2.1763
14.41669,-2.1271
14.42666,-2.0418
14.43662,-1.9524
14.44659,-1.885
14.45655,-1.8209
14.46652,-1.738
14.47648,-1.6437
14.48645,-1.6297
14.49641,-1.6713
14.50638,-1.6914
14.51637,-1.7521
14.52636,-1.892
14.53635,-1.9081
14.54634,-1.8948
14.55633,-1.9415
14.56632,-1.9754
14.57631,-1.9299
14.5863,-1.917
14.5963,-1.9611
14.60629,-2.0608
14.61628,-2.1373
14.62627,-2.155
14.63629,-2.1253
14.64633,-2.3315
14.65637,-2.4256
14.66642,-2.6177
14.67646,-2.8244
14.6865,-3.0979
14.69654,-3.13
14.70659,-3.2859
14.71663,-3.2534
14.72667,-3.1692
14.73671,-3.327
14.74676,-3.3243
14.7568,-3.3299
14.76684,-3.3303
14.77687,-3.2678
14.78691,-3.1384
14.79694,-2.8242
14.80697,-2.6525
14.81701,-2.7273
14.82704,-2.8408
14.83707,-3.0301
14.84711,-3.226
14.85714,-3.4511
14.86717,-3.6379
14.87721,-3.7173
14.88719,-3.6836
14.89711,-3.5375
14.90703,-3.3444
14.91695,-3.1147
14.92688,-2.9209
14.9368,-2.7848
14.94672,-2.7374
14.95664,-2.7164
14.96657,-2.7171
14.97649,-2.7387
14.98641,-2.6895
14.99633,-2.6517
15.00625,-2.6123
15.01633,-2.6093
15.02641,-2.601
15.03649,-2.5559
15.04656,-2.456
15.05664,-2.2987
15.06672,-2.1736
15.07679,-2.1358
15.08687,-2.1205
15.09695,-2.12
15.10702,-2.1288
15.1171,-2.0956
15.12718,-2.0385
15.13721,-1.8567
15.1472,-1.6615
15.15719,-1.3833
15.16718,-1.1773
15.17717,-1.7141
15.18716,-2.1662
15.19715,-2.2821
15.20714,-2.3185
15.21713,-2.4408
15.22711,-2.691
15.2371,-2.8145
15.24709,-2.8782
15.25708,-3.0484
15.26718,-3.1876
15.27728,-3.2384
15.28738,-3.2816
15.29747,-3.2757
15.30757,-3.1986
15.31767,-3.2456
15.32776,-3.2375
15.33786,-3.149
15.34796,-3.1453
15.35806,-3.1728
15.36815,-3.1994
15.37825,-3.1335
15.3883,-3.0444
15.39829,-3.0288
15.40829,-2.9993
15.41828,-3.0396
15.42828,-3.1888
15.43827,-3.4342
15.44827,-3.5431
15.45826,-3.549
15.46826,-3.5332
15.47825,-3.5565
15.48825,-3.7161
15.49824,-3.9242
15.50824,-4.0936
15.51817,-4.2684
15.5281,-4.4348
15.53802,-4.5668
15.54795,-4.5894
15.55788,-4.5149
15.56781,-4.4231
15.57773,-4.3275
15.58766,-4.2682
15.59759,-4.1547
15.60752,-4.0504
15.61745,-3.9936
15.62737,-4.1237
15.63735,-4.1753
15.64737,-3.9285
15.65739,-3.6995
15.66741,-3.6988
15.67742,-3.4577
15.68744,-3.3683
15.69746,-2.645
15.70748,-2.0393
15.7175,-1.726
15.72752,-1.3646
15.73753,-1.1521
15.74755,-1.0471
15.75757,-1.1276
15.76752,-1.1943
15.77747,-1.1199
15.78742,-0.7849
15.79736,-0.4227
15.80731,-0.163
15.81726,-0.0358
15.8272,0.0326
15.83715,0.1007
15.8471,0.1361
15.85705,0.2836
15.86699,0.8104
15.87694,0.8695
15.88693,0.8618
15.89695,1.1815
15.90698,1.3167
15.91701,1.6732
15.92704,1.8079
15.93706,1.7236
15.94709,1.6459
15.95712,1.6176
15.96714,1.5602
15.97717,1.4793
15.9872,1.4988
15.99723,1.4815
16.00725,1.6474
16.01725,1.7245
16.02725,1.7091
16.03725,1.6329
16.04724,1.6563
16.05724,1.772
16.06724,1.9445
16.07723,2.1219
16.08723,2.2934
16.09723,2.4899
16.10722,2.6452
16.11722,2.7991
16.12721,2.8699
16.13721,2.8328
16.14721,2.695
16.1572,2.6435
16.16719,2.5864
16.17718,2.4633
16.18717,2.494
16.19716,2.6376
16.20716,2.6112
16.21715,2.1294
16.22714,2.0381
16.23713,2.3081
16.24712,2.5301
16.25711,2.3695
16.2672,2.2424
16.27728,2.22
16.28736,2.235
16.29744,2.2338
16.30753,2.1266
16.31761,1.9293
16.32769,1.8407
16.33777,1.8286
16.34785,1.8513
16.35793,1.9075
16.36802,1.7995
16.3781,1.6719
16.38812,1.4662
16.39808,1.2452
16.40804,1.1521
16.418,1.1165
16.42797,1.1081
16.43793,1.1268
16.44789,1.103
16.45785,1.0802
16.46781,1.0377
16.47777,0.9835
16.48774,0.9802
16.4977,0.9756
16.50766,0.9702
16.51769,0.9624
16.52771,0.98
16.53774,1.005
16.54777,1.0539
16.55779,1.0478
16.56782,1.1522
16.57784,1.3724
16.58787,1.5528
16.59789,1.6216
16.60792,1.7606
16.61794,1.9053
16.62797,2.0539
16.63797,2.2604
16.64794,2.6235
16.65792,2.9014
16.66789,2.3841
16.67786,1.9551
16.68783,2.7077
16.6978,3.4274
16.70777,3.9936
16.71774,4.0579
16.72771,3.848
16.73769,3.5052
16.74766,3.1059
16.75763,2.6413
16.76773,2.3347
16.77783,2.2572
16.78794,2.1587
16.79804,1.9901
16.80814,2.0171
16.81824,1.7995
16.82834,1.5682
16.83844,1.4884
16.84854,1.4702
16.85864,1.4171
16.86874,1.3862
16.87885,1.3188
16.88887,1.2933
16.89882,1.3112
16.90876,1.3072
16.9187,1.3126
16.92865,1.2497
16.93859,1.2485
16.94854,1.2692
16.95848,1.2552
16.96842,1.2471
16.97837,1.1993
16.98831,1.2348
16.99826,1.1727
17.0082,1.2421
17.01818,1.2222
17.02817,1.116
17.03815,1.0804
17.04813,1.059
17.05811,1.0854
17.06809,1.1261
17.07807,1.2121
17.08805,1.37
17.09803,1.5445
17.10801,1.7761
17.11799,2.0089
17.12797,2.1919
17.13797,2.5827
17.14797,2.8666
17.15797,3.0974
17.16797,3.4744
17.17797,3.8403
17.18797,4.0583
17.19797,4.32
17.20797,4.5559
17.21797,5.0002
17.22797,5.4186
17.23797,4.9804
17.24797,4.988
17.25797,5.1854
17.26798,5.2559
17.27797,5.1552
17.28796,5.0487
17.29796,4.8499
17.30795,4.5951
17.31794,4.278
17.32794,3.9805
17.33793,3.8411
17.34792,3.8374
17.35792,3.8607
17.36791,3.8067
17.3779,3.7245
17.38793,3.6837
17.39799,3.6712
17.40805,3.6685
17.41811,3.7047
17.42817,3.6944
17.43823,3.631
17.44829,3.4807
17.45835,3.4074
17.46841,3.3152
17.47847,3.13
17.48853,3.167
17.49859,3.078
17.50865,3.0134
17.51867,2.9578
17.52867,2.8547
17.53868,2.8766
17.54869,3.0036
17.5587,3.1515
17.56871,3.2428
17.57871,3.2482
17.58872,3.1641
17.59873,3.1021
17.60874,3.1113
17.61875,3.2163
17.62875,3.43
17.63874,3.7016
17.6487,3.9912
17.65867,4.3703
17.66863,4.7592
17.67859,5.1167
17.68855,5.3135
17.69851,5.1562
17.70848,5.6496
17.71844,6.0168
17.7284,6.1547
17.73836,6.1623
17.74832,6.3464
17.75828,6.3776
17.76833,6.462
17.77837,6.2242
17.78841,6.1602
17.79845,5.8933
17.80849,5.8508
17.81853,5.8656
17.82858,5.6356
17.83862,5.4659
17.84866,5.2026
17.8587,4.8588
17.86875,4.503
17.87879,4.3465
17.88882,4.292
17.89881,4.2613
17.9088,4.1732
17.91879,4.0663
17.92878,3.886
17.93877,3.5665
17.94876,3.2356
17.95875,2.9963
17.96874,2.8817
17.97873,2.8403
17.98871,2.8251
17.9987,2.8028
18.00869,2.7571
18.01869,2.6842
18.02868,2.5387
18.03867,2.383
18.04866,2.3258
18.05865,2.1768
18.06864,2.213
18.07863,2.2667
18.08862,2.2667
18.09861,2.2282
18.1086,2.1699
18.11859,2.0594
18.12858,2.0218
18.13856,2.0337
18.14852,2.1532
18.15848,2.2153
18.16843,2.2582
18.17839,2.2826
18.18835,2.2702
18.19831,2.2517
18.20827,2.2437
18.21823,2.2374
18.22819,2.2938
18.23815,2.3476
18.24811,2.3665
18.25806,2.3601
18.26807,2.3309
18.27807,2.2629
18.28807,2.1987
18.29808,2.1509
18.30808,2.1486
18.31808,2.1789
18.32808,2.2071
18.33808,2.2307
18.34808,2.2349
18.35808,2.2323
18.36809,2.2277
18.37809,2.2399
18.38813,2.2866
18.39822,2.3446
18.40831,2.4019
18.41839,2.4196
18.42848,2.4429
18.43857,2.4261
18.44866,2.4047
18.45874,2.3903
18.46883,2.3381
18.47892,2.3088
18.489,2.2981
18.49909,2.3279
18.50918,2.3757
18.5192,2.4292
18.52921,2.4574
18.53923,2.4683
18.54925,2.4319
18.55927,2.4059
18.56929,2.3964
18.57931,2.365
18.58932,2.3291
18.59934,2.3276
18.60936,2.3284
18.61938,2.3398
18.6294,2.3076
18.63939,2.3148
18.64936,2.3408
18.65932,2.3577
18.66929,2.349
18.67926,2.2476
18.68922,2.2046
18.69919,2.1459
18.70916,2.0671
18.71912,1.9831
18.72909,1.953
18.73906,1.9748
18.74902,1.9806
18.75899,1.9613
18.76902,1.9373
18.77904,1.9089
18.78906,1.8678
18.79909,1.8329
18.80911,1.8612
18.81913,1.8982
18.82916,1.9513
18.83918,1.9594
18.8492,1.9597
18.85923,1.9144
18.86925,1.8868
18.87927,1.885
18.88928,1.8962
18.89928,1.9303
18.90927,1.9514
18.91927,1.9651
18.92926,1.9769
18.93925,1.9562
18.94925,1.9286
18.95924,1.8975
18.96924,1.8571
18.97923,1.8497
18.98923,1.8078
18.99922,1.7639
19.00921,1.6792
19.01921,1.5892
19.02919,1.4067
19.03918,1.2067
19.04916,1.0408
19.05915,0.8993
19.06913,0.7728
19.07912,0.6234
19.0891,0.5337
19.09908,0.4444
19.10907,0.4214
19.11905,0.5612
19.12904,0.6089
19.13903,0.7021
19.14903,0.7492
19.15903,0.7972
19.16903,0.9024
19.17904,0.8835
19.18904,0.9938
19.19904,1.0793
19.20904,1.2254
19.21904,1.1242
19.22904,1.0165
19.23904,1.079
19.24904,0.9276
19.25904,0.8068
19.26904,0.9682
19.27904,1.1812
19.28903,1.2106
19.29902,1.1926
19.30902,1.1774
19.31901,1.1562
19.32901,1.1917
19.339,1.1731
19.349,1.0413
19.35899,0.9366
19.36898,1.0167
19.37898,1.0596
19.38898,1.0278
19.39898,1.0262
19.40899,1.017
19.41899,1.0467
19.429,1.08
19.439,1.0843
19.44901,1.0919
19.45901,1.156
19.46902,1.2191
19.47902,1.2998
19.48903,1.3101
19.49903,1.45
19.50903,1.5907
19.5191,1.8007
19.52916,1.4335
19.53922,1.4056
19.54928,1.5723
19.55935,1.7799
19.56941,1.9391
19.57947,1.9101
19.58953,1.7955
19.59959,1.519
19.60965,1.5378
19.61971,1.5459
19.62977,1.5097
19.6398,1.4792
19.6498,1.4222
19.6598,1.3534
19.6698,1.2885
19.6798,1.1962
19.6898,1.1103
19.69979,1.0211
19.70979,0.8846
19.71979,0.7273
19.72979,0.6883
19.73979,0.6571
19.74979,0.6241
19.75978,0.5904
19.76988,0.5547
19.77998,0.5019
19.79008,0.4632
19.80017,0.427
19.81027,0.3989
19.82036,0.4226
19.83046,0.4116
19.84056,0.4228
19.85065,0.4323
19.86075,0.4083
19.87085,0.4291
19.88094,0.4826
19.89098,0.3937
19.90095,0.2419
19.91092,0.2562
19.92088,0.2769
19.93085,0.3583
19.94082,0.4479
19.95079,0.5687
19.96076,0.6394
19.97073,0.6707
19.9807,0.669
19.99066,0.7481
20.00063,1.0882
20.0106,1.5654
20.02062,1.9113
20.03064,2.1857
20.04066,2.7001
20.05068,3.1478
20.06069,3.4598
20.07071,3.5243
20.08073,3.6001
20.09075,3.7895
20.10077,3.8693
20.11078,3.926
20.1208,3.8237
20.13082,3.6072
20.14078,3.2498
20.15068,2.7762
20.16057,2.2617
20.17047,1.7208
20.18036,1.1588
20.19026,0.6051
20.20015,0.0922
20.21005,-0.1746
20.21994,-0.3964
20.22984,-0.4407
20.23973,-0.5044
20.24963,-0.5594
20.25952,-0.6953
20.26956,-0.7676
20.27959,-0.9577
20.28963,-1.0163
20.29966,-1.1446
20.3097,-1.1562
20.31973,-1.108
20.32977,-1.149
20.3398,-1.0906
20.34983,-1.0365
20.35987,-1.0214
20.3699,-0.9512
20.37994,-0.8987
20.38996,-0.7627
20.39995,-0.7839
20.40994,-0.8723
20.41994,-0.611
20.42993,-0.6447
20.43992,-0.6903
20.44992,0.5624
20.45991,0.1636
20.46991,-0.609
20.4799,-1.3255
20.48989,-1.2077
20.49989,-1.1826
20.50988,-1.0628
20.51987,-1.1684
20.52987,-1.2693
20.53986,-1.3649
20.54985,-1.4801
20.55984,-1.5934
20.56983,-1.6875
20.57982,-1.7799
20.58982,-1.9028
20.59981,-2.013
20.6098,-2.0746
20.61979,-2.1274
20.62978,-2.1642
20.63982,-2.1179
20.6499,-2.0273
20.65998,-1.9801
20.67006,-1.9332
20.68014,-1.9391
20.69022,-1.87
20.7003,-1.9173
20.71038,-1.9036
20.72046,-1.8704
20.73054,-1.9052
20.74062,-1.8144
20.7507,-1.7789
20.76078,-1.7568
20.77075,-1.7056
20.78073,-1.6447
20.7907,-1.5438
20.80066,-1.4188
20.81063,-1.2749
20.8206,-0.993
20.83057,-0.6729
20.84055,-0.5704
20.85052,-0.518
20.86049,-0.469
20.87045,-0.3201
20.88042,-0.1199
20.89042,0.1572
20.90042,0.6098
20.91043,0.6431
20.92043,0.523
20.93044,0.8673
20.94044,1.0259
20.95045,0.9091
20.96045,0.7322
20.97046,0.5657
20.98046,0.469
20.99047,0.3946
21.00047,0.269
21.01047,0.1676
21.02052,0.0585
21.03056,-0.0749
21.04061,-0.2183
21.05065,-0.3531
21.0607,-0.3543
21.07074,-0.4106
21.08078,-0.4496
21.09083,-0.4153
21.10087,-0.3698
21.11092,-0.4001
21.12096,-0.4646
21.131,-0.5545
21.14102,-0.6301
21.151,-0.666
21.16097,-0.6956
21.17095,-0.6822
21.18092,-0.6593
21.1909,-0.6443
21.20088,-0.6263
21.21085,-0.6006
21.22083,-0.5831
21.2308,-0.4702
21.24078,-0.4058
21.25076,-0.4214
21.26073,-0.5013
21.27073,-0.4543
21.28072,-0.1789
21.29072,0.0371
21.30071,-0.4417
21.31071,-0.4924
21.3207,-0.4875
21.33069,-0.3194
21.34068,-0.0705
21.35068,-0.5126
21.36067,-0.4693
21.37067,-0.4793
21.38066,-0.4959
21.39069,-0.5513
21.40076,-0.6962
21.41082,-0.807
21.42089,-0.8718
21.43095,-0.9389
21.44102,-1.018
21.45108,-1.0945
21.46115,-1.2347
21.47121,-1.3083
21.48128,-1.3438
21.49134,-1.4316
21.50141,-1.5608
21.51147,-1.5374
21.52143,-1.5912
21.53138,-1.6765
21.54133,-1.7133
21.55129,-1.7575
21.56124,-1.7683
21.5712,-1.7606
21.58115,-1.7124
21.5911,-1.6858
21.60106,-1.6514
21.61101,-1.6553
21.62097,-1.6737
21.63092,-1.6964
21.64088,-1.7177
21.65084,-1.7621
21.6608,-1.8019
21.67076,-1.8877
21.68073,-2.0172
21.69069,-2.1064
21.70065,-1.5761
21.71061,-1.1112
21.72057,-1.0377
21.73053,-1.1981
21.74049,-1.3223
21.75045,-1.5612
21.76041,-2.005
21.7705,-2.3183
21.78058,-2.55
21.79067,-2.7011
21.80075,-2.84
21.81084,-3.0003
21.82092,-3.1271
21.83101,-3.2206
21.84109,-3.2579
21.85118,-3.2696
21.86126,-3.2317
21.87134,-3.1406
21.88143,-3.0775
21.89145,-3.0556
21.90141,-3.0464
21.91138,-3.0525
21.92134,-3.078
21.9313,-3.0959
21.94126,-3.1945
21.95122,-3.3268
21.96117,-3.2637
21.97113,-3.2092
21.98109,-3.1747
21.99105,-3.1265
22.00101,-3.103
22.01097,-3.0931
22.02098,-3.024
22.03099,-2.9516
22.04099,-2.8881
22.051,-2.831
22.061,-2.8322
22.07101,-2.8556
22.08101,-2.7657
22.09102,-2.5836
22.10103,-2.4172
22.11103,-2.3723
22.12104,-2.3414
22.13104,-2.2821
22.14106,-2.1844
22.15109,-2.1217
22.16112,-2.1174
22.17115,-2.213
22.18118,-2.2206
22.19121,-2.4483
22.20123,-2.43
22.21126,-2.4527
22.22129,-2.3998
22.23132,-2.344
22.24135,-2.1824
22.25138,-2.6806
22.2614,-2.1333
22.2714,-2.0498
22.28139,-1.8435
22.29139,-1.983
22.30138,-2.2328
22.31137,-2.4355
22.32136,-2.5907
22.33136,-2.5778
22.34135,-2.3602
22.35134,-2.0888
22.36133,-1.9483
22.37133,-2.139
22.38132,-2.5228
22.39131,-2.8062
22.40128,-3.1145
22.41126,-3.3957
22.42124,-3.6321
22.43121,-3.8867
22.44119,-4.1773
22.45116,-4.4658
22.46114,-4.6771
22.47112,-4.7371
22.48109,-4.6369
22.49107,-4.4512
22.50105,-4.3126
22.51102,-4.3333
22.52101,-4.3744
22.53099,-4.3653
22.54098,-4.2628
22.55096,-4.1102
22.56094,-3.9639
22.57093,-3.91
22.58091,-3.9228
22.59089,-3.8832
22.60088,-3.9396
22.61086,-3.9083
22.62085,-3.9769
22.63083,-3.8658
22.64084,-3.4375
22.65087,-2.8393
22.66089,-2.3519
22.67092,-1.9468
22.68094,-1.9688
22.69097,-2.4244
22.701,-2.831
22.71102,-2.791
22.72105,-2.3622
22.73108,-2.0132
22.7411,-1.7299
22.75113,-1.4102
22.76115,-1.1036
22.77116,-0.882
22.78117,-0.7318
22.79118,-0.6759
22.80119,-0.5455
22.8112,-0.3542
22.82121,-0.1729
22.83122,0.1272
22.84123,0.3843
22.85124,0.5518
22.86125,0.6295
22.87126,0.6884
22.88127,0.8236
22.89132,0.9634
22.90141,1.0452
22.91149,1.0792
22.92157,1.1266
22.93166,1.2015
22.94174,1.2815
22.95182,1.3938
22.96191,1.3363
22.97199,1.5274
22.98207,1.6342
22.99216,1.802
23.00224,2.0001
23.01233,2.1595
23.0223,2.2369
23.03226,2.18
23.04222,1.9813
23.05218,1.7098
23.06214,1.4876
23.0721,1.3713
23.08206,1.279
23.09203,1.1189
23.10199,0.8627
23.11195,0.5832
23.12191,0.3893
23.13187,0.2661
23.14187,0.1965
23.1519,0.1424
23.16193,0.0978
23.17196,0.0496
23.18199,-0.0118
23.19202,-0.1048
23.20205,-0.249
23.21208,-0.3987
23.22211,-0.4363
23.23214,-0.3548
23.24217,-0.1781
23.2522,0.0396
23.26223,0.213
23.27227,0.2798
23.2823,0.2301
23.29234,0.1018
23.30237,-0.0758
23.31241,-0.181
23.32244,-0.222
23.33248,-0.1949
23.34252,-0.1222
23.35255,-0.0726
23.36259,-0.1087
23.37263,-0.179
23.38266,-0.2266
23.39266,-0.1855
23.4026,-0.0845
23.41253,0.0362
23.42247,0.1403
23.4324,0.1758
23.44234,0.1829
23.45227,0.1213
23.46221,0.041
23.47214,-0.0771
23.48208,-0.2053
23.49201,-0.2853
23.50195,-0.3427
23.51188,-0.3482
23.52198,-0.3299
23.53207,-0.2945
23.54215,-0.2333
23.55224,-0.1356
23.56233,-0.1138
23.57242,-0.1146
23.58251,-0.0001
23.5926,0.3841
23.60268,0.9667
23.61277,1.5817
23.62286,2.1494
23.63295,2.6882
23.64296,3.1168
23.65288,3.2541
23.66279,3.2126
23.67271,3.0143
23.68263,2.6209
23.69255,2.1815
23.70247,1.8042
23.71239,1.5241
23.72231,1.2855
23.73223,0.9906
23.74215,0.6297
23.75207,0.2659
23.76199,-0.0783
23.77196,-0.3494
23.78193,-0.5936
23.7919,-0.8097
23.80186,-0.7161
23.81183,-1.0617
23.8218,-1.4957
23.83177,-1.7189
23.84174,-1.9091
23.85171,-2.0994
23.86167,-2.2358
23.87164,-2.2757
23.88161,-2.2883
23.89163,-2.2961
23.9017,-2.2619
23.91177,-2.2145
23.92184,-2.1658
23.93191,-2.1521
23.94198,-2.1672
23.95205,-2.1872
23.96212,-2.2208
23.97219,-2.2359
23.98226,-2.262
23.99233,-2.29
24.0024,-2.2882
24.01247,-2.3072
24.02248,-2.3631
24.03248,-2.4499
24.04249,-2.5175
24.05249,-2.4924
24.0625,-2.4758
24.0725,-2.5691
24.08251,-2.6014
24.09252,-2.5366
24.10252,-2.5105
24.11253,-2.5695
24.12253,-2.6817
24.13254,-2.7092
24.14256,-2.6439
24.15258,-2.5761
24.16261,-2.5382
24.17264,-2.5266
24.18266,-2.5148
24.19269,-2.531
24.20271,-2.5882
24.21274,-2.685
24.22277,-2.7021
24.2328,-2.6959
24.24282,-2.6355
24.25285,-2.5901
24.26288,-2.53
24.27286,-2.6031
24.28285,-2.7941
24.29283,-2.8108
24.30281,-3.1609
24.31279,-2.8253
24.32278,-2.6048
24.33276,-2.5058
24.34274,-2.6324
24.35272,-2.8905
24.36271,-2.8258
24.37269,-2.73
24.38267,-2.7163
24.39267,-2.6033
24.40268,-2.5441
24.41269,-2.581
24.4227,-2.6275
24.43271,-2.6766
24.44272,-2.7106
24.45274,-2.7479
24.46275,-2.7582
24.47276,-2.7306
24.48277,-2.6657
24.49278,-2.5362
24.50279,-2.3572
24.5128,-2.1542
24.52282,-2.0057
24.53285,-1.8981
24.54287,-1.8237
24.55289,-1.8453
24.56292,-1.9796
24.57294,-2.0376
24.58296,-1.9556
24.59299,-1.7353
24.60301,-1.5088
24.61303,-1.3519
24.62306,-1.331
24.63308,-1.3941
24.6431,-1.504
24.65311,-1.6658
24.66312,-1.8205
24.67312,-1.9308
24.68313,-1.99
24.69314,-2.0161
24.70315,-2.0299
24.71316,-2.0438
24.72317,-2.0996
24.73317,-2.1814
24.74318,-2.2667
24.75319,-2.3726
24.7632,-2.4637
24.77316,-2.5378
24.78312,-2.5863
24.79307,-2.6001
24.80303,-2.626
24.81299,-2.6843
24.82294,-2.7696
24.8329,-2.8579
24.84286,-2.9281
24.85281,-2.9816
24.86277,-2.9587
24.87273,-2.9067
24.88268,-2.7921
24.89266,-2.6143
24.90266,-2.4114
24.91265,-2.2801
24.92265,-2.2377
24.93265,-2.2828
24.94264,-2.3473
24.95264,-2.302
24.96263,-2.1429
24.97263,-1.9092
24.98262,-1.7311
24.99262,-1.7149
25.00261,-1.923
25.01261,-2.13
25.02261,-2.3722
25.0326,-2.5823
25.0426,-2.6611
25.05259,-2.6697
25.06259,-2.6606
25.07258,-2.648
25.08258,-2.6799
25.09257,-2.7352
25.10257,-2.8204
25.11256,-2.9019
25.12256,-2.9503
25.13255,-2.9773
25.14259,-2.993
25.15266,-3.0001
25.16273,-3.028
25.1728,-3.0577
25.18287,-3.1003
25.19295,-3.1362
25.20302,-3.1535
25.21309,-3.1418
25.22316,-3.1265
25.23323,-3.1173
25.24331,-3.1087
25.25338,-3.0656
25.26345,-3.0556
25.27345,-3.0219
25.28346,-2.9543
25.29346,-2.8953
25.30346,-2.6621
25.31347,-2.4885
25.32347,-2.4974
25.33348,-2.4998
25.34348,-2.4262
25.35348,-2.3938
25.36349,-2.4084
25.37349,-2.3934
25.3835,-2.3069
25.3935,-2.154
25.4035,-2.1046
25.4135,-2.2099
25.4235,-2.3869
25.4335,-2.4713
25.4435,-2.3812
25.4535,-2.2527
25.4635,-2.1201
25.4735,-1.9344
25.4835,-1.8015
25.4935,-1.748
25.5035,-1.732
25.5135,-1.6881
25.52346,-1.7495
25.53342,-1.8929
25.54339,-1.9788
25.55335,-1.9145
25.56331,-1.8404
25.57327,-1.8739
25.58323,-1.9744
25.59319,-2.0613
25.60316,-2.0852
25.61312,-2.0656
25.62308,-2.1456
25.63304,-2.3032
25.64305,-2.4253
25.65309,-2.4652
25.66313,-2.4866
25.67317,-2.5062
25.68321,-2.5082
25.69325,-2.4221
25.70329,-2.344
25.71333,-2.3925
25.72337,-2.495
25.73341,-2.5553
25.74345,-2.5555
25.75349,-2.5311
25.76353,-2.5577
25.77355,-2.6605
25.78357,-2.7758
25.79358,-2.814
25.8036,-2.7703
25.81362,-2.714
25.82363,-2.6239
25.83365,-2.4811
25.84366,-2.4264
25.85368,-2.5245
25.8637,-2.6491
25.87371,-2.6946
25.88373,-2.702
25.89375,-2.6769
25.90378,-2.627
25.91381,-2.5845
25.92383,-2.5457
25.93386,-2.5496
25.94388,-2.5569
25.95391,-2.5901
25.96393,-2.6309
25.97396,-2.7089
25.98398,-2.8135
25.99401,-2.8558
26.00403,-2.8169
26.01406,-2.6968
26.02406,-2.5581
26.03406,-2.5432
26.04406,-2.6151
26.05406,-2.7148
26.06405,-2.8091
26.07405,-2.887
26.08405,-2.9816
26.09405,-3.0969
26.10405,-3.0895
26.11405,-3.0974
26.12404,-3.1051
26.13404,-3.0772
26.14404,-3.1603
26.15404,-3.2466
26.16404,-3.2735
26.17404,-3.215
26.18404,-3.2128
26.19403,-3.2132
26.20403,-3.1862
26.21403,-3.1891
26.22403,-3.1915
26.23403,-3.1844
26.24402,-3.1813
26.25402,-3.2066
26.26402,-3.2665
26.27402,-3.3009
26.28401,-3.3203
26.294,-3.2862
26.304,-3.2362
26.31399,-3.1733
26.32398,-3.1495
26.33397,-3.173
26.34397,-3.2082
26.35396,-3.2604
26.36395,-3.2883
26.37395,-3.3038
26.38394,-3.2908
26.39394,-3.2601
26.40394,-3.237
26.41394,-3.2152
26.42394,-3.2093
26.43394,-3.1928
26.44395,-3.2045
26.45395,-3.2428
26.46395,-3.2857
26.47395,-3.2683
26.48395,-3.2166
26.49395,-3.2371
26.50396,-3.2464
26.51396,-3.2375
26.52397,-3.2393
26.53397,-3.2132
26.54398,-3.1612
26.55398,-3.1712
26.56398,-3.1261
26.57399,-3.1052
26.58399,-3.0998
26.59399,-3.0846
26.604,-3.097
26.614,-3.1023
26.624,-3.0875
26.63401,-3.0927
26.6442,-3.0985
26.65457,-3.1113
26.66494,-3.0778
26.67532,-3.0279
26.68569,-2.9906
26.69606,-3.0069
26.70643,-3.0413
26.7168,-3.1077
26.72718,-3.1392
26.73755,-3.137
26.74792,-3.1309
26.75829,-3.1123
26.76867,-3.0839
26.7783,-3.0899
26.78792,-3.1004
26.79755,-3.0943
26.80718,-3.09
26.81681,-3.0814
26.82644,-3.0708
26.83606,-3.0753
26.84569,-3.0712
26.85532,-3.0586
26.86495,-3.0205
26.87457,-2.9946
26.8842,-2.9748
26.89402,-2.9583
26.90401,-2.9643
26.914,-3.0065
26.92399,-3.0229
26.93399,-3.0239
26.94398,-3.0452
26.95397,-3.0541
26.96396,-3.063
26.97396,-3.0931
26.98395,-3.1228
26.99394,-3.1639
27.00394,-3.1756
27.01393,-3.1676
27.02394,-3.1749
27.03393,-3.1961
27.04393,-3.2147
27.05393,-3.2178
27.06393,-3.2369
27.07393,-3.2526
27.08393,-3.2601
27.09393,-3.2766
27.10393,-3.2863
27.11392,-3.2778
27.12392,-3.2661
27.13392,-3.2988
27.14393,-3.3355
27.15394,-3.3686
27.16395,-3.3982
27.17396,-3.4253
27.18397,-3.4146
27.19397,-3.3989
27.20398,-3.3855
27.21399,-3.375
27.224,-3.3856
27.23401,-3.4149
27.24402,-3.4315
27.25403,-3.414
27.26404,-3.4039
27.27412,-3.3295
27.28419,-3.2648
27.29425,-3.2122
27.30432,-3.1651
27.31438,-3.1456
27.32445,-3.1772
27.33452,-3.2151
27.34458,-3.2322
27.35465,-3.2187
27.36472,-3.1868
27.37478,-3.1636
27.38485,-3.1648
27.39488,-3.1779
27.40488,-3.2071
27.41488,-3.2365
27.42488,-3.2703
27.43488,-3.2635
27.44488,-3.2232
27.45488,-3.2034
27.46488,-3.1962
27.47488,-3.1735
27.48488,-3.1267
27.49487,-3.0761
27.50488,-3.1118
27.51487,-3.2082
27.52485,-3.2916
27.53482,-3.305
27.54479,-3.2885
27.55476,-3.2645
27.56473,-3.2519
27.5747,-3.2032
27.58467,-3.2012
27.59464,-3.2261
27.6046,-3.2859
27.61457,-3.3665
27.62454,-3.4291
27.63451,-3.4449
27.64449,-3.4223
27.65448,-3.374
27.66447,-3.322
27.67446,-3.3087
27.68445,-3.3186
27.69444,-3.3345
27.70442,-3.3705
27.71441,-3.385
27.7244,-3.3968
27.73439,-3.3863
27.74438,-3.3706
27.75437,-3.3662
27.76435,-3.3353
27.77439,-3.2835
27.78443,-3.2559
27.79446,-3.25
27.8045,-3.2413
27.81453,-3.1976
27.82456,-3.1684
27.8346,-3.1537
27.84463,-3.1619
27.85467,-3.1973
27.8647,-3.2482
27.87473,-3.2786
27.88477,-3.2994
27.89477,-3.261
27.90474,-3.2103
27.9147,-3.1614
27.92466,-3.1558
27.93463,-3.1562
27.94459,-3.11
27.95456,-3.0703
27.96452,-3.0343
27.97448,-3.0319
27.98445,-3.0931
27.99441,-3.171
28.00438,-3.1998
28.01434,-3.1606
28.02437,-3.1131
28.03441,-3.0207
28.04444,-2.8966
28.05447,-2.8121
28.0645,-2.7889
28.07453,-2.8164
28.08456,-2.8511
28.0946,-2.8793
28.10463,-2.8899
28.11466,-2.865
28.12469,-2.7857
28.13472,-2.6971
28.14472,-2.6785
28.15469,-2.6717
28.16466,-2.6949
28.17463,-2.6971
28.1846,-2.6678
28.19456,-2.621
28.20453,-2.6009
28.2145,-2.5971
28.22447,-2.6148
28.23444,-2.6734
28.2444,-2.7605
28.25437,-2.8764
28.26434,-2.9734
28.27432,-3.0318
28.2843,-3.0385
28.29427,-2.9966
28.30425,-2.9105
28.31423,-2.825
28.32421,-2.7795
28.33418,-2.7744
28.34416,-2.7861
28.35414,-2.8038
28.36411,-2.8287
28.37409,-2.8251
28.38407,-2.7863
28.39412,-2.7025
28.40423,-2.6432
28.41435,-2.6558
28.42447,-2.7689
28.43458,-2.9114
28.4447,-3.0225
28.45481,-3.0816
28.46493,-3.0995
28.47504,-3.0793
28.48516,-3.0296
28.49528,-3.0142
28.50539,-3.0365
28.51551,-3.0598
28.52553,-3.0377
28.53555,-3.013
28.54557,-3.0047
28.55559,-2.9671
28.56561,-2.9124
28.57563,-2.8447
28.58565,-2.8112
28.59567,-2.8375
28.60569,-2.8651
28.61571,-2.8842
28.62573,-2.9019
28.63575,-2.9208
28.64573,-2.9496
28.65568,-2.9274
28.66562,-2.9033
28.67556,-2.8631
28.6855,-2.8438
28.69544,-2.8069
28.70538,-2.782
28.71532,-2.7547
28.72527,-2.7302
28.73521,-2.7011
28.74515,-2.6563
28.75509,-2.6042
28.76503,-2.5554
28.77514,-2.5237
28.78524,-2.4892
28.79534,-2.4317
28.80545,-2.284
28.81555,-2.1491
28.82565,-2.0135
28.83576,-1.9409
28.84586,-1.9064
28.85597,-1.8828
28.86607,-1.8729
28.87617,-1.8528
28.88628,-1.8468
28.89629,-1.8558
28.90619,-1.8796
28.91609,-1.9251
28.926,-2.0134
28.9359,-2.1023
28.94581,-2.1781
28.95571,-2.2219
28.96561,-2.2572
28.97552,-2.292
28.98542,-2.3228
28.99533,-2.347
29.00523,-2.3799
29.01513,-2.4255
29.02518,-2.4479
29.03522,-2.4583
29.04526,-2.458
29.0553,-2.4947
29.06534,-2.495
29.07539,-2.4749
29.08543,-2.4729
29.09547,-2.4986
29.10551,-2.5195
29.11555,-2.5595
29.1256,-2.6127
29.13564,-2.6574
29.14569,-2.7014
29.15573,-2.7481
29.16578,-2.8064
29.17583,-2.8596
29.18587,-2.9202
29.19592,-2.9535
29.20597,-2.9821
29.21601,-2.989
29.22606,-2.9888
29.23611,-2.9829
29.24615,-2.979
29.2562,-2.9918
29.26625,-3.0173
29.27618,-3.0403
29.28611,-3.0447
29.29604,-3.0796
29.30597,-3.0916
29.31589,-3.0927
29.32582,-3.0847
29.33575,-3.0791
29.34568,-3.0665
29.35561,-3.0469
29.36554,-3.043
29.37547,-3.0263
29.38539,-3.0208
29.39536,-3.0563
29.40537,-3.0931
29.41538,-3.0991
29.42538,-3.0775
29.43539,-3.0803
29.4454,-3.0479
29.45541,-3.0162
29.46541,-2.9751
29.47542,-2.9959
29.48543,-3.046
29.49544,-3.0864
29.50544,-3.0711
29.51545,-3.0632
29.52559,-3.0829
29.53572,-3.1106
29.54586,-3.1221
29.556,-3.1313
29.56613,-3.1099
29.57627,-3.0536
29.58641,-2.9847
29.59654,-2.9235
29.60668,-2.8171
29.61682,-2.7002
29.62695,-2.6452
29.63709,-2.6817
29.64712,-2.7302
29.65704,-2.7281
29.66695,-2.7018
29.67687,-2.623
29.68678,-2.5381
29.6967,-2.456
29.70662,-2.3928
29.71653,-2.3588
29.72645,-2.3433
29.73636,-2.3419
29.74628,-2.3478
29.7562,-2.3233
29.76611,-2.2677
29.77613,-2.2046
29.78614,-2.1489
29.79616,-2.1299
29.80617,-2.1366
29.81618,-2.1114
29.8262,-2.0873
29.83621,-2.1184
29.84623,-2.1362
29.85624,-2.1332
29.86626,-2.191
29.87627,-2.2067
29.88629,-2.1689
29.89627,-2.1249
29.90623,-2.0774
29.91618,-2.0347
29.92613,-2.0058
29.93608,-1.9534
29.94603,-1.9183
29.95598,-2.0632
29.96593,-2.0602
29.97589,-1.9937
29.98584,-1.9431
29.99579,-1.8552
30.00574,-1.7386
30.01569,-1.6129
30.02575,-1.5219
30.03581,-1.4716
30.04586,-1.4626
30.05592,-1.4416
30.06598,-1.4615
30.07603,-1.5516
30.08609,-1.6387
30.09614,-1.7425
30.1062,-1.8652
30.11625,-1.9683
30.12631,-2.0896
30.13636,-2.1899
30.14636,-2.2787
30.15629,-2.3578
30.16622,-2.4207
30.17615,-2.5089
30.18608,-2.6072
30.19601,-2.6711
30.20594,-2.708
30.21588,-2.7332
30.22581,-2.7527
30.23574,-2.7954
30.24567,-2.8522
30.2556,-2.9133
30.26553,-2.9367
30.27562,-2.962
30.28571,-2.9778
30.2958,-2.976
30.30589,-2.955
30.31597,-2.9284
30.32606,-2.9103
30.33615,-2.8827
30.34624,-2.85
30.35633,-2.8107
30.36641,-2.7858
30.3765,-2.7632
30.38659,-2.7365
30.39662,-2.7178
30.40657,-2.6925
30.41653,-2.6707
30.42649,-2.619
30.43645,-2.5712
30.44641,-2.5318
30.45637,-2.4743
30.46632,-2.4119
30.47628,-2.34
30.48624,-2.328
30.4962,-2.3408
30.50616,-2.3638
30.51612,-2.4211
30.5262,-2.4153
30.53627,-2.3584
30.54634,-2.2715
30.55642,-2.1729
30.56649,-2.1097
30.57657,-2.0661
30.58664,-2.0208
30.59671,-1.9944
30.60679,-1.9366
30.61686,-1.8488
30.62694,-1.785
30.63701,-1.812
30.64704,-1.7728
30.65703,-1.7282
30.66702,-1.7283
30.677,-1.717
30.68699,-1.6365
30.69697,-1.5466
30.70696,-1.4829
30.71695,-1.4346
30.72693,-1.6084
30.73692,-1.776
30.7469,-1.8236
30.75689,-1.7663
30.76687,-1.6431
30.77687,-1.7994
30.78687,-1.9694
30.79687,-1.9762
30.80686,-1.9947
30.81686,-2.0401
30.82686,-2.0557
30.83685,-2.0407
30.84685,-1.9913
30.85685,-1.9495
30.86684,-1.9518
30.87684,-1.9951
30.88684,-2.0866
30.89684,-2.1575
30.90685,-2.1646
30.91686,-2.112
30.92687,-2.0136
30.93687,-1.9077
30.94688,-1.8282
30.95689,-1.7001
30.9669,-1.6015
30.97691,-1.5599
30.98691,-1.5997
30.99692,-1.7057
31.00693,-1.7764
31.01694,-1.7905
31.02693,-2.0162
31.03692,-2.0555
31.04692,-2.1093
31.05691,-2.1245
31.06691,-2.0979
31.0769,-2.1331
31.08689,-2.4075
31.09689,-2.6219
31.10688,-2.7426
31.11688,-2.7852
31.12687,-2.739
31.13687,-2.875
31.14687,-2.8269
31.15687,-2.8183
31.16686,-2.6818
31.17686,-2.4711
31.18686,-2.3091
31.19686,-2.1972
31.20685,-2.0532
31.21685,-1.9741
31.22685,-1.9546
31.23685,-2.0079
31.24684,-2.0709
31.25684,-2.1379
31.26684,-2.2225
31.27684,-2.3494
31.28683,-2.5073
31.29683,-2.6522
31.30682,-2.7849
31.31682,-2.8707
31.32681,-2.9198
31.33681,-2.945
31.3468,-2.9247
31.3568,-2.9046
31.36679,-2.8864
31.37679,-2.8637
31.38679,-2.8899
31.39678,-2.9434
31.40677,-3.0308
31.41677,-3.0408
31.42676,-3.0837
31.43675,-3.1366
31.44674,-3.132
31.45673,-3.1932
31.46673,-3.1841
31.47672,-3.1652
31.48671,-3.1529
31.4967,-3.1669
31.50669,-3.2214
31.51669,-3.28
31.52666,-3.308
31.53663,-3.3165
31.54661,-3.3144
31.55658,-3.2688
31.56655,-3.2187
31.57652,-3.1694
31.58649,-3.1488
31.59646,-3.1493
31.60643,-3.1626
31.61641,-3.1228
31.62638,-3.0343
31.63635,-2.9366
31.64635,-2.8778
31.65636,-2.8958
31.66637,-3.0162
31.67639,-3.0906
31.6864,-3.0805
31.69641,-3.0917
31.70643,-3.025
31.71644,-2.8315
31.72645,-2.5822
31.73647,-2.3078
31.74648,-2.1101
31.75649,-2.0078
31.76651,-1.892
31.7766,-1.7301
31.78668,-1.5347
31.79676,-1.4046
31.80685,-1.3079
31.81693,-1.2914
31.82701,-1.2869
31.8371,-1.2861
31.84718,-1.3043
31.85727,-1.4118
31.86735,-1.5877
31.87743,-1.799
31.88752,-2.0299
31.8976,-2.2433
31.90767,-2.4517
31.91775,-2.6029
31.92782,-2.7196
31.93789,-2.7851
31.94797,-2.8248
31.95804,-2.8438
31.96812,-2.871
31.97819,-2.8644
31.98827,-2.8668
31.99834,-2.8495
32.00842,-2.8552
32.01849,-2.8675
32.02841,-2.847
32.03833,-2.8485
32.04825,-2.8382
32.05817,-2.8241
32.06809,-2.7994
32.07801,-2.8422
32.08792,-2.8897
32.09784,-2.9319
32.10776,-2.9092
32.11768,-2.8773
32.1276,-2.8573
32.13752,-2.8561
32.14748,-2.8332
32.15747,-2.793
32.16747,-2.7095
32.17746,-2.6303
32.18745,-2.5956
32.19745,-2.5452
32.20744,-2.7096
32.21744,-2.7843
32.22743,-2.8295
32.23743,-2.8576
32.24742,-2.867
32.25742,-2.8427
32.26741,-2.8117
32.27742,-2.7632
32.28742,-2.742
32.29742,-2.7803
32.30741,-2.811
32.31741,-2.8164
32.3274,-2.8142
32.3374,-2.7889
32.3474,-2.7481
32.3574,-2.7083
32.36739,-2.6721
32.37738,-2.6297
32.38738,-2.5135
32.39743,-2.3376
32.40751,-2.1222
32.41759,-1.9748
32.42767,-1.852
32.43775,-1.7453
32.44783,-1.6208
32.45791,-1.5125
32.46799,-1.3857
32.47807,-1.2514
32.48815,-1.0996
32.49823,-0.9364
32.50831,-0.6274
32.51839,-0.5074
32.52831,-0.5827
32.53823,-0.7167
32.54815,-0.8512
32.55807,-1.023
32.56799,-1.1852
32.5779,-1.3614
32.58782,-1.52
32.59774,-1.6425
32.60766,-1.7418
32.61758,-1.8309
32.62749,-1.9127
32.63741,-1.9758
32.64736,-2.0234
32.65733,-2.0498
32.66729,-2.0752
32.67726,-2.105
32.68722,-2.1316
32.69719,-2.1455
32.70715,-2.1395
32.71712,-2.1132
32.72709,-2.1134
32.73705,-2.1129
32.74702,-2.1192
32.75698,-2.0956
32.76695,-2.0729
32.77701,-2.0572
32.78706,-2.0446
32.79712,-2.05
32.80718,-2.0881
32.81723,-2.1154
32.82729,-2.1212
32.83735,-2.1206
32.8474,-2.1283
32.85746,-2.1103
32.86752,-2.1015
32.87757,-2.1035
32.88763,-2.0926
32.89769,-2.0841
32.90774,-2.0882
32.91778,-2.0875
32.92783,-2.0766
32.93788,-2.0758
32.94792,-2.0725
32.95797,-2.0782
32.96802,-2.0639
32.97806,-2.0348
32.98811,-1.9848
32.99816,-1.8822
33.0082,-1.8211
33.01825,-1.5792
33.02831,-1.3595
33.03836,-1.2303
33.04841,-1.2516
33.05847,-1.2252
33.06852,-1.3374
33.07858,-1.2965
33.08863,-1.315
33.09868,-1.3682
33.10874,-1.4385
33.11879,-1.4946
33.12885,-1.5749
33.1389,-1.6617
33.1489,-1.7279
33.15885,-1.7753
33.16879,-1.8117
33.17874,-1.8505
33.18868,-1.8656
33.19863,-1.8694
33.20857,-1.8485
33.21852,-1.8221
33.22846,-1.7894
33.23841,-1.7949
33.24835,-1.8165
33.2583,-1.8637
33.26824,-1.879
33.27831,-1.8949
33.28838,-1.9209
33.29845,-1.8713
33.30852,-1.851
33.31859,-1.8432
33.32866,-1.8527
33.33873,-1.8662
33.34879,-1.8653
33.35886,-1.8552
33.36893,-1.8307
33.379,-1.8165
33.38907,-1.8062
33.39912,-1.7925
33.40911,-1.7341
33.4191,-1.5882
33.4291,-1.3691
33.43909,-1.1133
33.44908,-0.862
33.45907,-0.6808
33.46906,-0.664
33.47905,-0.6491
33.48905,-0.8432
33.49904,-0.8714
33.50903,-1.0535
33.51902,-1.0479
33.52902,-0.5671
33.53901,-0.1906
33.54901,-0.0696
33.559,-0.1441
33.569,-0.3283
33.57899,-0.4822
33.58898,-0.5452
33.59898,-0.5724
33.60897,-0.6167
33.61897,-0.6832
33.62896,-0.775
33.63895,-0.9144
33.6489,-1.0666
33.6588,-1.2622
33.66869,-1.4529
33.67858,-1.5842
33.68848,-1.6995
33.69837,-1.7955
33.70826,-1.875
33.71815,-1.9153
33.72805,-1.9495
33.73794,-1.9542
33.74783,-1.982
33.75773,-2.0055
33.76762,-2.0136
33.77765,-2.0158
33.78767,-2.0253
33.7977,-2.0407
33.80773,-2.0493
33.81776,-2.0354
33.82778,-2.0323
33.83781,-2.061
33.84784,-2.081
33.85786,-2.0792
33.86789,-2.0578
33.87791,-2.0272
33.88794,-2.0073
33.898,-1.977
33.9081,-1.9352
33.91819,-1.7809
33.92828,-1.5122
33.93837,-1.2276
33.94846,-1.3978
33.95855,-1.4871
33.96864,-1.4697
33.97873,-1.0145
33.98882,-0.324
33.99891,-0.1858
34.00901,-0.1933
34.0191,-0.2913
34.0291,-0.3488
34.0391,-0.3509
34.0491,-0.405
34.05909,-0.4669
34.0691,-0.551
34.07909,-0.6586
34.08909,-0.7832
34.09909,-0.9429
34.10909,-1.1333
34.11909,-1.3122
34.12909,-1.4774
34.13908,-1.6151
34.1491,-1.7425
34.15908,-1.8447
34.16907,-1.9333
34.17906,-2.0065
34.18904,-2.0421
34.19903,-2.0798
34.20902,-2.1113
34.21901,-2.1269
34.229,-2.1081
34.23898,-2.1265
34.24897,-2.1322
34.25896,-2.1487
34.26894,-2.1898
34.27896,-2.2277
34.28897,-2.2465
34.29898,-2.2605
34.30899,-2.2305
34.31901,-2.2017
34.32902,-2.1736
34.33903,-2.1301
34.34904,-2.0876
34.35905,-2.0136
34.36907,-1.9184
34.37908,-1.8098
34.38909,-1.5785
34.39908,-1.1591
34.40905,-0.7776
34.41901,-0.6794
34.42897,-0.6705
34.43893,-0.6243
34.44889,-0.7237
34.45886,-1.0984
34.46882,-0.8065
34.47878,-0.3537
34.48874,-0.2503
34.49871,-0.294
34.50867,-0.4452
34.51863,-0.6822
34.52867,-0.9466
34.5387,-1.1459
34.54874,-1.2934
34.55878,-1.4714
34.56882,-1.6443
34.57885,-1.8465
34.58889,-2.0217
34.59893,-2.0927
34.60896,-2.1476
34.619,-2.1907
34.62904,-2.2455
34.63907,-2.2785
34.64906,-2.2804
34.65899,-2.298
34.66893,-2.2999
34.67886,-2.2989
34.68879,-2.3112
34.69873,-2.3037
34.70866,-2.2988
34.7186,-2.2978
34.72853,-2.2678
34.73846,-2.2654
34.7484,-2.2518
34.75833,-2.2467
34.76826,-2.2238
34.7783,-2.2264
34.78833,-2.2163
34.79836,-2.1963
34.80838,-2.167
34.81841,-2.1708
34.82844,-2.153
34.83847,-2.1221
34.8485,-2.0252
34.85852,-1.8305
34.86855,-1.6046
34.87858,-1.2783
34.88861,-0.8764
34.89865,-0.5235
34.90868,-0.4474
34.91872,-1.2032
34.92876,-0.601
34.93879,0.7217
34.94883,0.8557
34.95887,0.4857
34.9689,0.0574
34.97894,0.0231
34.98898,0.0946
34.99902,0.1086
35.00905,-0.0553
35.01909,-0.3698
35.02911,-0.6538
35.03912,-0.9473
35.04913,-1.1839
35.05914,-1.4095
35.06915,-1.6002
35.07915,-1.7877
35.08916,-1.9414
35.09917,-2.0503
35.10918,-2.1217
35.11919,-2.1763
35.1292,-2.227
35.1392,-2.2663
35.14921,-2.307
35.1592,-2.3459
35.1692,-2.4425
35.17919,-2.4849
35.18918,-2.5151
35.19918,-2.442
35.20917,-2.3339
35.21917,-2.2005
35.22916,-2.1354
35.23915,-2.1225
35.24915,-2.1966
35.25914,-2.251
35.26914,-2.2753
35.27917,-2.2729
35.2892,-2.2414
35.29922,-2.1932
35.30925,-2.126
35.31927,-2.053
35.3293,-2.0247
35.33932,-1.9515
35.34935,-1.8948
35.35938,-1.7255
35.3694,-1.695
35.37943,-1.7835
35.38945,-1.5605
35.39946,-1.0294
35.40943,-0.8017
35.4194,-1.1449
35.42937,-0.8605
35.43934,-0.5938
35.44931,-0.493
35.45928,-0.4954
35.46925,-0.5691
35.47922,-0.7415
35.48919,-0.926
35.49916,-1.1427
35.50913,-1.3912
35.5191,-1.6704
35.5291,-1.9317
35.53909,-2.1249
35.54909,-2.2772
35.55908,-2.4127
35.56908,-2.5191
35.57907,-2.585
35.58907,-2.6312
35.59906,-2.5015
35.60906,-2.3208
35.61906,-2.1789
35.62905,-2.1345
35.63905,-2.1652
35.64905,-2.1845
35.65904,-2.1992
35.66904,-2.0696
35.67903,-1.9261
35.68903,-1.7531
35.69902,-1.5075
35.70901,-1.513
35.71901,-1.5211
35.72901,-1.4258
35.739,-1.3581
35.749,-1.1486
35.75899,-0.7752
35.76899,-0.5597
35.77899,-0.5153
35.78899,-0.404
35.79898,-0.3004
35.80898,-0.3044
35.81898,-0.3339
35.82897,-0.3529
35.83897,-0.3082
35.84897,-0.1419
35.85897,0.1077
35.86896,0.3932
35.87896,0.5943
35.88896,0.6993
35.89896,0.6173
35.90896,0.6508
35.91896,0.396
35.92897,-0.0124
35.93897,-0.5315
35.94897,-0.6275
35.95898,-0.6273
35.96898,-0.641
35.97898,-0.7613
35.98898,-0.8455
35.99899,-0.849
36.00899,-0.884
36.01899,-1.0385
36.02909,-1.3101
36.03918,-1.6416
36.04928,-1.9777
36.05938,-2.2489
36.06947,-2.4302
36.07957,-2.5406
36.08966,-2.6138
36.09976,-2.629
36.10986,-2.5846
36.11995,-2.4291
36.13005,-2.4053
36.14015,-2.1409
36.1502,-1.8047
36.1602,-1.6494
36.1702,-1.5652
36.1802,-1.6509
36.1902,-1.822
36.2002,-1.8845
36.21019,-1.8683
36.2202,-1.8482
36.23019,-1.8182
36.24019,-1.8117
36.25019,-1.7949
36.26019,-1.7496
36.27019,-1.7914
36.28019,-1.8386
36.29018,-1.8437
36.30018,-1.8547
36.31017,-1.8566
36.32017,-1.7502
36.33016,-1.5349
36.34016,-0.9661
36.35015,-0.4824
36.36015,-0.062
36.37014,-0.9072
36.38013,-1.5623
36.39013,-2.4365
36.40014,-2.7574
36.41014,-2.6406
36.42014,-2.3478
36.43014,-2.0247
36.44014,-1.7738
36.45014,-1.8881
36.46014,-2.2333
36.47013,-2.5859
36.48013,-2.8928
36.49013,-3.0732
36.50013,-3.1295
36.51013,-3.1106
36.52013,-3.0791
36.5302,-3.1698
36.54027,-3.3196
36.55034,-3.4164
36.56041,-3.4705
36.57048,-3.5012
36.58055,-3.5202
36.59062,-3.5138
36.60069,-3.5012
36.61076,-3.481
36.62083,-3.4624
36.63091,-3.4634
36.64098,-3.4636
36.65097,-3.4343
36.66089,-3.332
36.67081,-3.1977
36.68073,-3.0614
36.69064,-2.9623
36.70056,-2.9231
36.71048,-2.9298
36.72039,-2.9316
36.73031,-2.9035
36.74023,-2.8351
36.75015,-2.7452
36.76006,-2.6932
36.76998,-2.6798
36.77998,-2.6661
36.78997,-2.5963
36.79996,-2.4941
36.80996,-2.3785
36.81995,-2.3969
36.82994,-2.3818
36.83994,-2.343
36.84993,-2.2652
36.85993,-2.1731
36.86992,-2.1267
36.87991,-2.1163
36.88991,-2.1511
36.89991,-2.186
36.90992,-2.2471
36.91992,-2.2744
36.92992,-2.3741
36.93993,-2.4858
36.94993,-2.4579
36.95993,-2.4083
36.96993,-2.3614
36.97993,-2.4127
36.98994,-2.5677
36.99994,-2.7909
37.00994,-3.0039
37.01995,-3.189
37.02995,-3.2664
37.03995,-3.3144
37.04995,-3.2763
37.05994,-3.058
37.06995,-2.7327
37.07994,-2.4157
37.08994,-2.0912
37.09994,-1.8698
37.10994,-1.8512
37.11994,-1.9542
37.12994,-2.1912
37.13993,-2.2708
37.14997,-2.1677
37.16005,-2.0998
37.17012,-2.0377
37.18019,-2.9136
37.19027,-3.371
37.20034,-3.4193
37.21041,-3.3944
37.22049,-3.3093
37.23056,-3.2119
37.24064,-3.1044
37.25071,-3.157
37.26078,-3.1865
37.27086,-3.1676
37.28083,-3.1579
37.2908,-3.1965
37.30077,-3.262
37.31074,-3.2816
37.32071,-3.3079
37.33068,-3.3543
37.34065,-3.4282
37.35062,-3.4759
37.36059,-3.4831
37.37056,-3.5195
37.38053,-3.5811
37.3905,-3.6307
37.40049,-3.7005
37.41051,-3.766
37.42054,-3.8811
37.43056,-3.9448
37.44058,-4.0231
37.4506,-4.0864
37.46062,-4.0333
37.47065,-3.9786
37.48067,-3.9178
37.49069,-3.9498
37.50071,-4.0039
37.51073,-4.0045
37.52076,-3.8926
37.53076,-3.7934
37.54076,-3.7111
37.55075,-3.6241
37.56075,-3.5102
37.57075,-3.3819
37.58075,-3.1818
37.59074,-3.0139
37.60074,-3.0724
37.61074,-2.9431
37.62074,-2.8209
37.63074,-2.821
37.64074,-2.5797
37.65074,-2.5463
37.66071,-2.6645
37.67069,-2.3229
37.68066,-2.0345
37.69064,-2.0739
37.70061,-2.0024
37.71059,-2.0758
37.72057,-2.1105
37.73054,-2.1299
37.74052,-2.2577
37.75049,-2.4329
37.76047,-2.5787
37.77044,-2.7113
37.78047,-2.8256
37.79049,-2.9568
37.80051,-3.093
37.81052,-3.1946
37.82054,-3.298
37.83056,-3.379
37.84058,-3.4213
37.85059,-3.4278
37.86061,-3.4201
37.87062,-3.4255
37.88064,-3.3866
37.89066,-3.3053
37.90066,-3.2552
37.91064,-3.1094
37.92062,-2.9333
37.93059,-2.8465
37.94057,-2.6808
37.95055,-2.4341
37.96052,-2.2273
37.9705,-1.8771
37.98048,-1.6464
37.99046,-1.512
38.00043,-1.4495
38.01041,-1.4341
38.02039,-1.4147
38.0304,-1.3659
38.04042,-1.3263
38.05043,-1.2368
38.06045,-1.1715
38.07046,-0.9078
38.08047,-0.7907
38.09049,-0.7681
38.10051,-1.0134
38.11052,-0.8697
38.12054,-0.7393
38.13055,-0.6907
38.14056,-0.8099
38.1506,-0.9611
38.16065,-1.0958
38.1707,-1.1015
38.18076,-1.0925
38.19081,-1.1504
38.20086,-1.2426
38.21091,-1.2005
38.22096,-1.1148
38.23101,-1.0847
38.24106,-1.0884
38.25111,-1.1258
38.26117,-1.183
38.27122,-1.2239
38.28125,-1.2589
38.29128,-1.2736
38.30129,-1.3003
38.31131,-1.3538
38.32133,-1.4362
38.33135,-1.4941
38.34137,-1.5627
38.35138,-1.6123
38.3614,-1.6369
38.37142,-1.6435
38.38144,-1.6291
38.39146,-1.6213
38.40145,-1.6192
38.41141,-1.6278
38.42136,-1.629
38.43132,-1.6317
38.44128,-1.6232
38.45124,-1.5863
38.4612,-1.5421
38.47115,-1.5166
38.48111,-1.5301
38.49107,-1.5236
38.50103,-1.499
38.51099,-1.5078
38.52094,-1.5024
38.53097,-1.4632
38.54099,-1.4979
38.55101,-1.522
38.56104,-1.4946
38.57106,-1.5033
38.58109,-1.5613
38.59111,-1.6408
38.60113,-1.6466
38.61116,-1.6574
38.62118,-1.6657
38.6312,-1.6181
38.64122,-1.5445
38.65123,-0.6618
38.66122,-0.4108
38.6712,-0.1462
38.68119,-0.1568
38.69117,-0.1161
38.70116,-0.0264
38.71114,-0.0398
38.72113,-0.0962
38.73111,-0.1925
38.7411,-0.1747
38.75108,-0.1276
38.76107,-0.0526
38.77105,0.02
38.78108,0.0617
38.79111,0.0885
38.80114,0.0736
38.81116,0.0228
38.82119,-0.0867
38.83121,-0.1962
38.84124,-0.2458
38.85127,-0.2256
38.86129,-0.0911
38.87132,-0.0093
38.88135,0.1575
38.89138,0.5347
38.90139,0.893
38.91138,1.0829
38.92138,1.0434
38.93138,0.8707
38.94138,0.8107
38.95137,1.0314
38.96136,1.1861
38.97136,1.3575
38.98136,1.3464
38.99136,1.2345
39.00135,1.1277
39.01135,0.9778
39.02134,0.8254
39.03141,0.6916
39.04148,0.5733
39.05154,0.4287
39.0616,0.2924
39.07167,0.1911
39.08173,0.1491
39.0918,0.1179
39.10186,0.0938
39.11193,0.0239
39.12199,-0.1161
39.13206,-0.2809
39.14212,-0.4242
39.15215,-0.5202
39.16209,-0.5781
39.17203,-0.6732
39.18198,-0.7616
39.19192,-0.862
39.20187,-0.9405
39.21181,-1.0054
39.22176,-1.0532
39.2317,-1.0725
39.24164,-1.0975
39.25159,-1.1113
39.26153,-1.1111
39.27148,-1.113
39.28151,-1.1029
39.29153,-1.1003
39.30156,-1.0843
39.31159,-1.0722
39.32162,-1.0418
39.33164,-1.0255
39.34167,-1.0263
39.3517,-1.0467
39.36172,-1.0902
39.37175,-1.1128
39.38178,-1.1321
39.39181,-1.1378
39.40187,-1.1185
39.41198,-1.1132
39.42209,-1.1336
39.43219,-1.1693
39.4423,-1.2256
39.4524,-1.2749
39.46251,-1.2994
39.47261,-1.3319
39.48272,-1.346
39.49283,-1.3396
39.50293,-1.3156
39.51304,-1.2814
39.52314,-1.2752
39.53304,-1.2706
39.54292,-1.2502
39.55281,-1.2356
39.5627,-1.23
39.57259,-1.245
39.58248,-1.2817
39.59237,-1.3372
39.60226,-1.4061
39.61215,-1.4914
39.62204,-1.5485
39.63193,-1.5956
39.64182,-1.6342
39.65178,-1.6853
39.66182,-1.7389
39.67186,-1.7694
39.68189,-1.7989
39.69193,-1.803
39.70196,-1.8242
39.712,-1.8355
39.72203,-1.8558
39.73207,-1.8499
39.7421,-1.8324
39.75214,-1.7981
39.76217,-1.7833
39.77221,-1.7541
39.78219,-1.7309
39.79216,-1.726
39.80214,-1.7075
39.81211,-1.6909
39.82209,-1.6628
39.83207,-1.6521
39.84204,-1.6464
39.85202,-1.6345
39.862,-1.6163
39.87197,-1.6102
39.88195,-1.5966
39.89193,-1.6089
39.90192,-1.6197
39.91192,-1.6149
39.92192,-1.6351
39.93192,-1.6735
39.94193,-1.7063
39.95192,-1.7242
39.96193,-1.741
39.97193,-1.7495
39.98193,-1.7705
39.99193,-1.779
40.00193,-1.7956
40.01193,-1.8024
40.02193,-1.8134
40.03192,-1.8352
40.0419,-1.8461
40.05188,-1.8442
40.06187,-1.8592
40.07185,-1.8694
40.08183,-1.8671
40.09182,-1.8608
40.1018,-1.8299
40.11178,-1.8082
40.12177,-1.7888
40.13175,-1.7674
40.14173,-1.745
40.15173,-1.7296
40.16174,-1.7388
40.17176,-1.7465
40.18177,-1.7316
40.19178,-1.6508
40.2018,-1.5424
40.21181,-1.4828
40.22182,-1.3719
40.23183,-1.2705
40.24185,-1.1343
40.25186,-1.0229
40.26188,-0.7541
40.27189,-0.3259
40.28189,0.0342
40.29189,0.3334
40.30189,0.5532
40.31189,0.6475
40.32188,0.687
40.33188,0.7085
40.34188,0.7226
40.35188,0.7324
40.36188,0.6383
40.37188,0.5058
40.38188,0.2899
40.39188,0.0214
40.40196,-0.2431
40.41211,-0.4665
40.42226,-0.6528
40.43242,-0.8091
40.44257,-0.9404
40.45272,-1.0341
40.46288,-1.0679
40.47303,-1.1158
40.48319,-1.0856
40.49334,-1.089
40.50349,-1.1227
40.51365,-1.1492
40.5238,-1.1858
40.53373,-1.2144
40.54366,-1.2434
40.55358,-1.2449
40.56351,-1.2534
40.57343,-1.2703
40.58335,-1.2314
40.59328,-1.1309
40.6032,-1.0232
40.61313,-0.9666
40.62305,-0.9194
40.63298,-0.8761
40.6429,-0.8663
40.65287,-0.884
40.66286,-0.9107
40.67286,-0.8871
40.68286,-0.8172
40.69286,-0.6722
40.70286,-0.455
40.71286,-0.2619
40.72286,-0.1347
40.73286,-0.318
40.74286,-0.1962
40.75285,-0.3523
40.76285,0.0791
40.77285,0.1395
40.78289,0.3883
40.79293,0.4532
40.80297,0.3576
40.81301,0.2167
40.82305,0.0792
40.83308,-0.0684
40.84312,-0.1875
40.85316,-0.3528
40.8632,-0.5898
40.87324,-0.8182
40.88327,-1.0022
40.89331,-1.1563
40.90334,-1.2403
40.91337,-1.2102
40.92339,-1.2726
40.93342,-1.2758
40.94344,-1.2843
40.95347,-1.2955
40.96349,-1.3013
40.97352,-1.2048
40.98354,-1.2965
40.99357,-1.3015
41.00359,-1.2085
41.01362,-1.1962
41.02364,-1.1433
41.03355,-1.0891
41.04345,-1.0413
41.05336,-0.9486
41.06326,-0.841
41.07316,-0.7375
41.08306,-0.6264
41.09296,-0.4982
41.10286,-0.2956
41.11276,0.0627
41.12267,0.2423
41.13257,0.1823
41.14247,0.5576
41.15244,1.1638
41.16246,1.9062
41.17249,1.7769
41.18252,1.7516
41.19254,1.7462
41.20257,1.8132
41.2126,1.9396
41.22263,2.0975
41.23265,2.3035
41.24268,2.3512
41.2527,2.3348
41.26273,1.9824
41.27276,1.6027
41.28274,1.2853
41.29271,0.9919
41.30267,0.7221
41.31264,0.4472
41.3226,0.2122
41.33257,0.0126
41.34253,-0.171
41.3525,-0.2773
41.36246,-0.2987
41.37243,-0.3782
41.38239,-0.3769
41.39236,-0.4033
41.40239,-0.4332
41.41249,-0.4314
41.42258,-0.4357
41.43267,-0.4158
41.44277,-0.3317
41.45286,-0.2182
41.46296,-0.0739
41.47305,0.0733
41.48315,0.2054
41.49324,0.2998
41.50333,0.3952
41.51343,0.46
41.52352,0.5398
41.53354,0.6675
41.54355,0.8529
41.55356,0.9179
41.56358,1.1528
41.57359,1.1341
41.5836,0.7868
41.59361,0.868
41.60363,0.9868
41.61364,0.9638
41.62365,0.9236
41.63367,0.8188
41.64368,0.7074
41.65369,0.6459
41.66369,0.5999
41.67369,0.5586
41.6837,0.5008
41.6937,0.4281
41.7037,0.3561
41.71371,0.1771
41.72371,-0.0417
41.73371,-0.2667
41.74371,-0.4403
41.75372,-0.5256
41.76372,-0.5573
41.77372,-0.58
41.7837,-0.6515
41.79369,-0.7332
41.80367,-0.82
41.81365,-0.9303
41.82364,-0.9838
41.83362,-1.0044
41.8436,-1.0209
41.85358,-1.0038
41.86357,-0.9922
41.87355,-0.9821
41.88353,-0.972
41.89352,-0.9396
41.90353,-0.9093
41.91357,-0.8865
41.92361,-0.8496
41.93366,-0.8203
41.9437,-0.8075
41.95374,-0.7991
41.96378,-0.8112
41.97383,-0.8065
41.98387,-0.8305
41.99391,-0.8624
42.00396,-0.8654
42.014,-0.8979
42.02404,-0.9596
42.03404,-1.0138
42.04401,-1.0766
42.05399,-1.1378
42.06397,-1.2206
42.07395,-1.3365
42.08393,-1.3893
42.09391,-1.4067
42.10388,-1.4795
42.11386,-1.4579
42.12384,-1.4175
42.13382,-1.3695
42.1438,-1.3442
42.1538,-1.3411
42.16383,-1.3541
42.17386,-1.3511
42.18388,-1.3356
42.19391,-1.3021
42.20394,-1.2725
42.21397,-1.2304
42.224,-1.1245
42.23403,-0.9403
42.24405,-0.7332
42.25408,-0.3966
42.26411,-0.204
42.27414,-0.0986
42.28409,-0.0034
42.29403,0.1315
42.30397,0.3061
42.31391,0.5506
42.32385,1.0486
42.33379,1.6638
42.34373,2.1736
42.35368,2.5579
42.36362,3.3657
42.37356,4.0865
42.3835,4.7833
42.39344,5.1108
42.40341,5.4068
42.4134,5.7001
42.42339,5.8785
42.43338,6.0561
42.44337,6.0812
42.45337,6.0092
42.46336,5.8229
42.47335,5.5224
42.48334,5.185
42.49333,4.7447
42.50332,4.3219
42.51331,3.8787
42.5233,3.5356
42.5333,3.2035
42.5433,2.9088
42.55329,2.6978
42.56329,2.5664
42.57329,2.427
42.58328,2.2742
42.59328,2.0759
42.60328,1.9377
42.61328,1.8284
42.62327,1.7888
42.63327,1.7683
42.64327,1.7639
42.65327,1.7343
42.66327,1.7105
42.67327,1.7121
42.68328,1.7383
42.69328,1.792
42.70328,1.8777
42.71328,1.9834
42.72328,2.1055
42.73328,2.2376
42.74328,2.3506
42.75328,2.4343
42.76328,2.5081
42.77328,2.5849
42.78334,2.6776
42.7934,2.7739
42.80345,2.9492
42.8135,3.0366
42.82355,2.9452
42.83361,3.2057
42.84366,3.4132
42.85371,3.6614
42.86376,3.7149
42.87381,3.7024
42.88387,3.6397
42.89392,3.545
42.90395,3.4213
42.91396,3.2915
42.92397,3.1492
42.93398,2.9801
42.94398,2.7956
42.95399,2.6111
42.964,2.4299
42.97401,2.2813
42.98401,2.109
42.99402,2.0136
43.00403,1.9833
43.01404,1.9388
43.02404,1.8677
43.03406,1.8064
43.04407,1.8213
43.05408,1.7472
43.06409,1.7009
43.07411,1.7402
43.08412,1.7163
43.09413,1.679
43.10414,1.6515
43.11415,1.637
43.12417,1.6858
43.13418,1.8187
43.14419,1.8755
43.1542,2.033
43.16418,2.2343
43.17416,2.4192
43.18413,2.5959
43.19411,2.7473
43.20409,2.8369
43.21406,2.8809
43.22404,2.9241
43.23402,3.009
43.24399,3.1927
43.25397,3.5203
43.26395,3.8279
43.27392,4.0973
43.28393,4.5211
43.29393,5.0212
43.30394,5.4885
43.31394,5.7823
43.32395,5.9993
43.33395,6.133
43.34396,6.1456
43.35396,6.0967
43.36396,6.0356
43.37397,5.938
43.38397,5.7988
43.39398,5.5583
43.40398,5.1085
43.41398,4.5323
43.42398,3.8364
43.43398,3.239
43.44398,2.8698
43.45398,2.5841
43.46397,2.3894
43.47397,2.225
43.48397,2.0377
43.49397,1.9009
43.50397,1.7973
43.51397,1.7676
43.52397,1.7968
43.53397,1.7942
43.54397,1.7864
43.55397,1.7394
43.56397,1.6995
43.57397,1.6319
43.58397,1.624
43.59397,1.7142
43.60397,1.7983
43.61397,1.9681
43.62397,2.2161
43.63397,2.4217
43.64397,2.5781
43.65397,2.6842
43.66397,2.7593
43.67396,2.8288
43.68396,3.0029
43.69395,3.1953
43.70394,3.6109
43.71394,4.1172
43.72393,4.1719
43.73392,4.0355
43.74392,4.173
43.75391,3.7624
43.76391,3.5022
43.7739,3.3324
43.78391,3.098
43.79389,2.7714
43.80388,2.6887
43.81387,2.6713
43.82385,2.518
43.83384,2.222
43.84383,1.9628
43.85381,1.7143
43.8638,1.4484
43.87378,1.2415
43.88377,1.0859
43.89376,0.9447
43.9038,0.7581
43.91389,0.4744
43.92398,0.3121
43.93407,0.1449
43.94416,0.1071
43.95425,0.0772
43.96435,0.0612
43.97444,0.0511
43.98453,0.0415
43.99462,0.0655
44.00471,0.0813
44.0148,0.0757
44.0249,0.0637
44.03489,0.0967
44.04487,0.2321
44.05485,0.3441
44.06483,0.4025
44.07481,0.4514
44.08479,0.5035
44.09477,0.5566
44.10475,0.5799
44.11473,0.6273
44.12471,0.7228
44.13469,0.8186
44.14468,0.9376
44.15467,1.0889
44.16468,1.2264
44.17469,1.3947
44.1847,1.5712
44.19471,1.7745
44.20472,1.9884
44.21474,2.3492
44.22475,2.7673
44.23476,3.2977
44.24477,3.8776
44.25478,4.4189
44.26479,4.8418
44.2748,4.936
44.2848,5.4141
44.29479,5.7607
44.30478,5.9477
44.31478,5.9032
44.32477,5.8572
44.33476,5.7039
44.34476,5.376
44.35475,4.9176
44.36475,4.4146
44.37474,3.9416
44.38473,3.5285
44.39473,3.1193
44.40472,2.6386
44.41472,2.1544
44.42472,1.7305
44.43471,1.3725
44.44471,1.1336
44.4547,1.0076
44.4647,0.9552
44.4747,0.8955
44.48469,0.8067
44.49469,0.6941
44.50468,0.5956
44.51468,0.4939
44.52468,0.4211
44.53466,0.3717
44.54463,0.3421
44.55461,0.3113
44.56458,0.3522
44.57455,0.4
44.58453,0.4384
44.5945,0.472
44.60448,0.5076
44.61445,0.5405
44.62442,0.5782
44.6344,0.6406
44.64437,0.7296
44.65437,0.8499
44.66439,1.0307
44.67442,1.2242
44.68444,1.4002
44.69447,1.4904
44.70449,1.571
44.71451,1.6495
44.72453,1.6901
44.73455,1.6733
44.74458,1.6292
44.7546,1.5556
44.76463,1.4802
44.77465,1.419
44.78462,1.3404
44.79459,1.2729
44.80456,1.2085
44.81453,1.111
44.82451,1.0212
44.83448,0.906
44.84445,0.8156
44.85442,0.7945
44.8644,0.7371
44.87437,0.6698
44.88434,0.6271
44.89431,0.5937
44.90435,0.6223
44.91446,0.6765
44.92456,0.7758
44.93466,0.9601
44.94476,1.1859
44.95487,1.4322
44.96497,1.7065
44.97507,1.9571
44.98518,2.2476
44.99528,2.5367
45.00538,2.8205
45.01549,3.1426
45.02559,3.3194
45.03559,3.3217
45.04557,3.5825
45.05556,3.6529
45.06554,4.0692
45.07552,4.2226
45.0855,3.8116
45.09549,3.788
45.10547,3.757
45.11545,3.7731
45.12543,3.8845
45.13541,3.8471
45.1454,3.6905
45.1554,3.3401
45.16541,3.0929
45.17542,2.9113
45.18542,2.6828
45.19543,2.3872
45.20544,2.0476
45.21545,1.7699
45.22546,1.5174
45.23547,1.2929
45.24548,1.1272
45.25549,1.0394
45.2655,0.9905
45.27551,0.9099
45.2855,0.8701
45.29549,0.839
45.30548,0.8368
45.31548,0.8231
45.32547,0.8098
45.33546,0.802
45.34545,0.7646
45.35544,0.8067
45.36543,0.7937
45.37542,0.8617
45.38541,0.9008
45.3954,0.9882
45.4054,1.1317
45.4154,1.3555
45.4254,1.6017
45.43541,1.8935
45.44541,2.1469
45.45541,2.3637
45.46541,2.5669
45.47541,2.7747
45.48541,3.0244
45.49541,3.3896
45.50542,3.9529
45.51542,4.3692
45.52542,4.9096
45.53542,5.3234
45.54542,4.9099
45.55542,5.013
45.56542,5.4562
45.57542,5.893
45.58541,5.9985
45.59541,6.0322
45.60541,6.1959
45.61541,6.3465
45.62541,6.4286
45.63541,6.3385
45.6454,6.1254
45.65541,5.8032
45.66541,5.4316
45.67541,4.9689
45.68541,4.4246
45.69541,3.8287
45.70541,3.2366
45.71541,2.6367
45.72541,2.2021
45.73541,1.8315
45.74541,1.5253
45.75542,1.2167
45.76542,1.016
45.77542,0.8818
45.7854,0.7534
45.79537,0.7228
45.80534,0.662
45.8153,0.6557
45.82527,0.6547
45.83524,0.664
45.8452,0.6553
45.85517,0.7285
45.86514,0.8123
45.8751,0.8947
45.88507,0.9781
45.89503,1.0832
45.90506,1.2757
45.91515,1.497
45.92523,1.716
45.93532,1.9357
45.9454,2.18
45.95549,2.4589
45.96557,2.7995
45.97566,3.2756
45.98574,3.6751
45.99583,3.892
46.00591,4.0649
46.016,4.2934
46.02608,4.6171
46.03617,4.9282
46.04626,5.1459
46.05635,5.3842
46.06643,5.4267
46.07652,5.4028
46.08661,5.2835
46.09669,5.0376
46.10678,4.6943
46.11687,4.2529
46.12695,3.7368
46.13704,3.1859
46.14713,2.5375
46.15712,1.943
46.16701,1.3571
46.1769,0.9738
46.18679,0.6696
46.19668,0.4637
46.20657,0.3719
46.21646,0.3476
46.22636,0.247
46.23625,0.1045
46.24614,-0.0134
46.25603,-0.0657
46.26592,-0.0835
46.27581,-0.0906
46.28581,-0.0518
46.29581,-0.0156
46.30581,0.0191
46.3158,0.0884
46.32579,0.1758
46.33579,0.2613
46.34579,0.381
46.35578,0.5827
46.36578,0.8403
46.37577,1.183
46.38577,1.5685
46.39576,2.0843
46.40577,2.4709
46.41577,2.384
46.42578,3.21
46.43579,3.6466
46.4458,3.9319
46.4558,4.1355
46.46581,4.4788
46.47582,4.995
46.48582,5.2853
46.49583,5.4379
46.50584,5.3591
46.51585,5.1773
46.52586,4.9103
46.53593,4.551
46.546,4.1065
46.55606,3.5566
46.56613,2.8587
46.57619,2.2976
46.58626,1.7253
46.59633,1.3125
46.60639,1.0056
46.61646,0.7932
46.62653,0.6144
46.63659,0.453
46.64666,0.3147
46.65667,0.193
46.66661,0.1278
46.67655,0.065
46.6865,0.0315
46.69644,0.0446
46.70639,0.0888
46.71633,0.1558
46.72628,0.2331
46.73622,0.3461
46.74616,0.4293
46.75611,0.4766
46.76605,0.5297
46.776,0.6112
46.78599,0.7506
46.79598,0.9237
46.80597,1.0558
46.81597,1.5347
46.82596,1.9492
46.83595,2.3311
46.84594,2.6072
46.85593,2.7324
46.86592,2.8109
46.87592,3.0031
46.88591,3.111
46.8959,3.2113
46.90591,3.3881
46.91592,3.61
46.92593,3.7417
46.93595,3.7361
46.94596,3.6508
46.95597,3.5087
46.96599,3.265
46.976,2.9689
46.98601,2.6945
46.99603,2.4797
47.00604,2.3085
47.01605,2.0874
47.02607,1.8315
47.03611,1.5686
47.04615,1.2982
47.05619,1.0632
47.06623,0.8465
47.07627,0.7067
47.08632,0.6153
47.09636,0.5498
47.1064,0.5411
47.11644,0.5326
47.12648,0.5163
47.13652,0.488
47.14656,0.4761
47.15659,0.4532
47.16659,0.5042
47.17658,0.5182
47.18658,0.4814
47.19658,0.4443
47.20657,0.4169
47.21657,0.366
47.22657,0.3477
47.23656,0.3669
47.24656,0.4268
47.25656,0.5112
47.26656,0.5886
47.27655,0.6468
47.28655,0.7034
47.29655,0.779
47.30654,0.8902
47.31654,1.0214
47.32654,1.1735
47.33653,1.2738
47.34653,1.4119
47.35653,1.4946
47.36652,1.6373
47.37652,1.8986
47.38652,2.2572
47.39651,2.6599
47.40653,2.8121
47.41656,3.0441
47.42658,3.2034
47.43661,3.2972
47.44663,3.3105
47.45666,3.3093
47.46668,3.3317
47.47671,3.3946
47.48674,3.4169
47.49676,3.3905
47.50679,3.3229
47.51681,3.1761
47.52684,2.8773
47.53681,2.4706
47.54678,2.0655
47.55674,1.5366
47.56671,1.1109
47.57668,0.8441
47.58665,0.5684
47.59661,0.4212
47.60658,0.3204
47.61655,0.2556
47.62652,0.1997
47.63649,0.1428
47.64645,0.1014
47.65644,0.0986
47.66644,0.1037
47.67643,-0.0486
47.68643,-0.0473
47.69643,-0.0572
47.70642,-0.0181
47.71642,-0.0157
47.72641,-0.0001
47.73641,0.0393
47.74641,0.1612
47.7564,0.3786
47.7664,0.6061
47.77639,0.7487
47.78638,0.8982
47.79638,0.9832
47.80637,1.0846
47.81636,1.2277
47.82635,1.4519
47.83634,1.6706
47.84633,2.0243
47.85632,2.3819
47.86631,2.7443
47.8763,3.1983
47.8863,3.7451
47.89629,4.2635
47.90634,4.7046
47.91645,4.9277
47.92655,5.1376
47.93665,5.2713
47.94676,5.275
47.95686,5.0577
47.96696,4.5693
47.97707,3.9411
47.98717,3.2372
47.99728,2.4787
48.00738,1.779
48.01749,1.3879
48.02759,1.1223
48.03756,0.9322
48.04753,0.7369
48.0575,0.5555
48.06747,0.4059
48.07744,0.1555
48.08741,-0.0485
48.09738,-0.3105
48.10735,-0.6148
48.11732,-0.699
48.12729,-0.8217
48.13726,-0.8745
48.14722,-0.8765
48.15721,-0.8365
48.16721,-0.7327
48.17722,-0.6678
48.18722,-0.5722
48.19722,-0.4484
48.20722,-0.3644
48.21722,-0.1868
48.22722,0.11
48.23722,0.6043
48.24722,1.0782
48.25723,1.5394
48.26722,1.8091
48.27723,1.7457
48.28726,2.2007
48.29728,2.346
48.30731,2.7695
48.31734,2.9819
48.32737,3.1771
48.33739,3.4206
48.34742,3.6174
48.35745,3.6096
48.36748,3.5012
48.37751,3.3151
48.38754,3.0705
48.39756,2.7738
48.40758,2.3421
48.41756,1.8477
48.42754,1.4356
48.43752,1.0996
48.4475,0.8648
48.45748,0.7386
48.46746,0.664
48.47744,0.5612
48.48742,0.4178
48.4974,0.2502
48.50738,0.1864
48.51736,0.1193
48.52734,0.0631
48.53732,0.0393
48.54728,0.0151
48.55725,0.0426
48.56721,0.0695
48.57718,0.1139
48.58715,0.1819
48.59712,0.2654
48.60709,0.4312
48.61705,0.6487
48.62702,0.9726
48.63699,1.3091
48.64695,1.8655
48.65699,1.913
48.66711,2.8668
48.67722,3.3922
48.68734,1.9719
48.69745,2.1596
48.70757,2.6895
48.71768,3.0634
48.72779,2.6545
48.73791,2.5854
48.74802,2.2804
48.75813,1.9568
48.76825,1.4867
48.77836,1.0933
48.78825,0.8773
48.79814,0.7473
48.80803,0.6937
48.81792,0.6104
48.8278,0.559
48.83769,0.4746
48.84758,0.4192
48.85747,0.3428
48.86736,0.4338
48.87724,0.4767
48.88713,0.5023
48.89702,0.5069
48.90697,0.4988
48.917,0.5245
48.92702,0.5285
48.93704,0.5978
48.94706,0.5838
48.95708,0.5524
48.9671,0.4641
48.97712,0.3834
48.98714,0.4276
48.99717,0.4408
49.00719,0.5298
49.01721,0.7085
49.02723,0.9166
49.03726,1.0673
49.04729,1.1937
49.05732,1.3811
49.06736,1.6822
49.07738,2.0449
49.08742,2.4338
49.09745,2.9336
49.10748,3.2237
49.11751,3.7602
49.12754,4.4398
49.13757,4.7463
49.1476,5.1029
49.15762,5.4567
49.16763,5.6711
49.17764,6.0593
49.18764,6.1078
49.19765,6.2493
49.20765,5.9852
49.21766,5.5343
49.22766,5.2467
49.23767,4.8955
49.24767,4.3747
49.25768,3.775
49.26768,3.202
49.27769,2.728
49.28777,2.1398
49.29783,1.7613
49.30789,1.6309
49.31795,1.6188
49.32801,1.5814
49.33807,1.4802
49.34814,1.3027
49.3582,1.1653
49.36826,1.0854
49.37832,1.0511
49.38838,0.9486
49.39844,0.9418
49.40846,0.8297
49.41844,0.6923
49.42842,0.4941
49.4384,0.1994
49.44838,-0.0296
49.45835,-0.0926
49.46833,-0.1114
49.47831,-0.1777
49.48829,-0.1723
49.49826,-0.1204
49.50824,-0.1252
49.51822,-0.1278
49.52819,-0.0873
49.53819,-0.0053
49.54818,0.112
49.55817,0.3022
49.56815,0.5609
49.57814,0.7815
49.58813,0.8944
49.59812,0.9401
49.60811,0.9652
49.6181,0.9917
49.62809,1.06
49.63808,1.1208
49.64807,1.1182
49.6581,1.0021
49.66817,1.0046
49.67823,1.0285
49.6883,1.0458
49.69836,1.075
49.70843,1.074
49.71849,1.0633
49.72856,0.9996
49.73862,0.8735
49.74869,0.8136
49.75876,0.8002
49.76882,0.4958
49.77889,0.2674
49.78887,0.0091
49.79884,-0.2273
49.80882,-0.4079
49.81879,-0.4608
49.82877,-0.4716
49.83874,-0.552
49.84871,-0.7071
49.85869,-0.9002
49.86866,-0.8656
49.87864,-0.8015
49.88861,-0.7952
49.89859,-0.7549
49.90855,-0.6541
49.91852,-0.5963
49.92848,-0.5773
49.93844,-0.5983
49.9484,-0.6581
49.95836,-0.7248
49.96832,-0.7887
49.97828,-0.824
49.98824,-0.8138
49.9982,-0.7309
50.00817,-0.6267
50.01813,-0.5109
50.02809,-0.3834
50.03809,-0.3469
50.0481,-0.3011
50.0581,-0.2851
50.06811,-0.3113
50.07811,-0.3907
50.08812,-0.4592
50.09812,-0.5033
50.10812,-0.5263
50.11813,-0.5521
50.12813,-0.5611
50.13814,-0.6484
50.14814,-0.7038
50.15816,-0.713
50.16814,-0.7306
50.17813,-0.7549
50.18812,-0.7706
50.1981,-0.7909
50.20809,-0.7872
50.21808,-1.1902
50.22807,-1.2597
50.23806,-1.384
50.24804,-1.5057
50.25803,-1.5672
50.26802,-1.5944
50.278,-1.6513
50.28799,-1.6471
50.29798,-1.5451
50.30797,-1.3743
50.31796,-1.3431
50.32795,-1.4954
50.33794,-1.8134
50.34793,-1.944
50.35792,-1.9157
50.3679,-1.9005
50.3779,-1.9038
50.38788,-1.8929
50.39787,-1.9218
50.40791,-1.9312
50.41798,-1.923
50.42805,-1.8983
50.43812,-1.9188
50.44819,-1.9587
50.45827,-1.9871
50.46834,-1.9907
50.47841,-1.9597
50.48848,-1.8764
50.49855,-1.7963
50.50863,-1.8316
50.5187,-1.5718
50.52877,-1.376
50.53879,-1.3699
50.5488,-1.3441
50.55881,-1.3427
50.56882,-1.3676
50.57883,-1.4312
50.58884,-1.5545
50.59885,-1.652
50.60886,-1.6558
50.61887,-1.6577
50.62889,-1.7323
50.6389,-1.7983
50.64891,-1.8037
50.65894,-1.7261
50.66895,-1.6432
50.67896,-1.6745
50.68898,-1.6678
50.69899,-1.5695
50.709,-1.8168
50.71901,-1.8231
50.72903,-1.9368
50.73904,-1.869
50.74905,-1.7745
50.75907,-1.7806
50.76908,-1.9604
50.77909,-2.2515
50.7891,-2.5086
50.7991,-2.5728
50.80911,-2.5281
50.81911,-2.4599
50.82911,-2.5187
50.83912,-2.5865
50.84912,-2.6833
50.85912,-2.6933
50.86912,-2.7246
50.87912,-2.6163
50.88913,-2.6379
50.89913,-2.6617
50.90912,-2.605
50.91909,-2.5856
50.92907,-2.5419
50.93904,-2.4442
50.94901,-2.4034
50.95899,-2.448
50.96896,-2.4153
50.97894,-2.3318
50.98891,-2.2647
50.99888,-2.2824
51.00886,-2.2984
51.01883,-2.2346
51.0288,-2.076
51.03882,-1.8774
51.04881,-1.741
51.05881,-1.6732
51.0688,-1.6638
51.0788,-1.6277
51.08879,-1.5875
51.09879,-1.5225
51.10878,-1.5031
51.11877,-1.5629
51.12877,-1.6942
51.13876,-1.8488
51.14876,-1.9507
51.15877,-1.9852
51.1688,-1.9588
51.17882,-1.9597
51.18885,-2.051
51.19887,-2.1408
51.2089,-2.2004
51.21892,-2.2895
51.22895,-2.3435
51.23897,-2.3257
51.24899,-2.3218
51.25902,-2.3191
51.26904,-2.3418
51.27907,-2.3655
51.28907,-2.3734
51.29908,-2.3832
51.30907,-2.3723
51.31908,-2.3375
51.32908,-2.2061
51.33908,-2.0953
51.34908,-1.9532
51.35908,-1.8785
51.36908,-1.8461
51.37908,-1.9256
51.38908,-1.9737
51.39908,-1.9916
51.4091,-2.0173
51.41913,-2.0029
51.42916,-1.9894
51.4392,-1.9769
51.44923,-1.9705
51.45926,-1.9803
51.46929,-1.9695
51.47932,-1.9659
51.48935,-1.9024
51.49939,-1.8321
51.50942,-1.7655
51.51945,-1.689
51.52948,-1.6052
51.53946,-1.5292
51.54943,-1.5051
51.5594,-1.4718
51.56937,-1.3019
51.57935,-1.4782
51.58932,-1.4709
51.5993,-1.4026
51.60927,-1.2443
51.61924,-1.0547
51.62922,-0.8512
51.63919,-0.6314
51.64916,-0.392
51.65915,-0.1881
51.66915,-0.0199
51.67914,0.1264
51.68914,0.2269
51.69913,0.3672
51.70913,0.562
51.71913,0.6572
51.72913,0.6127
51.73912,0.4953
51.74912,0.3598
51.75912,0.2037
51.76911,0.1165
51.77911,0.0297
51.78911,0.0207
51.7991,0.1066
51.8091,0.1749
51.81909,0.2255
51.82908,0.2084
51.83907,0.1815
51.84906,0.1763
51.85905,0.1802
51.86905,0.1617
51.87904,0.1364
51.88903,0.1253
51.89902,0.1322
51.90902,0.1283
51.91903,0.1096
51.92903,0.0685
51.93903,-0.0314
51.94904,-0.1335
51.95904,-0.1383
51.96905,-0.1185
51.97905,-0.1369
51.98906,-0.1541
51.99906,-0.1743
52.00907,-0.2416
52.01907,-0.3371
52.02908,-0.4467
52.03908,-0.5728
52.04908,-0.6422
52.05909,-0.6975
52.06909,-0.6858
52.0791,-0.7588
52.0891,-0.8605
52.09911,-1.0172
52.10911,-1.1557
52.11911,-1.2498
52.12912,-1.2939
52.13912,-1.3031
52.14912,-1.2848
52.15912,-1.2882
52.16912,-1.3591
52.17911,-1.4203
52.1891,-1.4426
52.1991,-1.4637
52.20909,-1.4764
52.21909,-1.4806
52.22908,-1.4684
52.23907,-1.4578
52.24907,-1.4367
52.25906,-1.4137
52.26905,-1.3866
52.27905,-1.3734
52.28904,-1.3421
52.29903,-1.3097
52.30902,-1.2772
52.31901,-1.2522
52.329,-1.2165
52.33899,-1.1746
52.34898,-1.118
52.35897,-1.0122
52.36897,-0.9342
52.37896,-0.882
52.38895,-0.8299
52.39894,-0.7934
52.40894,-0.7458
52.41895,-0.6914
52.42896,-0.6391
52.43898,-0.5897
52.44899,-0.5531
52.459,-0.5067
52.46901,-0.4416
52.47902,-0.3501
52.48904,-0.2629
52.49905,-0.2022
52.50906,-0.1521
52.51907,-0.1109
52.52908,-0.0885
52.53914,-0.0675
52.5492,-0.0751
52.55926,-0.1411
52.56932,-0.2697
52.57938,-0.4293
52.58944,-0.6168
52.59949,-0.8055
52.60955,-0.983
52.61961,-1.1292
52.62967,-1.22
52.63973,-1.3091
52.64979,-1.3767
52.65983,-1.4325
52.66985,-1.5007
52.67987,-1.5272
52.6899,-1.5262
52.69992,-1.5268
52.70994,-1.432
52.71996,-1.3603
52.72999,-1.3099
52.74001,-1.2942
52.75003,-1.3246
52.76006,-1.3643
52.77008,-1.3499
52.7801,-1.3729
52.79007,-1.4289
52.80004,-1.5329
52.81001,-1.5912
52.81997,-1.5939
52.82994,-1.6068
52.83991,-1.6276
52.84988,-1.6396
52.85984,-1.6084
52.86981,-1.5388
52.87978,-1.444
52.88975,-1.3483
52.89972,-1.3188
52.90971,-1.2213
52.91973,-1.1106
52.92975,-0.9483
52.93977,-0.8318
52.94979,-0.7641
52.95981,-0.7411
52.96983,-0.731
52.97984,-0.7258
52.98986,-0.758
52.99988,-0.8262
53.0099,-0.8356
53.01992,-0.8114
53.02994,-0.81
53.03994,-0.8395
53.04995,-0.892
53.05996,-0.9694
53.06997,-1.0718
53.07998,-1.1956
53.08998,-1.3062
53.09999,-1.4223
53.11,-1.5424
53.12001,-1.5932
53.13001,-1.627
53.14002,-1.6635
53.15003,-1.6888
53.16002,-1.6778
53.16999,-1.685
53.17995,-1.7066
53.18992,-1.6918
53.19989,-1.6713
53.20985,-1.6436
53.21982,-1.5969
53.22979,-1.5339
53.23975,-1.4742
53.24972,-1.4518
53.25969,-1.4795
53.26965,-1.656
53.27962,-1.9201
53.28964,-1.9599
53.29966,-1.9898
53.30968,-2.0155
53.3197,-2.106
53.32972,-2.3554
53.33974,-2.6541
53.34977,-2.916
53.35979,-3.1101
53.36981,-3.1769
53.37983,-3.2181
53.38985,-3.2292
53.39987,-3.2439
53.40992,-3.3052
53.41995,-3.2987
53.42998,-3.2825
53.44001,-3.2938
53.45005,-3.4193
53.46008,-3.5172
53.47012,-3.5828
53.48015,-3.6039
53.49018,-3.6408
53.50022,-3.6455
53.51025,-3.672
53.52029,-3.6894
53.53032,-3.7196
53.54037,-3.7054
53.55041,-3.6783
53.56046,-3.6554
53.5705,-3.6194
53.58054,-3.6197
53.59059,-3.6442
53.60063,-3.5541
53.61068,-3.6035
53.62072,-3.5947
53.63076,-3.4862
53.64081,-3.396
53.65085,-3.3389
53.66087,-3.2982
53.67087,-3.2676
53.68087,-3.2686
53.69087,-3.2698
53.70087,-3.2624
53.71087,-3.2705
53.72086,-3.2789
53.73086,-3.2847
53.74086,-3.3066
53.75086,-3.3171
53.76086,-3.3066
53.77086,-3.3193
53.78086,-3.3133
53.79086,-3.2777
53.80085,-3.227
53.81084,-3.1791
53.82083,-3.1728
53.83081,-3.1894
53.84081,-3.1837
53.8508,-3.186
53.86079,-3.1437
53.87078,-3.1021
53.88077,-3.0321
53.89076,-2.9324
53.90075,-2.8872
53.91074,-2.8458
53.92073,-2.823
53.93073,-2.7864
53.94073,-2.7613
53.95073,-2.7178
53.96072,-2.6788
53.97071,-2.6565
53.98071,-2.6419
53.99071,-2.5822
54.00071,-2.5367
54.0107,-2.4986
54.0207,-2.4827
54.03069,-2.4457
54.0407,-2.3909
54.05069,-2.3668
54.0607,-2.373
54.07069,-2.4392
54.0807,-2.4823
54.09069,-2.4875
54.10069,-2.4878
54.11069,-2.4721
54.12069,-2.5419
54.1307,-2.6763
54.14069,-2.8605
54.15069,-3.0725
54.1607,-3.2374
54.17069,-3.2999
54.18069,-3.1513
54.19068,-2.7999
54.20068,-2.4393
54.21067,-2.3197
54.22067,-2.4132
54.23066,-2.5402
54.24066,-2.6153
54.25065,-2.6466
54.26065,-2.6721
54.27065,-2.6926
54.28064,-2.6749
54.29061,-2.6469
54.30058,-2.6564
54.31055,-2.719
54.32053,-2.7627
54.3305,-2.7608
54.34047,-2.7185
54.35044,-2.6566
54.36041,-2.591
54.37038,-2.5276
54.38035,-2.4631
54.39032,-2.4502
54.4003,-2.4727
54.41029,-2.5129
54.4203,-2.5391
54.43031,-2.5503
54.44032,-2.5101
54.45032,-2.4335
54.46033,-2.3433
54.47034,-2.2476
54.48035,-2.1517
54.49036,-2.1504
54.50037,-2.2109
54.51038,-2.2835
54.52038,-2.3457
54.53039,-2.3333
54.54039,-2.2422
54.55037,-2.0958
54.56036,-1.8861
54.57035,-1.6838
54.58034,-1.519
54.59033,-1.4087
54.60032,-1.3051
54.6103,-1.2255
54.62029,-1.1488
54.63028,-1.0597
54.64027,-0.9594
54.65026,-0.9331
54.66031,-0.9643
54.67041,-1.0352
54.6805,-0.9973
54.69061,-1.4976
54.70071,-1.587
54.7108,-1.6301
54.72091,-1.6464
54.73101,-1.5859
54.7411,-1.525
54.75121,-1.4285
54.76131,-1.4251
54.7714,-1.5312
54.78151,-1.6787
54.7915,-1.8686
54.80148,-2.0084
54.81147,-2.0282
54.82146,-1.9609
54.83145,-1.8203
54.84144,-1.748
54.85143,-1.7224
54.86141,-1.6782
54.8714,-1.6114
54.88139,-1.5817
54.89138,-1.5588
54.90137,-1.6054
54.91137,-1.6642
54.92136,-1.6634
54.93137,-1.6859
54.94137,-1.6701
54.95137,-1.6841
54.96137,-1.7886
54.97137,-1.9733
54.98137,-2.1904
54.99137,-2.3896
55.00138,-2.5023
55.01138,-2.598
55.02138,-2.5859
55.03138,-2.4496
55.04138,-2.314
55.05137,-2.4035
55.06137,-2.567
55.07136,-2.535
55.08136,-2.4616
55.09135,-2.4338
55.10135,-2.4038
55.11135,-2.3447
55.12134,-2.3475
55.13134,-2.4352
55.14133,-2.6044
55.15133,-2.805
55.16134,-2.9652
55.17133,-3.071
55.18133,-3.113
55.19132,-3.0402
55.20132,-2.9303
55.21131,-2.8499
55.22131,-2.905
55.2313,-3.0318
55.24129,-3.168
55.25129,-3.2031
55.26128,-3.2033
55.27128,-3.1725
55.28127,-3.1446
55.29128,-3.0845
55.30128,-3.0081
55.31128,-2.9991
55.32129,-2.9979
55.33129,-2.9968
55.3413,-3.0669
55.3513,-3.1719
55.36131,-3.265
55.37131,-3.3017
55.38131,-3.2538
55.39132,-3.1647
55.40132,-3.0368
55.41134,-2.9238
55.42133,-2.8204
55.43132,-2.7535
55.44132,-2.7065
55.45131,-2.7013
55.4613,-2.7029
55.47129,-2.711
55.48129,-2.6582
55.49128,-2.4354
55.50127,-2.2337
55.51126,-2.1515
55.52126,-2.325
55.53125,-2.5013
55.54122,-2.5643
55.55119,-2.5137
55.56115,-2.3599
55.57112,-2.1907
55.58109,-2.092
55.59105,-2.0648
55.60102,-1.9986
55.61099,-1.8227
55.62096,-1.51
55.63092,-1.1901
55.64089,-1.0092
55.65086,-1.0017
55.66086,-1.0793
55.67088,-1.1891
55.6809,-1.355
55.69092,-1.4967
55.70094,-1.6023
55.71097,-1.6811
55.72099,-1.7502
55.73101,-1.8041
55.74103,-1.8245
55.75105,-1.756
55.76108,-1.6252
55.7711,-1.1267
55.78112,-0.8096
55.79121,-0.4602
55.80128,-0.2884
55.81136,-0.2278
55.82144,-0.2546
55.83152,-0.3678
55.8416,-0.4247
55.85168,-0.5215
55.86176,-0.5321
55.87184,-0.54
55.88192,-0.5784
55.89199,-0.6092
55.90207,-0.6851
55.91209,-0.7756
55.92206,-0.8826
55.93203,-0.9556
55.94199,-0.9938
55.95196,-0.9844
55.96193,-0.9672
55.97189,-0.9447
55.98186,-0.9318
55.99183,-0.9674
56.00179,-1.002
56.01176,-1.0102
56.02172,-1.0235
56.03169,-1.0319
56.04169,-1.0148
56.05169,-0.98
56.06169,-0.8925
56.07168,-0.8013
56.08168,-0.6562
56.09167,-0.5142
56.10167,-0.3922
56.11166,-0.3212
56.12166,-0.289
56.13166,-0.297
56.14165,-0.361
56.15165,-0.6954
56.16166,-1.0296
56.17168,-1.4514
56.1817,-1.8093
56.19172,-1.7304
56.20175,-1.5389
56.21177,-1.3236
56.22179,-1.122
56.23182,-0.9861
56.24184,-0.9055
56.25186,-1.0943
56.26188,-1.2623
56.2719,-1.2747
56.28193,-1.2003
56.29192,-1.1693
56.30189,-1.1446
56.31186,-1.2138
56.32183,-1.5392
56.3318,-2.0373
56.34177,-2.5925
56.35173,-3.0492
56.36171,-3.2568
56.37167,-3.3802
56.38165,-3.5621
56.39161,-3.7488
56.40158,-3.6432
56.41158,-3.2745
56.42161,-2.9123
56.43164,-2.6883
56.44166,-2.5414
56.45169,-2.498
56.46172,-2.4158
56.47174,-2.2407
56.48177,-1.8928
56.49179,-1.7792
56.50182,-2.042
56.51185,-2.2235
56.52188,-2.3731
56.5319,-2.4812
56.5419,-2.4455
56.55191,-2.3576
56.5619,-2.1396
56.57191,-1.9606
56.58191,-1.7429
56.59191,-1.5981
56.60191,-1.513
56.61191,-1.4505
56.62191,-1.4687
56.63191,-1.5242
56.64191,-1.4704
56.65191,-1.3645
56.66189,-1.2969
56.67185,-1.2646
56.68181,-1.2604
56.69176,-1.1835
56.70172,-1.0582
56.71168,-0.99
56.72164,-0.9633
56.7316,-1.0594
56.74155,-1.153
56.75151,-1.276
56.76147,-1.3273
56.77143,-1.4034
56.78139,-1.4793
56.79148,-1.5043
56.80157,-1.6318
56.81165,-1.6955
56.82173,-1.6858
56.83181,-1.7444
56.8419,-1.9552
56.85198,-2.2849
56.86206,-2.6006
56.87214,-2.7045
56.88223,-2.7094
56.89231,-2.6744
56.90239,-2.7368
56.91272,-2.6543
56.92328,-2.6357
56.93385,-2.5916
56.94441,-2.5421
56.95497,-2.4432
56.96553,-2.2604
56.97609,-2.0639
56.98666,-1.8817
56.99722,-1.7363
57.00778,-1.6471
57.01834,-1.608
57.02891,-1.6192
57.03947,-1.6221
57.04893,-1.6019
57.0584,-1.5732
57.06786,-1.5556
57.07732,-1.5219
57.08679,-1.4891
57.09625,-1.4655
57.10571,-1.3937
57.11518,-1.2864
57.12464,-1.2146
57.1341,-1.166
57.14357,-1.1176
57.15303,-1.1246
57.16275,-1.1873
57.17273,-1.1987
57.1827,-1.18
57.19267,-1.1211
57.20265,-0.9745
57.21262,-0.8477
57.2226,-0.8006
57.23257,-0.8215
57.24255,-0.828
57.25252,-0.897
57.26249,-1.0463
57.27247,-1.147
57.28244,-1.2096
57.29246,-1.0882
57.30247,-0.8332
57.31249,-0.8703
57.3225,-1.4112
57.33252,-1.5942
57.34253,-1.8051
57.35255,-1.9497
57.36256,-2.2059
57.37258,-2.2898
57.38259,-2.2926
57.3926,-2.2736
57.40262,-2.2636
57.41262,-2.2785
57.42258,-2.2943
57.43255,-2.3266
57.44252,-2.3563
57.45248,-2.3273
57.46245,-2.3809
57.47242,-2.406
57.48239,-2.3572
57.49236,-2.2793
57.50232,-2.1717
57.51229,-2.0827
57.52225,-1.9439
57.53222,-1.7676
57.54225,-1.5872
57.55227,-1.4987
57.56229,-1.5385
57.57231,-1.6022
57.58233,-1.6123
57.59235,-1.6202
57.60238,-1.6003
57.6124,-1.5896
57.62242,-1.5668
57.63244,-1.5553
57.64246,-1.5624
57.65248,-1.5613
57.66249,-1.6051
57.6725,-1.6185
57.6825,-1.6064
57.6925,-1.6014
57.70251,-1.6584
57.71251,-1.7247
57.72251,-1.7948
57.73251,-1.8759
57.74252,-2.065
57.75252,-2.1821
57.76252,-2.2186
57.77253,-2.2325
57.78253,-2.2186
57.79253,-2.1974
57.80253,-2.165
57.81253,-2.1214
57.82252,-2.04
57.83252,-1.9764
57.84252,-1.9248
57.85252,-1.9037
57.86251,-1.8969
57.87251,-1.9078
57.88251,-1.9465
57.89251,-2.0027
57.9025,-2.0618
57.91252,-2.106
57.92257,-2.1224
57.93261,-2.1356
57.94266,-2.1273
57.95271,-2.139
57.96275,-2.1587
57.9728,-2.1898
57.98284,-2.2061
57.99289,-2.2203
58.00293,-2.2202
58.01298,-2.2013
58.02303,-2.1865
58.03307,-2.208
58.04308,-2.2236
58.05307,-2.2432
58.06308,-2.2576
58.07307,-2.3021
58.08307,-2.3567
58.09307,-2.4429
58.10307,-2.5393
58.11307,-2.6637
58.12307,-2.7408
58.13307,-2.801
58.14307,-2.8337
58.15306,-2.8563
58.16309,-2.8726
58.17311,-2.8691
58.18314,-2.8611
58.19316,-2.8592
58.20319,-2.8478
58.21321,-2.8404
58.22324,-2.8253
58.23326,-2.8313
58.24329,-2.8335
58.25331,-2.8413
58.26334,-2.8548
58.27337,-2.8454
58.28339,-2.8483
58.29339,-2.8537
58.30338,-2.8725
58.31338,-2.8772
58.32337,-2.8866
58.33336,-2.9497
58.34335,-2.9701
58.35335,-3.0208
58.36334,-2.9499
58.37333,-2.9601
58.38332,-2.9266
58.39332,-2.9013
58.40331,-2.8973
58.4133,-2.8523
58.4233,-2.7871
58.43329,-2.7676
58.44328,-2.7407
58.45328,-2.7521
58.46327,-2.7675
58.47326,-2.783
58.48326,-2.8083
58.49325,-2.8286
58.50324,-2.8543
58.51324,-2.9073
58.52323,-2.9895
58.53322,-3.0027
58.54322,-2.9846
58.55322,-3.1175
58.56322,-3.0392
58.57322,-2.9449
58.58322,-2.8495
58.59322,-2.7652
58.60321,-2.7025
58.61321,-2.6553
58.62321,-2.6276
58.63321,-2.5615
58.64321,-2.4302
58.65321,-2.2683
58.66319,-1.9672
58.67314,-1.6157
58.6831,-1.3931
58.69305,-1.2742
58.70301,-1.2046
58.71297,-1.1477
58.72293,-1.0995
58.73288,-1.0441
58.74284,-0.9813
58.7528,-0.8301
58.76276,-0.6602
58.77271,-0.536
58.78267,-0.3871
58.79268,-0.4371
58.80269,-0.5047
58.8127,-0.5042
58.82271,-0.4984
58.83271,-0.3558
58.84272,-0.2902
58.85273,-0.1798
58.86274,0.0527
58.87275,0.1348
58.88276,0.1581
58.89277,0.0381
58.90278,0.1518
58.9128,0.2982
58.92282,0.2791
58.93285,0.4466
58.94287,0.6563
58.95289,0.7451
58.96291,0.7135
58.97294,0.681
58.98296,0.6426
58.99298,0.5996
59.00301,0.4369
59.01303,0.1733
59.02305,-0.112
59.03307,-0.3957
59.04313,-0.6475
59.05317,-0.8341
59.06322,-0.9677
59.07327,-1.0989
59.08332,-1.2511
59.09337,-1.4252
59.10342,-1.5847
59.11346,-1.6878
59.12351,-1.7573
59.13356,-1.7518
59.14361,-1.7241
59.15366,-1.6928
59.16369,-1.7343
59.17371,-1.812
59.18373,-1.8984
59.19374,-1.9428
59.20376,-1.98
59.21378,-1.9791
59.2238,-1.9203
59.23381,-1.9037
59.24384,-1.891
59.25385,-1.8711
59.26387,-1.8579
59.27389,-1.8721
59.28391,-1.8841
59.29389,-1.8659
59.30387,-1.8441
59.31384,-1.806
59.32381,-1.7291
59.33379,-1.6471
59.34377,-1.5575
59.35374,-1.4507
59.36371,-1.3146
59.37369,-1.159
59.38366,-1.0115
59.39364,-0.8529
59.40361,-0.6772
59.41362,-0.4886
59.42365,-0.4771
59.43367,-0.424
59.4437,-0.2095
59.45372,0.0631
59.46375,-0.1735
59.47378,-0.2196
59.4838,-0.2331
59.49383,-0.1453
59.50385,-0.1629
59.51388,-0.1189
59.5239,-0.0929
59.53393,-0.1883
59.5439,-0.3443
59.55388,-0.5178
59.56386,-0.8185
59.57383,-0.9554
59.58381,-1.1113
59.59379,-1.2348
59.60377,-1.4188
59.61374,-1.6083
59.62372,-1.7908
59.6337,-1.9612
59.64368,-2.134
59.65365,-2.2924
59.66365,-2.4089
59.67367,-2.4552
59.68369,-2.4546
59.69371,-2.4738
59.70372,-2.4927
59.71374,-2.5101
59.72376,-2.5204
59.73378,-2.4992
59.7438,-2.5151
59.75381,-2.5347
59.76383,-2.5613
59.77385,-2.5892
59.78387,-2.6032
59.79388,-2.6444
59.80387,-2.6706
59.81388,-2.7078
59.82388,-2.6722
59.83388,-2.681
59.84388,-2.6954
59.85388,-2.6769
59.86388,-2.6486
59.87388,-2.6867
59.88388,-2.72
59.89388,-2.6919
59.90388,-2.6304
59.91386,-2.5717
59.92382,-2.5091
59.93378,-2.433
59.94374,-2.3143
59.9537,-2.169
59.96367,-2.0348
59.97363,-1.9582
59.98359,-1.9595
59.99355,-2.0013
60.00351,-1.9736
60.01347,-1.9943
60.02343,-1.9815
60.03339,-1.7856
60.04349,-1.677
60.05359,-1.6255
60.0637,-1.3178
60.0738,-1.3462
60.0839,-1.4077
60.09401,-1.2844
60.10411,-1.0957
60.11421,-0.8329
60.12431,-0.8418
60.13441,-0.8475
60.14452,-0.9671
60.15462,-1.1386
60.16468,-1.3721
60.17468,-1.5991
60.18468,-1.7319
60.19468,-1.8069
60.20468,-1.827
60.21468,-1.8578
60.22469,-1.8579
60.23468,-1.786
60.24469,-1.716
60.25469,-1.6356
60.26469,-1.3902
60.27469,-0.844
60.28469,-0.4953
60.29469,-0.3482
60.30468,-0.3847
60.31467,-0.4554
60.32466,-0.487
60.33465,-0.5226
60.34464,-0.5359
60.35464,-0.5051
60.36463,-0.5151
60.37462,-0.4816
60.38461,-0.4827
60.3946,-0.4706
60.40459,-0.5122
60.41459,-0.5676
60.4246,-0.5765
60.43461,-0.5281
60.44462,-0.3482
60.45463,-0.183
60.46463,-0.1023
60.47464,-0.0995
60.48465,-0.1268
60.49466,-0.1587
60.50467,-0.1608
60.51468,-0.155
60.52468,-0.1344
60.53469,-0.1149
60.54467,-0.0985
60.55463,-0.0974
60.56459,-0.0717
60.57455,-0.0709
60.58451,-0.0545
60.59448,-0.0201
60.60444,0.0073
60.6144,0.0644
60.62437,0.1054
60.63433,0.2349
60.64429,0.3322
60.65425,0.5128
60.66423,0.7006
60.67423,0.8331
60.68423,0.7865
60.69423,0.7639
60.70424,0.8536
60.71423,0.9736
60.72424,0.9811
60.73423,0.9601
60.74424,0.8846
60.75423,0.7707
60.76424,0.6428
60.77423,0.6088
60.78424,0.6117
60.79426,0.6112
60.80428,0.5506
60.8143,0.4707
60.82433,0.3649
60.83435,0.276
60.84437,0.2182
60.85439,0.2028
60.86441,0.1779
60.87444,0.1376
60.88446,0.1225
60.89448,0.0875
60.9045,0.0609
60.91451,0.0076
60.92449,0.0043
60.93446,-0.0126
60.94444,-0.0095
60.95442,0.014
60.96439,0.0907
60.97437,0.1808
60.98435,0.2238
60.99433,0.2431
61.0043,0.2478
61.01428,0.2437
61.02426,0.2186
61.03423,0.207
61.04422,0.2077
61.0542,0.2356
61.06418,0.2795
61.07417,0.3945
61.08415,0.4796
61.09413,0.4883
61.10411,0.4991
61.11409,0.5814
61.12408,0.7306
61.13406,0.9352
61.14404,1.0017
61.15403,1.2856
61.16408,1.6034
61.1742,1.9392
61.18431,2.1661
61.19443,2.3601
61.20455,2.4443
61.21466,2.5718
61.22478,2.8198
61.2349,3.0598
61.24502,3.1199
61.25513,3.0502
61.26525,2.8584
61.27537,2.5304
61.28548,2.092
61.29547,1.6287
61.30546,1.1974
61.31544,0.7174
61.32543,0.358
61.33542,0.0765
61.34541,-0.1398
61.3554,-0.2938
61.36538,-0.4078
61.37537,-0.5074
61.38536,-0.6054
61.39535,-0.6712
61.40533,-0.7327
61.41533,-0.7741
61.42533,-0.8042
61.43533,-0.8149
61.44532,-0.8296
61.45532,-0.8566
61.46532,-0.8697
61.47532,-0.8934
61.48531,-0.879
61.49531,-0.8787
61.50531,-0.8773
61.5153,-0.8901
61.5253,-0.8984
61.5353,-0.8948
61.54528,-0.8783
61.55525,-0.8904
61.56522,-0.8934
61.5752,-0.8651
61.58517,-0.8212
61.59515,-0.7782
61.60512,-0.726
61.61509,-0.6792
61.62506,-0.6243
61.63504,-0.5575
61.64501,-0.4368
61.65498,-0.2503
61.66498,-0.005
61.675,0.2452
61.68502,0.4508
61.69504,0.6902
61.70506,0.8983
61.71508,1.1127
61.72509,1.3787
61.73512,1.6517
61.74513,1.9383
61.75515,2.1407
61.76517,2.2282
61.77519,2.2514
61.78521,2.2089
61.79521,2.1064
61.80521,1.9905
61.81521,1.8513
61.8252,1.713
61.8352,1.5307
61.8452,1.2952
61.85519,1.002
61.86519,0.6938
61.87519,0.3884
61.88519,0.0704
61.89518,-0.1856
61.90518,-0.4024
61.91521,-0.5872
61.92528,-0.7484
61.93535,-0.8677
61.94542,-0.9771
61.95549,-1.0378
61.96556,-1.0964
61.97564,-1.1575
61.98571,-1.2118
61.99577,-1.2567
62.00584,-1.2886
62.01591,-1.3026
62.02599,-1.3289
62.03606,-1.3499
62.046,-1.3674
62.05595,-1.3513
62.0659,-1.3626
62.07584,-1.3562
62.08578,-1.3336
62.09573,-1.3012
62.10567,-1.2763
62.11562,-1.2653
62.12557,-1.2523
62.13551,-1.2027
62.14546,-1.1144
62.1554,-1.098
62.16537,-0.7786
62.17534,-0.5142
62.18532,-0.8539
62.19529,-0.9299
62.20527,-0.8508
62.21524,-0.2504
62.22522,0.1948
62.23519,0.0775
62.24516,0.1874
62.25514,0.5696
62.26511,0.5447
62.27509,0.4499
62.28506,0.1981
62.29516,-0.1186
62.30526,-0.4171
62.31535,-0.6852
62.32544,-0.9048
62.33554,-1.0758
62.34563,-1.2107
62.35572,-1.3251
62.36582,-1.392
62.37591,-1.4382
62.38601,-1.4854
62.3961,-1.5302
62.40619,-1.5575
62.41622,-1.5441
62.42617,-1.542
62.43613,-1.5542
62.44609,-1.6074
62.45604,-1.5836
62.466,-1.5876
62.47596,-1.6232
62.48591,-1.6794
62.49587,-1.7067
62.50583,-1.7037
62.51578,-1.6862
62.52574,-1.6667
62.53569,-1.6441
62.54572,-1.615
62.55574,-1.5088
62.56577,-1.3669
62.57579,-1.316
62.58582,-1.344
62.59584,-1.3625
62.60587,-1.3651
62.61589,-1.353
62.62592,-1.3312
62.63594,-1.2445
62.64596,-1.0737
62.65599,-0.7176
62.66599,-0.7039
62.67597,-0.6777
62.68595,-0.6851
62.69592,-0.654
62.7059,-0.6261
62.71588,-0.581
62.72585,-0.4678
62.73583,-0.2554
62.74581,-0.0176
62.75579,0.0984
62.76576,0.2436
62.77574,0.3424
62.78572,0.4443
62.7958,0.5398
62.80589,0.6437
62.81598,0.7475
62.82606,0.8637
62.83614,0.8732
62.84623,0.7939
62.85632,0.6891
62.8664,0.5641
62.87649,0.435
62.88657,0.3091
62.89666,0.1603
62.90675,0.0362
62.91679,-0.0526
62.92673,-0.1185
62.93668,-0.1661
62.94663,-0.216
62.95658,-0.2614
62.96653,-0.3314
62.97647,-0.3933
62.98642,-0.42
62.99637,-0.4579
63.00632,-0.4689
63.01627,-0.4621
63.02622,-0.4604
63.03617,-0.4624
63.04615,-0.4822
63.05612,-0.497
63.0661,-0.4772
63.07608,-0.5099
63.08606,-0.4998
63.09603,-0.482
63.10601,-0.4526
63.11599,-0.4481
63.12597,-0.4583
63.13594,-0.4733
63.14592,-0.4904
63.1559,-0.5054
63.16589,-0.5452
63.17589,-0.5878
63.18589,-0.6162
63.19588,-0.6292
63.20589,-0.6292
63.21589,-0.6289
63.22588,-0.6538
63.23589,-0.6589
63.24588,-0.6822
63.25588,-0.6981
63.26588,-0.7055
63.27588,-0.7015
63.28588,-0.693
63.29585,-0.6701
63.30581,-0.6492
63.31578,-0.6099
63.32574,-0.5711
63.33571,-0.5196
63.34567,-0.4587
63.35564,-0.3642
63.3656,-0.2604
63.37557,-0.1434
63.38553,-0.0035
63.3955,0.1475
63.40546,0.2889
63.41551,0.4337
63.42561,0.6693
63.43572,0.7517
63.44582,1.0531
63.45593,1.3064
63.46603,1.4203
63.47614,1.7393
63.48624,2.2011
63.49635,2.5905
63.50645,2.8595
63.51656,3.0305
63.52666,3.084
63.53677,3.1122
63.54684,3.0215
63.55691,2.8352
63.56697,2.6544
63.57704,2.4828
63.58711,2.3184
63.59718,2.1639
63.60725,2.0012
63.61731,1.8653
63.62738,1.744
63.63745,1.6149
63.64751,1.4712
63.65758,1.3814
63.66761,1.3588
63.6776,1.3555
63.6876,1.3091
63.69759,1.1959
63.70759,0.9847
63.71758,0.5107
63.72758,0.0872
63.73757,-0.0835
63.74757,-0.1121
63.75756,-0.1099
63.76756,-0.1354
63.77755,-0.1492
63.78754,-0.1674
63.79745,-0.1673
63.80735,-0.1659
63.81724,-0.1402
63.82714,-0.1054
63.83704,-0.0373
63.84693,0.0484
63.85683,0.1474
63.86673,0.2051
63.87663,0.2664
63.88652,0.3604
63.89642,0.5225
63.90631,0.8163
63.91629,1.2065
63.92633,1.6768
63.93637,2.0656
63.94641,2.3903
63.95645,2.987
63.96649,3.4042
63.97653,3.9253
63.98657,4.3188
63.99661,4.4527
64.00665,4.6467
64.01669,4.7577
64.02673,4.7075
64.03677,4.5667
64.04676,4.3865
64.05674,4.1811
64.06672,3.9332
64.07669,3.6299
64.08667,3.3453
64.09665,3.0038
64.10663,2.6559
64.11661,2.3878
64.12659,2.0642
64.13656,1.7706
64.14654,1.5758
64.15652,1.4295
64.16655,1.3517
64.17662,1.3455
64.18669,1.2743
64.19676,1.1643
64.20683,1.1236
64.2169,1.0919
64.22697,1.0989
64.23705,1.1118
64.24711,1.1384
64.25718,1.2756
64.26725,1.4335
64.27732,1.5334
64.28739,1.608
64.29738,1.6658
64.30736,1.7473
64.31734,1.8936
64.32732,2.0987
64.3373,2.3378
64.34728,2.5927
64.35726,2.8295
64.36724,2.9048
64.37722,2.4825
64.38721,2.9946
64.39719,3.2826
64.40717,3.1415
64.41716,3.0737
64.42719,3.0142
64.43721,2.935
64.44723,2.7707
64.45725,2.5293
64.46728,2.2783
64.47729,2.1089
64.48732,2.0041
64.49734,1.8845
64.50736,1.7621
64.51739,1.6371
64.5274,1.6365
64.53743,1.5839
64.54744,1.5558
64.55744,1.5281
64.56745,1.4881
64.57745,1.4511
64.58746,1.3593
64.59747,1.5
64.60748,1.5213
64.61748,1.652
64.62749,1.5346
64.63749,1.4257
64.6475,1.5594
64.6575,1.6044
64.66753,1.5845
64.67757,1.5922
64.68761,1.6672
64.69765,1.7229
64.70769,1.8223
64.71772,1.9402
64.72776,2.035
64.7378,2.1212
64.74783,2.2697
64.75787,2.4506
64.76791,2.7384
64.77795,3.0593
64.78799,3.3292
64.79797,3.8517
64.80795,4.0347
64.81791,4.1838
64.82787,4.676
64.83784,5.52
64.84781,6.0355
64.85778,6.4392
64.86774,6.767
64.87772,6.916
64.88768,6.8878
64.89764,6.803
64.90762,6.6546
64.91761,6.447
64.92763,6.2106
64.93765,5.9051
64.94767,5.4649
64.9577,4.9308
64.96772,4.3345
64.97774,3.8722
64.98776,3.4725
64.99779,3.0916
65.0078,2.8264
65.01783,2.5793
65.02785,2.3836
65.03787,2.2724
65.04782,2.2386
65.05775,2.1881
65.06769,2.1157
65.07763,2.0474
65.08756,2.0816
65.0975,2.2071
65.10743,2.2492
65.11736,2.3678
65.1273,2.4565
65.13723,2.5663
65.14716,2.6735
65.1571,2.8074
65.16711,2.9302
65.17719,3.0368
65.18727,3.1494
65.19735,3.2821
65.20744,3.5331
65.21751,3.6795
65.2276,3.7979
65.23768,3.818
65.24776,3.569
65.25784,3.6987
65.26793,3.818
65.27801,3.9889
65.28809,4.3331
65.29802,4.3321
65.30794,4.4701
65.31786,4.5182
65.32777,4.5511
65.33769,4.5914
65.34761,4.6117
65.35752,4.6149
65.36744,4.4834
65.37736,4.2901
65.38728,3.9861
65.39719,3.6434
65.40711,3.3261
65.41711,3.1006
65.42719,2.9221
65.43726,2.806
65.44734,2.7267
65.45741,2.669
65.46749,2.5409
65.47756,2.3626
65.48764,2.1518
65.49772,1.9894
65.50779,1.9889
65.51787,1.9073
65.52794,1.8953
65.53802,1.8951
65.54809,1.9353
65.55817,1.9939
65.56824,2.0755
65.57832,2.0959
65.5884,2.0765
65.59848,2.0971
65.60855,2.1635
65.61863,2.267
65.62871,2.3728
65.63879,2.4838
65.64886,2.575
65.65894,2.6828
65.66895,2.7932
65.67889,2.9026
65.68883,3.0253
65.69876,3.1618
65.7087,3.3229
65.71864,3.358
65.72857,3.6876
65.7385,4.1852
65.74844,4.4752
65.75838,4.6778
65.76831,4.7587
65.77825,4.9244
65.78819,4.9646
65.79824,4.9967
65.8083,4.8995
65.81836,4.6934
65.82841,4.4062
65.83847,4.0674
65.84853,3.7055
65.85859,3.3394
65.86864,3.014
65.8787,2.6739
65.88876,2.3783
65.89882,2.1789
65.90887,2.0642
65.91891,1.9706
65.9289,1.9188
65.9389,1.7725
65.94889,1.6675
65.95889,1.5939
65.96888,1.6654
65.97887,1.6637
65.98887,1.6658
65.99887,1.6788
66.00887,1.6919
66.01886,1.6876
66.02885,1.7693
66.03885,1.8769
66.04877,1.9877
66.05869,2.096
66.0686,2.202
66.07852,2.314
66.08844,2.4525
66.09836,2.6283
66.10828,2.7569
66.1182,2.9122
66.12812,3.111
66.13804,3.2378
66.14796,3.4847
66.15788,4.0928
66.16785,4.4318
66.17785,4.8079
66.18786,5.0816
66.19786,5.1484
66.20787,5.115
66.21787,5.1784
66.22788,5.2303
66.23788,5.1795
66.24789,5.1062
66.2579,4.6859
66.26791,4.1761
66.27791,3.5394
66.28792,2.97
66.29791,2.5299
66.30791,2.1324
66.3179,1.891
66.3279,1.7636
66.3379,1.6696
66.34789,1.5143
66.35789,1.3779
66.36788,1.2573
66.37788,1.261
66.38787,1.1727
66.39787,1.2058
66.40786,1.23
66.41786,1.2531
66.42787,1.4303
66.43787,1.4662
66.44788,1.5794
66.45788,1.6603
66.46789,1.7496
66.47789,2.0259
66.48789,2.0105
66.49789,2.1056
66.5079,2.2059
66.51791,2.2054
66.52791,2.2772
66.53791,2.3197
66.5479,2.3914
66.55788,2.3593
66.56787,2.4442
66.57786,2.5799
66.58784,2.8391
66.59783,2.9941
66.60782,3.2802
66.61781,3.3035
66.62779,3.2912
66.63778,3.6549
66.64777,4.1077
66.65775,4.8385
66.66779,4.9595
66.67788,5.1069
66.68796,5.2568
66.69804,5.4222
66.70812,5.5199
66.7182,5.4732
66.72828,5.2492
66.73836,4.9106
66.74844,4.3417
66.75852,3.7124
66.7686,3.0619
66.77869,2.5015
66.78876,1.9853
66.79877,1.6988
66.80877,1.4588
66.81876,1.2159
66.82877,0.9911
66.83876,0.9182
66.84876,0.6753
66.85876,0.4389
66.86876,0.3656
66.87875,0.4001
66.88876,0.2521
66.89875,0.2135
66.90875,0.144
66.91875,0.1109
66.92875,0.1943
66.93875,0.3047
66.94875,0.3703
66.95875,0.6368
66.96875,0.4836
66.97874,0.5604
66.98875,0.659
66.99875,0.7858
67.00874,0.8926
67.01875,1.0312
67.02874,1.2277
67.03874,1.4459
67.04874,1.7188
67.05873,1.891
67.06872,2.141
67.07871,2.4999
67.0887,2.8457
67.09869,3.4207
67.10868,4.1217
67.11868,4.4046
67.12867,4.654
67.13866,4.7689
67.14865,4.7812
67.15864,4.8065
67.16864,4.8502
67.17864,4.859
67.18865,4.6907
67.19865,4.2504
67.20866,3.7096
67.21867,3.1586
67.22867,2.5742
67.23868,2.1509
67.24868,1.7636
67.25869,1.4264
67.26869,1.2405
67.2787,1.0412
67.2887,0.8382
67.29871,0.6752
67.30869,0.6228
67.31869,0.5081
67.32867,0.5262
67.33867,0.3392
67.34866,0.3311
67.35865,0.3417
67.36864,0.3581
67.37863,0.342
67.38862,0.4202
67.39861,0.5325
67.4086,0.6795
67.41859,0.7937
67.42857,0.8923
67.43855,1.002
67.44853,1.1403
67.45852,1.4729
67.4685,1.8959
67.47849,2.3446
67.48846,2.8265
67.49845,3.1886
67.50843,3.9254
67.51842,4.7203
67.5284,5.1574
67.53838,5.487
67.54838,5.9407
67.55836,6.521
67.56835,6.9838
67.57834,7.2187
67.58833,7.1062
67.5983,6.6624
67.60829,5.9583
67.61828,5.0721
67.62827,4.1411
67.63825,3.281
67.64824,2.5474
67.65823,1.9189
67.66823,1.4972
67.67825,1.2846
67.68829,1.0665
67.69831,0.8964
67.70834,0.7003
67.71837,0.4209
67.72839,0.4399
67.73843,0.4653
67.74845,0.4012
67.75848,0.2932
67.76851,0.2525
67.77854,0.235
67.78857,0.2575
67.79858,0.1963
67.80857,0.1827
67.81857,0.282
67.82857,0.3532
67.83856,0.4305
67.84856,0.5185
67.85855,0.6252
67.86855,0.7602
67.87855,0.881
67.88854,1.0316
67.89854,1.2525
67.90854,1.4902
67.91857,1.7644
67.92862,2.2305
67.93867,2.7426
67.94872,3.2558
67.95878,2.9532
67.96883,3.941
67.97887,3.1884
67.98893,3.1905
67.99898,3.2357
68.00903,3.071
68.01908,3.1188
68.02914,2.9058
68.03918,2.3378
68.0492,1.9847
68.05921,1.5558
68.06923,1.128
68.07924,0.8015
68.08926,0.5404
68.09927,0.3592
68.10928,0.2056
68.11929,0.1414
68.1293,0.1351
68.13932,0.0846
68.14933,0.2076
68.15935,0.2061
68.16934,0.332
68.17932,0.2875
68.1893,0.3021
68.19928,0.4126
68.20926,0.4281
68.21924,0.476
68.22922,0.5167
68.2392,0.6037
68.24917,0.6712
68.25915,0.8188
68.26913,0.9105
68.27911,0.9785
68.28909,1.0205
68.29908,1.0964
68.30907,1.1474
68.31906,1.1838
68.32906,1.2842
68.33904,1.4578
68.34904,1.6198
68.35903,1.8815
68.36902,2.1848
68.37901,2.2329
68.38901,2.5879
68.39899,2.8588
68.40899,3.0564
68.419,3.6019
68.42902,4.1475
68.43905,4.5399
68.44907,4.4739
68.4591,4.4506
68.46912,4.3606
68.47915,4.476
68.48917,4.3646
68.4992,4.3875
68.50922,4.2533
68.51925,3.9697
68.52927,3.5699
68.5393,3.2191
68.54928,2.8744
68.55924,2.5629
68.56921,2.317
68.57919,2.0727
68.58915,1.8997
68.59912,1.6954
68.60909,1.5233
68.61906,1.4649
68.62903,1.3403
68.63899,1.1484
68.64896,1.264
68.65894,1.3033
68.66892,1.2378
68.67892,1.2322
68.68892,1.2149
68.69892,1.2065
68.70892,1.1917
68.71892,1.2388
68.72892,1.4469
68.73891,1.6107
68.74892,1.7317
68.75891,1.9152
68.76891,2.0346
68.77891,2.1029
68.78891,2.1294
68.7989,2.2072
68.80888,2.376
68.81887,2.6757
68.82885,3.0739
68.83884,3.4068
68.84882,3.337
68.85881,3.5909
68.86879,4.0849
68.87878,4.3888
68.88876,4.7552
68.89875,4.9684
68.90874,5.0358
68.91874,4.9833
68.92875,4.7871
68.93876,4.5535
68.94878,4.3019
68.95879,4.0475
68.9688,3.6966
68.97881,3.2827
68.98882,2.8136
68.99883,2.4046
69.00884,2.0415
69.01885,1.7332
69.02887,1.4262
69.03888,0.9952
69.04967,0.7412
69.06047,0.7239
69.07127,0.6311
69.08206,0.5278
69.09286,0.3743
69.10365,0.3513
69.11445,0.2888
69.12524,0.1278
69.13604,0.1001
69.14684,0.1142
69.15763,0.1377
69.16843,0.1749
69.17848,0.1729
69.18778,0.15
69.19709,0.1199
69.20639,0.1073
69.21569,0.0575
69.225,-0.1255
69.2343,-0.2492
69.2436,-0.3856
69.25291,-0.6106
69.26221,-0.827
69.27151,-0.8893
69.28082,-0.893
69.29012,-0.9137
69.30009,-1.0016
69.31007,-1.0682
69.32005,-1.1132
69.33002,-1.2405
69.34,-1.3224
69.34997,-1.4003
69.35995,-1.49
69.36992,-1.5185
69.3799,-1.4521
69.38987,-1.4324
69.39985,-1.452
69.40982,-1.544
69.41982,-1.5696
69.4298,-1.5099
69.43979,-1.4939
69.44978,-1.625
69.45977,-1.7572
69.46976,-1.8463
69.47974,-1.8482
69.48973,-1.7779
69.49972,-1.7047
69.5097,-1.6743
69.51969,-1.6121
69.52968,-1.5155
69.53967,-1.4199
69.5497,-1.3827
69.55972,-1.3959
69.56975,-1.3978
69.57978,-1.3611
69.58981,-1.2864
69.59983,-1.3693
69.60986,-1.5894
69.61989,-1.8014
69.62991,-1.874
69.63994,-1.8901
69.64997,-1.8486
69.66,-1.5221
69.67001,-1.3426
69.68001,-1.5087
69.69,-1.794
69.7,-1.9455
69.70999,-1.6319
69.71999,-1.3789
69.72999,-1.1773
69.73998,-1.0438
69.74998,-1.0062
69.75997,-1.1471
69.76997,-1.0132
69.77996,-0.9882
69.78996,-1.1002
69.79995,-0.8557
69.80995,-0.6467
69.81995,-0.7766
69.82994,-0.9425
69.83994,-1.0273
69.84993,-1.0352
69.85993,-0.9822
69.86993,-0.9418
69.87992,-1.0476
69.88992,-1.1279
69.89992,-1.1663
69.90991,-1.1764
69.91991,-1.1808
69.92991,-1.1818
69.9399,-1.1788
69.9499,-1.0157
69.9599,-0.8315
69.96989,-0.6705
69.97989,-0.63
69.98989,-0.7532
69.99989,-0.9335
70.00988,-1.1419
70.01987,-1.289
70.02988,-1.3479
70.03987,-1.3681
70.04984,-1.3509
70.05981,-1.3651
70.06979,-1.3885
70.07976,-1.5004
70.08972,-1.5797
70.09969,-1.6292
70.10966,-1.7051
70.11964,-1.7623
70.12961,-1.7637
70.13958,-1.7977
70.14955,-1.8455
70.15952,-1.8606
70.16956,-1.865
70.17967,-1.8405
70.18978,-1.7809
70.19989,-1.6895
70.21,-1.6422
70.22011,-1.6978
70.23022,-1.7561
70.24033,-1.7739
70.25044,-1.7859
70.26055,-1.7719
70.27066,-1.7689
70.28077,-1.7361
70.29088,-1.6552
70.30087,-1.6105
70.31087,-1.6566
70.32087,-1.7318
70.33086,-1.7699
70.34086,-1.8254
70.35085,-1.8526
70.36085,-1.8171
70.37084,-1.7375
70.38084,-1.69
70.39084,-1.6647
70.40083,-1.6929
70.41083,-1.7306
70.42081,-1.7538
70.43079,-1.7825
70.44075,-1.7994
70.45072,-1.8272
70.46069,-1.7918
70.47066,-1.7046
70.48062,-1.6844
70.49059,-1.7014
70.50056,-1.7178
70.51053,-1.7832
70.52049,-1.8175
70.53046,-1.8302
70.54043,-1.799
70.55045,-1.7344
70.56047,-1.6319
70.57049,-1.6253
70.58051,-1.6496
70.59053,-1.6337
70.60055,-1.6738
70.61057,-1.6975
70.62059,-1.7046
70.63061,-1.7594
70.64063,-1.7679
70.65065,-1.7365
70.66067,-1.748
70.67068,-1.7535
70.68069,-1.7443
70.69068,-1.7309
70.70068,-1.7324
70.71068,-1.7149
70.72067,-1.7008
70.73067,-1.7354
70.74067,-1.753
70.75066,-1.7505
70.76067,-1.7633
70.77066,-1.7695
70.78066,-1.7557
70.79066,-1.7525
70.80066,-1.7451
70.81065,-1.6947
70.82065,-1.6668
70.83064,-1.6707
70.84064,-1.6762
70.85064,-1.694
70.86063,-1.7374
70.87064,-1.8997
70.88063,-2.0423
70.89063,-2.0847
70.90063,-1.7754
70.91062,-1.6775
70.92062,-1.7052
70.93061,-1.6049
70.94061,-1.5046
70.95061,-1.5466
70.9606,-1.5758
70.9706,-1.5752
70.9806,-1.6958
70.99059,-1.7766
71.0006,-1.778
71.01059,-1.7526
71.02058,-1.7203
71.03059,-1.6681
71.04058,-1.6047
71.05055,-1.6008
71.06053,-1.6176
71.0705,-1.6501
71.08047,-1.6929
71.09045,-1.7474
71.10042,-1.7808
71.1104,-1.8
71.12037,-1.8103
71.13034,-1.8167
71.14031,-1.7718
71.15028,-1.754
71.16026,-1.7387
71.1703,-1.7204
71.1804,-1.7233
71.1905,-1.7398
71.20059,-1.7827
71.21069,-1.8008
71.22079,-1.8207
71.23088,-1.8145
71.24097,-1.7981
71.25108,-1.7645
71.26117,-1.7519
71.27126,-1.7694
71.28136,-1.7779
71.29146,-1.7561
71.30148,-1.7264
71.31149,-1.6998
71.32152,-1.6966
71.33154,-1.714
71.34156,-1.7267
71.35159,-1.7716
71.36161,-1.8188
71.37163,-1.8132
71.38165,-1.7731
71.39168,-1.7735
71.4017,-1.7814
71.41172,-1.7588
71.42171,-1.7288
71.43166,-1.7638
71.4416,-1.8215
71.45155,-1.8645
71.46149,-1.8544
71.47144,-1.8433
71.48138,-1.836
71.49132,-1.7968
71.50127,-1.7638
71.51121,-1.7355
71.52115,-1.7296
71.5311,-1.7851
71.54104,-1.8576
71.55114,-1.8678
71.56124,-1.8471
71.57134,-1.8158
71.58145,-1.7863
71.59155,-1.7424
71.60165,-1.6852
71.61176,-1.6899
71.62186,-1.7365
71.63196,-1.7808
71.64207,-1.827
71.65217,-1.8483
71.66227,-1.8363
71.67227,-1.8301
71.68217,-1.804
71.69206,-1.769
71.70196,-1.7451
71.71186,-1.7494
71.72176,-1.7513
71.73165,-1.7897
71.74155,-1.8396
71.75144,-1.8633
71.76134,-1.8556
71.77123,-1.8435
71.78113,-1.838
71.79102,-1.8072
71.80106,-1.7891
71.81109,-1.7962
71.82112,-1.806
71.83115,-1.7781
71.84119,-1.7672
71.85123,-1.7923
71.86126,-1.8063
71.87129,-1.8314
71.88132,-1.819
71.89136,-1.8007
71.90139,-1.7984
71.91142,-1.8108
71.92142,-1.8097
71.93137,-1.8048
71.94133,-1.8099
71.95128,-1.8055
71.96124,-1.7945
71.97119,-1.7706
71.98114,-1.792
71.9911,-1.824
72.00105,-1.8248
72.011,-1.796
72.02096,-1.7894
72.03091,-1.7934
72.04086,-1.7867
72.05087,-1.7682
72.06087,-1.7524
72.07087,-1.7553
72.08087,-1.7529
72.09087,-1.7989
72.10087,-1.8263
72.11087,-1.8079
72.12087,-1.8024
72.13087,-1.8159
72.14087,-1.7855
72.15087,-1.7736
72.16087,-1.775
72.17089,-1.7842
72.18092,-1.7873
72.19095,-1.7919
72.20097,-1.8083
72.211,-1.8198
72.22103,-1.8029
72.23106,-1.784
72.24108,-1.7923
72.25111,-1.7663
72.26114,-1.7551
72.27116,-1.7545
72.2812,-1.7601
72.29122,-1.7722
72.3012,-1.7794
72.31119,-1.8006
72.32117,-1.8125
72.33115,-1.7918
72.34113,-1.7701
72.35111,-1.7621
72.36109,-1.7611
72.37108,-1.7675
72.38106,-1.7666
72.39104,-1.7602
72.40102,-1.754
72.411,-1.7776
72.42104,-1.7969
72.43113,-1.7885
72.44122,-1.7803
72.4513,-1.7831
72.4614,-1.7817
72.47148,-1.7655
72.48157,-1.7535
72.49165,-1.7709
72.50174,-1.7791
72.51183,-1.7826
72.52192,-1.7843
72.53201,-1.7834
72.54209,-1.7767
72.55207,-1.7732
72.56206,-1.773
72.57204,-1.7628
72.58202,-1.7522
72.592,-1.7627
72.60197,-1.7649
72.61195,-1.7572
72.62193,-1.747
72.63192,-1.7527
72.6419,-1.7709
72.65188,-1.7681
72.66186,-1.7738
72.67186,-1.7668
72.68188,-1.7679
72.69189,-1.7643
72.70191,-1.755
72.71193,-1.7479
72.72195,-1.7534
72.73196,-1.738
72.74198,-1.7302
72.752,-1.7394
72.76202,-1.7378
72.77203,-1.7448
72.78205,-1.7501
72.79207,-1.7669
72.80215,-1.7661
72.81222,-1.7671
72.82229,-1.7724
72.83237,-1.7482
72.84244,-1.7057
72.85251,-1.7118
72.86259,-1.7279
72.87266,-1.7304
72.88273,-1.7263
72.8928,-1.7437
72.90288,-1.7519
72.91295,-1.7683
72.92297,-1.7792
72.93291,-1.7819
72.94286,-1.7851
72.9528,-1.7719
72.96274,-1.7504
72.97269,-1.7475
72.98263,-1.7066
72.99258,-1.7063
73.00252,-1.7305
73.01247,-1.7516
73.02241,-1.761
73.03236,-1.7742
73.0423,-1.7813
73.05224,-1.7631
73.06219,-1.7357
73.07213,-1.74
73.08207,-1.7329
73.09202,-1.7335
73.10196,-1.7445
73.1119,-1.7357
73.12185,-1.725
73.13179,-1.7668
73.14174,-1.7754
73.15168,-1.7637
73.16162,-1.7262
73.17162,-1.6962
73.18166,-1.6695
73.19171,-1.6714
73.20176,-1.6903
73.2118,-1.7022
73.22185,-1.7382
73.23189,-1.7824
73.24194,-1.8139
73.25198,-1.8233
73.26202,-1.7648
73.27207,-1.709
73.28211,-1.7142
73.29216,-1.7355
73.30211,-1.7417
73.31206,-1.7286
73.32201,-1.7361
73.33195,-1.7353
73.3419,-1.7562
73.35185,-1.7709
73.3618,-1.7769
73.37175,-1.7856
73.38169,-1.7908
73.39164,-1.7834
73.40159,-1.7646
73.41154,-1.7331
73.42155,-1.6993
73.43163,-1.7167
73.44171,-1.7613
73.45179,-1.7646
73.46187,-1.7565
73.47195,-1.7782
73.48203,-1.7886
73.4921,-1.7437
73.50218,-1.7325
73.51226,-1.753
73.52234,-1.7791
73.53242,-1.7833
73.5425,-1.7769
73.55251,-1.7608
73.56252,-1.7386
73.57253,-1.7487
73.58255,-1.7634
73.59256,-1.7465
73.60258,-1.7251
73.61259,-1.7421
73.6226,-1.7618
73.63261,-1.7486
73.64263,-1.7453
73.65264,-1.7468
73.66266,-1.7488
73.67268,-1.7491
73.68269,-1.7526
73.6927,-1.7732
73.70271,-1.791
73.71272,-1.7726
73.72273,-1.7545
73.73274,-1.7338
73.74275,-1.7323
73.75276,-1.7368
73.76278,-1.7531
73.77279,-1.7413
73.7828,-1.7631
73.79281,-1.8017
73.8028,-1.8099
73.81281,-1.792
73.8228,-1.7774
73.83279,-1.7799
73.84279,-1.7633
73.85278,-1.7569
73.86279,-1.7587
73.87278,-1.7488
73.88277,-1.7495
73.89277,-1.7603
73.90277,-1.7519
73.91277,-1.7509
73.92275,-1.7598
73.93272,-1.7638
73.9427,-1.7627
73.95266,-1.7381
73.96263,-1.7117
73.9726,-1.7135
73.98257,-1.7349
73.99255,-1.7342
74.00252,-1.7316
74.01249,-1.7448
74.02246,-1.7631
74.03243,-1.7915
74.0424,-1.7735
74.05241,-1.7459
74.0624,-1.7235
74.0724,-1.7202
74.08239,-1.7009
74.09239,-1.705
74.10239,-1.7034
74.11238,-1.7146
74.12238,-1.7351
74.13237,-1.7513
74.14236,-1.755
74.15236,-1.7641
74.16235,-1.7838
74.17236,-1.7666
74.18237,-1.7232
74.19239,-1.705
74.20241,-1.6774
74.21243,-1.6893
74.22245,-1.7261
74.23247,-1.7464
74.24249,-1.7698
74.2525,-1.7814
74.26252,-1.7648
74.27254,-1.7187
74.28256,-1.6831
74.29258,-1.674
74.30257,-1.7017
74.31255,-1.7292
74.32253,-1.7347
74.33252,-1.7353
74.3425,-1.7406
74.35248,-1.7394
74.36246,-1.7309
74.37244,-1.7123
74.38243,-1.7163
74.39241,-1.7202
74.40239,-1.7286
74.41238,-1.6985
74.42238,-1.6859
74.4324,-1.7192
74.44242,-1.7307
74.45244,-1.7225
74.46246,-1.7261
74.47248,-1.7438
74.4825,-1.742
74.49252,-1.7078
74.50254,-1.695
74.51256,-1.7061
74.52258,-1.6903
74.5326,-1.6686
74.54262,-1.6927
74.55266,-1.7155
74.56271,-1.7247
74.57275,-1.7391
74.5828,-1.7556
74.59284,-1.7398
74.60289,-1.7172
74.61294,-1.7064
74.62299,-1.6892
74.63303,-1.6669
74.64307,-1.6819
74.65312,-1.7081
74.66317,-1.7137
74.6732,-1.719
74.6832,-1.7282
74.69319,-1.7214
74.70318,-1.7127
74.71317,-1.7106
74.72317,-1.7135
74.73316,-1.7006
74.74316,-1.7079
74.75315,-1.7223
74.76315,-1.7214
74.77314,-1.7151
74.78313,-1.7008
74.79313,-1.7063
74.80312,-1.7214
74.81313,-1.7187
74.82312,-1.7027
74.83312,-1.6938
74.84312,-1.6864
74.85313,-1.7064
74.86312,-1.7233
74.87312,-1.7108
74.88313,-1.6952
74.89312,-1.6993
74.90312,-1.7041
74.91312,-1.6794
74.92315,-1.666
74.93317,-1.6769
74.94319,-1.7015
74.95321,-1.7222
74.96323,-1.7134
74.97325,-1.6889
74.98327,-1.6957
74.99329,-1.7089
75.00331,-1.7057
75.01333,-1.6826
75.02335,-1.672
75.03337,-1.6599
75.04339,-1.6608
75.05337,-1.6515
75.06335,-1.6588
75.07332,-1.6623
75.08329,-1.6679
75.09326,-1.6756
75.10324,-1.6702
75.11321,-1.6668
75.12318,-1.6582
75.13316,-1.6537
75.14314,-1.6477
75.15311,-1.6056
75.16308,-1.5548
75.17308,-1.5359
75.18311,-1.5848
75.19314,-1.5375
75.20317,-1.5942
75.2132,-1.6303
75.22323,-1.6612
75.23326,-1.6499
75.24329,-1.6226
75.25332,-1.5825
75.26334,-1.5568
75.27338,-1.534
75.2834,-1.503
75.29343,-1.4503
75.30343,-1.4253
75.31342,-1.4381
75.3234,-1.4996
75.33339,-1.5244
75.34338,-1.495
75.35337,-1.4634
75.36336,-1.4317
75.37334,-1.4223
75.38333,-1.4243
75.39332,-1.4306
75.40331,-1.4513
75.41329,-1.4512
75.42329,-1.4639
75.4333,-1.4616
75.4433,-1.4588
75.4533,-1.4558
75.4633,-1.4298
75.4733,-1.4174
75.48331,-1.4218
75.49331,-1.4241
75.50331,-1.4386
75.51331,-1.4371
75.52332,-1.4284
75.53332,-1.4437
75.54332,-1.4624
75.55334,-1.4821
75.56335,-1.4711
75.57336,-1.4688
75.58338,-1.46
75.59339,-1.4477
75.6034,-1.4554
75.61342,-1.46
75.62343,-1.4578
75.63344,-1.4661
75.64345,-1.4726
75.65347,-1.4697
75.66348,-1.4763
75.67352,-1.4809
75.68355,-1.4888
75.69357,-1.471
75.7036,-1.4384
75.71363,-1.4198
75.72366,-1.4231
75.73368,-1.4306
75.74371,-1.4629
75.75374,-1.4736
75.76376,-1.4871
75.77379,-1.4793
75.78382,-1.4624
75.79385,-1.4514
75.80384,-1.4325
75.81384,-1.4319
75.82382,-1.4462
75.83382,-1.4328
75.84381,-1.4496
75.85381,-1.4589
75.86379,-1.4817
75.87379,-1.4717
75.88378,-1.4634
75.89378,-1.4479
75.90376,-1.4389
75.91376,-1.4445
75.92376,-1.4562
75.93378,-1.457
75.9438,-1.4421
75.95382,-1.4488
75.96384,-1.449
75.97385,-1.4516
75.98388,-1.4455
75.9939,-1.4467
76.00391,-1.4639
76.01393,-1.4561
76.02396,-1.4407
76.03397,-1.4327
76.04399,-1.4288
76.05397,-1.4449
76.06394,-1.4506
76.07391,-1.4599
76.08389,-1.4578
76.09386,-1.4439
76.10383,-1.4385
76.1138,-1.4305
76.12377,-1.4205
76.13374,-1.4202
76.14371,-1.4278
76.15369,-1.4249
76.16366,-1.4273
76.17365,-1.4384
76.18369,-1.44
76.19372,-1.456
76.20374,-1.4508
76.21378,-1.4244
76.2238,-1.4155
76.23383,-1.4235
76.24386,-1.4227
76.25389,-1.4295
76.26392,-1.4215
76.27395,-1.4253
76.28397,-1.4347
76.29401,-1.4421
76.30402,-1.4386
76.31402,-1.4297
76.32401,-1.4205
76.33401,-1.4313
76.34401,-1.4385
76.354,-1.4224
76.364,-1.4117
76.374,-1.4363
76.384,-1.4455
76.39399,-1.4401
76.40399,-1.4186
76.41399,-1.4127
76.424,-1.4045
76.43401,-1.4014
76.44402,-1.3958
76.45403,-1.416
76.46404,-1.4264
76.47404,-1.4251
76.48405,-1.4363
76.49406,-1.4261
76.50407,-1.4175
76.51408,-1.4201
76.52409,-1.4323
76.53409,-1.4251
76.5441,-1.4331
76.55409,-1.432
76.56409,-1.4327
76.57408,-1.4235
76.58407,-1.4127
76.59406,-1.4
76.60405,-1.4032
76.61404,-1.4065
76.62404,-1.4207
76.63403,-1.4282
76.64402,-1.4398
76.65401,-1.4414
76.664,-1.4325
76.67398,-1.4193
76.68394,-1.4154
76.6939,-1.4097
76.70386,-1.4081
76.71382,-1.4087
76.72378,-1.418
76.73374,-1.4324
76.7437,-1.4354
76.75366,-1.4407
76.76362,-1.4193
76.77358,-1.4212
76.78354,-1.4139
76.7935,-1.4163
76.80354,-1.4058
76.81357,-1.3978
76.82361,-1.4122
76.83364,-1.4238
76.84367,-1.436
76.85371,-1.4223
76.86375,-1.4165
76.87378,-1.4142
76.88381,-1.4206
76.89385,-1.4385
76.90388,-1.4288
76.91392,-1.4206
76.92398,-1.4217
76.93406,-1.4187
76.94414,-1.4122
76.95422,-1.4042
76.96429,-1.3914
76.97437,-1.4087
76.98445,-1.4206
76.99453,-1.4232
77.0046,-1.4257
77.01468,-1.4197
77.02476,-1.4232
77.03484,-1.4148
77.04491,-1.4037
77.05498,-1.4039
77.06503,-1.4127
77.0751,-1.4076
77.08515,-1.3979
77.09521,-1.3935
77.10527,-1.4019
77.11533,-1.4135
77.12539,-1.4162
77.13545,-1.4061
77.14552,-1.4007
77.15557,-1.4076
77.16563,-1.4122
77.17563,-1.417
77.18555,-1.4033
77.19547,-1.4075
77.20539,-1.4061
77.21531,-1.398
77.22523,-1.3944
77.23515,-1.3968
77.24507,-1.3879
77.25499,-1.3976
77.26491,-1.4078
77.27483,-1.3941
77.28475,-1.4013
77.29467,-1.4155
77.30467,-1.4194
77.31467,-1.4187
77.32468,-1.3953
77.33468,-1.3832
77.34468,-1.3651
77.35468,-1.3759
77.36468,-1.3941
77.37468,-1.4004
77.38468,-1.4154
77.39468,-1.426
77.40469,-1.4189
77.41469,-1.3923
77.42468,-1.3943
77.43468,-1.3739
77.44467,-1.3872
77.45467,-1.3925
77.46466,-1.4014
77.47466,-1.4099
77.48465,-1.4114
77.49465,-1.4152
77.50465,-1.3929
77.51464,-1.3925
77.52464,-1.3955
77.53463,-1.4132
77.54462,-1.408
77.55463,-1.3985
77.56463,-1.4008
77.57462,-1.3993
77.58463,-1.4008
77.59463,-1.3884
77.60462,-1.3731
77.61462,-1.3814
77.62462,-1.378
77.63462,-1.378
77.64462,-1.3922
77.65462,-1.3935
77.66462,-1.4162
77.67461,-1.4138
77.68458,-1.404
77.69456,-1.4052
77.70453,-1.4001
77.7145,-1.4064
77.72448,-1.401
77.73445,-1.3939
77.74442,-1.3788
77.7544,-1.3868
77.76437,-1.3858
77.77435,-1.3965
77.78432,-1.3956
77.7943,-1.3896
77.80432,-1.4149
77.81435,-1.4138
77.82437,-1.4172
77.8344,-1.4036
77.84441,-1.3962
77.85444,-1.3853
77.86446,-1.3853
77.87449,-1.3805
77.88451,-1.3792
77.89453,-1.384
77.90456,-1.3917
77.91458,-1.3916
77.92463,-1.3943
77.93471,-1.3774
77.94478,-1.3845
77.95486,-1.4073
77.96494,-1.4028
77.97501,-1.3881
77.98508,-1.3881
77.99516,-1.3963
78.00523,-1.3837
78.0153,-1.3755
78.02538,-1.3794
78.03545,-1.3892
78.04553,-1.3977
78.05553,-1.3945
78.06552,-1.3845
78.07552,-1.3862
78.08551,-1.4028
78.0955,-1.4097
78.10549,-1.3992
78.11549,-1.391
78.12547,-1.397
78.13547,-1.3963
78.14546,-1.3866
78.15545,-1.3782
78.16544,-1.383
78.17544,-1.3953
78.18542,-1.3968
78.1954,-1.3998
78.20538,-1.3908
78.21536,-1.3857
78.22534,-1.3947
78.23533,-1.3961
78.24531,-1.3657
78.25529,-1.3638
78.26527,-1.3902
78.27525,-1.409
78.28524,-1.4089
78.29522,-1.4061
78.30524,-1.3882
78.31525,-1.3978
78.32527,-1.3938
78.33529,-1.3952
78.34531,-1.385
78.35532,-1.3981
78.36534,-1.413
78.37536,-1.4118
78.38538,-1.4062
78.39539,-1.3917
78.40541,-1.3992
78.41543,-1.4027
78.42543,-1.3965
78.43539,-1.3886
78.44536,-1.3928
78.45532,-1.4063
78.46529,-1.4105
78.47525,-1.3933
78.48521,-1.3921
78.49518,-1.3924
78.50515,-1.3885
78.51511,-1.385
78.52508,-1.3748
78.53504,-1.377
78.54501,-1.3879
78.55505,-1.3914
78.56508,-1.383
78.57512,-1.3807
78.58515,-1.3914
78.59518,-1.4052
78.60522,-1.3922
78.61526,-1.3782
78.6253,-1.3719
78.63533,-1.3842
78.64536,-1.3976
78.6554,-1.3908
78.66544,-1.4032
78.67546,-1.3962
78.68545,-1.3819
78.69544,-1.3823
78.70544,-1.3709
78.71543,-1.3801
78.72542,-1.396
78.73541,-1.3997
78.74541,-1.399
78.7554,-1.3843
78.7654,-1.3869
78.77538,-1.386
78.78538,-1.3824
78.79537,-1.3803
78.80537,-1.3996
78.81537,-1.3887
78.82536,-1.3929
78.83536,-1.3912
78.84535,-1.3779
78.85535,-1.3669
78.86534,-1.3649
78.87534,-1.3763
78.88534,-1.3851
78.89533,-1.3952
78.90533,-1.3941
78.91532,-1.389
78.9253,-1.3826
78.93525,-1.3755
78.94521,-1.3807
78.95516,-1.3746
78.96512,-1.3984
78.97507,-1.3908
78.98502,-1.3835
78.99498,-1.3954
79.00494,-1.3923
79.01489,-1.39
79.02484,-1.3877
79.0348,-1.3904
79.04475,-1.3899
79.05485,-1.3966
79.06493,-1.3896
79.07503,-1.389
79.08512,-1.3904
79.09521,-1.4047
79.1053,-1.4119
79.11539,-1.4094
79.12548,-1.3869
79.13557,-1.3802
79.14566,-1.3901
79.15575,-1.3772
79.16585,-1.3798
79.17593,-1.3919
79.18594,-1.4018
79.19597,-1.4041
79.20599,-1.3844
79.21601,-1.3688
79.22604,-1.364
79.23605,-1.38
79.24608,-1.3898
79.2561,-1.3871
79.26612,-1.3922
79.27615,-1.4082
79.28616,-1.4177
79.29619,-1.3921
79.30619,-1.3996
79.31618,-1.379
79.32619,-1.3485
79.33618,-1.3574
79.34618,-1.359
79.35617,-1.3645
79.36617,-1.3994
79.37617,-1.4143
79.38616,-1.4062
79.39616,-1.3951
79.40616,-1.3841
79.41615,-1.3958
79.42618,-1.4057
79.43623,-1.4019
79.44629,-1.3885
79.45634,-1.3952
79.4664,-1.3875
79.47646,-1.3751
79.48651,-1.3667
79.49657,-1.3722
79.50662,-1.385
79.51668,-1.3927
79.52673,-1.3931
79.53679,-1.3916
79.54684,-1.3879
79.55682,-1.396
79.5668,-1.3968
79.57678,-1.3748
79.58676,-1.3836
79.59674,-1.3966
79.60672,-1.3999
79.6167,-1.3874
79.62668,-1.3747
79.63666,-1.3783
79.64664,-1.3806
79.65662,-1.3858
79.6666,-1.3925
79.67655,-1.3906
79.68648,-1.4
79.69641,-1.4076
79.70634,-1.4048
79.71626,-1.3858
79.72619,-1.3828
79.73612,-1.3893
79.74605,-1.387
79.75597,-1.3789
79.7659,-1.3775
79.77583,-1.3951
79.78576,-1.3998
79.79568,-1.4001
79.80568,-1.4051
79.81567,-1.3851
79.82566,-1.3858
79.83566,-1.389
79.84564,-1.3808
79.85564,-1.3821
79.86562,-1.3925
79.87562,-1.389
79.88561,-1.4035
79.8956,-1.3967
79.90559,-1.3851
79.91558,-1.385
79.92559,-1.3929
79.9356,-1.3754
79.94562,-1.3557
79.95563,-1.3632
79.96564,-1.3878
79.97565,-1.391
79.98566,-1.3876
79.99567,-1.3794
80.00568,-1.386
80.01569,-1.406
80.0257,-1.4091
80.03571,-1.3935
80.04572,-1.3724
