time_s,measured_value
0.00988,0.5578
0.01976,0.5551
0.02963,0.5457
0.03951,0.5528
0.04939,0.5512
0.05927,0.5596
0.06915,0.5576
0.07903,0.5445
0.0889,0.5378
0.09878,0.5558
0.10866,0.5613
0.11854,0.5562
0.12843,0.5558
0.13833,0.5455
0.14823,0.5458
0.15812,0.5405
0.16802,0.5484
0.17792,0.5537
0.18782,0.562
0.19772,0.5662
0.20761,0.55
0.21751,0.5522
0.22741,0.5421
0.23731,0.536
0.24721,0.5438
0.25723,0.5579
0.26726,0.5602
0.27729,0.5513
0.28731,0.5593
0.29734,0.5604
0.30737,0.5567
0.31739,0.5556
0.32742,0.5522
0.33745,0.5563
0.34747,0.5563
0.3575,0.5539
0.36753,0.5534
0.37752,0.5534
0.38748,0.5553
0.39744,0.5637
0.4074,0.5577
0.41736,0.5582
0.42732,0.5606
0.43728,0.5662
0.44724,0.5598
0.4572,0.557
0.46716,0.5607
0.47712,0.5709
0.48708,0.5643
0.49705,0.567
0.50705,0.5519
0.51706,0.5575
0.52707,0.5652
0.53708,0.5627
0.54708,0.5632
0.55709,0.5567
0.5671,0.5628
0.57711,0.558
0.58711,0.5709
0.59712,0.5687
0.60713,0.5569
0.61714,0.5551
0.62714,0.5589
0.63713,0.5597
0.64713,0.5739
0.65713,0.5748
0.66712,0.5752
0.67712,0.5723
0.68711,0.5665
0.69711,0.566
0.7071,0.5605
0.7171,0.5542
0.72709,0.5659
0.73709,0.5645
0.74708,0.5665
0.75719,0.558
0.7673,0.5603
0.7774,0.5681
0.7875,0.5663
0.79761,0.5691
0.80771,0.5698
0.81781,0.5671
0.82792,0.5734
0.83802,0.5745
0.84813,0.5698
0.85823,0.5785
0.86833,0.564
0.87839,0.5493
0.88839,0.5516
0.8984,0.56
0.9084,0.5696
0.91841,0.57
0.92841,0.5672
0.93842,0.5797
0.94842,0.5655
0.95843,0.5583
0.96843,0.5596
0.97844,0.5661
0.98844,0.5627
0.99844,0.5594
1.00841,0.5763
1.01837,0.5686
1.02833,0.5749
1.03829,0.5738
1.04825,0.5633
1.0582,0.5613
1.06816,0.5526
1.07812,0.5548
1.08808,0.5629
1.09804,0.5646
1.108,0.5754
1.11796,0.5691
1.12797,0.5684
1.13803,0.5683
1.14808,0.562
1.15813,0.5594
1.16819,0.5546
1.17824,0.5562
1.1883,0.5639
1.19835,0.5568
1.20841,0.5556
1.21846,0.5641
1.22852,0.5683
1.23857,0.5652
1.24862,0.5792
1.25862,0.5695
1.26861,0.5726
1.27861,0.5602
1.2886,0.5661
1.2986,0.5779
1.30859,0.575
1.31858,0.5733
1.32858,0.5764
1.33857,0.5716
1.34857,0.5608
1.35856,0.554
1.36855,0.5609
1.37854,0.5608
1.38852,0.5667
1.3985,0.5564
1.40847,0.5565
1.41845,0.5571
1.42843,0.5616
1.4384,0.567
1.44838,0.5674
1.45836,0.5631
1.46833,0.5665
1.47831,0.5693
1.48829,0.5796
1.49827,0.5884
1.50823,0.5905
1.51819,0.5729
1.52814,0.5789
1.5381,0.5726
1.54806,0.5734
1.55802,0.5696
1.56798,0.5678
1.57794,0.5643
1.5879,0.5589
1.59785,0.5609
1.60781,0.5703
1.61777,0.5753
1.62777,0.577
1.6378,0.5778
1.64784,0.5633
1.65787,0.5638
1.6679,0.5626
1.67794,0.5618
1.68797,0.5664
1.698,0.565
1.70803,0.5602
1.71807,0.5687
1.7281,0.5585
1.73813,0.5634
1.74817,0.5689
1.75821,0.5623
1.76824,0.5733
1.77828,0.5704
1.78832,0.5739
1.79836,0.5703
1.8084,0.5756
1.81843,0.576
1.82847,0.5808
1.83851,0.5705
1.84855,0.5644
1.85858,0.5567
1.86862,0.5634
1.87864,0.5591
1.88864,0.555
1.89864,0.5588
1.90864,0.5545
1.91864,0.5584
1.92863,0.5521
1.93863,0.548
1.94863,0.5556
1.95863,0.5647
1.96863,0.5668
1.97863,0.5628
1.98863,0.5747
1.99862,0.5598
2.00863,0.5452
2.01863,0.5394
2.02863,0.5434
2.03863,0.5498
2.04862,0.5565
2.05862,0.5542
2.06862,0.5628
2.07862,0.5646
2.08862,0.5684
2.09862,0.5638
2.10862,0.5559
2.11862,0.5536
2.12864,0.5462
2.13865,0.5428
2.14865,0.543
2.15866,0.5502
2.16867,0.5477
2.17867,0.5623
2.18868,0.5544
2.19869,0.5373
2.20869,0.5267
2.2187,0.5289
2.2287,0.5209
2.23871,0.5323
2.24872,0.5409
2.25871,0.5481
2.2687,0.5375
2.27869,0.5294
2.28868,0.5252
2.29867,0.5303
2.30866,0.528
2.31865,0.5371
2.32865,0.5498
2.33864,0.5585
2.34863,0.5354
2.35862,0.5412
2.36861,0.5296
2.37861,0.5336
2.38861,0.5494
2.39862,0.5463
2.40862,0.548
2.41862,0.5378
2.42863,0.5245
2.43863,0.5189
2.44863,0.5299
2.45864,0.5437
2.46864,0.5432
2.47864,0.5623
2.48865,0.5642
2.49865,0.5539
2.50865,0.5501
2.51864,0.5409
2.52864,0.5414
2.53863,0.5436
2.54863,0.5475
2.55862,0.5424
2.56862,0.5338
2.57861,0.5498
2.58861,0.5511
2.5986,0.561
2.6086,0.5471
2.61859,0.5396
2.62862,0.5393
2.63863,0.5484
2.64864,0.5508
2.65865,0.5577
2.66866,0.5604
2.67867,0.56
2.68868,0.5613
2.69869,0.5524
2.7087,0.5643
2.71871,0.5581
2.72872,0.5604
2.73873,0.5504
2.74874,0.5642
2.75874,0.5769
2.76874,0.5873
2.77874,0.5834
2.78874,0.5633
2.79875,0.5622
2.80875,0.5669
2.81875,0.5655
2.82875,0.5676
2.83875,0.5707
2.84875,0.5765
2.85876,0.5943
2.86876,0.5966
2.87874,0.5851
2.88869,0.5861
2.89865,0.5735
2.9086,0.5644
2.91856,0.5582
2.92851,0.5747
2.93847,0.584
2.94842,0.5956
2.95837,0.5873
2.96833,0.5821
2.97828,0.5631
2.98824,0.5539
2.99819,0.556
3.00828,0.5633
3.01836,0.571
3.02844,0.5856
3.03852,0.5858
3.0486,0.5798
3.05868,0.5619
3.06876,0.5615
3.07884,0.5673
3.08892,0.5743
3.099,0.6074
3.10908,0.6181
3.11917,0.6151
3.1292,0.6107
3.13919,0.6158
3.14918,0.5989
3.15916,0.5804
3.16915,0.5578
3.17914,0.5429
3.18912,0.5473
3.19911,0.5507
3.2091,0.5532
3.21908,0.5562
3.22907,0.5658
3.23906,0.5925
3.24904,0.6099
3.25924,0.6172
3.26943,0.6256
3.27962,0.6278
3.28981,0.6342
3.30001,0.6331
3.3102,0.6116
3.32039,0.557
3.33058,0.5376
3.34078,0.5399
3.35097,0.5395
3.36116,0.5148
3.37135,0.5386
3.38137,0.5755
3.39121,0.5973
3.40106,0.6165
3.4109,0.6133
3.42074,0.5964
3.43058,0.577
3.44042,0.5658
3.45027,0.5725
3.46011,0.5877
3.46995,0.611
3.47979,0.6119
3.48964,0.6162
3.49948,0.6074
3.50948,0.599
3.51947,0.5761
3.52946,0.5685
3.53946,0.5718
3.54945,0.5766
3.55945,0.5716
3.56944,0.5716
3.57944,0.5796
3.58943,0.5849
3.59943,0.5853
3.60942,0.5996
3.61942,0.5941
3.62942,0.5888
3.63941,0.6013
3.6494,0.5956
3.65939,0.5919
3.66938,0.5927
3.67937,0.5999
3.68936,0.5931
3.69935,0.5799
3.70934,0.583
3.71933,0.597
3.72932,0.6118
3.73931,0.6058
3.7493,0.6027
3.75931,0.6115
3.76931,0.5935
3.77931,0.5703
3.78931,0.5795
3.79931,0.5966
3.80931,0.5999
3.81931,0.5986
3.82931,0.5984
3.83931,0.5998
3.84931,0.5854
3.85931,0.577
3.86931,0.5777
3.87931,0.5838
3.88929,0.5848
3.89927,0.6033
3.90925,0.6021
3.91923,0.6024
3.92921,0.6006
3.93919,0.5985
3.94917,0.5904
3.95915,0.5893
3.96913,0.5959
3.97911,0.5884
3.98909,0.5914
3.99907,0.576
4.00908,0.5755
4.01908,0.5804
4.02909,0.5825
4.0391,0.5892
4.0491,0.5979
4.05911,0.6021
4.06911,0.5986
4.07912,0.5976
4.08913,0.5966
4.09913,0.5746
4.10914,0.5783
4.11914,0.5832
4.12916,0.5894
4.13917,0.5986
4.14919,0.5933
4.1592,0.5842
4.16922,0.5945
4.17923,0.5872
4.18925,0.5809
4.19926,0.5908
4.20928,0.6029
4.21929,0.5895
4.22931,0.5862
4.23932,0.5832
4.24934,0.5823
4.25941,0.5875
4.26949,0.5873
4.27956,0.5908
4.28963,0.5826
4.2997,0.5923
4.30977,0.587
4.31984,0.5905
4.32991,0.5782
4.33999,0.5822
4.35006,0.5875
4.36013,0.5882
4.3702,0.5934
4.38024,0.5882
4.39023,0.5789
4.40023,0.5788
4.41022,0.5894
4.42022,0.5855
4.43021,0.5903
4.44021,0.581
4.45021,0.5825
4.4602,0.5826
4.4702,0.5926
4.48019,0.6022
4.49019,0.5967
4.50019,0.5905
4.51016,0.569
4.52013,0.5659
4.53009,0.5652
4.54006,0.5745
4.55003,0.5933
4.56,0.5996
4.56997,0.5962
4.57994,0.5921
4.58991,0.5771
4.59987,0.573
4.60984,0.5641
4.61981,0.5591
4.62985,0.5609
4.63995,0.5786
4.65005,0.5879
4.66015,0.6014
4.67025,0.5935
4.68035,0.5883
4.69045,0.5637
4.70055,0.5603
4.71065,0.5656
4.72075,0.5716
4.73085,0.5737
4.74095,0.596
4.75105,0.5983
4.76098,0.5866
4.77091,0.5719
4.78083,0.5601
4.79076,0.5584
4.80069,0.5604
4.81062,0.5746
4.82055,0.5814
4.83047,0.5918
4.8404,0.5924
4.85033,0.5746
4.86026,0.562
4.87019,0.5588
4.88015,0.5711
4.89014,0.5734
4.90014,0.5817
4.91013,0.5887
4.92013,0.5919
4.93012,0.5863
4.94011,0.5661
4.95011,0.5609
4.9601,0.5597
4.9701,0.5653
4.98009,0.5746
4.99008,0.5901
5.00008,0.5949
5.01008,0.5914
5.02007,0.5764
5.03007,0.5702
5.04006,0.5695
5.05006,0.5698
5.06006,0.5781
5.07005,0.5925
5.08005,0.5978
5.09004,0.5885
5.10004,0.5821
5.11003,0.5731
5.12003,0.5653
5.13003,0.5551
5.14002,0.5673
5.15002,0.587
5.16002,0.59
5.17001,0.5896
5.18001,0.5988
5.19,0.5918
5.2,0.596
5.21,0.5861
5.21999,0.5826
5.22999,0.5765
5.23998,0.5737
5.24998,0.5849
5.25998,0.5873
5.26997,0.5839
5.27996,0.5982
5.28995,0.6072
5.29995,0.6158
5.30994,0.5996
5.31993,0.588
5.32992,0.5814
5.33992,0.5804
5.34991,0.5908
5.3599,0.5941
5.36989,0.6028
5.37993,0.6024
5.39001,0.6009
5.40009,0.5992
5.41016,0.603
5.42024,0.6052
5.43032,0.6025
5.4404,0.6064
5.45047,0.5995
5.46055,0.5919
5.47063,0.5858
5.48071,0.5877
5.49079,0.5849
5.50086,0.5989
5.51087,0.6145
5.52087,0.6187
5.53086,0.607
5.54086,0.6088
5.55086,0.6214
5.56086,0.6384
5.57086,0.6322
5.58086,0.6235
5.59086,0.6109
5.60086,0.5785
5.61086,0.5638
5.62086,0.5657
5.63086,0.582
5.64085,0.5846
5.65085,0.5978
5.66084,0.6148
5.67083,0.6157
5.68083,0.618
5.69082,0.609
5.70081,0.6152
5.71081,0.6134
5.7208,0.6101
5.73079,0.5898
5.74079,0.5902
5.75078,0.5892
5.76078,0.6019
5.77078,0.6046
5.78078,0.6227
5.79078,0.6197
5.80078,0.6068
5.81078,0.5979
5.82078,0.5939
5.83078,0.5843
5.84077,0.5887
5.85077,0.6028
5.86077,0.6054
5.87077,0.6063
5.88077,0.5902
5.89077,0.6021
5.90076,0.6187
5.91075,0.6155
5.92075,0.6054
5.93074,0.6085
5.94074,0.6086
5.95073,0.6053
5.96072,0.6
5.97072,0.6027
5.98071,0.5918
5.99071,0.5859
6.0007,0.5951
6.01069,0.6013
6.02069,0.607
6.03068,0.614
6.04067,0.6233
6.05067,0.602
6.06066,0.6044
6.07065,0.593
6.08064,0.5938
6.09064,0.6007
6.10063,0.5972
6.11062,0.6108
6.12062,0.6099
6.13062,0.6076
6.14061,0.5997
6.15061,0.6157
6.16061,0.6191
6.17061,0.6109
6.18061,0.6052
6.19061,0.5977
6.20061,0.5987
6.21061,0.6032
6.2206,0.6077
6.2306,0.6132
6.2406,0.6252
6.2506,0.6199
6.2606,0.6156
6.2706,0.6084
6.28059,0.6077
6.29059,0.6003
6.30058,0.6058
6.31058,0.6028
6.32058,0.6035
6.33057,0.6164
6.34057,0.6184
6.35056,0.6185
6.36056,0.624
6.37055,0.6199
6.38055,0.6054
6.39055,0.6088
6.40054,0.6063
6.41053,0.6177
6.42053,0.6237
6.43052,0.6269
6.44051,0.6259
6.4505,0.6263
6.4605,0.6241
6.47049,0.6267
6.48048,0.6265
6.49048,0.6232
6.50047,0.6155
6.51056,0.6057
6.52064,0.6053
6.53073,0.6065
6.54081,0.5886
6.55089,0.5886
6.56098,0.5896
6.57106,0.5986
6.58114,0.6167
6.59123,0.6284
6.60131,0.6196
6.61139,0.6187
6.62148,0.617
6.63151,0.6215
6.6415,0.6112
6.65148,0.617
6.66146,0.6123
6.67145,0.6256
6.68143,0.618
6.69142,0.6138
6.7014,0.6069
6.71138,0.6101
6.72137,0.6208
6.73135,0.6113
6.74133,0.5981
6.75132,0.5848
6.76134,0.5828
6.77136,0.5954
6.78138,0.6078
6.79141,0.6174
6.80143,0.6229
6.81145,0.621
6.82147,0.5998
6.83149,0.5918
6.84151,0.6041
6.85153,0.6169
6.86155,0.6122
6.87157,0.6086
6.88158,0.6098
6.89158,0.6093
6.90157,0.602
6.91157,0.6093
6.92156,0.6059
6.93155,0.6021
6.94155,0.5997
6.95154,0.6152
6.96154,0.6039
6.97153,0.6017
6.98152,0.6028
6.99152,0.6069
7.00151,0.6139
7.01149,0.6239
7.02147,0.6141
7.03145,0.6079
7.04143,0.5939
7.05141,0.5863
7.06139,0.591
7.07136,0.6006
7.08134,0.5996
7.09132,0.6144
7.1013,0.6171
7.11128,0.6088
7.12126,0.5971
7.13128,0.5991
7.14134,0.593
7.1514,0.591
7.16146,0.5849
7.17152,0.5907
7.18159,0.5955
7.19165,0.596
7.20171,0.5996
7.21177,0.6049
7.22183,0.6108
7.23189,0.6086
7.24195,0.6072
7.25201,0.6054
7.26198,0.594
7.27194,0.5887
7.2819,0.5938
7.29187,0.6022
7.30183,0.599
7.31179,0.5977
7.32175,0.5905
7.33172,0.5928
7.34168,0.5956
7.35164,0.5945
7.36161,0.6005
7.37157,0.5998
7.38153,0.5883
7.39149,0.5858
7.40145,0.5861
7.41141,0.5835
7.42137,0.5921
7.43133,0.6109
7.44129,0.6116
7.45125,0.6143
7.4612,0.6018
7.47116,0.5884
7.48112,0.5816
7.49108,0.5785
7.50104,0.5775
7.51105,0.5858
7.52106,0.5983
7.53106,0.6077
7.54107,0.6048
7.55108,0.5967
7.56108,0.587
7.57109,0.5784
7.5811,0.5767
7.5911,0.5884
7.60111,0.6021
7.61112,0.6064
7.62113,0.605
7.63119,0.6091
7.64126,0.601
7.65134,0.5978
7.66142,0.6022
7.6715,0.5883
7.68157,0.5847
7.69165,0.5895
7.70173,0.5957
7.71181,0.6018
7.72188,0.6026
7.73196,0.6051
7.74204,0.6033
7.75212,0.6039
7.76211,0.5963
7.7721,0.5938
7.78209,0.5869
7.79209,0.59
7.80208,0.594
7.81207,0.5999
7.82206,0.6025
7.83205,0.6103
7.84205,0.6024
7.85204,0.5951
7.86203,0.5945
7.87202,0.5948
7.88203,0.5897
7.89203,0.5919
7.90204,0.605
7.91205,0.6073
7.92205,0.6045
7.93206,0.5963
7.94207,0.6024
7.95208,0.5898
7.96208,0.5898
7.97209,0.597
7.9821,0.5783
7.99211,0.574
8.00211,0.5828
8.01207,0.591
8.02203,0.5999
8.03198,0.6042
8.04193,0.5951
8.05189,0.5898
8.06184,0.5862
8.0718,0.5867
8.08175,0.5847
8.0917,0.5897
8.10166,0.5908
8.11161,0.5903
8.12157,0.5915
8.13157,0.5947
8.1416,0.587
8.15164,0.592
8.16168,0.591
8.17172,0.5972
8.18176,0.5958
8.1918,0.5901
8.20184,0.5945
8.21188,0.5909
8.22192,0.5735
8.23196,0.5698
8.24199,0.5735
8.25203,0.5882
8.26203,0.5981
8.27203,0.6144
8.28202,0.6156
8.29202,0.6059
8.30202,0.5834
8.31201,0.5641
8.32201,0.5509
8.33201,0.5668
8.342,0.5906
8.352,0.611
8.362,0.6036
8.37199,0.5956
8.38199,0.5812
8.39197,0.5613
8.40196,0.5643
8.41194,0.5747
8.42192,0.5926
8.43191,0.5991
8.44189,0.6029
8.45188,0.5947
8.46186,0.5759
8.47185,0.5768
8.48183,0.5804
8.49181,0.5871
8.5018,0.5904
8.51181,0.5993
8.52181,0.5956
8.53181,0.5823
8.54182,0.5943
8.55182,0.5938
8.56182,0.58
8.57183,0.5851
8.58183,0.5771
8.59183,0.5724
8.60184,0.578
8.61184,0.5789
8.62184,0.5878
8.63185,0.6179
8.64185,0.6145
8.65185,0.6103
8.66185,0.6012
8.67186,0.5945
8.68186,0.5897
8.69186,0.5923
8.70186,0.5897
8.71186,0.5915
8.72187,0.5979
8.73187,0.5956
8.74187,0.5882
8.75187,0.5863
8.76195,0.577
8.77202,0.5878
8.78208,0.6043
8.79215,0.6101
8.80222,0.6065
8.81229,0.5935
8.82236,0.5754
8.83243,0.565
8.8425,0.5756
8.85257,0.5789
8.86264,0.5832
8.87271,0.597
8.88275,0.602
8.89275,0.5998
8.90274,0.5923
8.91274,0.5925
8.92274,0.6005
8.93273,0.5923
8.94273,0.5766
8.95273,0.584
8.96273,0.5959
8.97272,0.5938
8.98272,0.5728
8.99272,0.5762
9.00272,0.5847
9.01268,0.5995
9.02265,0.5956
9.03261,0.5861
9.04257,0.5951
9.05253,0.6139
9.0625,0.6096
9.07246,0.5953
9.08242,0.5765
9.09239,0.582
9.10235,0.5968
9.11231,0.6037
9.12228,0.5923
9.13228,0.5766
9.14231,0.5818
9.15234,0.5908
9.16237,0.5974
9.1724,0.5976
9.18243,0.5946
9.19246,0.5889
9.20249,0.5862
9.21252,0.5855
9.22255,0.5915
9.23258,0.598
9.24261,0.6119
9.25265,0.6007
9.26264,0.5975
9.27264,0.6021
9.28263,0.6055
9.29263,0.6153
9.30262,0.6264
9.31262,0.6387
9.32262,0.6354
9.33261,0.6253
9.34261,0.6167
9.3526,0.6114
9.3626,0.6097
9.37259,0.5951
9.38258,0.6036
9.39256,0.6078
9.40254,0.6188
9.41252,0.6424
9.4225,0.6392
9.43248,0.64
9.44246,0.6378
9.45244,0.6393
9.46242,0.6355
9.4724,0.629
9.48239,0.6246
9.49237,0.632
9.50235,0.6314
9.51237,0.6344
9.52239,0.636
9.5324,0.6468
9.54242,0.6569
9.55244,0.6596
9.56246,0.6764
9.57247,0.6821
9.58249,0.681
9.59251,0.6617
9.60253,0.6587
9.61254,0.6497
9.62256,0.6306
9.63255,0.6274
9.64251,0.6389
9.65247,0.631
9.66243,0.6294
9.67239,0.6405
9.68235,0.645
9.69232,0.6424
9.70228,0.6415
9.71224,0.6536
9.7222,0.6844
9.73216,0.6931
9.74212,0.6825
9.75208,0.6895
9.76214,0.69
9.77219,0.6888
9.78225,0.6778
9.7923,0.6625
9.80236,0.6344
9.81241,0.6327
9.82247,0.6394
9.83252,0.6398
9.84258,0.6451
9.85263,0.6539
9.86269,0.6612
9.87274,0.6595
9.8828,0.6881
9.89284,0.6899
9.90289,0.6922
9.91294,0.7034
9.92299,0.7074
9.93303,0.7104
9.94308,0.7055
9.95313,0.7068
9.96318,0.7135
9.97322,0.6671
9.98327,0.6472
9.99332,0.6467
10.00336,0.6397
10.01339,0.6327
10.02342,0.6342
10.03344,0.6491
10.04346,0.6452
10.05348,0.6469
10.06351,0.6621
10.07353,0.6834
10.08355,0.6918
10.09357,0.6714
10.10359,0.6629
10.11362,0.6636
10.12364,0.675
10.13365,0.6827
10.14365,0.688
10.15366,0.6819
10.16366,0.6901
10.17366,0.6817
10.18366,0.6925
10.19366,0.6924
10.20366,0.6704
10.21367,0.6654
10.22367,0.6561
10.23367,0.65
10.24367,0.6675
10.25367,0.6882
10.26364,0.6884
10.2736,0.6839
10.28357,0.6888
10.29353,0.6887
10.30349,0.6822
10.31346,0.6877
10.32342,0.7145
10.33339,0.7312
10.34335,0.7348
10.35332,0.7535
10.36328,0.7624
10.37324,0.7823
10.38324,0.8059
10.39326,0.8457
10.40328,0.9007
10.4133,0.9695
10.42332,1.0365
10.43334,1.0781
10.44336,1.0987
10.45338,1.1247
10.4634,1.1744
10.47342,1.2206
10.48344,1.2521
10.49346,1.1901
10.50348,1.1091
10.51346,1.1018
10.52345,1.0904
10.53343,1.104
10.54341,1.1039
10.55339,1.0985
10.56337,1.0913
10.57336,1.08
10.58334,1.0598
10.59332,1.034
10.6033,1.0239
10.61328,1.0372
10.62327,1.0396
10.63325,1.0304
10.64324,1.004
10.65322,0.979
10.66321,0.9698
10.67319,0.9651
10.68318,0.9497
10.69316,0.9481
10.70315,0.9454
10.71313,0.9375
10.72312,0.9004
10.7331,0.8471
10.74308,0.7944
10.75307,0.7639
10.76305,0.7451
10.77302,0.7691
10.78299,0.7683
10.79296,0.7597
10.80294,0.7406
10.81291,0.7015
10.82289,0.6705
10.83286,0.6355
10.84283,0.5945
10.85281,0.547
10.86278,0.5106
10.87275,0.4865
10.88277,0.4804
10.8928,0.4933
10.90284,0.5216
10.91287,0.5479
10.9229,0.5873
10.93293,0.5922
10.94296,0.576
10.95299,0.5804
10.96302,0.5725
10.97305,0.5362
10.98308,0.4861
10.99312,0.4329
11.00315,0.4043
11.01324,0.3849
11.02331,0.3721
11.03338,0.3637
11.04345,0.3628
11.05352,0.3674
11.06359,0.3697
11.07366,0.3689
11.08373,0.3992
11.0938,0.4107
11.10387,0.4108
11.11394,0.4289
11.12401,0.4331
11.13403,0.4167
11.144,0.4029
11.15397,0.3979
11.16394,0.396
11.17391,0.3949
11.18387,0.4109
11.19384,0.4131
11.20381,0.4168
11.21378,0.4253
11.22375,0.4368
11.23372,0.4558
11.24369,0.4753
11.25366,0.484
11.26368,0.4675
11.27367,0.4485
11.28367,0.4292
11.29367,0.4234
11.30367,0.4159
11.31367,0.4193
11.32366,0.4179
11.33366,0.4151
11.34366,0.3969
11.35366,0.3875
11.36366,0.3967
11.37365,0.4229
11.38365,0.4552
11.39363,0.4769
11.40362,0.4789
11.41361,0.4751
11.42359,0.5121
11.43358,0.5438
11.44357,0.5838
11.45355,0.6316
11.46354,0.6866
11.47352,0.7284
11.48351,0.7414
11.4935,0.7452
11.50348,0.7637
11.5135,0.7685
11.52352,0.7546
11.53354,0.7244
11.54356,0.7158
11.55358,0.68
11.5636,0.6493
11.57362,0.631
11.58364,0.593
11.59365,0.5576
11.60367,0.5441
11.61369,0.5911
11.62371,0.6526
11.63373,0.7319
11.64371,0.7743
11.65368,0.7891
11.66366,0.7843
11.67364,0.7978
11.68362,0.7975
11.6936,0.8039
11.70357,0.7904
11.71355,0.727
11.72353,0.6894
11.73351,0.6586
11.74348,0.6503
11.75346,0.6239
11.76348,0.5769
11.7735,0.5353
11.78351,0.4911
11.79353,0.4697
11.80354,0.4667
11.81356,0.4713
11.82357,0.4596
11.83359,0.4271
11.84361,0.3539
11.85362,0.2797
11.86364,0.2027
11.87365,0.1263
11.88366,0.0619
11.89365,0.0143
11.90365,-0.0179
11.91364,-0.0189
11.92364,-0.014
11.93363,0.0115
11.94363,0.0248
11.95362,0.0261
11.96362,0.0327
11.97361,0.0404
11.98361,0.04
11.9936,0.0622
12.00359,0.0786
12.01359,0.0905
12.02359,0.0925
12.03359,0.0723
12.04359,0.0498
12.05359,0.0478
12.06358,0.0692
12.07358,0.0658
12.08358,0.0531
12.09358,0.0481
12.10358,0.0571
12.11357,0.0732
12.12357,0.1063
12.13359,0.125
12.14359,0.1178
12.1536,0.1021
12.1636,0.0958
12.1736,0.1221
12.18361,0.1461
12.19361,0.1751
12.20362,0.2014
12.21362,0.2205
12.22363,0.2513
12.23363,0.2827
12.24363,0.3163
12.25364,0.3574
12.26372,0.3984
12.2738,0.4228
12.28389,0.4557
12.29397,0.5018
12.30405,0.5346
12.31413,0.579
12.32421,0.6044
12.33429,0.6381
12.34437,0.6364
12.35445,0.6065
12.36454,0.5352
12.37462,0.4898
12.38466,0.4565
12.39465,0.3662
12.40464,0.3484
12.41463,0.3908
12.42462,0.3904
12.43461,0.3987
12.4446,0.3788
12.45459,0.3032
12.46458,0.2526
12.47458,0.1964
12.48457,0.0624
12.49456,-0.0198
12.50455,-0.1026
12.51455,-0.1813
12.52455,-0.2656
12.53455,-0.322
12.54455,-0.3825
12.55455,-0.413
12.56455,-0.4206
12.57455,-0.4404
12.58455,-0.4571
12.59455,-0.4586
12.60455,-0.4524
12.61454,-0.4212
12.62454,-0.4101
12.63455,-0.3928
12.64455,-0.3773
12.65455,-0.367
12.66456,-0.3574
12.67456,-0.3405
12.68457,-0.3368
12.69457,-0.3354
12.70457,-0.3331
12.71458,-0.3309
12.72458,-0.3096
12.73458,-0.2951
12.74459,-0.2796
12.75459,-0.2608
12.76459,-0.2512
12.77459,-0.2481
12.78458,-0.2581
12.79458,-0.2871
12.80457,-0.3021
12.81457,-0.3116
12.82456,-0.3282
12.83456,-0.3457
12.84456,-0.3558
12.85455,-0.3504
12.86455,-0.3519
12.87454,-0.3492
12.88454,-0.3274
12.89454,-0.3202
12.90454,-0.3235
12.91454,-0.3347
12.92454,-0.3252
12.93454,-0.3092
12.94454,-0.3099
12.95454,-0.3044
12.96454,-0.3114
12.97454,-0.3237
12.98454,-0.3322
12.99454,-0.3279
13.00454,-0.3293
13.01451,-0.3225
13.02447,-0.3205
13.03444,-0.3212
13.0444,-0.3378
13.05437,-0.3558
13.06433,-0.3818
13.07429,-0.3762
13.08426,-0.3865
13.09422,-0.3916
13.10419,-0.3854
13.11415,-0.3921
13.12412,-0.3974
13.1341,-0.4201
13.1441,-0.4485
13.1541,-0.4579
13.1641,-0.4368
13.1741,-0.4051
13.1841,-0.3942
13.1941,-0.3772
13.2041,-0.3803
13.2141,-0.3719
13.22409,-0.3745
13.23409,-0.3788
13.24409,-0.3875
13.25409,-0.4072
13.26412,-0.4061
13.27414,-0.4292
13.28416,-0.4399
13.29418,-0.4363
13.3042,-0.442
13.31422,-0.4464
13.32424,-0.4478
13.33426,-0.4478
13.34428,-0.437
13.3543,-0.4366
13.36432,-0.4302
13.37434,-0.4322
13.3844,-0.4332
13.3945,-0.4348
13.4046,-0.4271
13.4147,-0.4259
13.4248,-0.4184
13.4349,-0.4143
13.445,-0.4117
13.4551,-0.4042
13.4652,-0.4089
13.4753,-0.4154
13.4854,-0.4178
13.49549,-0.3995
13.50559,-0.3866
13.51555,-0.3863
13.5255,-0.3632
13.53545,-0.3517
13.54541,-0.3581
13.55536,-0.3647
13.56531,-0.3627
13.57526,-0.3737
13.58522,-0.3655
13.59517,-0.3717
13.60512,-0.3829
13.61507,-0.3804
13.62502,-0.3808
13.635,-0.3802
13.64499,-0.4082
13.65497,-0.4221
13.66496,-0.432
13.67495,-0.4282
13.68494,-0.4144
13.69493,-0.4179
13.70491,-0.4128
13.7149,-0.4221
13.72489,-0.4229
13.73488,-0.4219
13.74487,-0.4221
13.75485,-0.429
13.76491,-0.4288
13.77496,-0.425
13.78501,-0.4199
13.79506,-0.4245
13.80511,-0.4377
13.81516,-0.4498
13.82521,-0.4592
13.83526,-0.4655
13.84531,-0.4788
13.85536,-0.479
13.86541,-0.4722
13.87545,-0.4748
13.88547,-0.4769
13.89544,-0.4822
13.90542,-0.4865
13.91539,-0.4705
13.92537,-0.4637
13.93534,-0.4619
13.94532,-0.452
13.95529,-0.4404
13.96526,-0.4246
13.97524,-0.4255
13.98521,-0.4226
13.99519,-0.4216
14.00516,-0.4219
14.01515,-0.4335
14.02515,-0.4373
14.03514,-0.4258
14.04513,-0.4272
14.05512,-0.4199
14.06511,-0.4088
14.0751,-0.4102
14.08509,-0.4261
14.09509,-0.4242
14.10508,-0.4325
14.11507,-0.4391
14.12506,-0.4297
14.13505,-0.4298
14.14504,-0.4425
14.15503,-0.4476
14.16502,-0.458
14.17501,-0.4599
14.185,-0.4517
14.19499,-0.4447
14.20498,-0.446
14.21497,-0.431
14.22496,-0.4151
14.23495,-0.434
14.24494,-0.4296
14.25493,-0.4227
14.2649,-0.4277
14.27487,-0.4251
14.28484,-0.4226
14.29481,-0.4294
14.30477,-0.4288
14.31474,-0.4228
14.32471,-0.4218
14.33468,-0.4051
14.34465,-0.3984
14.35462,-0.3934
14.36458,-0.3847
14.37455,-0.3726
14.38455,-0.3567
14.39456,-0.3417
14.40458,-0.3284
14.41459,-0.326
14.42461,-0.3202
14.43462,-0.3317
14.44464,-0.3496
14.45465,-0.3476
14.46467,-0.3546
14.47468,-0.3575
14.4847,-0.3612
14.49471,-0.345
14.50473,-0.3509
14.51483,-0.3487
14.52492,-0.3579
14.53502,-0.3692
14.54512,-0.3781
14.55522,-0.4115
14.56531,-0.4463
14.57541,-0.5115
14.58551,-0.5623
14.59561,-0.6071
14.60571,-0.6511
14.6158,-0.6602
14.6259,-0.6788
14.63594,-0.6752
14.64591,-0.6369
14.65588,-0.6015
14.66586,-0.5881
14.67583,-0.6291
14.6858,-0.5921
14.69577,-0.5611
14.70575,-0.5207
14.71572,-0.4834
14.72569,-0.4601
14.73566,-0.4349
14.74563,-0.4051
14.75561,-0.3728
14.76563,-0.3459
14.77565,-0.3363
14.78567,-0.3119
14.79569,-0.3073
14.80571,-0.2968
14.81574,-0.2999
14.82576,-0.3064
14.83578,-0.3327
14.8458,-0.3681
14.85582,-0.3988
14.86584,-0.4635
14.87586,-0.5174
14.88587,-0.5708
14.89587,-0.6561
14.90587,-0.7278
14.91587,-0.7918
14.92586,-0.8279
14.93586,-0.8762
14.94586,-0.8944
14.95586,-0.9136
14.96585,-0.9193
14.97585,-0.9141
14.98585,-0.8926
14.99585,-0.8747
15.00585,-0.8624
15.01582,-0.8245
15.0258,-0.7906
15.03577,-0.7518
15.04575,-0.7146
15.05572,-0.7103
15.0657,-0.7125
15.07567,-0.7003
15.08565,-0.6951
15.09562,-0.7076
15.1056,-0.7526
15.11557,-0.7564
15.12555,-0.7445
15.13556,-0.708
15.14561,-0.679
15.15565,-0.6441
15.1657,-0.6058
15.17575,-0.5941
15.18579,-0.5567
15.19584,-0.5255
15.20588,-0.5009
15.21593,-0.5164
15.22598,-0.5533
15.23602,-0.5421
15.24607,-0.6469
15.25611,-0.6181
15.26609,-0.6109
15.27606,-0.6444
15.28603,-0.6861
15.296,-0.7266
15.30597,-0.7074
15.31594,-0.6947
15.3259,-0.6622
15.33587,-0.5129
15.34584,-0.3088
15.35581,-0.1175
15.36578,-0.004
15.37575,0.0874
15.38573,0.2351
15.39572,0.3068
15.4057,0.3299
15.41568,0.2654
15.42567,0.2356
15.43565,0.2487
15.44564,0.222
15.45562,0.2054
15.46561,0.1899
15.47559,0.1925
15.48557,0.1813
15.49556,0.1659
15.50554,0.1548
15.51555,0.107
15.52555,-0.0072
15.53555,-0.1011
15.54555,-0.2122
15.55555,-0.3129
15.56555,-0.4215
15.57555,-0.5098
15.58555,-0.6063
15.59555,-0.6901
15.60555,-0.7287
15.61555,-0.6855
15.62555,-0.6291
15.6356,-0.5535
15.6457,-0.4776
15.65579,-0.4285
15.66589,-0.3974
15.67598,-0.3542
15.68608,-0.292
15.69618,-0.2362
15.70627,-0.1952
15.71637,-0.1473
15.72646,-0.1096
15.73656,-0.0936
15.74665,-0.0808
15.75675,-0.0829
15.76673,-0.0662
15.77671,-0.056
15.78669,-0.0418
15.79667,-0.0454
15.80665,-0.0426
15.81663,-0.0514
15.82661,-0.0526
15.83659,-0.0664
15.84657,-0.0901
15.85655,-0.1023
15.86653,-0.1026
15.8765,-0.1092
15.8865,-0.1003
15.8965,-0.0917
15.9065,-0.0809
15.91649,-0.0789
15.92649,-0.0713
15.93649,-0.0636
15.94649,-0.0749
15.95649,-0.1104
15.96649,-0.1504
15.97649,-0.1873
15.98649,-0.2337
15.99649,-0.2994
16.00649,-0.3751
16.01649,-0.4331
16.02649,-0.4728
16.03649,-0.4865
16.04649,-0.4945
16.05649,-0.5277
16.06649,-0.5611
16.07649,-0.5746
16.08649,-0.5779
16.09649,-0.5625
16.10649,-0.5288
16.11649,-0.5144
16.12649,-0.4508
16.13648,-0.3804
16.14647,-0.3379
16.15647,-0.3028
16.16646,-0.2877
16.17645,-0.2674
16.18644,-0.2336
16.19643,-0.2323
16.20642,-0.1743
16.21641,-0.09
16.2264,-0.0111
16.23639,0.0463
16.24638,0.1177
16.25637,0.1604
16.26645,0.1785
16.27653,0.1919
16.28661,0.2243
16.29669,0.2924
16.30677,0.362
16.31685,0.4445
16.32693,0.4914
16.33701,0.534
16.34709,0.5577
16.35717,0.5887
16.36725,0.611
16.37733,0.626
16.38732,0.5727
16.39721,0.5233
16.40709,0.4689
16.41698,0.4077
16.42687,0.325
16.43675,0.214
16.44664,0.1231
16.45653,0.0381
16.46642,-0.0452
16.4763,-0.1328
16.48619,-0.1762
16.49608,-0.231
16.50597,-0.2941
16.516,-0.3494
16.52603,-0.3889
16.53605,-0.3729
16.54608,-0.3855
16.55611,-0.37
16.56614,-0.3932
16.57617,-0.41
16.58619,-0.4283
16.59622,-0.4508
16.60625,-0.441
16.61628,-0.4355
16.6263,-0.4322
16.63632,-0.4514
16.64633,-0.4596
16.65634,-0.4526
16.66635,-0.3905
16.67636,-0.3121
16.68637,-0.2536
16.69637,-0.2377
16.70638,-0.2029
16.71639,-0.1735
16.7264,-0.1284
16.7364,-0.0753
16.74641,-0.0264
16.75642,0.0131
16.76642,-0.0052
16.77641,-0.0368
16.78639,-0.0551
16.79638,-0.116
16.80637,-0.1817
16.81636,-0.2178
16.82634,-0.308
16.83633,-0.3588
16.84632,-0.3958
16.85631,-0.4302
16.86629,-0.2226
16.87628,0.0946
16.88632,0.4464
16.89639,0.6654
16.90646,0.7794
16.91653,0.7718
16.9266,0.7628
16.93668,0.708
16.94675,0.7624
16.95682,0.8125
16.96689,0.8731
16.97696,0.9208
16.98704,0.9404
16.99711,0.9826
17.00718,1.013
17.01719,0.9909
17.02719,0.9286
17.0372,0.8347
17.0472,0.6871
17.0572,0.4768
17.06721,0.2743
17.07721,0.0822
17.08721,-0.0814
17.09722,-0.2232
17.10722,-0.3563
17.11722,-0.4718
17.12723,-0.5449
17.13723,-0.5991
17.14722,-0.625
17.15722,-0.625
17.16722,-0.6145
17.17721,-0.5898
17.18721,-0.5496
17.1972,-0.5351
17.2072,-0.5158
17.21719,-0.4333
17.22719,-0.2566
17.23718,-0.1132
17.24718,0.0173
17.25718,0.1152
17.26714,0.1685
17.27711,0.1954
17.28707,0.23
17.29704,0.2732
17.307,0.299
17.31697,0.3106
17.32693,0.3126
17.33689,0.3107
17.34686,0.3093
17.35682,0.2943
17.36679,0.3007
17.37675,0.2912
17.38674,0.2786
17.39675,0.286
17.40675,0.2838
17.41676,0.2806
17.42676,0.2845
17.43676,0.2786
17.44677,0.2532
17.45677,0.2148
17.46678,0.1924
17.47678,0.1809
17.48678,0.1742
17.49679,0.1679
17.50679,0.1561
17.51682,0.1463
17.52684,0.142
17.53686,0.127
17.54688,0.1138
17.5569,0.0863
17.56692,0.0696
17.57694,0.0559
17.58696,0.0474
17.59698,0.0284
17.607,-0.0052
17.61702,-0.0403
17.62704,-0.0844
17.63705,-0.1337
17.64704,-0.177
17.65703,-0.1789
17.66702,-0.1427
17.67702,-0.1108
17.68701,-0.1033
17.697,-0.0591
17.70699,-0.005
17.71699,0.0571
17.72698,0.1086
17.73697,0.1379
17.74696,0.1486
17.75695,0.1246
17.76696,0.1259
17.77696,0.1441
17.78696,0.1661
17.79696,0.2088
17.80697,0.275
17.81697,0.3449
17.82697,0.4128
17.83697,0.4626
17.84698,0.497
17.85698,0.4814
17.86698,0.4703
17.87698,0.4855
17.88698,0.5099
17.89699,0.5389
17.90699,0.5864
17.91699,0.6519
17.92699,0.7337
17.93699,0.8039
17.94699,0.8408
17.95699,0.8772
17.96699,0.9233
17.977,0.9953
17.987,1.1047
17.997,1.2208
18.007,1.3154
18.01706,1.3918
18.02712,1.4142
18.03718,1.3715
18.04725,1.3059
18.05731,1.2102
18.06737,1.1108
18.07743,1.0002
18.08749,0.9011
18.09755,0.799
18.10761,0.6995
18.11767,0.6025
18.12773,0.4371
18.13774,0.2744
18.14771,0.0967
18.15768,-0.0651
18.16765,-0.2081
18.17761,-0.3218
18.18758,-0.4047
18.19755,-0.4942
18.20751,-0.581
18.21748,-0.6379
18.22745,-0.6519
18.23742,-0.616
18.24738,-0.608
18.25735,-0.5824
18.26739,-0.583
18.27743,-0.5788
18.28746,-0.5772
18.2975,-0.5494
18.30754,-0.5245
18.31758,-0.5295
18.32762,-0.5446
18.33765,-0.5623
18.34769,-0.5912
18.35773,-0.6371
18.36777,-0.702
18.37781,-0.7075
18.38784,-0.6674
18.39786,-0.6155
18.40788,-0.539
18.41791,-0.4388
18.42793,-0.3712
18.43795,-0.3238
18.44797,-0.2789
18.45799,-0.2415
18.46802,-0.1813
18.47804,-0.1072
18.48806,-0.0079
18.49808,0.0875
18.50811,0.0528
18.51805,0.0421
18.52799,0.0456
18.53793,-0.0142
18.54788,0.1394
18.55782,0.3012
18.56776,0.3894
18.5777,0.4339
18.58764,-0.0187
18.59759,0.0257
18.60753,0.0704
18.61747,0.2825
18.62741,0.6357
18.63739,0.8123
18.64738,0.7234
18.65738,0.4678
18.66737,0.1472
18.67736,0.0619
18.68736,0.0773
18.69735,0.1532
18.70734,0.1333
18.71734,0.0592
18.72733,0.0484
18.73733,-0.0741
18.74732,-0.2477
18.75731,-0.4239
18.76742,-0.5603
18.77753,-0.6664
18.78764,-0.7469
18.79774,-0.8423
18.80785,-0.9379
18.81796,-0.9842
18.82806,-1.0154
18.83817,-1.0639
18.84827,-1.1321
18.85838,-1.1964
18.86849,-1.2188
18.87859,-1.2355
18.88863,-1.2044
18.8986,-1.2234
18.90856,-1.2298
18.91853,-1.2424
18.92849,-1.2544
18.93846,-1.2567
18.94842,-1.2337
18.95838,-1.1906
18.96835,-1.1615
18.97831,-1.0886
18.98828,-1.0243
18.99824,-1.0108
19.00821,-0.9741
19.01816,-0.945
19.0281,-0.9574
19.03805,-0.9715
19.048,-0.9394
19.05795,-0.9104
19.06789,-0.9147
19.07784,-0.9344
19.08779,-0.9668
19.09774,-0.9518
19.10768,-0.9677
19.11763,-0.9743
19.12758,-0.99
19.13754,-0.9745
19.1475,-0.9384
19.15747,-0.867
19.16743,-0.7783
19.1774,-0.7074
19.18737,-0.646
19.19733,-0.6321
19.2073,-0.6474
19.21727,-0.6329
19.22723,-0.6336
19.2372,-0.6184
19.24717,-0.6337
19.25713,-0.5803
19.26722,-0.4595
19.2773,-0.2871
19.28737,-0.1488
19.29745,-0.0798
19.30753,-0.0718
19.31761,-0.1506
19.32769,-0.547
19.33776,-0.5342
19.34784,-0.697
19.35792,-0.693
19.368,-0.7274
19.37808,-0.7726
19.38814,-0.8126
19.39817,-0.8676
19.4082,-0.907
19.41823,-0.9425
19.42826,-0.9956
19.43829,-1.0648
19.44832,-1.1365
19.45835,-1.1967
19.46838,-1.2346
19.47841,-1.2514
19.48845,-1.2329
19.49848,-1.2233
19.50851,-1.2062
19.51851,-1.184
19.52851,-1.1998
19.5385,-1.2401
19.5485,-1.2521
19.5585,-1.2557
19.5685,-1.2311
19.5785,-1.2192
19.58849,-1.228
19.59849,-1.1724
19.60849,-1.0893
19.61848,-1.0092
19.62848,-0.9743
19.63847,-0.9092
19.64843,-0.8616
19.65839,-0.8323
19.66835,-0.7869
19.67831,-0.7553
19.68827,-0.721
19.69823,-0.7046
19.70819,-0.6763
19.71815,-0.6249
19.72811,-0.56
19.73807,-0.5414
19.74803,-0.5127
19.75799,-0.4962
19.76802,-0.4744
19.77805,-0.474
19.78808,-0.4808
19.79811,-0.5203
19.80813,-0.5591
19.81816,-0.5563
19.82819,-0.5574
19.83822,-0.5517
19.84825,-0.5493
19.85828,-0.5722
19.86831,-0.6075
19.87834,-0.6163
19.88836,-0.6406
19.89835,-0.5512
19.90835,-0.4227
19.91834,-0.3142
19.92834,-0.2089
19.93833,-0.1357
19.94833,-0.0597
19.95832,-0.0464
19.96832,-0.0724
19.97832,-0.1541
19.98831,-0.2356
19.99831,-0.3249
20.0083,-0.391
20.0183,-0.4256
20.0283,-0.4521
20.03829,-0.4897
20.04828,-0.4955
20.05828,-0.4782
20.06827,-0.4912
20.07827,-0.5145
20.08826,-0.5565
20.09826,-0.5949
20.10825,-0.6458
20.11824,-0.6712
20.12824,-0.6591
20.13822,-0.659
20.14819,-0.6701
20.15815,-0.692
20.16812,-0.6987
20.17808,-0.682
20.18804,-0.6617
20.19801,-0.6586
20.20797,-0.6331
20.21794,-0.6064
20.2279,-0.5623
20.23787,-0.5372
20.24783,-0.4869
20.25779,-0.4731
20.26783,-0.4623
20.27787,-0.4556
20.2879,-0.4485
20.29794,-0.4297
20.30798,-0.3943
20.31801,-0.3804
20.32805,-0.3948
20.33808,-0.392
20.34812,-0.3796
20.35815,-0.3681
20.36819,-0.352
20.37823,-0.3101
20.38828,-0.2893
20.39836,-0.2946
20.40844,-0.2766
20.41852,-0.2648
20.4286,-0.2279
20.43868,-0.19
20.44876,-0.1658
20.45884,-0.1081
20.46891,-0.0701
20.47899,-0.1584
20.48907,-0.238
20.49915,-0.2456
20.50923,-0.2101
20.5192,-0.0376
20.52916,0.1669
20.53913,0.3307
20.5491,0.3496
20.55906,0.2962
20.56903,0.253
20.57899,0.2056
20.58896,0.1595
20.59893,0.1498
20.60889,0.1542
20.61886,0.1921
20.62882,0.2588
20.63881,0.342
20.64881,0.4322
20.65881,0.5152
20.66881,0.6311
20.67881,0.6792
20.68881,0.7
20.69882,0.6763
20.70882,0.6173
20.71882,0.5384
20.72882,0.4494
20.73882,0.3398
20.74882,0.2493
20.75882,0.1507
20.76884,0.0887
20.77886,0.0259
20.78887,-0.0322
20.79889,-0.1184
20.80891,-0.1736
20.81893,-0.1989
20.82894,-0.1662
20.83896,-0.1402
20.84898,-0.0868
20.85899,-0.0522
20.86901,-0.0246
20.87903,0.0058
20.88903,0.0367
20.89902,0.0375
20.909,0.0394
20.91899,0.0456
20.92897,0.0553
20.93896,0.0733
20.94895,0.0823
20.95893,0.0707
20.96892,0.0513
20.9789,0.0134
20.98889,-0.0134
20.99888,-0.0445
21.00886,-0.06
21.01884,-0.0691
21.02882,-0.0808
21.0388,-0.0766
21.04878,-0.0862
21.05876,-0.0971
21.06873,-0.1024
21.07871,-0.1007
21.08869,-0.0933
21.09867,-0.0867
21.10865,-0.0791
21.11862,-0.0763
21.1286,-0.0901
21.13859,-0.0891
21.14859,-0.0804
21.15858,-0.0811
21.16858,-0.0645
21.17857,-0.0422
21.18856,-0.0481
21.19856,-0.0822
21.20855,-0.0818
21.21855,-0.0774
21.22854,-0.0476
21.23853,-0.0216
21.24853,0.0108
21.25852,0.0388
21.26853,0.0589
21.27853,0.0404
21.28853,-0.0076
21.29853,-0.035
21.30853,-0.0471
21.31853,-0.0759
21.32853,-0.1146
21.33853,-0.1684
21.34852,-0.1957
21.35852,-0.2184
21.36852,-0.2334
21.37852,-0.2283
21.38853,-0.2202
21.39854,-0.2165
21.40854,-0.209
21.41855,-0.202
21.42856,-0.1512
21.43857,-0.0601
21.44858,0.0304
21.45858,0.1224
21.46859,0.156
21.4786,0.1337
21.48861,0.1107
21.49861,0.0858
21.50862,-0.0131
21.51872,-0.1303
21.52881,-0.2094
21.5389,-0.2383
21.54899,-0.2035
21.55908,-0.1111
21.56917,0.0118
21.57926,0.0856
21.58935,0.1332
21.59945,0.1604
21.60954,-0.1947
21.61963,-0.3594
21.62972,-0.4191
21.63977,-0.3736
21.64978,-0.2869
21.65979,-0.1502
21.6698,-0.019
21.6798,0.0207
21.68981,-0.0066
21.69982,0.0313
21.70983,-0.0324
21.71984,-0.143
21.72985,-0.2601
21.73985,-0.2794
21.74986,-0.2954
21.75987,-0.3228
21.76987,-0.3889
21.77986,-0.4619
21.78985,-0.532
21.79985,-0.5826
21.80984,-0.6157
21.81983,-0.6491
21.82983,-0.6898
21.83982,-0.7137
21.84981,-0.7472
21.8598,-0.7746
21.8698,-0.7673
21.87979,-0.7695
21.88977,-0.7748
21.89974,-0.7346
21.9097,-0.6725
21.91966,-0.6667
21.92963,-0.6354
21.93959,-0.6304
21.94956,-0.5739
21.95952,-0.5549
21.96949,-0.5785
21.97945,-0.6082
21.98941,-0.5845
21.99938,-0.5664
22.00934,-0.5499
22.01937,-0.4936
22.0294,-0.46
22.03943,-0.405
22.04945,-0.3763
22.05948,-0.3615
22.0695,-0.3715
22.07953,-0.3662
22.08956,-0.3493
22.09958,-0.3518
22.10961,-0.3656
22.11963,-0.3133
22.12966,-0.2688
22.13968,-0.2195
22.14967,-0.2039
22.15966,-0.1517
22.16965,-0.0883
22.17965,-0.0451
22.18964,-0.0985
22.19963,-0.189
22.20963,-0.234
22.21962,-0.2611
22.22961,-0.2764
22.2396,-0.274
22.2496,-0.2993
22.25959,-0.256
22.2696,-0.3396
22.27961,-0.3627
22.28961,-0.2793
22.29962,-0.2638
22.30962,-0.3325
22.31963,-0.356
22.32963,-0.352
22.33964,-0.2826
22.34964,-0.25
22.35965,-0.2435
22.36965,-0.2614
22.37966,-0.3019
22.38966,-0.3726
22.39964,-0.4535
22.40963,-0.5353
22.41961,-0.6204
22.42959,-0.6854
22.43958,-0.7353
22.44956,-0.7666
22.45955,-0.8001
22.46953,-0.829
22.47951,-0.875
22.4895,-0.9034
22.49948,-0.9196
22.50946,-0.9219
22.51947,-0.9349
22.52947,-0.9152
22.53946,-0.929
22.54945,-0.9259
22.55944,-0.9397
22.56943,-0.9335
22.57942,-0.954
22.58942,-0.9664
22.59941,-0.9746
22.6094,-0.9487
22.61939,-0.9371
22.62938,-0.9057
22.63942,-0.8776
22.64951,-0.8651
22.65959,-0.8587
22.66967,-0.8262
22.67975,-0.7767
22.68983,-0.7185
22.69992,-0.6691
22.71,-0.625
22.72008,-0.5957
22.73016,-0.5976
22.74025,-0.6292
22.75033,-0.6584
22.76041,-0.6892
22.77049,-0.7135
22.78055,-0.7141
22.7906,-0.6894
22.80066,-0.6486
22.81072,-0.6084
22.82078,-0.5732
22.83084,-0.5485
22.8409,-0.5112
22.85096,-0.477
22.86102,-0.4772
22.87107,-0.4508
22.88113,-0.4071
22.89113,-0.3571
22.90106,-0.2924
22.91099,-0.2621
22.92091,-0.2272
22.93084,-0.1911
22.94077,-0.2037
22.9507,-0.2369
22.96062,-0.3696
22.97055,-0.3758
22.98048,-0.3319
22.99041,-0.2263
23.00033,-0.1072
23.01026,0.0262
23.02027,0.047
23.03027,-0.1899
23.04028,-0.2238
23.05029,-0.2385
23.06029,-0.2102
23.0703,-0.1344
23.0803,-0.0671
23.09031,-0.0957
23.10031,-0.1208
23.11032,-0.2325
23.12032,-0.2268
23.13033,-0.1636
23.14033,-0.1645
23.15032,-0.2351
23.16031,-0.3438
23.1703,-0.5784
23.18029,-0.6608
23.19028,-0.8046
23.20028,-0.9594
23.21027,-1.0617
23.22026,-1.1371
23.23025,-1.1804
23.24024,-1.1899
23.25023,-1.2099
23.26022,-1.2059
23.2702,-1.2006
23.28017,-1.1989
23.29014,-1.1798
23.30011,-1.1566
23.31008,-1.1619
23.32005,-1.1293
23.33002,-1.1291
23.33999,-1.1365
23.34996,-1.1163
23.35993,-1.1073
23.36991,-1.1281
23.37988,-1.1101
23.38988,-1.0954
23.39991,-1.0904
23.40993,-1.0864
23.41996,-1.0644
23.42999,-1.048
23.44001,-1.0231
23.45004,-0.9474
23.46007,-0.8913
23.47009,-0.8529
23.48012,-0.8081
23.49015,-0.7908
23.50018,-0.8087
23.5102,-0.8111
23.5202,-0.7945
23.5302,-0.82
23.54021,-0.8359
23.55021,-0.8333
23.56021,-0.8451
23.57021,-0.8507
23.58021,-0.8142
23.59021,-0.7614
23.60021,-0.6949
23.61021,-0.6455
23.62021,-0.6041
23.63021,-0.5944
23.64021,-0.5791
23.65021,-0.5475
23.66021,-0.5119
23.6702,-0.5102
23.6802,-0.536
23.69019,-0.5683
23.70019,-0.6199
23.71019,-0.6204
23.72018,-0.5847
23.73018,-0.5454
23.74017,-0.4562
23.75017,-0.4832
23.76017,-0.6691
23.77022,-0.6409
23.78026,-0.6964
23.79031,-0.568
23.80036,-0.5041
23.81041,-0.7037
23.82045,-0.698
23.8305,-0.7249
23.84055,-0.7613
23.8506,-0.7414
23.86064,-0.7602
23.87069,-0.7815
23.88074,-0.7928
23.89078,-0.8049
23.9008,-0.8048
23.91083,-0.7902
23.92085,-0.819
23.93088,-0.8284
23.9409,-0.8376
23.95093,-0.8747
23.96095,-0.9436
23.97098,-1.0455
23.981,-1.1456
23.99103,-1.2243
24.00105,-1.286
24.01108,-1.3384
24.02108,-1.3933
24.03107,-1.4418
24.04107,-1.4851
24.05106,-1.4746
24.06106,-1.4844
24.07106,-1.458
24.08105,-1.4231
24.09105,-1.3877
24.10104,-1.4164
24.11104,-1.3998
24.12103,-1.3712
24.13103,-1.3249
24.14102,-1.3379
24.15099,-1.2447
24.16096,-1.2074
24.17093,-1.1907
24.1809,-1.1405
24.19087,-1.1429
24.20084,-1.1446
24.21081,-1.1149
24.22078,-1.0883
24.23075,-1.0418
24.24072,-0.9919
24.25069,-0.9309
24.26066,-0.9025
24.27068,-0.8789
24.2807,-0.836
24.29073,-0.8037
24.30075,-0.7625
24.31077,-0.739
24.3208,-0.7208
24.33082,-0.6907
24.34084,-0.659
24.35086,-0.6301
24.36089,-0.5741
24.37091,-0.4971
24.38093,-0.4292
24.39094,-0.3847
24.40094,-0.3614
24.41093,-0.3247
24.42093,-0.2906
24.43092,-0.2525
24.44092,-0.2329
24.45091,-0.1964
24.46091,-0.1683
24.4709,-0.1552
24.48089,-0.2009
24.49089,-0.2329
24.50088,-0.2811
24.51088,-0.316
24.52088,-0.3255
24.53088,-0.305
24.54089,-0.2977
24.55089,-0.2734
24.56089,-0.2949
24.57089,-0.1275
24.58089,-0.1934
24.5909,-0.3047
24.6009,-0.3688
24.6109,-0.4051
24.6209,-0.3931
24.63091,-0.379
24.64091,-0.3974
24.65091,-0.419
24.6609,-0.3895
24.6709,-0.3665
24.6809,-0.3071
24.6909,-0.3041
24.7009,-0.307
24.7109,-0.3216
24.72089,-0.3527
24.73089,-0.4223
24.74089,-0.5423
24.75089,-0.6635
24.76089,-0.7358
24.77089,-0.7962
24.78088,-0.8205
24.79087,-0.8219
24.80087,-0.8272
24.81086,-0.8285
24.82085,-0.832
24.83084,-0.8681
24.84084,-0.9171
24.85083,-0.9384
24.86082,-0.9789
24.87082,-0.9732
24.88081,-1.0079
24.89082,-1.0104
24.90081,-0.9998
24.9108,-1.0201
24.92079,-1.0141
24.93078,-0.9734
24.94077,-0.9255
24.95076,-0.8682
24.96075,-0.8279
24.97074,-0.8028
24.98073,-0.7734
24.99072,-0.746
25.00071,-0.7275
25.0107,-0.7041
25.02079,-0.6761
25.03087,-0.6398
25.04096,-0.6074
25.05105,-0.5995
25.06114,-0.5805
25.07122,-0.563
25.08131,-0.5484
25.0914,-0.5304
25.10149,-0.5249
25.11157,-0.4905
25.12166,-0.4761
25.13175,-0.4625
25.14179,-0.4503
25.15178,-0.438
25.16178,-0.4025
25.17177,-0.3488
25.18176,-0.301
25.19175,-0.287
25.20174,-0.2759
25.21174,-0.2776
25.22173,-0.2644
25.23172,-0.253
25.24171,-0.2505
25.25171,-0.2426
25.2617,-0.2697
25.27177,-0.3116
25.28183,-0.3401
25.2919,-0.3711
25.30196,-0.4797
25.31203,-0.5162
25.3221,-0.5929
25.33216,-0.651
25.34223,-0.7191
25.35229,-0.7279
25.36236,-0.7574
25.37243,-0.7709
25.38249,-0.737
25.39249,-0.6861
25.40239,-0.6203
25.41229,-0.5618
25.42219,-0.4484
25.43209,-0.4451
25.44199,-0.5809
25.45189,-0.7325
25.46179,-0.7362
25.47169,-0.8019
25.48159,-0.8999
25.49149,-1.0107
25.50139,-1.1341
25.51129,-1.2108
25.52128,-1.269
25.53127,-1.3133
25.54125,-1.3286
25.55124,-1.3343
25.56123,-1.3527
25.57121,-1.367
25.5812,-1.3672
25.59119,-1.3553
25.60117,-1.3339
25.61116,-1.3153
25.62115,-1.3274
25.63113,-1.3484
25.64115,-1.3127
25.65118,-1.3246
25.66121,-1.3246
25.67124,-1.3135
25.68127,-1.3101
25.6913,-1.3018
25.70132,-1.3039
25.71136,-1.3065
25.72138,-1.284
25.73141,-1.2596
25.74144,-1.2567
25.75147,-1.2361
25.7615,-1.2097
25.77147,-1.1882
25.78144,-1.1506
25.79141,-1.0897
25.80137,-1.047
25.81134,-1.0195
25.82131,-0.9996
25.83127,-0.962
25.84124,-0.9458
25.85121,-0.9319
25.86117,-0.905
25.87114,-0.8627
25.88111,-0.8442
25.89114,-0.8072
25.90122,-0.7916
25.9113,-0.8037
25.92139,-0.7966
25.93147,-0.7852
25.94156,-0.7818
25.95164,-0.7806
25.96172,-0.8078
25.97181,-0.8091
25.98189,-0.8026
25.99197,-0.8105
26.00206,-0.7838
26.01214,-0.7976
26.02207,-0.8204
26.03199,-0.8554
26.04191,-0.8715
26.05183,-0.8675
26.06175,-0.8714
26.07167,-0.8422
26.0816,-0.8455
26.09152,-0.8507
26.10144,-0.913
26.11136,-0.9696
26.12128,-1.0635
26.1312,-1.0984
26.14121,-1.1299
26.15131,-1.1801
26.16141,-1.2074
26.1715,-1.2013
26.1816,-1.1764
26.19169,-1.1624
26.20179,-1.1564
26.21188,-1.1616
26.22198,-1.1826
26.23207,-1.1992
26.24217,-1.2511
26.25227,-1.2937
26.26236,-1.3419
26.27236,-1.3481
26.28236,-1.3566
26.29236,-1.3796
26.30236,-1.3967
26.31236,-1.4182
26.32236,-1.4253
26.33235,-1.4574
26.34235,-1.4411
26.35235,-1.4377
26.36235,-1.4436
26.37235,-1.4276
26.38235,-1.41
26.39235,-1.3887
26.40234,-1.3295
26.41233,-1.3304
26.42232,-1.3467
26.43231,-1.309
26.4423,-1.2622
26.45229,-1.2398
26.46228,-1.1847
26.47227,-1.1663
26.48226,-1.1496
26.49225,-1.1258
26.50224,-1.1298
26.51223,-1.1168
26.52223,-1.0885
26.53223,-1.0577
26.54223,-1.0367
26.55223,-1.0115
26.56222,-0.9941
26.57222,-0.9982
26.58222,-0.9684
26.59222,-0.9276
26.60221,-0.8938
26.61221,-0.8548
26.62221,-0.804
26.63221,-0.79
26.6422,-0.7503
26.65218,-0.7264
26.66216,-0.6986
26.67214,-0.6737
26.68212,-0.6328
26.6921,-0.6069
26.70208,-0.5979
26.71206,-0.5653
26.72204,-0.517
26.73202,-0.4608
26.742,-0.4164
26.75198,-0.3709
26.76196,-0.3261
26.77199,-0.3069
26.782,-0.3464
26.79202,-0.3976
26.80204,-0.4657
26.81206,-0.4966
26.82207,-0.5304
26.83209,-0.591
26.84211,-0.6585
26.85213,-0.6897
26.86214,-0.7435
26.87216,-0.7683
26.88218,-0.7301
26.89219,-0.6623
26.90219,-0.5825
26.91219,-0.7789
26.92219,-0.9715
26.93219,-1.0044
26.94219,-1.0243
26.95219,-0.9774
26.96219,-0.9506
26.97219,-0.9231
26.98219,-0.8993
26.99219,-0.8751
27.00219,-0.8723
27.01219,-0.8944
27.02216,-0.9068
27.03213,-0.9429
27.0421,-0.9786
27.05207,-0.991
27.06204,-1.0048
27.07201,-1.022
27.08198,-1.0113
27.09195,-1.0052
27.10192,-0.9942
27.11189,-0.9921
27.12186,-1.009
27.13183,-1.0442
27.14183,-1.1051
27.15186,-1.1404
27.16188,-1.1718
27.17191,-1.1983
27.18194,-1.2209
27.19197,-1.2545
27.20199,-1.3179
27.21202,-1.3518
27.22205,-1.3885
27.23207,-1.3882
27.2421,-1.4062
27.25213,-1.3644
27.26215,-1.3219
27.27215,-1.2454
27.28215,-1.2556
27.29215,-1.2571
27.30215,-1.229
27.31215,-1.2242
27.32215,-1.2176
27.33214,-1.2389
27.34214,-1.2254
27.35214,-1.2079
27.36214,-1.2002
27.37214,-1.1633
27.38214,-1.1254
27.39216,-1.0879
27.40221,-1.0465
27.41226,-0.9983
27.42231,-0.9447
27.43236,-0.8685
27.44241,-0.8034
27.45245,-0.7598
27.4625,-0.7426
27.47255,-0.7164
27.4826,-0.7143
27.49265,-0.6996
27.5027,-0.682
27.51274,-0.6611
27.52274,-0.6578
27.53273,-0.6502
27.54273,-0.6419
27.55272,-0.6214
27.56271,-0.5939
27.5727,-0.5484
27.5827,-0.5231
27.59269,-0.5164
27.60268,-0.5284
27.61267,-0.5442
27.62267,-0.5864
27.63266,-0.5966
27.6427,-0.6125
27.65278,-0.6313
27.66286,-0.5901
27.67294,-0.6024
27.68302,-0.6476
27.6931,-0.5299
27.70317,-0.4035
27.71325,-0.2463
27.72333,-0.1565
27.73341,-0.136
27.74349,-0.1414
27.75357,-0.1663
27.76365,-0.2139
27.77361,-0.2436
27.78357,-0.2733
27.79353,-0.2909
27.80348,-0.2807
27.81344,-0.2527
27.82339,-0.236
27.83335,-0.2213
27.84331,-0.2169
27.85327,-0.1948
27.86322,-0.1797
27.87318,-0.1661
27.88314,-0.1645
27.89311,-0.1917
27.9031,-0.2079
27.91308,-0.2461
27.92307,-0.2669
27.93305,-0.2932
27.94304,-0.3143
27.95302,-0.3206
27.96301,-0.3721
27.973,-0.4257
27.98298,-0.4813
27.99297,-0.5024
28.00295,-0.4973
28.01294,-0.4741
28.02293,-0.4195
28.03292,-0.3764
28.04291,-0.3146
28.05289,-0.2633
28.06288,-0.2144
28.07287,-0.1618
28.08286,-0.1078
28.09285,-0.0617
28.10284,-0.0252
28.11283,-0.0067
28.12282,0.0143
28.13281,0.0349
28.14281,0.0531
28.15281,0.0835
28.16281,0.0736
28.17281,0.0567
28.18281,0.0629
28.19281,0.0691
28.20281,0.087
28.2128,0.0987
28.2228,0.1208
28.2328,0.1342
28.2428,0.1347
28.2528,0.1203
28.2628,0.1108
28.27276,0.1107
28.28271,0.1085
28.29267,0.088
28.30262,0.0801
28.31258,0.0732
28.32253,0.0738
28.33249,0.0567
28.34244,0.0382
28.3524,0.0181
28.36235,-0.0042
28.3723,-0.04
28.38226,-0.0812
28.39227,-0.1211
28.40231,-0.1316
28.41235,-0.1246
28.42239,-0.1039
28.43243,-0.1008
28.44247,-0.0981
28.45251,-0.092
28.46255,-0.0737
28.4726,-0.0585
28.48264,-0.0307
28.49268,-0.0358
28.50272,-0.0171
28.51276,-0.0056
28.5228,-0.0524
28.53284,-0.1351
28.54288,-0.2019
28.55293,-0.2558
28.56297,-0.29
28.57301,-0.3503
28.58305,-0.4116
28.59309,-0.4576
28.60313,-0.5002
28.61317,-0.5524
28.62321,-0.5983
28.63325,-0.6061
28.64328,-0.681
28.65328,-0.7267
28.66329,-0.7546
28.6733,-0.7637
28.6833,-0.7536
28.69331,-0.732
28.70331,-0.658
28.71332,-0.571
28.72333,-0.4525
28.73333,-0.3308
28.74334,-0.2615
28.75335,-0.2266
28.76335,-0.2643
28.77337,-0.377
28.78339,-0.5124
28.7934,-0.6461
28.80342,-0.7399
28.81343,-0.8035
28.82344,-0.8376
28.83346,-0.861
28.84347,-0.8963
28.85349,-0.9282
28.8635,-0.9347
28.87352,-0.9516
28.88353,-0.9522
28.89355,-0.9603
28.90355,-0.9865
28.91355,-0.9848
28.92356,-0.968
28.93356,-0.9596
28.94356,-0.9423
28.95357,-0.944
28.96357,-0.9094
28.97357,-0.8962
28.98358,-0.9101
28.99358,-0.902
29.00358,-0.9216
29.01359,-0.9274
29.02358,-0.9248
29.03356,-0.9067
29.04355,-0.8833
29.05354,-0.8578
29.06353,-0.8224
29.07351,-0.7985
29.0835,-0.7685
29.09349,-0.7756
29.10348,-0.7708
29.11346,-0.7667
29.12345,-0.7695
29.13344,-0.7915
29.14344,-0.8198
29.15344,-0.8421
29.16345,-0.8469
29.17345,-0.8459
29.18345,-0.8424
29.19345,-0.8407
29.20345,-0.8329
29.21346,-0.8379
29.22346,-0.8033
29.23346,-0.7451
29.24346,-0.669
29.25346,-0.6064
29.26347,-0.5645
29.27347,-0.5645
29.28347,-0.5546
29.29346,-0.5106
29.30346,-0.4843
29.31346,-0.4909
29.32346,-0.4963
29.33346,-0.5059
29.34346,-0.4931
29.35346,-0.4704
29.36346,-0.5206
29.37346,-0.4868
29.38346,-0.433
29.39344,-0.4083
29.40342,-0.4775
29.41339,-0.444
29.42336,-0.4331
29.43333,-0.6128
29.4433,-0.5607
29.45328,-0.6314
29.46325,-0.6743
29.47322,-0.6434
29.48319,-0.6362
29.49316,-0.6363
29.50314,-0.7208
29.51311,-0.7456
29.52315,-0.6969
29.53316,-0.7266
29.54318,-0.6705
29.5532,-0.6526
29.56322,-0.6354
29.57323,-0.5655
29.58325,-0.5306
29.59327,-0.5369
29.60329,-0.4955
29.61331,-0.4962
29.62332,-0.4814
29.63334,-0.4814
29.6434,-0.5187
29.65347,-0.5669
29.66354,-0.6472
29.67361,-0.7579
29.68368,-0.8411
29.69375,-0.9127
29.70382,-0.9537
29.71389,-0.9948
29.72396,-1.0184
29.73403,-1.0259
29.7441,-1.0201
29.75417,-1.0312
29.76423,-1.0162
29.77424,-0.9771
29.78424,-0.9365
29.79425,-0.9111
29.80425,-0.9019
29.81426,-0.9046
29.82426,-0.9341
29.83427,-0.9342
29.84427,-0.9099
29.85428,-0.9024
29.86428,-0.9139
29.87429,-0.9469
29.88429,-0.9547
29.89429,-0.9802
29.90428,-0.9667
29.91426,-0.9463
29.92425,-0.9283
29.93423,-0.8934
29.94422,-0.8737
29.95421,-0.8596
29.96419,-0.8532
29.97418,-0.8159
29.98417,-0.7936
29.99415,-0.7913
30.00414,-0.7896
30.01412,-0.7476
30.0241,-0.7359
30.03407,-0.7171
30.04405,-0.6933
30.05402,-0.6739
30.06399,-0.6721
30.07397,-0.6438
30.08394,-0.6152
30.09391,-0.5637
30.10388,-0.507
30.11386,-0.4981
30.12383,-0.4985
30.1338,-0.4594
30.14379,-0.4262
30.15378,-0.3943
30.16378,-0.3621
30.17377,-0.3992
30.18377,-0.437
30.19376,-0.5085
30.20376,-0.59
30.21375,-0.6324
30.22375,-0.6585
30.23374,-0.6881
30.24374,-0.7158
30.25373,-0.7492
30.26373,-0.795
30.27373,-0.7964
30.28373,-0.7937
30.29373,-0.8361
30.30373,-0.8326
30.31374,-0.8165
30.32374,-0.8302
30.33374,-0.8502
30.34374,-0.8418
30.35374,-0.8314
30.36374,-0.8268
30.37374,-0.7842
30.38374,-0.7063
30.39375,-0.6648
30.40377,-0.7011
30.4138,-0.8298
30.42382,-0.8002
30.43385,-0.7982
30.44387,-0.8164
30.45389,-0.8329
30.46392,-0.8847
30.47394,-0.9687
30.48397,-1.0367
30.49399,-1.1222
30.50401,-1.1894
30.51404,-1.2487
30.52401,-1.2933
30.53397,-1.3413
30.54394,-1.3766
30.5539,-1.4265
30.56387,-1.4417
30.57383,-1.4421
30.5838,-1.4362
30.59376,-1.4535
30.60373,-1.4365
30.61369,-1.4125
30.62366,-1.3944
30.63362,-1.3762
30.64361,-1.3719
30.65362,-1.3775
30.66362,-1.3728
30.67363,-1.3584
30.68364,-1.3472
30.69364,-1.3442
30.70365,-1.3416
30.71366,-1.3223
30.72366,-1.3108
30.73367,-1.2856
30.74368,-1.27
30.75368,-1.2388
30.76369,-1.2074
30.77387,-1.179
30.78404,-1.1648
30.79421,-1.1516
30.80438,-1.1478
30.81455,-1.0862
30.82472,-0.9906
30.83489,-0.9241
30.84506,-0.8855
30.85523,-0.858
30.8654,-0.8241
30.87557,-0.7743
30.88574,-0.7572
30.89583,-0.7146
30.90582,-0.6854
30.91582,-0.6327
30.92581,-0.5692
30.93581,-0.5041
30.9458,-0.4643
30.9558,-0.4236
30.96579,-0.406
30.97579,-0.3878
30.98578,-0.3914
30.99578,-0.4475
31.00577,-0.5224
31.01577,-0.6191
31.02571,-0.655
31.03566,-0.6747
31.0456,-0.699
31.05554,-0.7202
31.06549,-0.7315
31.07543,-0.7267
31.08538,-0.7335
31.09532,-0.708
31.10526,-0.6113
31.11521,-0.4594
31.12515,-0.3244
31.1351,-0.3952
31.14506,-0.5001
31.15505,-0.5277
31.16503,-0.564
31.17501,-0.5717
31.18499,-0.4684
31.19498,-0.3942
31.20496,-0.3343
31.21494,-0.2666
31.22492,-0.2683
31.23491,-0.2959
31.24489,-0.3175
31.25487,-0.3256
31.26485,-0.3115
31.27482,-0.2745
31.28479,-0.2243
31.29475,-0.1815
31.30471,-0.1273
31.31468,-0.0825
31.32464,-0.0359
31.33461,-0.0226
31.34457,-0.0131
31.35454,-0.0387
31.3645,-0.0564
31.37447,-0.1055
31.38443,-0.171
31.39441,-0.2264
31.40441,-0.2853
31.4144,-0.3247
31.42439,-0.3496
31.43439,-0.3713
31.44438,-0.378
31.45437,-0.3982
31.46437,-0.4209
31.47436,-0.4423
31.48435,-0.4454
31.49435,-0.4523
31.50434,-0.4411
31.51433,-0.4209
31.52439,-0.4071
31.53444,-0.4044
31.54449,-0.3779
31.55454,-0.3715
31.56459,-0.3028
31.57464,-0.2623
31.58469,-0.2242
31.59474,-0.1621
31.60479,-0.1425
31.61484,-0.1174
31.6249,-0.1031
31.63494,-0.0735
31.64496,-0.0576
31.65494,-0.0254
31.66491,0.0098
31.67488,0.0404
31.68486,0.067
31.69483,0.0737
31.7048,0.0764
31.71478,0.0787
31.72475,0.0746
31.73473,0.0829
31.7447,0.0827
31.75467,0.1032
31.76465,0.1215
31.77462,0.1442
31.78459,0.1511
31.79456,0.1491
31.80453,0.1495
31.8145,0.137
31.82446,0.1187
31.83443,0.1127
31.8444,0.0873
31.85437,0.0683
31.86434,0.0389
31.87431,0.0205
31.88428,-0.0106
31.89433,-0.0127
31.90444,-0.0115
31.91455,-0.0085
31.92465,0.0105
31.93476,0.0167
31.94487,0.0212
31.95498,0.0077
31.96509,0.0067
31.9752,0.0065
31.98531,0.041
31.99542,0.0291
32.00553,0.0184
32.01564,0.0293
32.02564,0.0206
32.03565,0.0003
32.04565,-0.0057
32.05566,0.0269
32.06566,0.0732
32.07566,0.1209
32.08567,0.1658
32.09567,0.2074
32.10568,0.2268
32.11568,0.2321
32.12569,0.2446
32.13569,0.2577
32.14572,0.2833
32.15575,0.3277
32.16579,0.3629
32.17583,0.3804
32.18586,0.4128
32.1959,0.4327
32.20594,0.4259
32.21597,0.4333
32.22601,0.435
32.23605,0.47
32.24608,0.5002
32.25612,0.53
32.26616,0.5455
32.27617,0.569
32.28618,0.5816
32.29619,0.5923
32.3062,0.5268
32.31622,0.4981
32.32623,0.4813
32.33624,0.4715
32.34625,0.4474
32.35627,0.4231
32.36628,0.4067
32.37629,0.4036
32.3863,0.3944
32.39627,0.3999
32.40618,0.3975
32.41608,0.3709
32.42599,0.3657
32.4359,0.3631
32.44581,0.3652
32.45572,0.3754
32.46563,0.4019
32.47554,0.4272
32.48545,0.4633
32.49536,0.4829
32.50526,0.4896
32.51517,0.4813
32.52523,0.4703
32.53527,0.4529
32.5453,0.4303
32.55534,0.4187
32.56538,0.4131
32.57542,0.4228
32.58545,0.4421
32.59549,0.4443
32.60553,0.4621
32.61557,0.4899
32.6256,0.5318
32.63564,0.5409
32.64567,0.5384
32.65567,0.5909
32.66568,0.607
32.67569,0.5906
32.6857,0.5861
32.69571,0.4779
32.70572,0.4872
32.71573,0.5321
32.72574,0.6056
32.73575,0.6834
32.74576,0.7031
32.75577,0.7417
32.76578,0.785
32.77579,0.8202
32.78579,0.8456
32.7958,0.8355
32.80581,0.8096
32.81581,0.7763
32.82581,0.7662
32.83582,0.7484
32.84583,0.7709
32.85583,0.8195
32.86583,0.8968
32.87584,0.9895
32.88585,1.0586
32.89586,1.1155
32.90586,1.1755
32.91586,1.2236
32.92586,1.2943
32.93586,1.3531
32.94586,1.4089
32.95586,1.4102
32.96586,1.3848
32.97586,1.3676
32.98586,1.3534
32.99586,1.3071
33.00586,1.2621
33.01587,1.2014
33.02597,1.1485
33.03608,1.0981
33.04618,1.0249
33.05628,0.9725
33.06639,0.8816
33.07649,0.778
33.08659,0.6994
33.0967,0.6154
33.1068,0.5524
33.11691,0.5078
33.12701,0.454
33.13711,0.386
33.14716,0.3112
33.15716,0.234
33.16715,0.1949
33.17714,0.1629
33.18714,0.1181
33.19713,0.0788
33.20713,0.056
33.21712,0.0545
33.22711,0.0102
33.23711,0.0203
33.2471,0.0028
33.25709,-0.062
33.26709,-0.0113
33.27703,-0.0392
33.28695,-0.0266
33.29687,0.0031
33.3068,0.0264
33.31672,0.0351
33.32664,0.0413
33.33657,0.0807
33.34649,0.1009
33.35641,0.1298
33.36634,0.1339
33.37626,0.1043
33.38618,0.0882
33.39613,0.0801
33.4061,0.0756
33.41607,0.0786
33.42604,0.0882
33.436,0.126
33.44597,0.186
33.45594,0.2271
33.4659,0.2533
33.47587,0.2477
33.48584,0.2582
33.49581,0.2732
33.50578,0.2979
33.51574,0.3453
33.52578,0.3895
33.5358,0.4501
33.54583,0.4851
33.55585,0.4775
33.56588,0.4479
33.5759,0.4554
33.58593,0.4502
33.59595,0.4676
33.60598,0.4653
33.616,0.4635
33.62603,0.4674
33.63605,0.4512
33.64607,0.4665
33.65606,0.4792
33.66606,0.4964
33.67605,0.5234
33.68605,0.544
33.69604,0.5668
33.70604,0.5643
33.71604,0.5153
33.72603,0.472
33.73603,0.4727
33.74602,0.5215
33.75602,0.4849
33.76601,0.5497
33.77601,0.559
33.78601,0.6278
33.79601,0.6636
33.806,0.7543
33.816,0.8137
33.826,0.8796
33.83599,0.8805
33.84599,0.7801
33.85599,0.7128
33.86598,0.6459
33.87598,0.6039
33.88598,0.5712
33.89597,0.5473
33.90593,0.5613
33.9159,0.5678
33.92587,0.5909
33.93584,0.6264
33.9458,0.6719
33.95577,0.6888
33.96574,0.6611
33.97571,0.6259
33.98568,0.5763
33.99564,0.5068
34.00561,0.4496
34.01558,0.3905
34.02562,0.3365
34.03565,0.2948
34.04567,0.235
34.0557,0.1629
34.06572,0.1071
34.07574,0.0525
34.08577,0.0101
34.09579,-0.04
34.10582,-0.09
34.11584,-0.1284
34.12587,-0.1462
34.13589,-0.1613
34.14599,-0.1616
34.15614,-0.1513
34.16629,-0.1242
34.17645,-0.1096
34.1866,-0.083
34.19675,-0.0585
34.2069,-0.0239
34.21706,-0.0138
34.22721,0.0244
34.23736,0.0823
34.24751,0.1255
34.25767,0.1489
34.26782,0.1763
34.27774,0.2173
34.28766,0.2612
34.29758,0.2775
34.3075,0.3019
34.31742,0.3327
34.32734,0.356
34.33726,0.388
34.34718,0.4123
34.3571,0.4326
34.36702,0.4122
34.37694,0.3991
34.38686,0.3992
34.39682,0.3994
34.40682,0.4089
34.41682,0.4163
34.42682,0.4323
34.43682,0.4245
34.44682,0.393
34.45682,0.3551
34.46682,0.3288
34.47681,0.2907
34.48681,0.2317
34.49681,0.2038
34.50681,0.2096
34.51681,0.1875
34.52681,0.1756
34.53681,0.156
34.54681,0.1815
34.55681,0.2137
34.56681,0.2245
34.57681,0.2175
34.5868,0.2215
34.5968,0.2246
34.6068,0.2546
34.6168,0.2485
34.6268,0.2511
34.6368,0.2704
34.64679,0.2861
34.65678,0.3279
34.66677,0.3521
34.67676,0.423
34.68675,0.5019
34.69674,0.5225
34.70673,0.5206
34.71672,0.5496
34.72671,0.5781
34.7367,0.6395
34.74669,0.689
34.75668,0.7684
34.76667,0.8297
34.77666,0.8524
34.78665,0.8589
34.79663,0.8572
34.80662,0.8467
34.81661,0.844
34.8266,0.8465
34.83658,0.8529
34.84657,0.9035
34.85655,0.9644
34.86654,1.006
34.87653,1.0508
34.88651,1.0783
34.89653,1.1015
34.90655,1.0966
34.91656,1.0905
34.92658,1.1239
34.93659,1.1342
34.94661,1.1135
34.95663,1.0872
34.96664,1.0447
34.97666,0.9984
34.98667,0.9298
34.99669,0.8374
35.0067,0.7531
35.01672,0.6649
35.02669,0.61
35.03665,0.5653
35.04661,0.5626
35.05657,0.5752
35.06653,0.5567
35.07649,0.5363
35.08646,0.5084
35.09642,0.4776
35.10638,0.4492
35.11634,0.4112
35.1263,0.3884
35.13626,0.3755
35.1463,0.353
35.15639,0.3271
35.1665,0.3117
35.17659,0.3015
35.1867,0.3024
35.1968,0.3275
35.20689,0.3541
35.217,0.3714
35.2271,0.3798
35.23719,0.38
35.2473,0.3828
35.25739,0.3959
35.26749,0.4013
35.27751,0.3864
35.28753,0.3843
35.29754,0.3797
35.30755,0.3832
35.31757,0.3826
35.32758,0.3918
35.33759,0.3887
35.34761,0.4119
35.35762,0.4244
35.36763,0.4138
35.37765,0.3965
35.38766,0.3917
35.39769,0.3848
35.40773,0.3838
35.41778,0.3861
35.42782,0.3972
35.43786,0.4099
35.4479,0.4196
35.45795,0.4451
35.46799,0.4754
35.47803,0.5237
35.48807,0.5491
35.49812,0.559
35.50816,0.5649
35.5182,0.5645
35.52813,0.5583
35.53806,0.5382
35.54799,0.5274
35.55793,0.5131
35.56786,0.5088
35.57779,0.5169
35.58772,0.5471
35.59765,0.573
35.60759,0.5952
35.61752,0.6186
35.62745,0.6661
35.63738,0.7231
35.64736,0.7917
35.65736,0.8359
35.66736,0.8512
35.67736,0.8718
35.68737,0.8717
35.69737,0.8733
35.70737,0.8407
35.71737,0.7796
35.72738,0.6605
35.73738,0.5391
35.74738,0.4542
35.75738,0.4605
35.76738,0.6015
35.77738,0.7462
35.78738,0.9394
35.79738,1.0976
35.80738,1.221
35.81738,1.2652
35.82738,1.2067
35.83738,1.0948
35.84738,0.9903
35.85738,0.9062
35.86738,0.8395
35.87738,0.8116
35.88737,0.7875
35.89736,0.7649
35.90732,0.7548
35.91727,0.7449
35.92723,0.7885
35.93718,0.8196
35.94714,0.8234
35.95709,0.7882
35.96705,0.6669
35.97701,0.5052
35.98696,0.3642
35.99691,0.2477
36.00687,0.1417
36.01683,0.0624
36.02694,0.0051
36.03706,-0.0342
36.04717,-0.0701
36.05728,-0.1443
36.06739,-0.2032
36.07751,-0.2476
36.08762,-0.2674
36.09774,-0.2835
36.10785,-0.286
36.11796,-0.2606
36.12807,-0.2522
36.13819,-0.2351
36.14819,-0.2218
36.15808,-0.237
36.16798,-0.2523
36.17787,-0.2375
36.18776,-0.1314
36.19765,-0.0878
36.20754,-0.0441
36.21743,-0.0156
36.22732,0.0048
36.23721,0.0309
36.2471,0.0736
36.25699,0.0998
36.26688,0.1077
36.27692,0.0833
36.28695,0.0933
36.29696,0.1042
36.30698,0.1369
36.31701,0.1727
36.32702,0.2036
36.33704,0.202
36.34706,0.1764
36.35709,0.1844
36.3671,0.2243
36.37712,0.245
36.38715,0.265
36.3972,0.2924
36.40728,0.292
36.41736,0.2846
36.42744,0.2867
36.43752,0.3138
36.4476,0.3237
36.45768,0.2314
36.46777,0.1945
36.47784,0.124
36.48793,0.0952
36.49801,0.1111
36.50809,0.1057
36.51817,0.0406
36.52821,-0.0326
36.53825,-0.0975
36.54829,-0.1398
36.55833,-0.1414
36.56837,-0.0466
36.57841,0.1286
36.58845,0.3103
36.59849,0.4494
36.60853,0.4602
36.61856,0.4082
36.6286,0.3533
36.63865,0.2907
36.64865,0.2637
36.6586,0.2261
36.66855,0.209
36.6785,0.1963
36.68845,0.1817
36.6984,0.1691
36.70835,0.172
36.71831,0.1748
36.72826,0.1691
36.73821,0.1303
36.74816,0.082
36.75811,0.0298
36.76806,-0.032
36.77807,-0.0895
36.78807,-0.1551
36.79807,-0.2041
36.80807,-0.2521
36.81808,-0.3088
36.82808,-0.3649
36.83808,-0.4222
36.84808,-0.445
36.85808,-0.4629
36.86808,-0.4744
36.87809,-0.4839
36.88809,-0.4962
36.89811,-0.5204
36.9081,-0.5689
36.91809,-0.5804
36.92809,-0.583
36.93809,-0.5649
36.94808,-0.552
36.95808,-0.5361
36.96807,-0.5136
36.97807,-0.4962
36.98806,-0.5228
36.99806,-0.532
37.00805,-0.5121
37.01805,-0.5061
37.0281,-0.5009
37.03814,-0.5051
37.04819,-0.524
37.05824,-0.5406
37.06828,-0.5519
37.07833,-0.5611
37.08838,-0.5628
37.09842,-0.5555
37.10847,-0.5536
37.11851,-0.5478
37.12856,-0.5368
37.1386,-0.5199
37.14861,-0.4898
37.15856,-0.4982
37.16851,-0.5681
37.17846,-0.618
37.18841,-0.638
37.19836,-0.6606
37.20831,-0.6934
37.21827,-0.7064
37.22821,-0.7297
37.23817,-0.7525
37.24812,-0.7965
37.25807,-0.8211
37.26802,-0.862
37.27802,-0.8923
37.28801,-0.8498
37.298,-0.8423
37.30799,-0.8222
37.31798,-0.783
37.32797,-0.7113
37.33796,-0.6588
37.34795,-0.3697
37.35794,0.0416
37.36793,0.3276
37.37792,0.4113
37.38791,0.319
37.39795,0.2727
37.40802,0.2283
37.41808,0.2057
37.42815,0.229
37.43821,0.2775
37.44828,0.3796
37.45834,0.4908
37.4684,0.5828
37.47847,0.6422
37.48853,0.626
37.4986,0.5802
37.50866,0.486
37.51872,0.3657
37.52875,0.2035
37.53878,0.0605
37.54881,-0.0742
37.55883,-0.16
37.56886,-0.2533
37.57888,-0.3453
37.58891,-0.4134
37.59894,-0.3635
37.60897,-0.3168
37.61899,-0.2892
37.62902,-0.26
37.63905,-0.2393
37.64904,-0.2136
37.65901,-0.1922
37.66898,-0.1841
37.67895,-0.1585
37.68892,-0.1449
37.69889,-0.1139
37.70886,-0.0912
37.71883,-0.0761
37.72879,-0.0514
37.73876,-0.0193
37.74873,0.0101
37.7587,0.02
37.76867,0.0211
37.77865,0.026
37.78864,0.0364
37.79861,0.0399
37.8086,0.0391
37.81858,0.026
37.82856,0.0134
37.83855,-0.0035
37.84853,-0.0137
37.85851,-0.0268
37.86849,-0.0375
37.87848,-0.024
37.88846,-0.0215
37.89846,-0.0177
37.90847,0.0091
37.91849,0.0365
37.9285,0.0726
37.93851,0.0862
37.94852,0.0596
37.95854,0.0423
37.96855,0.0384
37.97857,0.0579
37.98858,0.0649
37.99859,0.0881
38.0086,0.1057
38.01862,0.118
38.02862,0.1277
38.03862,0.1341
38.04863,0.1295
38.05863,0.1288
38.06863,0.1222
38.07863,0.1187
38.08863,0.0973
38.09864,0.0868
38.10864,0.0723
38.11864,0.0833
38.12864,0.1221
38.13865,0.154
38.14865,0.1789
38.15865,0.188
38.16865,0.2074
38.17865,0.2224
38.18864,0.1997
38.19864,0.1548
38.20864,0.0872
38.21864,0.0417
38.22864,-0.006
38.23864,-0.0603
38.24864,-0.1319
38.25864,-0.1806
38.26864,-0.2049
38.27863,-0.2112
38.28862,-0.2085
38.29861,-0.1643
38.3086,-0.1455
38.31859,-0.2025
38.32858,-0.2763
38.33857,-0.35
38.34855,-0.4151
38.35854,-0.3996
38.36853,-0.4898
38.37852,-0.3276
38.38851,-0.5546
38.39849,-0.4688
38.40845,-0.4975
38.41842,-0.4321
38.42838,-0.4269
38.43834,-0.3216
38.4483,-0.3819
38.45826,-0.4617
38.46822,-0.3894
38.47819,-0.4002
38.48815,-0.4353
38.49811,-0.513
38.50807,-0.603
38.51804,-0.6569
38.52808,-0.6816
38.53811,-0.7613
38.54815,-0.8199
38.55818,-0.8615
38.56822,-0.889
38.57825,-0.9163
38.58829,-0.9277
38.59832,-0.9249
38.60836,-0.9344
38.6184,-0.9391
38.62843,-0.9576
38.63847,-0.9728
38.64848,-0.9972
38.65848,-1.0218
38.66848,-1.046
38.67847,-1.0888
38.68847,-1.0669
38.69846,-1.063
38.70846,-1.0525
38.71846,-1.0193
38.72845,-0.982
38.73845,-0.954
38.74844,-0.9592
38.75844,-0.9577
38.76844,-0.9757
38.77851,-0.9887
38.78856,-1.0102
38.79862,-1.0329
38.80867,-1.0182
38.81873,-0.9961
38.82878,-0.9664
38.83884,-0.9472
38.8489,-0.9084
38.85895,-0.8967
38.86901,-0.9044
38.87906,-0.9179
38.88912,-0.9116
38.89915,-0.8996
38.90916,-0.8709
38.91917,-0.8316
38.92918,-0.7695
38.93919,-0.7205
38.9492,-0.6865
38.95921,-0.6548
38.96922,-0.6177
38.97923,-0.5625
38.98924,-0.542
38.99925,-0.4988
39.00926,-0.4445
39.01927,-0.3676
39.02925,-0.3097
39.03923,-0.2496
39.04921,-0.2201
39.05919,-0.1883
39.06917,-0.1596
39.07915,-0.1522
39.08913,-0.1468
39.09911,-0.1367
39.10909,-0.1306
39.11906,-0.1823
39.12904,-0.2583
39.13902,-0.3516
39.14902,-0.382
39.15904,-0.4144
39.16906,-0.4281
39.17907,-0.3811
39.18909,-0.368
39.19911,-0.3342
39.20912,-0.329
39.21914,-0.2964
39.22915,-0.1695
39.23917,-0.2861
39.24919,-0.2366
39.2592,-0.2613
39.26922,-0.2645
39.27919,-0.1871
39.28917,-0.1025
39.29914,-0.2071
39.30911,-0.4221
39.31909,-0.3997
39.32906,-0.3099
39.33904,-0.2876
39.34901,-0.3331
39.35898,-0.3694
39.36895,-0.3363
39.37893,-0.2941
39.3889,-0.281
39.3989,-0.3498
39.40893,-0.4219
39.41896,-0.4668
39.42899,-0.5154
39.43901,-0.5338
39.44904,-0.565
39.45907,-0.564
39.46909,-0.5464
39.47912,-0.51
39.48915,-0.4939
39.49918,-0.5022
39.5092,-0.5079
39.51923,-0.508
39.52921,-0.5303
39.53918,-0.5255
39.54914,-0.5299
39.55912,-0.5353
39.56909,-0.5411
39.57906,-0.543
39.58903,-0.5173
39.599,-0.5096
39.60897,-0.4903
39.61894,-0.4594
39.62891,-0.4208
39.63888,-0.3844
39.64886,-0.3175
39.65885,-0.2175
39.66883,-0.1502
39.67882,-0.0938
39.68881,-0.0388
39.69879,-0.0171
39.70878,0.0115
39.71877,0.0236
39.72875,0.0202
39.73874,0.0101
39.74873,0.0134
39.75871,0.0191
39.7687,0.0121
39.77871,0.0044
39.78871,0.0082
39.79872,0.0173
39.80872,-0.0457
39.81873,-0.0265
39.82873,0.0028
39.83873,0.0011
39.84874,0.0047
39.85874,-0.007
39.86875,-0.0173
39.87875,-0.0134
39.88876,-0.0244
39.8988,-0.0393
39.9089,-0.0441
39.91899,-0.0421
39.92908,-0.0497
39.93917,-0.066
39.94926,-0.0643
39.95936,-0.0495
39.96945,-0.0307
39.97954,-0.001
39.98963,0.021
39.99973,0.047
40.00982,0.0694
40.01991,0.0823
40.02999,0.095
40.04007,0.1297
40.05016,0.1422
40.06024,0.1121
40.07032,0.0243
40.0804,-0.0382
40.09048,-0.0849
40.10056,-0.1517
40.11065,-0.1948
40.12073,-0.2116
40.13081,-0.3255
40.14089,-0.335
40.15089,-0.31
40.16081,-0.2931
40.17073,-0.3365
40.18064,-0.3251
40.19056,-0.4194
40.20047,-0.3391
40.21039,-0.3982
40.22031,-0.3478
40.23022,-0.2603
40.24014,-0.2338
40.25005,-0.2082
40.25997,-0.167
40.26989,-0.1395
40.27992,-0.1323
40.28994,-0.1331
40.29995,-0.1419
40.30997,-0.1568
40.31999,-0.1944
40.33001,-0.2449
40.34002,-0.2829
40.35004,-0.338
40.36005,-0.3868
40.37007,-0.431
40.38009,-0.4871
40.39011,-0.524
40.40011,-0.5974
40.4101,-0.6859
40.42007,-0.7679
40.43006,-0.8181
40.44004,-0.8353
40.45002,-0.8554
40.46,-0.8794
40.46998,-0.8812
40.47996,-0.8435
40.48994,-0.7987
40.49992,-0.7869
40.50991,-0.7801
40.51989,-0.789
40.52988,-0.7668
40.53988,-0.758
40.54988,-0.76
40.55988,-0.7581
40.56987,-0.733
40.57987,-0.7043
40.58987,-0.6743
40.59986,-0.6441
40.60986,-0.6255
40.61986,-0.631
40.62986,-0.638
40.63985,-0.6122
40.64989,-0.6069
40.65996,-0.6157
40.67003,-0.6236
40.6801,-0.6521
40.69017,-0.648
40.70024,-0.648
40.71032,-0.6537
40.72039,-0.6903
40.73045,-0.7571
40.74052,-0.7746
40.7506,-0.7619
40.76067,-0.7499
40.77074,-0.7366
40.78069,-0.72
40.79063,-0.7301
40.80058,-0.7496
40.81053,-0.7397
40.82048,-0.7036
40.83043,-0.6643
40.84038,-0.6275
40.85033,-0.6164
40.86028,-0.598
40.87022,-0.5492
40.88017,-0.5161
40.89012,-0.4995
40.9001,-0.4968
40.9101,-0.4794
40.92009,-0.471
40.93009,-0.4207
40.94009,-0.4124
40.95008,-0.4078
40.96008,-0.4169
40.97008,-0.3866
40.98008,-0.324
40.99007,-0.1722
41.00007,-0.0691
41.01007,-0.0203
41.02007,0.0265
41.03018,0.0298
41.04029,-0.0043
41.0504,-0.0724
41.06052,-0.1298
41.07063,-0.2735
41.08074,-0.463
41.09085,-0.3503
41.10096,-0.4035
41.11108,-0.493
41.12119,-0.4735
41.1313,-0.4483
41.14141,-0.3126
41.15147,-0.2535
41.16148,-0.2267
41.17149,-0.124
41.1815,0.0315
41.19151,-0.168
41.20152,-0.0866
41.21153,-0.0712
41.22154,-0.0896
41.23155,-0.02
41.24156,0.0622
41.25157,0.1343
41.26158,0.1679
41.27159,0.0925
41.28155,-0.0164
41.29151,-0.1331
41.30146,-0.2397
41.31142,-0.2844
41.32138,-0.2643
41.33134,-0.2197
41.3413,-0.1855
41.35126,-0.1419
41.36121,-0.1206
41.37117,-0.1011
41.38113,-0.107
41.39109,-0.1046
41.40105,-0.1216
41.41097,-0.1523
41.42089,-0.1651
41.43082,-0.1781
41.44074,-0.1928
41.45066,-0.2075
41.46059,-0.2179
41.47051,-0.2032
41.48043,-0.1972
41.49035,-0.217
41.50028,-0.2163
41.5102,-0.2363
41.52012,-0.2366
41.53013,-0.2405
41.54013,-0.2511
41.55014,-0.274
41.56015,-0.2831
41.57015,-0.285
41.58015,-0.2722
41.59016,-0.2601
41.60017,-0.241
41.61017,-0.2234
41.62017,-0.2097
41.63018,-0.1997
41.64019,-0.1849
41.65023,-0.1767
41.66032,-0.1862
41.67041,-0.192
41.6805,-0.1988
41.69059,-0.1681
41.70068,-0.1702
41.71077,-0.1843
41.72086,-0.2093
41.73095,-0.2239
41.74104,-0.2324
41.75113,-0.2434
41.76122,-0.2544
41.77131,-0.2505
41.78125,-0.2828
41.79118,-0.2931
41.80112,-0.2858
41.81106,-0.2811
41.821,-0.2593
41.83094,-0.2509
41.84087,-0.2648
41.85081,-0.2726
41.86075,-0.2572
41.87069,-0.2155
41.88063,-0.2007
41.89056,-0.1701
41.90052,-0.1418
41.91049,-0.09
41.92046,-0.0882
41.93043,-0.0495
41.94039,-0.047
41.95036,-0.0559
41.96033,-0.0583
41.97029,-0.0668
41.98026,-0.0585
41.99023,-0.061
42.0002,-0.066
42.01017,-0.0707
42.02013,-0.0891
42.03014,-0.112
42.04014,-0.1085
42.05014,-0.087
42.06015,-0.0774
42.07015,-0.0694
42.08015,-0.036
42.09015,-0.0138
42.10016,-0.0162
42.11016,-0.0147
42.12016,0.017
42.13017,0.0386
42.14017,0.0187
42.15023,-0.0329
42.16034,-0.0483
42.17045,-0.0776
42.18057,-0.1261
42.19068,-0.1251
42.2008,-0.1184
42.21091,-0.2137
42.22103,-0.2456
42.23114,-0.2962
42.24126,-0.336
42.25137,-0.365
42.26149,-0.3452
42.2716,-0.3407
42.2816,-0.365
42.29159,-0.3276
42.30158,-0.2152
42.31157,-0.1007
42.32156,0.0035
42.33155,0.0692
42.34155,0.0798
42.35154,0.0229
42.36153,-0.0478
42.37152,-0.1064
42.38151,-0.1857
42.3915,-0.2404
42.40147,-0.2911
42.41142,-0.3406
42.42136,-0.3846
42.4313,-0.395
42.44124,-0.402
42.45119,-0.4046
42.46113,-0.3862
42.47107,-0.4013
42.48101,-0.4237
42.49096,-0.4547
42.5009,-0.497
42.51085,-0.5479
42.52079,-0.5788
42.53083,-0.6148
42.54087,-0.6518
42.55091,-0.6848
42.56096,-0.7163
42.571,-0.7216
42.58104,-0.735
42.59108,-0.7332
42.60112,-0.701
42.61116,-0.6952
42.6212,-0.6857
42.63124,-0.6758
42.64128,-0.6534
42.65131,-0.6443
42.66133,-0.6565
42.67136,-0.6216
42.68137,-0.6151
42.69139,-0.6116
42.70142,-0.5669
42.71144,-0.5383
42.72145,-0.4917
42.73148,-0.4443
42.7415,-0.4171
42.75152,-0.4202
42.76154,-0.4202
42.77156,-0.4083
42.7815,-0.409
42.79143,-0.4069
42.80136,-0.4149
42.81129,-0.4185
42.82123,-0.4075
42.83116,-0.3869
42.84109,-0.3556
42.85103,-0.3329
42.86096,-0.3368
42.8709,-0.348
42.88083,-0.382
42.89076,-0.4233
42.90076,-0.4327
42.91083,-0.4112
42.92089,-0.3744
42.93096,-0.3506
42.94102,-0.3415
42.95109,-0.3183
42.96115,-0.3117
42.97122,-0.2917
42.98128,-0.283
42.99135,-0.269
43.00141,-0.2485
43.01148,-0.269
43.02154,-0.2785
43.03153,-0.285
43.04152,-0.2628
43.0515,-0.3384
43.06148,-0.3155
43.07146,-0.3228
43.08145,-0.3619
43.09143,-0.3756
43.10141,-0.464
43.1114,-0.5023
43.12138,-0.5106
43.13136,-0.4594
43.14135,-0.4133
43.15135,-0.3976
43.16136,-0.3461
43.17138,-0.2032
43.18139,-0.1243
43.1914,-0.3542
43.20141,-0.4327
43.21143,-0.3904
43.22144,-0.2246
43.23145,-0.0932
43.24147,0.0348
43.25148,0.0903
43.26149,0.0758
43.2715,0.031
43.28162,-0.0885
43.29173,-0.2306
43.30184,-0.3904
43.31195,-0.533
43.32206,-0.6286
43.33217,-0.6925
43.34228,-0.7456
43.35239,-0.7882
43.3625,-0.8135
43.37261,-0.8361
43.38272,-0.8484
43.39283,-0.8611
43.40288,-0.8592
43.41287,-0.8501
43.42286,-0.8655
43.43284,-0.8629
43.44283,-0.8451
43.45282,-0.8554
43.46281,-0.8486
43.47279,-0.7964
43.48278,-0.7478
43.49277,-0.7479
43.50276,-0.72
43.51274,-0.708
43.52273,-0.7084
43.53266,-0.6952
43.54258,-0.7123
43.55249,-0.7336
43.5624,-0.716
43.57231,-0.7093
43.58222,-0.7244
43.59213,-0.7118
43.60205,-0.6963
43.61196,-0.6865
43.62187,-0.6613
43.63178,-0.6455
43.64169,-0.6212
43.65164,-0.6346
43.66162,-0.6311
43.6716,-0.6542
43.68158,-0.6696
43.69157,-0.6785
43.70155,-0.6962
43.71152,-0.7007
43.72151,-0.7094
43.73149,-0.7388
43.74147,-0.7593
43.75145,-0.7553
43.76143,-0.7476
43.77141,-0.7388
43.78141,-0.7147
43.7914,-0.6927
43.8014,-0.6778
43.81139,-0.6801
43.82138,-0.6567
43.83138,-0.6272
43.84137,-0.6094
43.85137,-0.6016
43.86136,-0.586
43.87136,-0.5779
43.88135,-0.5861
43.89135,-0.5776
43.90134,-0.5801
43.91134,-0.6046
43.92134,-0.6161
43.93134,-0.6075
43.94133,-0.5584
43.95133,-0.3983
43.96132,-0.2747
43.97132,-0.1157
43.98132,0.0464
43.99131,0.1541
44.00131,0.2188
44.01131,0.2218
44.02131,0.2256
44.03134,0.2456
44.04137,0.2409
44.05139,0.2582
44.06142,0.2771
44.07145,0.3232
44.08147,0.3894
44.0915,0.4272
44.10153,0.4254
44.11156,0.4543
44.12159,0.4584
44.13161,0.472
44.14164,0.4779
44.15166,0.4762
44.16166,0.4433
44.17167,0.3617
44.18167,0.2607
44.19168,0.1584
44.20168,0.0496
44.21168,-0.0428
44.22169,-0.0897
44.23169,-0.1047
44.2417,-0.1009
44.2517,-0.0885
44.2617,-0.0854
44.27171,-0.0767
44.28175,-0.0711
44.29179,-0.0774
44.30183,-0.0753
44.31187,-0.0695
44.3219,-0.0556
44.33194,-0.0352
44.34198,-0.0097
44.35202,0.0097
44.36206,0.0245
44.3721,0.0456
44.38214,0.0668
44.39218,0.0752
44.40225,0.0861
44.41235,0.0814
44.42245,0.0774
44.43255,0.089
44.44265,0.1173
44.45275,0.1396
44.46284,0.1555
44.47295,0.176
44.48304,0.2083
44.49314,0.2457
44.50324,0.2837
44.51334,0.3126
44.52344,0.3265
44.53343,0.3386
44.5434,0.333
44.55337,0.3183
44.56334,0.311
44.57331,0.2988
44.58327,0.2884
44.59325,0.2967
44.60321,0.3033
44.61318,0.3108
44.62315,0.3136
44.63312,0.3077
44.64309,0.3094
44.65306,0.3103
44.66302,0.2881
44.67298,0.2854
44.68294,0.2797
44.6929,0.2678
44.70286,0.2513
44.71282,0.2329
44.72278,0.2277
44.73274,0.2204
44.7427,0.2043
44.75266,0.2164
44.76262,0.2316
44.77258,0.2556
44.78254,0.2724
44.7925,0.2641
44.80245,0.2903
44.8124,0.3219
44.82235,0.3455
44.83231,0.3796
44.84226,0.3853
44.85221,0.389
44.86217,0.4117
44.87212,0.4305
44.88207,0.4212
44.89202,0.4172
44.90202,0.4126
44.91207,0.4262
44.92211,0.412
44.93216,0.4167
44.9422,0.5102
44.95224,0.5732
44.96229,0.6624
44.97233,0.7488
44.98237,0.7735
44.99242,0.7872
45.00246,0.7921
45.0125,0.7708
45.02255,0.7571
45.03252,0.7671
45.04248,0.7852
45.05243,0.8041
45.06238,0.7987
45.07234,0.7857
45.08229,0.8163
45.09224,0.8735
45.1022,0.9524
45.11215,1.0262
45.12211,1.1094
45.13206,1.2003
45.14201,1.2789
45.15202,1.3254
45.16208,1.3505
45.17213,1.3303
45.18218,1.2863
45.19223,1.2022
45.20229,1.1325
45.21234,1.0694
45.22239,1.0119
45.23245,0.9251
45.2425,0.8143
45.25255,0.715
45.26261,0.6487
45.27266,0.5976
45.2826,0.5569
45.29254,0.5511
45.30247,0.5478
45.31241,0.5203
45.32235,0.4926
45.33229,0.4647
45.34222,0.4408
45.35216,0.4175
45.3621,0.3777
45.37204,0.3151
45.38197,0.2568
45.39191,0.2311
45.40192,0.2423
45.412,0.2138
45.42208,0.2444
45.43216,0.2664
45.44224,0.3002
45.45232,0.3206
45.46239,0.3469
45.47247,0.364
45.48255,0.3724
45.49263,0.3614
45.50271,0.3446
45.51279,0.3224
45.52287,0.325
45.5329,0.3369
45.54293,0.3537
45.55297,0.3914
45.563,0.4152
45.57304,0.4322
45.58307,0.4342
45.5931,0.4141
45.60313,0.4074
45.61317,0.4084
45.6232,0.4108
45.63324,0.4082
45.64327,0.4248
45.65328,0.432
45.66326,0.4655
45.67324,0.4907
45.68322,0.51
45.6932,0.5121
45.70318,0.5256
45.71316,0.5155
45.72314,0.4991
45.73312,0.4888
45.7431,0.4901
45.75308,0.4895
45.76306,0.5141
45.77304,0.5086
45.78308,0.4997
45.79312,0.5096
45.80316,0.5389
45.8132,0.5861
45.82324,0.6138
45.83328,0.6219
45.84332,0.6485
45.85336,0.673
45.8634,0.6825
45.87344,0.6882
45.88348,0.7005
45.89352,0.6813
45.90354,0.6542
45.91351,0.5996
45.92348,0.5427
45.93344,0.4842
45.94341,0.4332
45.95338,0.4025
45.96334,0.3276
45.97331,0.2028
45.98328,0.181
45.99324,0.1198
46.00321,0.0805
46.01318,0.0343
46.02314,0.0013
46.03313,-0.082
46.04311,-0.1553
46.0531,-0.1651
46.06308,-0.2156
46.07307,-0.2099
46.08305,-0.231
46.09304,-0.2413
46.10302,-0.2717
46.11301,-0.3268
46.12299,-0.3111
46.13298,-0.2529
46.14296,-0.2262
46.15296,-0.2204
46.16296,-0.2308
46.17296,-0.2587
46.18296,-0.3071
46.19296,-0.3493
46.20296,-0.3954
46.21296,-0.4326
46.22297,-0.4701
46.23297,-0.4885
46.24297,-0.4968
46.25297,-0.4995
46.26297,-0.5222
46.27297,-0.5579
46.28297,-0.5934
46.29297,-0.6116
46.30297,-0.6047
46.31298,-0.6407
46.32298,-0.6541
46.33298,-0.6611
46.34298,-0.6348
46.35298,-0.5687
46.36298,-0.5591
46.37299,-0.5431
46.38298,-0.505
46.39299,-0.5158
46.40298,-0.4833
46.41297,-0.4041
46.42296,-0.3919
46.43295,-0.3655
46.44293,-0.354
46.45292,-0.344
46.46291,-0.3496
46.4729,-0.3783
46.48288,-0.388
46.49287,-0.3917
46.50286,-0.4025
46.51285,-0.4198
46.52283,-0.4241
46.53289,-0.3897
46.54295,-0.3188
46.55299,-0.2693
46.56305,-0.2506
46.57309,-0.2549
46.58315,-0.2243
46.59319,-0.1891
46.60324,-0.1435
46.61329,-0.0954
46.62334,-0.0534
46.63339,-0.0183
46.64344,-0.003
46.65348,0.0047
46.66352,0.0191
46.67355,0.0431
46.68359,0.0793
46.69362,0.0814
46.70366,0.0669
46.71369,0.0594
46.72373,0.0111
46.73376,0.0002
46.7438,0.0171
46.75383,0.047
46.76387,0.0991
46.7739,0.2039
46.78389,0.3134
46.79386,0.3617
46.80383,0.3662
46.81381,0.3633
46.82378,0.3535
46.83376,0.3546
46.84373,0.3741
46.8537,0.3877
46.86368,0.4053
46.87365,0.4253
46.88363,0.4716
46.8936,0.5015
46.90359,0.548
46.9136,0.561
46.92361,0.5918
46.93362,0.5819
46.94363,0.5814
46.95364,0.5559
46.96365,0.5488
46.97365,0.5336
46.98366,0.4949
46.99367,0.4583
47.00368,0.4249
47.01369,0.4028
47.0237,0.3826
47.03367,0.3865
47.04365,0.3957
47.05362,0.3957
47.06359,0.3923
47.07357,0.3838
47.08354,0.3559
47.09352,0.3215
47.10349,0.2923
47.11346,0.2665
47.12344,0.2393
47.13341,0.2178
47.14339,0.2239
47.15339,0.237
47.16342,0.2517
47.17345,0.293
47.18347,0.3268
47.1935,0.3632
47.20353,0.3884
47.21355,0.3901
47.22358,0.3867
47.23361,0.375
47.24364,0.3553
47.25367,0.3461
47.26369,0.3409
47.27372,0.3311
47.28368,0.3115
47.29364,0.3121
47.3036,0.3333
47.31356,0.3662
47.32352,0.3859
47.33348,0.4036
47.34343,0.4311
47.35339,0.4427
47.36335,0.4545
47.37331,0.4539
47.38327,0.4389
47.39323,0.4181
47.40324,0.3913
47.41329,0.374
47.42333,0.3481
47.43337,0.3379
47.44341,0.3408
47.45345,0.3392
47.46349,0.3338
47.47353,0.3084
47.48357,0.312
47.49361,0.3263
47.50366,0.3295
47.5137,0.3345
47.52374,0.3524
47.53373,0.3463
47.54373,0.3316
47.55372,0.293
47.56372,0.2827
47.57371,0.2861
47.58371,0.3181
47.5937,0.3832
47.6037,0.4249
47.61369,0.4494
47.62369,0.4759
47.63368,0.492
47.64368,0.5122
47.65368,0.5433
47.66369,0.5876
47.67369,0.6309
47.6837,0.671
47.6937,0.7367
47.70371,0.8212
47.71371,0.8964
47.72372,0.9026
47.73372,0.8925
47.74373,0.8414
47.75373,0.799
47.76374,0.7766
47.77374,0.7903
47.78385,0.8169
47.79394,0.7851
47.80403,0.5044
47.81411,0.3627
47.8242,0.4809
47.83429,0.5521
47.84438,0.7457
47.85447,0.9539
47.86456,0.7001
47.87465,0.6076
47.88473,0.5589
47.89482,0.5808
47.90484,0.7067
47.91478,0.772
47.92472,0.7896
47.93466,0.7368
47.9446,0.6706
47.95455,0.6111
47.96449,0.5215
47.97443,0.4053
47.98437,0.3034
47.99431,0.2471
48.00425,0.2366
48.01419,0.2701
48.02414,0.3254
48.03422,0.4146
48.0443,0.5188
48.05439,0.6084
48.06447,0.6748
48.07456,0.718
48.08464,0.754
48.09473,0.7938
48.10481,0.8292
48.11489,0.8464
48.12498,0.8617
48.13506,0.8594
48.14515,0.8824
48.15516,0.8711
48.1651,0.8585
48.17503,0.8555
48.18497,0.8332
48.1949,0.804
48.20484,0.7753
48.21477,0.7529
48.22471,0.7294
48.23464,0.7438
48.24458,0.7295
48.25451,0.7017
48.26445,0.6397
48.27438,0.5986
48.28438,0.5613
48.29437,0.5184
48.30437,0.449
48.31436,0.371
48.32436,0.3191
48.33435,0.2626
48.34434,0.2208
48.35434,0.1931
48.36433,0.1669
48.37432,0.1359
48.38432,0.0985
48.39431,0.057
48.40432,0.024
48.41432,0.0079
48.42432,-0.001
48.43432,-0.0196
48.44432,-0.0299
48.45432,-0.0233
48.46432,-0.0242
48.47432,0.0022
48.48432,0.0232
48.49432,0.0525
48.50432,0.0729
48.51432,0.0677
48.52432,0.0695
48.53428,0.0903
48.54423,0.1039
48.55419,0.1103
48.56414,0.113
48.5741,0.1011
48.58405,0.11
48.59401,0.1118
48.60396,0.0993
48.61391,0.0944
48.62387,0.0825
48.63383,0.112
48.64378,0.0955
48.65378,0.0804
48.66383,0.0841
48.67387,0.0819
48.68391,0.0726
48.69396,0.1213
48.704,0.1695
48.71405,0.2031
48.72409,0.2321
48.73413,0.2309
48.74417,0.2124
48.75422,0.2198
48.76426,0.2263
48.77431,0.2453
48.78505,0.2755
48.79578,0.2491
48.80651,0.2348
48.81725,0.2291
48.82798,0.2411
48.83872,0.2567
48.84945,0.2415
48.86019,0.1607
48.87092,0.1272
48.88166,0.1562
48.89239,0.3096
48.90313,0.473
48.9132,0.597
48.9226,0.3903
48.932,0.4455
48.9414,0.3794
48.9508,0.3837
48.9602,0.484
48.9696,0.5312
48.979,0.5593
48.9884,0.557
48.9978,0.5328
49.0072,0.4975
49.0166,0.471
49.026,0.4408
49.03595,0.4177
49.04589,0.3889
49.05582,0.3627
49.06575,0.3483
49.07569,0.3458
49.08562,0.3425
49.09556,0.3526
49.10549,0.3516
49.11543,0.3412
49.12536,0.3289
49.13529,0.3149
49.14523,0.3042
49.15519,0.3029
49.16518,0.2946
49.17516,0.2735
49.18515,0.2538
49.19513,0.239
49.20512,0.2373
49.21511,0.2299
49.22509,0.2301
49.23508,0.2507
49.24506,0.2747
49.25505,0.2724
49.26504,0.2672
49.27502,0.2919
49.28501,0.3205
49.29498,0.3415
49.30495,0.333
49.31493,0.3236
49.32491,0.3114
49.33488,0.3086
49.34485,0.3055
49.35483,0.2863
49.3648,0.2757
49.37477,0.2876
49.38475,0.2976
49.39473,0.3052
49.40476,0.2962
49.41485,0.2925
49.42495,0.2728
49.43504,0.2557
49.44513,0.241
49.45522,0.2247
49.46531,0.2054
49.47541,0.1777
49.4855,0.1682
49.49559,0.1551
49.50568,0.1419
49.51577,0.1107
49.52587,0.0965
49.53579,0.0928
49.54571,0.0855
49.55563,0.0832
49.56555,0.0814
49.57547,0.0852
49.5854,0.0766
49.59531,0.0932
49.60524,0.1292
49.61516,0.1529
49.62508,0.1766
49.635,0.1563
49.64492,0.1414
49.65492,0.1341
49.66499,0.1183
49.67506,0.1136
49.68513,0.1358
49.6952,0.1494
49.70527,0.1429
49.71534,0.1314
49.72541,0.1184
49.73548,0.1093
49.74555,0.1093
49.75562,0.1245
49.76569,0.1759
49.77576,0.2503
49.78566,0.2964
49.79555,0.3422
49.80544,0.3602
49.81533,0.3666
49.82523,0.3804
49.83512,0.3777
49.84501,0.3449
49.8549,0.2866
49.8648,0.2266
49.87469,0.1159
49.88458,0.0116
49.89447,-0.0138
49.90447,-0.0746
49.91456,-0.0953
49.92465,-0.1308
49.93474,-0.2428
49.94483,-0.2674
49.95493,-0.3177
49.96502,-0.319
49.97511,-0.195
49.9852,0.0008
49.99529,0.1629
50.00538,0.2586
50.01548,0.3527
50.02557,0.3873
50.03556,0.4127
50.04556,0.3945
50.05555,0.3523
50.06555,0.3202
50.07554,0.3002
50.08554,0.2846
50.09553,0.2855
50.10552,0.3027
50.11552,0.3234
50.12551,0.3563
50.13551,0.3891
50.1455,0.452
50.15552,0.5104
50.16553,0.5687
50.17555,0.6135
50.18556,0.6702
50.19558,0.722
50.20559,0.7937
50.2156,0.8499
50.22562,0.8717
50.23563,0.863
50.24564,0.8183
50.25565,0.7395
50.26567,0.6293
50.27568,0.5089
50.28564,0.4059
50.2956,0.328
50.30556,0.2933
50.31552,0.2391
50.32548,0.2073
50.33544,0.1618
50.3454,0.0934
50.35536,0.03
50.36532,0.0124
50.37528,0.0575
50.38524,0.0844
50.3952,0.1202
50.4052,0.1337
50.41523,0.1218
50.42526,0.118
50.43529,0.1121
50.44532,0.1188
50.45535,0.1226
50.46538,0.1235
50.47541,0.1265
50.48544,0.1321
50.49547,0.1243
50.5055,0.1296
50.51553,0.1296
50.52556,0.1555
50.53556,0.1648
50.54556,0.1851
50.55556,0.1843
50.56556,0.1742
50.57555,0.1743
50.58555,0.1692
50.59555,0.1644
50.60555,0.1613
50.61555,0.1742
50.62555,0.1951
50.63554,0.2226
50.64554,0.2188
50.65557,0.2385
50.66561,0.2709
50.67565,0.2969
50.6857,0.2812
50.69574,0.27
50.70578,0.2541
50.71582,0.2561
50.72587,0.2503
50.73591,0.2336
50.74595,0.2617
50.756,0.2686
50.76604,0.2664
50.77608,0.2569
50.78601,0.2659
50.79595,0.2718
50.80588,0.2733
50.81581,0.2647
50.82575,0.2672
50.83568,0.2714
50.84562,0.278
50.85555,0.2665
50.86548,0.2677
50.87542,0.2587
50.88535,0.2665
50.89528,0.2809
50.90526,0.3232
50.91528,0.3711
50.92529,0.4172
50.9353,0.4692
50.94532,0.5003
50.95533,0.5323
50.96534,0.5678
50.97536,0.5457
50.98537,0.4473
50.99539,0.371
51.0054,0.2789
51.01542,0.2144
51.02543,0.164
51.03539,0.095
51.04535,0.1312
51.05532,0.1477
51.06528,0.1943
51.07524,0.2502
51.0852,0.31
51.09517,0.3879
51.10513,0.4225
51.11509,0.4124
51.12505,0.402
51.13501,0.402
51.14497,0.4477
51.15501,0.5233
51.16513,0.6116
51.17524,0.6889
51.18535,0.7612
51.19547,0.8017
51.20558,0.8311
51.21569,0.8651
51.2258,0.9285
51.23592,0.9987
51.24603,1.0164
51.25614,0.9985
51.26625,0.9894
51.27637,0.9714
51.28636,0.9115
51.29636,0.8105
51.30635,0.6783
51.31635,0.5464
51.32634,0.4311
51.33633,0.3193
51.34633,0.2327
51.35632,0.1664
51.36632,0.1472
51.37631,0.0975
51.38631,0.0529
51.3963,0.011
51.40629,-0.037
51.41625,-0.0804
51.42622,-0.119
51.43618,-0.1517
51.44614,-0.2085
51.45611,-0.2333
51.46607,-0.2259
51.47604,-0.2235
51.486,-0.1933
51.49597,-0.2029
51.50593,-0.2131
51.5159,-0.2233
51.52586,-0.2444
51.53585,-0.274
51.54585,-0.2934
51.55584,-0.3062
51.56583,-0.3176
51.57583,-0.3114
51.58582,-0.3216
51.59581,-0.3386
51.60581,-0.3066
51.6158,-0.2638
51.6258,-0.3791
51.63579,-0.3996
51.64578,-0.1128
51.6558,0.822
51.66584,0.5844
51.67587,0.1476
51.6859,-0.2436
51.69593,-0.1869
51.70597,-0.2126
51.716,-0.1443
51.72603,-0.1303
51.73606,-0.2768
51.7461,-0.1364
51.75613,-0.0961
51.76616,-0.1513
51.7762,-0.3916
51.78616,-0.6047
51.79612,-0.8906
51.80608,-1.1106
51.81604,-1.226
51.826,-1.2593
51.83596,-1.2262
51.84592,-1.1607
51.85589,-1.0833
51.86585,-1.0144
51.87581,-0.9252
51.88577,-0.8355
51.89573,-0.7522
51.90576,-0.6898
51.91586,-0.6417
51.92596,-0.5885
51.93607,-0.5752
51.94617,-0.5718
51.95627,-0.5687
51.96637,-0.5659
51.97647,-0.5549
51.98658,-0.5142
51.99668,-0.4011
52.00678,-0.3365
52.01688,-0.2727
52.02698,-0.224
52.03699,-0.1861
52.04699,-0.1326
52.05699,-0.1182
52.06699,-0.1306
52.07699,-0.2167
52.08699,-0.3151
52.09698,-0.4527
52.10698,-0.5608
52.11698,-0.65
52.12698,-0.7168
52.13698,-0.7664
52.14698,-0.8109
52.15693,-0.8536
52.16682,-0.8988
52.17672,-0.9475
52.18661,-1.0025
52.1965,-1.056
52.2064,-1.0918
52.21629,-1.1376
52.22619,-1.1775
52.23608,-1.2137
52.24598,-1.2587
52.25587,-1.275
52.26577,-1.2652
52.27566,-1.2598
52.28576,-1.2511
52.29586,-1.2263
52.30596,-1.1647
52.31606,-1.1486
52.32616,-1.1353
52.33625,-1.0804
52.34635,-1.0854
52.35645,-1.1375
52.36655,-1.1068
52.37664,-1.1011
52.38674,-1.0673
52.39684,-1.0255
52.40689,-0.9976
52.41689,-0.9598
52.4269,-0.9248
52.4369,-0.8836
52.4469,-0.8589
52.45691,-0.8138
52.46691,-0.7793
52.47691,-0.7378
52.48691,-0.6992
52.49691,-0.6538
52.50692,-0.6203
52.51692,-0.5705
52.52692,-0.4937
52.5369,-0.3925
52.54686,-0.3267
52.55682,-0.273
52.56679,-0.216
52.57675,-0.161
52.58671,-0.1255
52.59668,-0.1042
52.60664,-0.0855
52.6166,-0.0732
52.62656,-0.1157
52.63652,-0.1722
52.64649,-0.2298
52.65647,-0.2934
52.66647,-0.3987
52.67648,-0.4747
52.68648,-0.5289
52.69648,-0.5565
52.70648,-0.5147
52.71648,-0.4119
52.72649,-0.2536
52.73648,-0.3384
52.74649,-0.3407
52.75649,-0.4743
52.76649,-0.4125
52.77649,-0.3792
52.78649,-0.3529
52.79648,-0.336
52.80648,-0.3746
52.81647,-0.4282
52.82647,-0.4442
52.83646,-0.4917
52.84646,-0.5147
52.85645,-0.5547
52.86645,-0.5971
52.87645,-0.6546
52.88644,-0.7162
52.89643,-0.8007
52.90645,-0.8893
52.91648,-0.9774
52.92651,-1.0488
52.93654,-1.1074
52.94657,-1.1478
52.9566,-1.1935
52.96663,-1.2188
52.97665,-1.2403
52.98668,-1.2365
52.99671,-1.2528
53.00674,-1.2605
53.01677,-1.2598
53.0268,-1.2223
53.0368,-1.2245
53.04679,-1.1883
53.05678,-1.178
53.06677,-1.2035
53.07677,-1.1712
53.08676,-1.1778
53.09675,-1.2096
53.10675,-1.1364
53.11674,-1.1325
53.12673,-1.0959
53.13673,-1.0969
53.14672,-1.0811
53.15672,-1.0621
53.16672,-1.0301
53.17672,-1.0126
53.18672,-0.9865
53.19672,-0.9554
53.20672,-0.9349
53.21672,-0.9239
53.22673,-0.9193
53.23672,-0.9207
53.24673,-0.9345
53.25673,-0.8973
53.26673,-0.8527
53.27673,-0.8219
53.2868,-0.7907
53.29688,-0.7554
53.30695,-0.6901
53.31702,-0.6218
53.3271,-0.5786
53.33717,-0.5624
53.34724,-0.509
53.35732,-0.4498
53.36739,-0.4138
53.37746,-0.4345
53.38754,-0.4445
53.39761,-0.4457
53.40765,-0.4473
53.41765,-0.4903
53.42765,-0.5285
53.43765,-0.5371
53.44765,-0.5705
53.45766,-0.5857
53.46766,-0.5537
53.47766,-0.5056
53.48766,-0.449
53.49766,-0.3251
53.50766,-0.1573
53.51766,-0.0194
53.52766,0.06
53.53763,0.1095
53.5476,0.0964
53.55756,0.0378
53.56752,-0.0052
53.57749,-0.0322
53.58745,-0.0763
53.59742,-0.1115
53.60738,-0.1331
53.61734,-0.1265
53.62731,-0.0889
53.63727,-0.03
53.64724,0.029
53.65721,0.0682
53.66721,0.1356
53.6772,0.1743
53.68719,0.172
53.69719,0.1288
53.70718,0.0891
53.71717,0.0602
53.72717,0.0292
53.73716,0.0058
53.74716,-0.0177
53.75715,-0.0182
53.76714,-0.0208
53.77714,-0.0262
53.78716,-0.0445
53.79717,-0.0487
53.80718,-0.0481
53.81718,-0.032
53.82719,-0.0165
53.8372,-0.0066
53.8472,0.0262
53.85721,0.0438
53.86722,0.0703
53.87722,0.0965
53.88723,0.1313
53.89724,0.1357
53.90725,0.1696
53.91727,0.2047
53.92728,0.2072
53.9373,0.2025
53.94732,0.15
53.95733,0.1163
53.96734,0.1256
53.97736,0.1438
53.98737,0.1552
53.99739,0.1606
54.0074,0.1654
54.01742,0.1706
54.02744,0.1946
54.03746,0.2234
54.04748,0.2454
54.0575,0.2484
54.06752,0.2478
54.07754,0.262
54.08756,0.2868
54.09758,0.306
54.1076,0.3264
54.11763,0.341
54.12765,0.3493
54.13767,0.3444
54.14769,0.3405
54.15769,0.3298
54.16767,0.2991
54.17765,0.2833
54.18763,0.2713
54.19761,0.2714
54.2076,0.2581
54.21758,0.2424
54.22755,0.2464
54.23754,0.238
54.24752,0.2165
54.2575,0.1679
54.26748,0.1349
54.27746,0.134
54.28745,0.1469
54.29744,0.1362
54.30743,0.1275
54.31743,0.1537
54.32742,0.1737
54.33741,0.1748
54.3474,0.1741
54.3574,0.17
54.36739,0.1709
54.37738,0.1709
54.38738,0.1592
54.39737,0.1531
54.40737,0.1622
54.41736,0.1519
54.42736,0.1578
54.43736,0.1916
54.44735,0.2182
54.45734,0.2471
54.46734,0.2732
54.47733,0.2989
54.48733,0.3111
54.49733,0.3111
54.50732,0.3126
54.51731,0.3219
54.52731,0.3555
54.5374,0.4127
54.54748,0.4571
54.55757,0.4761
54.56765,0.4538
54.57774,0.372
54.58783,0.4044
54.59791,0.4294
54.608,0.4867
54.61808,0.5614
54.62817,0.6317
54.63825,0.702
54.64834,0.745
54.65839,0.7593
54.66837,0.7281
54.67836,0.6997
54.68835,0.6729
54.69834,0.6302
54.70833,0.6137
54.71832,0.6423
54.72831,0.6754
54.7383,0.7247
54.74829,0.7786
54.75828,0.8034
54.76827,0.8473
54.77826,0.902
54.7883,0.9622
54.79832,1.024
54.80835,1.1056
54.81837,1.2124
54.8284,1.2659
54.83842,1.3027
54.84845,1.3149
54.85847,1.3036
54.8685,1.3106
54.87853,1.2945
54.88855,1.2638
54.89858,1.2152
54.90857,1.1504
54.91852,1.0663
54.92847,0.9621
54.93842,0.855
54.94837,0.7485
54.95832,0.6671
54.96827,0.5623
54.97822,0.4671
54.98817,0.3806
54.99812,0.3289
55.00807,0.2793
55.01802,0.2367
55.02797,0.1865
55.03797,0.1711
55.04796,0.1682
55.05795,0.1698
55.06795,0.1789
55.07794,0.174
55.08794,0.159
55.09793,0.1516
55.10793,0.132
55.11792,0.1295
55.12791,0.1303
55.13791,0.1431
55.1479,0.1537
55.15794,0.1752
55.16796,0.1942
55.17799,0.188
55.18801,0.1731
55.19804,0.165
55.20806,0.1625
55.21809,0.1718
55.22811,0.1644
55.23813,0.1679
55.24816,0.1927
55.25818,0.2169
55.26821,0.2429
55.27823,0.2448
55.28823,0.2583
55.29822,0.2775
55.30821,0.2939
55.31821,0.2732
55.3282,0.2651
55.33819,0.2739
55.34819,0.1458
55.35818,0.2263
55.36817,0.7632
55.37817,1.0848
55.38816,1.1973
55.39815,1.2388
55.40815,1.1095
55.41814,0.9322
55.42813,0.7908
55.43813,0.6081
55.44812,0.4584
55.45811,0.3625
55.4681,0.3185
55.47809,0.3438
55.48808,0.4384
55.49807,0.5838
55.50806,0.7612
55.51806,0.9032
55.52805,1.0166
55.53804,1.1227
55.54803,1.1799
55.55803,1.1915
55.56802,1.1798
55.57801,1.1175
55.58801,0.9756
55.598,0.8316
55.60799,0.7004
55.61798,0.5913
55.62798,0.4741
55.63797,0.397
55.64796,0.3383
55.65799,0.3014
55.66805,0.2727
55.6781,0.2344
55.68815,0.1829
55.6982,0.1252
55.70825,0.0827
55.7183,0.0522
55.72836,0.0524
55.73841,0.0613
55.74846,0.0888
55.75851,0.1372
55.76857,0.1789
55.77862,0.1937
55.78862,0.211
55.79862,0.2172
55.80862,0.2339
55.81862,0.2523
55.82862,0.2522
55.83862,0.2628
55.84862,0.2632
55.85862,0.269
55.86862,0.2651
55.87862,0.2662
55.88862,0.2869
55.89862,0.3026
55.90862,0.3151
55.91862,0.3154
55.92863,0.3165
55.93864,0.3202
55.94864,0.3093
55.95865,0.2887
55.96865,0.2924
55.97866,0.2953
55.98867,0.2853
55.99867,0.2746
56.00868,0.2687
56.01868,0.2583
56.02869,0.2337
56.03868,0.2315
56.04868,0.2377
56.05866,0.2249
56.06865,0.2157
56.07864,0.2101
56.08863,0.1953
56.09862,0.1885
56.10861,0.1825
56.1186,0.1805
56.12859,0.173
56.13857,0.174
56.14856,0.1825
56.15856,0.179
56.16855,0.1864
56.17855,0.1753
56.18854,0.1842
56.19854,0.161
56.20853,0.1261
56.21853,0.072
56.22852,0.0438
56.23852,0.0245
56.24851,-0.005
56.25851,-0.009
56.2685,-0.0004
56.2785,0.0447
56.28851,0.09
56.29852,0.1412
56.30853,0.1969
56.31855,0.2659
56.32856,0.3578
56.33857,0.4462
56.34859,0.5222
56.3586,0.6163
56.36861,0.5976
56.37862,0.3233
56.38864,0.2786
56.39865,0.2909
56.40866,0.4932
56.41866,0.7133
56.42865,0.3324
56.43864,0.2321
56.44864,0.3052
56.45864,0.4075
56.46863,0.4786
56.47863,0.5078
56.48862,0.5114
56.49862,0.4825
56.50861,0.2833
56.51861,0.1358
56.5286,0.167
56.53859,0.2275
56.54859,0.3469
56.55858,0.4612
56.56857,0.5681
56.57857,0.6646
56.58856,0.7604
56.59855,0.834
56.60854,0.883
56.61854,0.9042
56.62853,0.9764
56.63852,1.0054
56.64851,1.0218
56.65854,1.071
56.66855,1.0996
56.67855,1.1295
56.68856,1.1747
56.69857,1.2186
56.70858,1.246
56.71859,1.246
56.7286,1.2539
56.73861,1.281
56.74862,1.2651
56.75863,1.2365
56.76863,1.2055
56.77864,1.1493
56.78872,1.0566
56.79877,0.9482
56.80883,0.8224
56.81888,0.6936
56.82893,0.5669
56.83899,0.4332
56.84904,0.3024
56.8591,0.1684
56.86915,0.0607
56.8792,-0.0413
56.88926,-0.1324
56.89931,-0.2182
56.90937,-0.297
56.91938,-0.3649
56.9294,-0.4497
56.93942,-0.5252
56.94944,-0.5958
56.95945,-0.6504
56.96947,-0.6317
56.97949,-0.6248
56.98951,-0.6289
56.99952,-0.6385
57.00954,-0.6226
57.01956,-0.5887
57.02958,-0.5892
57.03966,-0.5799
57.04973,-0.5835
57.0598,-0.5683
57.06986,-0.566
57.07993,-0.5379
57.09,-0.5095
57.10007,-0.4599
57.11013,-0.419
57.1202,-0.405
57.13027,-0.3509
57.14034,-0.2621
57.1504,-0.1928
57.16042,-0.1211
57.17038,-0.0521
57.18034,0.0179
57.1903,0.0838
57.20026,0.1337
57.21022,0.1663
57.22018,0.1806
57.23014,0.1918
57.2401,0.2138
57.25006,0.2225
57.26002,0.219
57.26998,0.1627
57.27994,0.1404
57.28989,0.0488
57.29984,-0.0076
57.30979,-0.0512
57.31974,-0.0757
57.32969,-0.1019
57.33965,-0.1323
57.34959,-0.0956
57.35955,-0.0847
57.3695,0.0066
57.37945,0.0809
57.3894,0.1127
57.39935,-0.1795
57.40932,-0.2195
57.4193,-0.1619
57.42928,-0.1064
57.43926,-0.0425
57.44924,-0.2471
57.45922,-0.4745
57.4692,-0.4488
57.47918,-0.4702
57.48917,-0.4126
57.49915,-0.151
57.50912,0.1178
57.51911,0.3929
57.52909,0.6056
57.5392,0.7069
57.5493,0.7394
57.55939,0.6429
57.56948,0.4884
57.57957,0.3078
57.58967,0.1061
57.59976,-0.067
57.60986,-0.2128
57.61995,-0.3287
57.63004,-0.4036
57.64014,-0.4404
57.65023,-0.4551
57.66024,-0.4636
57.67015,-0.4604
57.68007,-0.4524
57.68999,-0.4436
57.69991,-0.4372
57.70983,-0.4589
57.71975,-0.4841
57.72967,-0.5559
57.73959,-0.6437
57.7495,-0.7148
57.75942,-0.7559
57.76934,-0.7824
57.77926,-0.7851
57.78926,-0.7736
57.79926,-0.7517
57.80925,-0.7062
57.81925,-0.6437
57.82925,-0.5576
57.83924,-0.4814
57.84924,-0.461
57.85924,-0.4721
57.86924,-0.4585
57.87923,-0.4728
57.88923,-0.4758
57.89923,-0.4863
57.90926,-0.4897
57.91934,-0.5073
57.92942,-0.5306
57.9395,-0.5548
57.94958,-0.5669
57.95966,-0.5835
57.96974,-0.5794
57.97982,-0.5639
57.9899,-0.5481
57.99998,-0.5518
58.01006,-0.5303
58.02014,-0.5168
58.03022,-0.4979
58.04018,-0.4648
58.05014,-0.4304
58.06011,-0.3651
58.07007,-0.2885
58.08003,-0.2277
58.09,-0.1636
58.09996,-0.1352
58.10992,-0.1455
58.11988,-0.141
58.12984,-0.1402
58.13981,-0.1433
58.14977,-0.1657
58.15979,-0.1957
58.16984,-0.2497
58.1799,-0.3154
58.18995,-0.3453
58.20001,-0.3893
58.21006,-0.4251
58.22012,-0.4131
58.23017,-0.4647
58.24023,-0.4093
58.25028,-0.3934
58.26034,-0.373
58.27039,-0.3454
58.28045,-0.3204
58.29049,-0.3007
58.30053,-0.2259
58.31057,-0.1371
58.32061,-0.0988
58.33064,-0.3034
58.34068,-0.429
58.35072,-0.4849
58.36076,-0.5273
58.37079,-0.5622
58.38083,-0.568
58.39087,-0.5649
58.40091,-0.5297
58.41093,-0.4818
58.42092,-0.4269
58.43091,-0.3794
58.44091,-0.359
58.4509,-0.3645
58.46089,-0.4094
58.47088,-0.4541
58.48088,-0.4938
58.49087,-0.5532
58.50086,-0.6252
58.51086,-0.6732
58.52085,-0.6883
58.53084,-0.7001
58.54078,-0.7175
58.55072,-0.769
58.56065,-0.7812
58.57059,-0.7376
58.58053,-0.6909
58.59047,-0.6039
58.6004,-0.5175
58.61034,-0.5098
58.62028,-0.4733
58.63021,-0.455
58.64015,-0.4625
58.65009,-0.4544
58.66005,-0.482
58.67,-0.5186
58.67995,-0.5561
58.68991,-0.5893
58.69987,-0.6071
58.70982,-0.5999
58.71978,-0.5874
58.72973,-0.5426
58.73969,-0.4618
58.74964,-0.3983
58.7596,-0.3677
58.76955,-0.3246
58.77951,-0.288
58.78962,-0.2689
58.79973,-0.2654
58.80984,-0.2412
58.81995,-0.2415
58.83006,-0.2055
58.84017,-0.1407
58.85028,-0.0817
58.86039,-0.0335
58.87049,0.0083
58.8806,0.0412
58.89071,0.0436
58.90082,0.0287
58.91084,0.0118
58.92076,0.0236
58.93069,0.0656
58.94061,0.1067
58.95053,0.1559
58.96046,0.1292
58.97038,0.1618
58.9803,0.1446
58.99022,0.1599
59.00015,0.2225
59.01007,0.3175
59.01999,0.3125
59.02991,0.3546
59.03999,0.3951
59.05008,0.4046
59.06016,0.4156
59.07024,0.5134
59.08032,0.5371
59.0904,0.4539
59.10048,0.3892
59.11057,0.236
59.12064,0.3372
59.13073,0.4003
59.14081,0.4862
59.15089,0.5621
59.16093,0.6132
59.17093,0.6187
59.18092,0.599
59.19091,0.5766
59.20091,0.5662
59.2109,0.5506
59.22089,0.5012
59.23089,0.4404
59.24088,0.3872
59.25088,0.3572
59.26087,0.3244
59.27086,0.2895
59.28086,0.2621
59.29092,0.2497
59.30098,0.2326
59.31104,0.214
59.32111,0.1753
59.33117,0.104
59.34122,0.0491
59.35128,0.0159
59.36134,-0.0108
59.3714,-0.0549
59.38146,-0.0881
59.39152,-0.0996
59.40158,-0.103
59.41158,-0.0868
59.42152,-0.0795
59.43145,-0.0399
59.44139,0.0082
59.45132,0.0359
59.46126,0.0665
59.4712,0.059
59.48113,0.0536
59.49107,0.0313
59.501,0.0391
59.51094,0.0884
59.52087,0.1379
59.53081,0.1825
59.54079,0.2209
59.55076,0.2564
59.56073,0.2887
59.57071,0.2888
59.58068,0.3016
59.59065,0.3209
59.60062,0.341
59.61059,0.3498
59.62056,0.3643
59.63054,0.3708
59.64051,0.3646
59.65048,0.3622
59.66047,0.3584
59.67049,0.3503
59.6805,0.3492
59.69052,0.3604
59.70053,0.3665
59.71055,0.3633
59.72057,0.3648
59.73058,0.3657
59.7406,0.3571
59.75062,0.3535
59.76064,0.3322
59.77065,0.3238
59.78067,0.3175
59.79063,0.3001
59.8006,0.2716
59.81057,0.2518
59.82054,0.2471
59.83051,0.2577
59.84048,0.2616
59.85044,0.2586
59.86042,0.2503
59.87038,0.2321
59.88035,0.2245
59.89032,0.2254
59.90029,0.2249
59.91029,0.2484
59.9203,0.2716
59.93031,0.2775
59.94032,0.2863
59.95034,0.3147
59.96035,0.3387
59.97036,0.343
59.98037,0.34
59.99039,0.329
60.0004,0.3155
60.01041,0.3084
60.02042,0.3052
60.03044,0.3286
60.04049,0.3551
60.05054,0.379
60.06059,0.4079
60.07064,0.4576
60.08069,0.5342
60.09074,0.5813
60.10079,0.6437
60.11084,0.6568
60.12089,0.5891
60.13094,0.5421
60.14098,0.5411
60.15104,0.6217
60.16108,0.6455
60.1711,0.5866
60.18113,0.4143
60.19116,0.5382
60.20119,0.3409
60.21122,0.3065
60.22125,0.3156
60.23128,0.3848
60.24131,0.4501
60.25134,0.4655
60.26137,0.4642
60.2714,0.4532
60.28143,0.4083
60.2915,0.3218
60.30157,0.2252
60.31165,0.1293
60.32172,0.062
60.33179,0.0091
60.34186,-0.0262
60.35192,-0.0471
60.362,-0.0456
60.37207,-0.0416
60.38214,-0.0524
60.39221,-0.0569
60.40228,-0.0424
60.41228,-0.0648
60.42221,-0.0834
60.43213,-0.0712
60.44206,-0.0807
60.45199,-0.0669
60.46192,-0.0775
60.47184,-0.0676
60.48177,-0.0581
60.4917,-0.0363
60.50163,-0.0113
60.51155,0.0182
60.52148,0.0586
60.53141,0.0688
60.54138,0.0845
60.55134,0.0813
60.5613,0.0653
60.57126,0.0703
60.58122,0.1035
60.59118,0.122
60.60114,0.1504
60.61111,0.151
60.62107,0.1398
60.63103,0.0915
60.64099,0.0893
60.65095,0.09
60.66098,0.0819
60.67108,0.0999
60.68118,0.1091
60.69128,0.1443
60.70139,0.1521
60.71149,0.1482
60.72159,0.1508
60.73169,0.1627
60.7418,0.2008
60.7519,0.2216
60.762,0.214
60.77211,0.2538
60.78221,0.2794
60.79221,0.3217
60.80221,0.3443
60.8122,0.352
60.8222,0.3417
60.8322,0.3249
60.84219,0.3318
60.85219,0.3528
60.86219,0.3787
60.87218,0.402
60.88218,0.4226
60.89217,0.4058
60.90217,0.4094
60.91215,0.3976
60.92206,0.4145
60.93198,0.4463
60.94189,0.4738
60.95181,0.4877
60.96173,0.5118
60.97164,0.5269
60.98156,0.5411
60.99147,0.5703
61.00139,0.5903
61.0113,0.6061
61.02122,0.6055
61.03114,0.6206
61.04115,0.6546
61.05116,0.7755
61.06116,0.8455
61.07117,0.8649
61.08118,0.8871
61.09119,0.9157
61.1012,0.9108
61.11121,0.8898
61.12122,0.8771
61.13123,0.8747
61.14124,0.8712
61.15125,0.8517
61.16126,0.8267
61.17126,0.813
61.18126,0.796
61.19125,0.7781
61.20125,0.794
61.21125,0.8125
61.22125,0.8281
61.23125,0.828
61.24125,0.8246
61.25125,0.8255
61.26125,0.8239
61.27124,0.8363
61.28124,0.8532
61.29124,0.8593
61.30123,0.854
61.31122,0.8465
61.32121,0.8538
61.3312,0.8595
61.34119,0.8406
61.35119,0.8431
61.36118,0.8306
61.37117,0.8298
61.38116,0.8283
61.39115,0.8398
61.40114,0.8508
61.41118,0.8453
61.42126,0.847
61.43134,0.8405
61.44142,0.8419
61.4515,0.8437
61.46158,0.8544
61.47166,0.8566
61.48174,0.8708
61.49183,0.8703
61.5019,0.86
61.51199,0.8629
61.52206,0.8585
61.53215,0.8788
61.54213,0.8635
61.55209,0.8601
61.56206,0.8598
61.57203,0.8661
61.58199,0.849
61.59196,0.8524
61.60192,0.8563
61.61189,0.8627
61.62185,0.8566
61.63182,0.873
61.64178,0.8809
61.65175,0.8881
61.66174,0.8854
61.67172,0.8839
61.68171,0.8801
61.69169,0.8579
61.70168,0.8336
61.71166,0.8274
61.72164,0.833
61.73162,0.8364
61.74161,0.8416
61.75159,0.8255
61.76158,0.8185
61.77156,0.8029
61.78154,0.7862
61.7916,0.7932
61.80165,0.7839
61.81171,0.7733
61.82177,0.7999
61.83183,0.8123
61.84188,0.8178
61.85194,0.8341
61.862,0.8456
61.87206,0.8377
61.88211,0.8328
61.89217,0.8238
61.90223,0.8151
61.91225,0.7974
61.92223,0.7848
61.93221,0.772
61.94219,0.7841
61.95217,0.7827
61.96215,0.7881
61.97212,0.7755
61.9821,0.7772
61.99208,0.7746
62.00206,0.7804
62.01204,0.7715
62.02201,0.7632
62.03199,0.7702
62.04206,0.7707
62.05212,0.7629
62.06219,0.7531
62.07225,0.7524
62.08232,0.7393
62.09238,0.7506
62.10244,0.7646
62.11251,0.7701
62.12257,0.7868
62.13264,0.7787
62.1427,0.7752
62.15277,0.788
62.16275,0.7943
62.17264,0.7873
62.18253,0.7844
62.19242,0.7828
62.20232,0.7782
62.21221,0.7722
62.2221,0.7704
62.23199,0.7765
62.24188,0.7789
62.25178,0.7773
62.26167,0.7677
62.27156,0.7576
62.28145,0.7548
62.29148,0.7472
62.30151,0.7554
62.31154,0.761
62.32156,0.7722
62.33159,0.7676
62.34162,0.7651
62.35165,0.7682
62.36168,0.7711
62.3717,0.7641
62.38173,0.7536
62.39176,0.743
62.40179,0.736
62.41185,0.7402
62.42194,0.7548
62.43203,0.7634
62.44211,0.7643
62.4522,0.7706
62.46229,0.7813
62.47237,0.771
62.48246,0.7557
62.49255,0.7532
62.50263,0.7426
62.51272,0.7442
62.52281,0.7444
62.53289,0.7504
62.54296,0.7425
62.55302,0.7449
62.56308,0.7395
62.57314,0.7558
62.5832,0.7646
62.59326,0.7661
62.60332,0.7609
62.61338,0.756
62.62344,0.7482
62.63351,0.7442
62.64357,0.7364
62.65363,0.7372
62.66361,0.7446
62.67352,0.7543
62.68343,0.7551
62.69334,0.7573
62.70325,0.7405
62.71316,0.7455
62.72306,0.744
62.73298,0.7369
62.74289,0.7365
62.75279,0.7378
62.7627,0.7418
62.77261,0.7405
62.78252,0.7355
62.79251,0.744
62.8025,0.7407
62.81248,0.7386
62.82247,0.7365
62.83245,0.733
62.84244,0.7375
62.85243,0.7352
62.86242,0.7409
62.8724,0.7307
62.88239,0.7305
62.89237,0.7359
62.90236,0.7353
62.91236,0.7322
62.92237,0.7447
62.93239,0.7503
62.9424,0.743
62.95241,0.7502
62.96243,0.7305
62.97244,0.73
62.98245,0.7311
62.99246,0.7342
63.00248,0.7259
63.01249,0.7332
63.0225,0.7291
63.03251,0.7266
63.04258,0.7345
63.05264,0.7169
63.0627,0.728
63.07276,0.731
63.08282,0.7327
63.09288,0.7452
63.10294,0.7425
63.113,0.7323
63.12307,0.7353
63.13313,0.7362
63.14319,0.7415
63.15325,0.7516
63.16325,0.7581
63.17317,0.7578
63.18309,0.7476
63.19301,0.7397
63.20293,0.7213
63.21285,0.7345
63.22277,0.734
63.23269,0.7438
63.24261,0.7546
63.25253,0.7621
63.26245,0.7594
63.27237,0.76
63.28229,0.7581
63.29235,0.7487
63.30242,0.7526
63.31248,0.7508
63.32254,0.751
63.3326,0.7521
63.34267,0.7524
63.35273,0.7525
63.36279,0.7472
63.37285,0.744
63.38292,0.7339
63.39297,0.737
63.40304,0.7372
63.41306,0.7427
63.42302,0.7511
63.43299,0.7543
63.44295,0.7503
63.45292,0.7536
63.46288,0.753
63.47285,0.7536
63.48281,0.7499
63.49278,0.7569
63.50274,0.7638
63.51271,0.7609
63.52267,0.7674
63.53264,0.7685
63.54269,0.7664
63.55273,0.7597
63.56278,0.7646
63.57283,0.7526
63.58287,0.7544
63.59292,0.7591
63.60297,0.7622
63.61301,0.7579
63.62306,0.7573
63.63311,0.7528
63.64315,0.755
63.6532,0.7521
63.66322,0.7548
63.6732,0.7619
63.68318,0.7575
63.69316,0.755
63.70314,0.7463
63.71312,0.7483
63.72309,0.7571
63.73307,0.7638
63.74306,0.7565
63.75304,0.748
63.76302,0.7415
63.77299,0.7291
63.78297,0.7379
63.79301,0.7334
63.80303,0.7436
63.81306,0.7509
63.82309,0.7474
63.83311,0.7491
63.84314,0.7539
63.85316,0.7422
63.86319,0.7422
63.87322,0.7359
63.88325,0.7395
63.89327,0.7382
63.9033,0.7324
63.91331,0.73
63.92328,0.7306
63.93326,0.7372
63.94323,0.7353
63.95321,0.744
63.96318,0.7465
63.97316,0.7403
63.98314,0.7374
63.99311,0.7318
64.00309,0.7354
64.01306,0.7314
64.02304,0.7276
64.03301,0.7296
64.04303,0.7273
64.05305,0.746
64.06307,0.7488
64.07309,0.7568
64.08311,0.7441
64.09313,0.7252
64.10315,0.7118
64.11317,0.7233
64.12318,0.7233
64.13321,0.7343
64.14323,0.7424
64.15324,0.7582
64.16326,0.7434
64.17326,0.7363
64.18325,0.7321
64.19324,0.72
64.20324,0.7148
64.21323,0.7249
64.22323,0.7421
64.23322,0.7421
64.24322,0.7253
64.25321,0.7278
64.26321,0.7259
64.2732,0.7267
64.2832,0.7307
64.29321,0.7311
64.30321,0.7191
64.31319,0.7234
64.32319,0.7333
64.33318,0.7328
64.34318,0.7343
64.35317,0.7342
64.36317,0.739
64.37316,0.7404
64.38315,0.7327
64.39314,0.7292
64.40314,0.7329
64.41313,0.7247
64.42313,0.7175
64.43314,0.718
64.44314,0.7233
64.45314,0.7283
64.46314,0.7322
64.47314,0.7386
64.48315,0.7357
64.49314,0.7245
64.50314,0.7294
64.51315,0.7311
64.52315,0.7267
64.53315,0.723
64.54315,0.7212
64.55315,0.7269
64.56315,0.7331
64.57314,0.7345
64.58314,0.7295
64.59313,0.7299
64.60313,0.7343
64.61313,0.7302
64.62312,0.727
64.63312,0.7345
64.64312,0.7302
64.65311,0.7401
64.66313,0.7345
64.67317,0.7349
64.6832,0.7297
64.69324,0.731
64.70329,0.7345
64.71332,0.7203
64.72336,0.7154
64.7334,0.7253
64.74343,0.7369
64.75347,0.7317
64.76351,0.7479
64.77354,0.7452
64.78358,0.7355
64.79359,0.722
64.8036,0.7332
64.8136,0.7253
64.82361,0.7287
64.83361,0.7293
64.84361,0.7301
64.85361,0.7277
64.86362,0.7308
64.87363,0.731
64.88363,0.7297
64.89363,0.7314
64.90363,0.7292
64.91364,0.7329
64.92363,0.7301
64.93362,0.7314
64.9436,0.7338
64.95359,0.7357
64.96358,0.7344
64.97357,0.7385
64.98356,0.729
64.99355,0.7379
65.00353,0.7261
65.01353,0.7282
65.02351,0.7184
65.0335,0.7215
65.04351,0.7253
65.05352,0.7323
65.06353,0.7393
65.07354,0.7391
65.08355,0.7451
65.09356,0.7332
65.10357,0.7254
65.11359,0.7199
65.1236,0.7208
65.13361,0.7307
65.14362,0.7357
65.15363,0.7327
65.16364,0.7231
65.17365,0.7299
65.18365,0.7329
65.19365,0.7234
65.20366,0.7199
65.21366,0.7242
65.22367,0.7287
65.23367,0.7213
65.24368,0.736
65.25368,0.7407
65.26369,0.7349
65.2737,0.7266
65.2837,0.7221
65.2937,0.7255
65.3037,0.7163
65.3137,0.7222
65.32369,0.7371
65.33369,0.7333
65.34369,0.7293
65.35369,0.7233
65.36369,0.7286
65.37368,0.7319
65.38368,0.7325
65.39368,0.7381
65.40368,0.7307
65.41367,0.7155
65.42366,0.7168
65.43365,0.7252
65.44363,0.7381
65.45362,0.7349
65.46361,0.7388
65.4736,0.7431
65.48359,0.742
65.49358,0.7503
65.50356,0.7342
65.51355,0.7239
65.52354,0.7246
65.53352,0.7345
65.54353,0.7328
65.55354,0.7277
65.56355,0.7311
65.57355,0.7284
65.58356,0.7178
65.59357,0.7263
65.60358,0.7232
65.61358,0.7332
65.62359,0.7363
65.63359,0.7376
65.6436,0.7333
65.6536,0.7335
65.66362,0.7312
65.67361,0.7298
65.68361,0.7226
65.6936,0.7146
65.7036,0.7248
65.71359,0.7278
65.72359,0.7307
65.73358,0.7388
65.74357,0.7329
65.75356,0.734
65.76356,0.7297
65.77355,0.7334
65.78355,0.7282
65.79365,0.7265
65.80373,0.7282
65.81381,0.7298
65.82389,0.7342
65.83398,0.7304
65.84406,0.7304
65.85414,0.7359
65.86423,0.7356
65.87431,0.7246
65.88439,0.7189
65.89448,0.7291
65.90456,0.7335
65.91458,0.7307
65.92455,0.7241
65.93452,0.7237
65.9445,0.7339
65.95446,0.7318
65.96443,0.7287
65.9744,0.7277
65.98437,0.7254
65.99434,0.7225
66.00431,0.7205
66.01428,0.727
66.02425,0.7355
66.03422,0.7367
66.04422,0.7372
66.05421,0.7234
66.0642,0.7155
66.0742,0.7064
66.08418,0.7143
66.09418,0.7185
66.10417,0.7205
66.11416,0.721
66.12415,0.7253
66.13415,0.7305
66.14413,0.7213
66.15413,0.7241
66.16414,0.7199
66.17416,0.7193
66.18419,0.7109
66.19421,0.7099
66.20424,0.7174
66.21426,0.7243
66.22429,0.7335
66.23431,0.728
66.24434,0.7249
66.25436,0.7165
66.26439,0.7205
66.27441,0.7158
66.28444,0.7201
66.29444,0.7287
66.30444,0.7285
66.31443,0.7364
66.32442,0.7257
66.33442,0.7215
66.34441,0.7206
66.3544,0.7213
66.3644,0.71
66.37439,0.7112
66.38438,0.7179
66.39438,0.7208
66.40437,0.7175
66.41437,0.7356
66.42435,0.731
66.43435,0.7332
66.44434,0.7376
66.45433,0.7283
66.46432,0.7128
66.47431,0.7205
66.48431,0.7255
66.4943,0.7187
66.50429,0.7148
66.51428,0.7284
66.52427,0.7285
66.53426,0.7203
66.54427,0.7176
66.55428,0.7194
66.56429,0.7314
66.57429,0.7365
66.58429,0.7314
66.59429,0.7327
66.6043,0.7263
66.6143,0.7092
66.62431,0.7166
66.63432,0.7137
66.64432,0.7077
66.65432,0.712
66.66431,0.732
66.67429,0.7335
66.68426,0.7348
66.69423,0.7365
66.7042,0.7276
66.71417,0.7166
66.72414,0.7241
66.73412,0.7141
66.74409,0.7203
66.75406,0.722
66.76403,0.7223
66.774,0.7273
66.78397,0.7225
66.79408,0.7207
66.80418,0.7213
66.81428,0.7156
66.82438,0.714
66.83448,0.7102
66.84458,0.7047
66.85468,0.7153
66.86478,0.7222
66.87489,0.7276
66.88499,0.7256
66.89509,0.7269
66.90519,0.7317
66.91525,0.7289
66.92529,0.7271
66.93532,0.71
66.94535,0.7163
66.95538,0.7145
66.96541,0.7186
66.97544,0.7171
66.98547,0.7249
66.99551,0.7315
67.00554,0.7269
67.01556,0.7309
67.0256,0.7194
67.03563,0.7099
67.04558,0.7189
67.05553,0.7195
67.06548,0.7227
67.07542,0.7226
67.08537,0.7154
67.09531,0.7204
67.10526,0.7186
67.1152,0.7211
67.12514,0.7256
67.13509,0.7286
67.14503,0.735
67.15498,0.7223
67.16496,0.7223
67.17498,0.7226
67.18499,0.7108
67.19501,0.709
67.20502,0.7168
67.21504,0.7249
67.22505,0.7273
67.23507,0.7413
67.24509,0.7221
67.2551,0.7211
67.26511,0.7286
67.27513,0.7193
67.28515,0.7155
67.29516,0.7174
67.30515,0.7241
67.31516,0.7155
67.32516,0.7213
67.33516,0.7153
67.34516,0.7145
67.35516,0.7085
67.36516,0.7165
67.37516,0.712
67.38516,0.7224
67.39516,0.7354
67.40517,0.7237
67.41517,0.7311
67.42516,0.7217
67.43517,0.7219
67.44516,0.7047
67.45516,0.7101
67.46516,0.7187
67.47516,0.7172
67.48516,0.7193
67.49516,0.7232
67.50516,0.7229
67.51516,0.729
67.52515,0.7093
67.53516,0.699
67.54515,0.7135
67.55514,0.7281
67.56513,0.7294
67.57513,0.7325
67.58511,0.7375
67.59511,0.7281
67.6051,0.7245
67.61509,0.7158
67.62508,0.7121
67.63508,0.7098
67.64507,0.7226
67.65506,0.7276
67.66508,0.72
67.67512,0.7261
67.68516,0.7168
67.6952,0.7185
67.70523,0.7105
67.71527,0.7005
67.72531,0.7017
67.73535,0.7072
67.74539,0.7037
67.75543,0.7037
67.76546,0.7188
67.77551,0.718
67.78555,0.7112
67.79553,0.718
67.80552,0.7271
67.81551,0.7286
67.82549,0.7296
67.83547,0.7324
67.84546,0.7436
67.85544,0.7363
67.86543,0.7193
67.87541,0.7164
67.88539,0.7096
67.89538,0.7056
67.90536,0.7093
67.91537,0.7038
67.92538,0.7215
67.93539,0.7261
67.9454,0.7379
67.95542,0.732
67.96543,0.7143
67.97545,0.7082
67.98546,0.7056
67.99547,0.7067
68.00549,0.711
68.0155,0.7195
68.02551,0.7355
68.03552,0.7353
68.04562,0.7288
68.05573,0.7215
68.06584,0.7279
68.07594,0.7183
68.08605,0.7064
68.09616,0.7183
68.10626,0.7199
68.11637,0.7202
68.12648,0.7095
68.13658,0.7183
68.14669,0.7226
68.1568,0.7131
68.16685,0.7214
68.17685,0.7251
68.18684,0.7189
68.19684,0.7331
68.20683,0.7342
68.21683,0.7404
68.22681,0.7347
68.23681,0.7327
68.2468,0.7338
68.2568,0.7289
68.26679,0.725
68.27679,0.7251
68.28678,0.7109
68.29669,0.7162
68.3066,0.7138
68.31652,0.7191
68.32643,0.7183
68.33634,0.7265
68.34625,0.7373
68.35616,0.74
68.36607,0.7198
68.37598,0.7074
68.38589,0.7011
68.39581,0.6919
68.40572,0.6943
68.41566,0.7072
68.42564,0.7231
68.43561,0.7286
68.44558,0.7274
68.45555,0.7229
68.46552,0.7188
68.4755,0.711
68.48547,0.7207
68.49545,0.723
68.50542,0.7201
68.5154,0.7033
68.52537,0.6997
68.53534,0.7089
68.54538,0.7188
68.55542,0.7233
68.56545,0.7329
68.57549,0.7451
68.58553,0.7452
68.59556,0.7291
68.6056,0.7219
68.61563,0.7145
68.62566,0.6966
68.6357,0.6968
68.64574,0.7134
68.65577,0.7216
68.66579,0.7307
68.67578,0.7383
68.68577,0.7324
68.69576,0.7378
68.70575,0.7308
68.71574,0.7322
68.72574,0.7233
68.73573,0.7182
68.74572,0.7147
68.75571,0.7056
68.7657,0.7089
68.77569,0.7099
68.78568,0.7083
68.79565,0.7131
68.8056,0.7222
68.81556,0.7232
68.82552,0.7178
68.83547,0.72
68.84543,0.7191
68.85538,0.7203
68.86534,0.7264
68.8753,0.7325
68.88525,0.7416
68.89521,0.7239
68.90517,0.7159
68.91516,0.7127
68.92517,0.716
68.93518,0.719
68.94519,0.7348
68.9552,0.7387
68.96521,0.7256
68.97522,0.7197
68.98523,0.708
68.99524,0.7153
69.00525,0.718
69.01526,0.7248
69.02527,0.7276
69.03528,0.727
69.04536,0.7219
69.05543,0.7069
69.0655,0.7106
69.07558,0.7075
69.08565,0.7104
69.09572,0.7225
69.10579,0.7236
69.11587,0.7208
69.12594,0.7208
69.13601,0.7256
69.14609,0.7174
69.15616,0.7098
69.1662,0.7148
69.17622,0.7218
69.18623,0.7205
69.19625,0.7339
69.20626,0.735
69.21628,0.7338
69.2263,0.724
69.23631,0.7133
69.24632,0.7104
69.25634,0.7079
69.26636,0.7208
69.27637,0.7175
69.28638,0.7159
69.29639,0.7201
69.3064,0.7183
69.31641,0.7171
69.32641,0.7056
69.33642,0.7111
69.34642,0.7225
69.35643,0.7282
69.36643,0.7301
69.37644,0.7346
69.38644,0.7379
69.39645,0.7342
69.40646,0.7212
69.41646,0.7141
69.42645,0.7125
69.43645,0.7226
69.44645,0.7373
69.45644,0.7321
69.46644,0.7236
69.47644,0.7256
69.48643,0.7218
69.49643,0.7185
69.50642,0.7185
69.51643,0.719
69.52642,0.7243
69.53642,0.7265
69.54639,0.7282
69.55636,0.7245
69.56633,0.7293
69.5763,0.7221
69.58627,0.7237
69.59624,0.7216
69.60622,0.7216
69.61619,0.7113
69.62616,0.7121
69.63613,0.7132
69.6461,0.7173
69.65607,0.7232
69.66607,0.7344
69.67609,0.7394
69.68611,0.7384
69.69614,0.7219
69.70616,0.7168
69.71618,0.7128
69.7262,0.73
69.73623,0.7395
69.74625,0.7363
69.75627,0.7373
69.7663,0.7163
69.77631,0.708
69.78634,0.716
69.7964,0.7147
69.80645,0.7211
69.8165,0.7235
69.82655,0.7283
69.83659,0.7341
69.84664,0.7332
69.8567,0.7253
69.86674,0.7209
69.87679,0.7133
69.88684,0.7081
69.89689,0.711
69.90694,0.7121
69.91694,0.7192
69.92689,0.7232
69.93684,0.7334
69.9468,0.7287
69.95675,0.7279
69.96671,0.7218
69.97665,0.7088
69.98661,0.7123
69.99657,0.7121
70.00652,0.7087
70.01647,0.7138
70.02642,0.7244
70.03638,0.7146
70.04637,0.728
70.05635,0.7258
70.06634,0.7316
70.07632,0.7333
70.08631,0.7225
70.0963,0.7154
70.10628,0.709
70.11626,0.7133
70.12625,0.7212
70.13624,0.7289
70.14622,0.7118
70.15621,0.7196
70.16621,0.7155
70.17621,0.7098
70.18622,0.7076
70.19622,0.7175
70.20622,0.7283
70.21622,0.7244
70.22623,0.7287
70.23623,0.7155
70.24623,0.7111
70.25624,0.7059
70.26624,0.7021
70.27625,0.7087
70.28625,0.7239
70.29632,0.7273
70.30639,0.7314
70.31646,0.7382
70.32653,0.7253
70.3366,0.7171
70.34667,0.7106
70.35674,0.7192
70.36681,0.7237
70.37688,0.7145
70.38695,0.7288
70.39702,0.7161
70.40709,0.7232
