time_s,measured_value
0.00973,-0.0393
0.01945,-0.0325
0.02918,-0.0324
0.0389,-0.0366
0.04863,-0.0373
0.05835,-0.0328
0.06808,-0.0269
0.07781,-0.0322
0.08753,-0.0346
0.09726,-0.0412
0.10698,-0.0413
0.11671,-0.0364
0.12658,-0.034
0.1366,-0.0389
0.14661,-0.029
0.15663,-0.0381
0.16665,-0.0426
0.17666,-0.0553
0.18668,-0.0549
0.1967,-0.0527
0.20671,-0.0391
0.21673,-0.0359
0.22675,-0.0343
0.23676,-0.0422
0.24678,-0.049
0.25694,-0.0475
0.26709,-0.043
0.27724,-0.0357
0.2874,-0.0349
0.29755,-0.0342
0.3077,-0.0447
0.31786,-0.0402
0.32801,-0.0427
0.33816,-0.0496
0.34832,-0.0533
0.35847,-0.0528
0.36862,-0.0518
0.37866,-0.0419
0.38856,-0.0367
0.39847,-0.0399
0.40838,-0.0376
0.41829,-0.0398
0.4282,-0.0397
0.43811,-0.0463
0.44801,-0.0446
0.45792,-0.0407
0.46783,-0.0378
0.47774,-0.0394
0.48765,-0.0436
0.49755,-0.0479
0.50756,-0.0431
0.51755,-0.0499
0.52755,-0.0478
0.53755,-0.0444
0.54755,-0.0426
0.55754,-0.0387
0.56754,-0.0414
0.57754,-0.0536
0.58754,-0.0572
0.59753,-0.0496
0.60753,-0.0419
0.61753,-0.0533
0.62752,-0.0564
0.63751,-0.0538
0.6475,-0.0519
0.65749,-0.0419
0.66748,-0.0471
0.67747,-0.0434
0.68746,-0.0424
0.69744,-0.0481
0.70743,-0.058
0.71742,-0.0528
0.72741,-0.044
0.7374,-0.0455
0.74739,-0.0425
0.75743,-0.0406
0.76746,-0.0439
0.7775,-0.0585
0.78753,-0.0619
0.79757,-0.057
0.80761,-0.0521
0.81764,-0.0514
0.82768,-0.0461
0.83771,-0.0537
0.84775,-0.0449
0.85779,-0.0489
0.86782,-0.0483
0.87782,-0.0502
0.88778,-0.0444
0.89774,-0.0433
0.9077,-0.0448
0.91766,-0.0538
0.92762,-0.0503
0.93758,-0.0496
0.94754,-0.0602
0.9575,-0.0601
0.96746,-0.0471
0.97742,-0.0446
0.98737,-0.0441
0.99733,-0.0474
1.00736,-0.0513
1.01739,-0.0505
1.02741,-0.0508
1.03743,-0.0515
1.04746,-0.0577
1.05748,-0.0516
1.0675,-0.0448
1.07753,-0.0553
1.08755,-0.0653
1.09758,-0.0572
1.1076,-0.0542
1.11762,-0.0516
1.12767,-0.0434
1.13774,-0.0466
1.14781,-0.0358
1.15787,-0.0527
1.16794,-0.0489
1.17801,-0.0483
1.18808,-0.0441
1.19814,-0.0539
1.20821,-0.0516
1.21828,-0.0503
1.22834,-0.0513
1.23841,-0.0524
1.24848,-0.0599
1.25849,-0.0528
1.2685,-0.0514
1.27851,-0.0597
1.28852,-0.0542
1.29854,-0.0497
1.30855,-0.0471
1.31856,-0.0525
1.32857,-0.043
1.33858,-0.0517
1.34859,-0.047
1.3586,-0.0547
1.36861,-0.0534
1.37862,-0.0529
1.38862,-0.058
1.39861,-0.0573
1.40861,-0.0557
1.41861,-0.0522
1.42861,-0.0483
1.4386,-0.0476
1.4486,-0.0505
1.4586,-0.0561
1.4686,-0.0561
1.4786,-0.0621
1.48859,-0.0586
1.49859,-0.0527
1.50859,-0.0438
1.51859,-0.0458
1.52858,-0.0539
1.53858,-0.0551
1.54858,-0.0602
1.55857,-0.0633
1.56857,-0.0483
1.57857,-0.0449
1.58856,-0.0587
1.59856,-0.0526
1.60855,-0.051
1.61855,-0.0608
1.62855,-0.0588
1.63854,-0.0551
1.64854,-0.054
1.65853,-0.0479
1.66852,-0.0583
1.67852,-0.0499
1.68851,-0.0516
1.6985,-0.059
1.7085,-0.0502
1.71849,-0.0504
1.72848,-0.0536
1.73847,-0.054
1.74847,-0.0467
1.75843,-0.0451
1.76839,-0.0508
1.77835,-0.0568
1.7883,-0.0504
1.79826,-0.0573
1.80822,-0.0543
1.81818,-0.0466
1.82814,-0.0402
1.83809,-0.0536
1.84805,-0.0509
1.85801,-0.0601
1.86797,-0.0654
1.87795,-0.0678
1.88795,-0.0654
1.89796,-0.0561
1.90796,-0.053
1.91796,-0.0449
1.92796,-0.0489
1.93796,-0.0537
1.94796,-0.0526
1.95797,-0.061
1.96797,-0.0626
1.97797,-0.0568
1.98797,-0.0494
1.99797,-0.0454
2.00803,-0.0401
2.01809,-0.0508
2.02815,-0.0611
2.03821,-0.0642
2.04827,-0.0675
2.05833,-0.0617
2.06839,-0.0553
2.07844,-0.0587
2.0885,-0.044
2.09856,-0.0537
2.10862,-0.0607
2.11868,-0.0585
2.1287,-0.056
2.13866,-0.0654
2.14863,-0.0531
2.1586,-0.0482
2.16857,-0.0443
2.17854,-0.0498
2.18851,-0.0538
2.19848,-0.0512
2.20845,-0.0647
2.21842,-0.0598
2.22839,-0.0545
2.23836,-0.0607
2.24833,-0.0539
2.2583,-0.0517
2.26828,-0.0577
2.27825,-0.0721
2.28823,-0.0697
2.2982,-0.0713
2.30817,-0.0638
2.31815,-0.0637
2.32812,-0.0516
2.3381,-0.048
2.34807,-0.0516
2.35805,-0.0569
2.36802,-0.0588
2.37807,-0.0519
2.38816,-0.0518
2.39825,-0.0566
2.40834,-0.0541
2.41843,-0.0514
2.42852,-0.0591
2.43861,-0.065
2.4487,-0.0705
2.45879,-0.0597
2.46889,-0.0632
2.47898,-0.05
2.48907,-0.0587
2.49916,-0.0644
2.50917,-0.0614
2.51917,-0.0659
2.52918,-0.0525
2.53918,-0.0601
2.54919,-0.0536
2.5592,-0.056
2.5692,-0.0585
2.57921,-0.0655
2.58922,-0.0631
2.59922,-0.064
2.60923,-0.0602
2.61923,-0.0546
2.62923,-0.0497
2.63921,-0.0507
2.6492,-0.0583
2.65918,-0.0575
2.66916,-0.0573
2.67914,-0.0618
2.68912,-0.0645
2.69911,-0.0664
2.70909,-0.0601
2.71907,-0.0518
2.72905,-0.051
2.73904,-0.0555
2.74902,-0.0642
2.759,-0.0595
2.76898,-0.0622
2.77896,-0.0594
2.78894,-0.0612
2.79892,-0.0647
2.80889,-0.0602
2.81887,-0.0662
2.82885,-0.0542
2.83883,-0.0625
2.84881,-0.064
2.85879,-0.0568
2.86877,-0.0652
2.87877,-0.0703
2.88876,-0.0692
2.89874,-0.0617
2.90873,-0.0595
2.91871,-0.0592
2.9287,-0.0538
2.93868,-0.0541
2.94867,-0.0542
2.95865,-0.0661
2.96864,-0.0587
2.97862,-0.0665
2.98861,-0.0617
2.9986,-0.0559
3.0086,-0.0571
3.0186,-0.057
3.02861,-0.0658
3.03861,-0.0637
3.04861,-0.0722
3.05861,-0.077
3.06862,-0.0602
3.07862,-0.066
3.08862,-0.063
3.09862,-0.0587
3.10863,-0.0567
3.11863,-0.0617
3.12863,-0.0672
3.13863,-0.0615
3.14862,-0.0744
3.15862,-0.0736
3.16862,-0.0623
3.17861,-0.0555
3.18861,-0.0567
3.1986,-0.0681
3.2086,-0.0667
3.2186,-0.0686
3.22859,-0.076
3.23859,-0.0643
3.24858,-0.0594
3.25865,-0.0439
3.2687,-0.0474
3.27876,-0.0639
3.28882,-0.0653
3.29888,-0.0791
3.30894,-0.0837
3.319,-0.086
3.32905,-0.0754
3.33911,-0.0708
3.34917,-0.0637
3.35923,-0.0603
3.36929,-0.0514
3.37932,-0.0527
3.38932,-0.053
3.39932,-0.059
3.40932,-0.06
3.41932,-0.0628
3.42933,-0.071
3.43933,-0.065
3.44933,-0.0632
3.45933,-0.0716
3.46933,-0.0678
3.47933,-0.0612
3.48933,-0.0655
3.49933,-0.0686
3.50939,-0.0658
3.51943,-0.0661
3.52946,-0.0714
3.5395,-0.0727
3.54954,-0.0708
3.55957,-0.0683
3.56961,-0.0692
3.57965,-0.063
3.58968,-0.0578
3.59972,-0.062
3.60976,-0.0604
3.61979,-0.0772
3.62981,-0.0834
3.63978,-0.0778
3.64975,-0.0637
3.65973,-0.0689
3.6697,-0.0598
3.67967,-0.0494
3.68964,-0.0582
3.69962,-0.0657
3.70959,-0.0711
3.71956,-0.0812
3.72953,-0.0779
3.73951,-0.0676
3.74948,-0.0694
3.75953,-0.0618
3.76958,-0.0705
3.77963,-0.0685
3.78968,-0.0693
3.79973,-0.0794
3.80978,-0.0849
3.81983,-0.074
3.82988,-0.063
3.83993,-0.0647
3.84998,-0.0644
3.86003,-0.0719
3.87008,-0.0695
3.88013,-0.0698
3.89014,-0.0774
3.90015,-0.0827
3.91016,-0.0859
3.92016,-0.0788
3.93017,-0.0654
3.94018,-0.0671
3.95019,-0.0668
3.9602,-0.0601
3.97021,-0.0651
3.98022,-0.0732
3.99022,-0.0699
4.00023,-0.073
4.01016,-0.0814
4.02009,-0.0744
4.03002,-0.0783
4.03995,-0.0677
4.04988,-0.0731
4.05981,-0.0694
4.06974,-0.0793
4.07967,-0.0842
4.0896,-0.0783
4.09953,-0.0688
4.10946,-0.0592
4.11939,-0.0701
4.12937,-0.0734
4.1394,-0.0772
4.14943,-0.0708
4.15946,-0.0648
4.16949,-0.0729
4.17952,-0.0607
4.18954,-0.0695
4.19957,-0.0753
4.2096,-0.0753
4.21963,-0.077
4.22966,-0.0698
4.23969,-0.0694
4.24971,-0.0652
4.25968,-0.0649
4.26964,-0.0761
4.2796,-0.0729
4.28957,-0.0852
4.29953,-0.0832
4.30949,-0.083
4.31945,-0.0675
4.32941,-0.0668
4.33937,-0.0708
4.34934,-0.0629
4.3593,-0.0742
4.36926,-0.0782
4.37925,-0.076
4.38927,-0.0766
4.39928,-0.0662
4.4093,-0.063
4.41931,-0.0645
4.42933,-0.0711
4.43934,-0.0824
4.44935,-0.0776
4.45937,-0.0928
4.46938,-0.0948
4.4794,-0.0954
4.48941,-0.0791
4.49943,-0.0643
4.50951,-0.0464
4.51958,-0.0448
4.52965,-0.0574
4.53972,-0.0675
4.5498,-0.0693
4.55987,-0.0722
4.56994,-0.0703
4.58002,-0.079
4.59009,-0.074
4.60016,-0.0706
4.61024,-0.0691
4.62031,-0.0682
4.63034,-0.0736
4.64032,-0.087
4.6503,-0.0931
4.66027,-0.0889
4.67025,-0.0739
4.68023,-0.0714
4.69021,-0.0582
4.70019,-0.0525
4.71017,-0.0525
4.72015,-0.0745
4.73012,-0.0757
4.7401,-0.0827
4.75008,-0.0868
4.76008,-0.0709
4.77008,-0.0712
4.78007,-0.0742
4.79007,-0.0762
4.80007,-0.0804
4.81006,-0.0837
4.82006,-0.084
4.83006,-0.0815
4.84006,-0.081
4.85005,-0.0779
4.86005,-0.0762
4.87005,-0.08
4.88006,-0.0762
4.89007,-0.0736
4.90009,-0.0847
4.91011,-0.0869
4.92013,-0.083
4.93015,-0.0772
4.94017,-0.074
4.95018,-0.0765
4.9602,-0.0696
4.97022,-0.0906
4.98024,-0.0865
4.99026,-0.087
5.00028,-0.0809
5.01028,-0.0825
5.02028,-0.0955
5.03027,-0.0906
5.04027,-0.0741
5.05027,-0.076
5.06027,-0.0752
5.07027,-0.0622
5.08027,-0.0628
5.09026,-0.0683
5.10026,-0.0744
5.11026,-0.0814
5.12026,-0.0755
5.13026,-0.084
5.14026,-0.0779
5.15027,-0.0743
5.16027,-0.0755
5.17027,-0.0831
5.18027,-0.0777
5.19027,-0.0753
5.20028,-0.0728
5.21028,-0.0841
5.22028,-0.0835
5.23028,-0.0764
5.24028,-0.087
5.25029,-0.0881
5.26029,-0.0815
5.27029,-0.0783
5.28028,-0.0757
5.29028,-0.0711
5.30028,-0.0818
5.31028,-0.0809
5.32028,-0.0744
5.33028,-0.0763
5.34028,-0.0728
5.35028,-0.079
5.36028,-0.072
5.37028,-0.0682
5.38027,-0.0808
5.39026,-0.0775
5.40025,-0.0808
5.41024,-0.0854
5.42023,-0.0909
5.43022,-0.0871
5.4402,-0.0944
5.45019,-0.0975
5.46018,-0.0947
5.47017,-0.0844
5.48016,-0.0853
5.49015,-0.0734
5.50014,-0.0686
5.51012,-0.0736
5.5201,-0.069
5.53007,-0.0812
5.54005,-0.093
5.55003,-0.0939
5.56001,-0.0885
5.56998,-0.0788
5.57996,-0.0823
5.58994,-0.0831
5.59992,-0.0805
5.60989,-0.0865
5.61987,-0.074
5.62986,-0.0797
5.63987,-0.0733
5.64988,-0.0667
5.65988,-0.073
5.66989,-0.0828
5.67989,-0.0933
5.6899,-0.0896
5.6999,-0.0867
5.70991,-0.0808
5.71991,-0.0835
5.72992,-0.086
5.73992,-0.0825
5.74993,-0.0891
5.76003,-0.0869
5.77012,-0.0808
5.78022,-0.0706
5.79031,-0.0763
5.80041,-0.0761
5.8105,-0.081
5.8206,-0.0842
5.83069,-0.0895
5.84079,-0.0851
5.85088,-0.0792
5.86098,-0.0794
5.87107,-0.0772
5.88112,-0.0729
5.89112,-0.0841
5.90112,-0.083
5.91112,-0.0826
5.92112,-0.0822
5.93111,-0.0873
5.94111,-0.0801
5.95111,-0.0875
5.96111,-0.0881
5.97111,-0.0831
5.98111,-0.0882
5.99111,-0.0777
6.0011,-0.0863
6.01108,-0.0834
6.02105,-0.0932
6.03102,-0.0792
6.04099,-0.0764
6.05096,-0.0829
6.06094,-0.0794
6.07091,-0.0779
6.08088,-0.0947
6.09085,-0.0889
6.10082,-0.0871
6.11079,-0.0835
6.12076,-0.087
6.13076,-0.0836
6.14076,-0.0821
6.15077,-0.0747
6.16078,-0.081
6.17079,-0.0829
6.1808,-0.0812
6.19081,-0.0809
6.20081,-0.0794
6.21082,-0.0792
6.22083,-0.0802
6.23084,-0.0883
6.24085,-0.0843
6.25086,-0.0882
6.26084,-0.0879
6.27083,-0.0895
6.28081,-0.0932
6.2908,-0.0835
6.30079,-0.0789
6.31077,-0.086
6.32076,-0.0864
6.33074,-0.0924
6.34073,-0.0898
6.35071,-0.0844
6.3607,-0.0931
6.37068,-0.0888
6.38067,-0.0736
6.39067,-0.0752
6.40066,-0.084
6.41065,-0.0847
6.42064,-0.0841
6.43063,-0.0943
6.44062,-0.0851
6.45061,-0.0802
6.4606,-0.0752
6.47059,-0.0819
6.48058,-0.0816
6.49057,-0.095
6.50056,-0.0894
6.51056,-0.083
6.52055,-0.0872
6.53055,-0.0913
6.54054,-0.089
6.55053,-0.079
6.56053,-0.0862
6.57052,-0.088
6.58052,-0.0819
6.59051,-0.0733
6.6005,-0.0782
6.6105,-0.082
6.62049,-0.0892
6.63049,-0.0899
6.6405,-0.0821
6.65051,-0.0814
6.66051,-0.0738
6.67052,-0.0807
6.68052,-0.0887
6.69053,-0.0873
6.70053,-0.0862
6.71054,-0.0997
6.72054,-0.0948
6.73055,-0.0978
6.74055,-0.0983
6.75056,-0.09
6.76058,-0.088
6.7706,-0.0804
6.78062,-0.0752
6.79064,-0.0749
6.80066,-0.0751
6.81068,-0.0837
6.8207,-0.0814
6.83072,-0.0862
6.84074,-0.0925
6.85075,-0.0868
6.86077,-0.0922
6.87079,-0.0842
6.88085,-0.0842
6.89092,-0.0839
6.901,-0.0782
6.91108,-0.0838
6.92116,-0.091
6.93124,-0.096
6.94132,-0.1001
6.9514,-0.0981
6.96148,-0.0836
6.97156,-0.0873
6.98164,-0.0916
6.99172,-0.0805
7.0018,-0.086
7.01179,-0.0936
7.02179,-0.0897
7.03179,-0.0939
7.04178,-0.0986
7.05178,-0.0998
7.06177,-0.0962
7.07177,-0.0968
7.08176,-0.1005
7.09176,-0.0977
7.10175,-0.0979
7.11175,-0.0978
7.12175,-0.0894
7.13175,-0.0866
7.14174,-0.0824
7.15173,-0.0864
7.16173,-0.0901
7.17172,-0.0868
7.18172,-0.0874
7.19171,-0.0923
7.20171,-0.0939
7.2117,-0.0998
7.22169,-0.0954
7.23169,-0.0914
7.24168,-0.1004
7.25167,-0.0967
7.26166,-0.0954
7.27164,-0.0908
7.28161,-0.0928
7.29159,-0.103
7.30157,-0.098
7.31155,-0.0858
7.32153,-0.0874
7.33151,-0.0816
7.34149,-0.0867
7.35147,-0.082
7.36145,-0.0789
7.37143,-0.0736
7.38143,-0.0829
7.39146,-0.0813
7.40149,-0.0799
7.41152,-0.0797
7.42156,-0.0831
7.43159,-0.0863
7.44162,-0.0913
7.45165,-0.0925
7.46168,-0.0849
7.47171,-0.0898
7.48174,-0.0901
7.49177,-0.0904
7.5018,-0.0851
7.51178,-0.08
7.52177,-0.0805
7.53175,-0.0823
7.54173,-0.081
7.55171,-0.0769
7.56169,-0.0768
7.57167,-0.0688
7.58166,-0.0729
7.59164,-0.0792
7.60162,-0.0796
7.6116,-0.0853
7.62158,-0.0841
7.63157,-0.0804
7.64157,-0.0846
7.65157,-0.0839
7.66156,-0.086
7.67156,-0.0937
7.68155,-0.0945
7.69155,-0.0887
7.70154,-0.0867
7.71154,-0.0894
7.72153,-0.0827
7.73153,-0.0881
7.74152,-0.0839
7.75152,-0.086
7.76152,-0.0934
7.77152,-0.0803
7.78152,-0.0809
7.79152,-0.0926
7.80151,-0.085
7.81151,-0.089
7.82151,-0.0955
7.83151,-0.095
7.84151,-0.0971
7.8515,-0.0859
7.8615,-0.0852
7.8715,-0.0756
7.8815,-0.0724
7.89149,-0.0813
7.90148,-0.0927
7.91148,-0.0889
7.92147,-0.0903
7.93146,-0.0844
7.94146,-0.0718
7.95145,-0.0701
7.96144,-0.0751
7.97144,-0.0823
7.98143,-0.0927
7.99143,-0.102
8.00142,-0.0979
8.01158,-0.0944
8.02174,-0.0911
8.0319,-0.0915
8.04205,-0.0851
8.05221,-0.0889
8.06237,-0.0928
8.07252,-0.0925
8.08268,-0.0969
8.09284,-0.0918
8.103,-0.087
8.11315,-0.0837
8.12331,-0.0837
8.13339,-0.0953
8.14339,-0.0871
8.15339,-0.076
8.16339,-0.0799
8.17339,-0.065
8.18339,-0.0611
8.1934,-0.0668
8.2034,-0.0716
8.2134,-0.0637
8.2234,-0.0803
8.2334,-0.0697
8.2434,-0.066
8.2534,-0.0626
8.26332,-0.0574
8.27323,-0.0526
8.28314,-0.0474
8.29306,-0.0467
8.30297,-0.0424
8.31288,-0.0434
8.3228,-0.0456
8.33271,-0.0422
8.34262,-0.0574
8.35254,-0.0608
8.36245,-0.0562
8.37236,-0.0443
8.38233,-0.0322
8.39234,-0.0209
8.40235,-0.0136
8.41236,-0.0101
8.42236,-0.0126
8.43237,-0.0208
8.44238,-0.0173
8.45239,-0.0211
8.4624,-0.0267
8.47241,-0.0243
8.48242,-0.0044
8.49243,-0.0021
8.50244,0.0074
8.5125,0.0164
8.52257,0.009
8.53263,0.0127
8.5427,0.0097
8.55276,0.0052
8.56282,0.0122
8.57289,0.0047
8.58295,0.0067
8.59302,0.0097
8.60308,0.0028
8.61314,-0.003
8.62321,-0.0013
8.63326,0.0156
8.64325,0.0357
8.65324,0.0382
8.66323,0.0308
8.67322,0.0254
8.68322,0.02
8.69321,0.0166
8.7032,0.0191
8.71319,0.0216
8.72318,0.0221
8.73318,0.021
8.74317,0.0218
8.75316,0.0201
8.76314,0.0277
8.7731,0.0234
8.78307,0.0318
8.79303,0.0424
8.80299,0.0414
8.81296,0.0265
8.82292,0.0235
8.83289,0.0254
8.84285,0.0212
8.85282,0.0249
8.86278,0.0303
8.87274,0.0234
8.88271,0.0255
8.89267,0.0213
8.90263,0.0267
8.9126,0.0262
8.92256,0.0367
8.93252,0.0305
8.94248,0.03
8.95245,0.0249
8.96241,0.0274
8.97237,0.0267
8.98233,0.0295
8.99229,0.0344
9.00226,0.031
9.01233,0.028
9.02239,0.0205
9.03246,0.0215
9.04252,0.0188
9.05259,0.0172
9.06266,0.0165
9.07272,0.0163
9.08279,0.0118
9.09286,0.0115
9.10292,0.0066
9.11299,0.013
9.12306,0.0064
9.13308,0.0111
9.14305,0.0014
9.15302,0.002
9.16299,0.0052
9.17296,0.0071
9.18293,0.0066
9.1929,0.001
9.20287,0.0024
9.21284,0.0141
9.22281,0.0082
9.23278,0.0098
9.24276,0.0015
9.25273,0.0088
9.26278,0.0041
9.27283,0.0155
9.28288,0.0061
9.29293,0.0006
9.30299,-0.0007
9.31304,0.0026
9.32309,-0.001
9.33314,-0.0019
9.34319,-0.0097
9.35324,-0.0006
9.36329,-0.0078
9.37335,-0.0109
9.38337,-0.0102
9.39336,-0.0119
9.40336,-0.007
9.41335,-0.0056
9.42334,-0.011
9.43334,-0.0041
9.44333,-0.0054
9.45332,-0.0166
9.46332,-0.0103
9.47331,-0.0086
9.4833,-0.0157
9.49329,-0.0184
9.50329,-0.0233
9.51334,-0.0186
9.52339,-0.0156
9.53345,-0.0199
9.5435,-0.0205
9.55355,-0.0067
9.5636,-0.0017
9.57365,-0.0046
9.58371,0.0036
9.59376,0.0091
9.60381,0.0014
9.61386,-0.0026
9.62392,-0.0128
9.63394,-0.0103
9.64392,-0.0053
9.65391,-0.017
9.66389,-0.007
9.67388,-0.0092
9.68386,-0.0134
9.69385,-0.0204
9.70383,-0.0192
9.71382,-0.0255
9.7238,-0.01
9.73379,-0.0011
9.74377,-0.0074
9.75376,-0.0061
9.76372,-0.0047
9.77368,-0.0071
9.78364,-0.011
9.7936,-0.0078
9.80356,-0.0098
9.81352,-0.0165
9.82348,-0.016
9.83345,-0.0116
9.84341,-0.0084
9.85337,-0.0093
9.86333,-0.0139
9.87329,-0.0237
9.88325,-0.0219
9.8932,-0.0224
9.90316,-0.0242
9.91311,-0.0221
9.92307,-0.0215
9.93302,-0.0147
9.94298,-0.0202
9.95293,-0.0132
9.96289,-0.0191
9.97284,-0.0172
9.9828,-0.0218
9.99275,-0.0236
10.00271,-0.017
10.01272,-0.0188
10.02274,-0.0228
10.03276,-0.0176
10.04277,-0.0222
10.05279,-0.0285
10.0628,-0.0313
10.07282,-0.0345
10.08284,-0.0335
10.09285,-0.0325
10.10287,-0.0262
10.11288,-0.0338
10.1229,-0.022
10.13289,-0.0173
10.14285,-0.0264
10.15282,-0.0246
10.16278,-0.0332
10.17274,-0.0318
10.18271,-0.0452
10.19267,-0.0505
10.20263,-0.0442
10.2126,-0.0348
10.22256,-0.0328
10.23252,-0.0274
10.24249,-0.0272
10.25245,-0.0317
10.2625,-0.0345
10.27256,-0.0488
10.28261,-0.0422
10.29266,-0.0482
10.30271,-0.0451
10.31277,-0.0406
10.32282,-0.0364
10.33287,-0.0375
10.34292,-0.0329
10.35297,-0.0418
10.36303,-0.0341
10.37308,-0.0384
10.38317,-0.038
10.3933,-0.0265
10.40343,-0.0309
10.41356,-0.0319
10.42369,-0.032
10.43382,-0.0387
10.44395,-0.0407
10.45408,-0.0411
10.46421,-0.0435
10.47434,-0.0429
10.48447,-0.0486
10.4946,-0.0409
10.50472,-0.0413
10.51464,-0.0501
10.52456,-0.0484
10.53447,-0.055
10.54439,-0.0528
10.5543,-0.049
10.56422,-0.0573
10.57413,-0.0536
10.58405,-0.0475
10.59396,-0.0526
10.60388,-0.0539
10.6138,-0.0499
10.62371,-0.0517
10.63366,-0.0528
10.64364,-0.0531
10.65361,-0.0335
10.66359,-0.0303
10.67357,-0.0384
10.68355,-0.0476
10.69352,-0.0404
10.7035,-0.0461
10.71348,-0.0477
10.72346,-0.0415
10.73343,-0.042
10.74341,-0.0372
10.75339,-0.047
10.7634,-0.0465
10.77339,-0.0573
10.78338,-0.0516
10.79337,-0.057
10.80336,-0.0509
10.81336,-0.0482
10.82335,-0.0515
10.83334,-0.0462
10.84333,-0.0508
10.85332,-0.0568
10.86332,-0.0695
10.87331,-0.0619
10.88335,-0.0462
10.89342,-0.0448
10.90349,-0.0429
10.91356,-0.0441
10.92362,-0.0469
10.93369,-0.0627
10.94376,-0.0622
10.95383,-0.0657
10.96389,-0.0599
10.97396,-0.0522
10.98403,-0.0447
10.9941,-0.0424
11.00417,-0.0466
11.0142,-0.0526
11.02423,-0.0505
11.03425,-0.0569
11.04428,-0.0559
11.05431,-0.0615
11.06434,-0.0641
11.07436,-0.0603
11.08439,-0.0585
11.09442,-0.0537
11.10445,-0.0489
11.11447,-0.055
11.1245,-0.0637
11.13448,-0.0736
11.14441,-0.0782
11.15434,-0.0758
11.16428,-0.0679
11.17421,-0.0671
11.18414,-0.0592
11.19407,-0.0584
11.204,-0.0563
11.21393,-0.0466
11.22386,-0.0517
11.23379,-0.0576
11.24372,-0.0695
11.25365,-0.0742
11.26366,-0.0746
11.27365,-0.0779
11.28363,-0.075
11.29362,-0.0617
11.30361,-0.057
11.3136,-0.0591
11.32359,-0.0501
11.33358,-0.0519
11.34356,-0.0573
11.35355,-0.071
11.36354,-0.0694
11.37353,-0.0796
11.38355,-0.0765
11.3936,-0.0738
11.40365,-0.0727
11.4137,-0.0664
11.42375,-0.0599
11.4338,-0.0734
11.44385,-0.0704
11.4539,-0.0721
11.46395,-0.0692
11.474,-0.0769
11.48406,-0.0654
11.49411,-0.0656
11.50416,-0.0628
11.51419,-0.0663
11.52422,-0.0598
11.53425,-0.0633
11.54428,-0.0667
11.55432,-0.0678
11.56435,-0.0697
11.57438,-0.0706
11.58441,-0.0637
11.59444,-0.0674
11.60448,-0.0667
11.61451,-0.0766
11.62454,-0.0831
11.63455,-0.0885
11.64454,-0.0837
11.65453,-0.0706
11.66452,-0.0731
11.6745,-0.0749
11.68449,-0.078
11.69448,-0.0813
11.70447,-0.0799
11.71446,-0.0733
11.72444,-0.0731
11.73443,-0.0722
11.74442,-0.0599
11.75441,-0.0683
11.76447,-0.0732
11.77454,-0.0506
11.7846,-0.0504
11.79466,-0.0489
11.80473,-0.0464
11.81479,-0.0465
11.82486,-0.0539
11.83492,-0.0602
11.84498,-0.0691
11.85505,-0.0777
11.86511,-0.0766
11.87517,-0.0695
11.88516,-0.059
11.89505,-0.0555
11.90493,-0.0609
11.91482,-0.0661
11.9247,-0.0549
11.93459,-0.0439
11.94448,-0.045
11.95436,-0.0506
11.96425,-0.053
11.97413,-0.0542
11.98402,-0.0435
11.99391,-0.0308
12.00379,-0.0227
12.01387,-0.0276
12.02395,-0.0323
12.03403,-0.0524
12.04411,-0.0511
12.05419,-0.0466
12.06427,-0.044
12.07435,-0.0432
12.08442,-0.0462
12.0945,-0.0478
12.10458,-0.069
12.11466,-0.0783
12.12474,-0.0594
12.13476,-0.0584
12.14472,-0.0681
12.15467,-0.0855
12.16463,-0.0802
12.17459,-0.067
12.18454,-0.054
12.1945,-0.0517
12.20446,-0.0433
12.21441,-0.0487
12.22437,-0.051
12.23433,-0.0804
12.24428,-0.0954
12.25424,-0.1004
12.26421,-0.1018
12.27418,-0.1017
12.28415,-0.0863
12.29411,-0.0685
12.30408,-0.057
12.31405,-0.0537
12.32401,-0.056
12.33398,-0.0601
12.34395,-0.0603
12.35391,-0.058
12.36388,-0.0509
12.37385,-0.0511
12.38387,-0.07
12.39392,-0.0648
12.40397,-0.0632
12.41402,-0.0441
12.42407,-0.0449
12.43412,-0.057
12.44417,-0.056
12.45422,-0.0499
12.46427,-0.0512
12.47432,-0.0688
12.48437,-0.0617
12.49442,-0.0598
12.50447,-0.0625
12.51452,-0.0563
12.52457,-0.0545
12.53461,-0.0592
12.54466,-0.057
12.55471,-0.0655
12.56475,-0.0746
12.5748,-0.0761
12.58485,-0.0703
12.59489,-0.0663
12.60494,-0.0581
12.61499,-0.0666
12.62503,-0.0691
12.63507,-0.059
12.64509,-0.0483
12.65512,-0.0578
12.66514,-0.0468
12.67516,-0.0507
12.68519,-0.0399
12.69521,-0.0346
12.70524,-0.0492
12.71526,-0.0604
12.72528,-0.0629
12.73531,-0.0567
12.74533,-0.038
12.75535,-0.0325
12.76536,-0.0246
12.77535,-0.0369
12.78535,-0.0459
12.79535,-0.0474
12.80534,-0.0303
12.81534,-0.0515
12.82534,-0.0847
12.83534,-0.1127
12.84533,-0.1143
12.85533,-0.1134
12.86533,-0.0867
12.87533,-0.0716
12.88531,-0.0622
12.89529,-0.0596
12.90526,-0.0719
12.91523,-0.0746
12.9252,-0.1028
12.93517,-0.1128
12.94514,-0.0992
12.95511,-0.0818
12.96508,-0.06
12.97505,-0.0714
12.98502,-0.0624
12.99499,-0.0663
13.00496,-0.0608
13.01499,-0.0572
13.025,-0.0753
13.03502,-0.0878
13.04504,-0.0865
13.05506,-0.091
13.06508,-0.0835
13.0751,-0.0782
13.08512,-0.0685
13.09514,-0.0716
13.10516,-0.0723
13.11518,-0.082
13.1252,-0.0932
13.13522,-0.0926
13.14523,-0.0772
13.15524,-0.0668
13.16525,-0.0697
13.17526,-0.0686
13.18527,-0.0601
13.19528,-0.0312
13.20529,-0.0136
13.2153,-0.0089
13.22531,0.0161
13.23532,0.0284
13.24533,0.0348
13.25534,0.0188
13.26534,0.0231
13.27534,0.0322
13.28534,0.0472
13.29534,0.0732
13.30534,0.0939
13.31535,0.1255
13.32535,0.1664
13.33535,0.1824
13.34535,-0.0088
13.35535,-0.0569
13.36535,-0.0762
13.37535,-0.1075
13.38532,-0.1465
13.39525,-0.1749
13.40518,-0.2133
13.41511,-0.2396
13.42504,-0.2425
13.43497,-0.2207
13.4449,-0.2124
13.45483,-0.2213
13.46476,-0.2585
13.47469,-0.2782
13.48462,-0.2886
13.49456,-0.3036
13.50449,-0.3056
13.51451,-0.2507
13.52452,-0.194
13.53454,-0.1472
13.54456,-0.1171
13.55457,-0.0943
13.56459,-0.0735
13.57461,-0.049
13.58463,-0.0294
13.59464,0.0165
13.60466,0.0659
13.61468,0.1023
13.62469,0.1304
13.63475,0.1934
13.64484,0.2794
13.65492,0.3289
13.66501,0.4055
13.67509,0.4916
13.68518,0.5564
13.69526,0.6171
13.70535,0.6876
13.71543,0.772
13.72552,0.8011
13.73561,0.8095
13.74569,0.7801
13.75578,0.7166
13.76577,0.655
13.77577,0.6033
13.78576,0.5426
13.79576,0.4417
13.80575,0.309
13.81575,0.1754
13.82574,0.0538
13.83574,-0.0351
13.84573,-0.0909
13.85572,-0.1308
13.86572,-0.1412
13.87571,-0.1718
13.8857,-0.1922
13.89566,-0.2048
13.90563,-0.1895
13.91559,-0.1613
13.92556,-0.1299
13.93552,-0.1132
13.94549,-0.108
13.95545,-0.12
13.96542,-0.1149
13.97538,-0.1104
13.98534,-0.1149
13.99531,-0.126
14.00527,-0.1345
14.01528,-0.1172
14.02528,-0.1128
14.03528,-0.1185
14.04528,-0.1139
14.05528,-0.1244
14.06528,-0.1701
14.07529,-0.2258
14.08529,-0.2979
14.09529,-0.3398
14.10529,-0.3436
14.11529,-0.3367
14.12529,-0.3074
14.13531,-0.2824
14.14531,-0.265
14.15531,-0.3189
14.16531,-0.3448
14.17531,-0.2885
14.18531,-0.3052
14.19531,-0.3141
14.20531,-0.2993
14.21531,-0.3472
14.22531,-0.427
14.23531,-0.527
14.24531,-0.5954
14.25531,-0.6337
14.26531,-0.6835
14.27531,-0.7334
14.28531,-0.7351
14.2953,-0.7071
14.3053,-0.6947
14.3153,-0.6874
14.32529,-0.6765
14.33529,-0.6753
14.34529,-0.6833
14.35529,-0.6761
14.36528,-0.6744
14.37528,-0.6624
14.38531,-0.6423
14.39532,-0.5512
14.40534,-0.4997
14.41535,-0.484
14.42537,-0.522
14.43539,-0.4593
14.4454,-0.3922
14.45542,-0.3746
14.46544,-0.4045
14.47545,-0.4776
14.48547,-0.601
14.49549,-0.7414
14.5055,-0.8353
14.51549,-0.9029
14.52546,-0.9456
14.53543,-0.9654
14.5454,-0.9698
14.55538,-0.9363
14.56535,-0.884
14.57532,-0.8599
14.58529,-0.8537
14.59526,-0.8703
14.60524,-0.8727
14.61521,-0.8731
14.62518,-0.8464
14.63519,-0.8372
14.6452,-0.8368
14.65521,-0.8637
14.66523,-0.8831
14.67524,-0.9329
14.68525,-0.9854
14.69526,-1.0398
14.70527,-1.0649
14.71528,-1.0905
14.72529,-1.0755
14.7353,-1.0645
14.74531,-1.082
14.75533,-1.0806
14.76542,-1.0827
14.7755,-1.1341
14.78558,-1.1685
14.79566,-1.1965
14.80574,-1.2173
14.81582,-1.2207
14.82591,-1.22
14.83599,-1.2278
14.84607,-1.2351
14.85615,-1.2276
14.86623,-1.2253
14.87631,-1.2199
14.88634,-1.2004
14.89631,-1.1415
14.90627,-1.105
14.91623,-1.0569
14.9262,-1.0339
14.93616,-0.9987
14.94613,-0.9427
14.95609,-0.864
14.96606,-0.7947
14.97602,-0.7485
14.98598,-0.7331
14.99595,-0.6876
15.00591,-0.7012
15.01594,-0.7173
15.02597,-0.7947
15.036,-0.8338
15.04603,-0.7868
15.05605,-0.7976
15.06608,-0.7964
15.07611,-0.7343
15.08613,-0.6859
15.09616,-0.7159
15.10619,-0.7418
15.11622,-0.6535
15.12624,-0.592
15.13627,-0.5319
15.14626,-0.4587
15.15624,-0.3914
15.16623,-0.3171
15.17621,-0.3738
15.1862,-0.5025
15.19618,-0.6099
15.20617,-0.6689
15.21616,-0.7471
15.22614,-0.8759
15.23613,-0.9545
15.24611,-1.0788
15.2561,-1.1574
15.26609,-1.2798
15.27607,-1.3969
15.28605,-1.507
15.29602,-1.6154
15.306,-1.7104
15.31597,-1.8004
15.32595,-1.9207
15.33593,-2.0307
15.3459,-2.084
15.35588,-2.139
15.36585,-2.2407
15.37583,-2.3724
15.38584,-2.4014
15.39588,-2.4161
15.40592,-2.3872
15.41595,-2.3745
15.42599,-2.3737
15.43603,-2.3753
15.44607,-2.3861
15.45611,-2.4002
15.46615,-2.4358
15.47619,-2.4619
15.48623,-2.4904
15.49626,-2.4818
15.5063,-2.4593
15.51627,-2.4446
15.52623,-2.465
15.53619,-2.4505
15.54615,-2.4122
15.55612,-2.3551
15.56608,-2.2994
15.57604,-2.2713
15.586,-2.2777
15.59596,-2.2488
15.60592,-2.1817
15.61589,-2.0953
15.62585,-2.0298
15.63584,-1.998
15.64585,-1.9615
15.65587,-1.9107
15.66588,-1.8532
15.67589,-1.7897
15.68591,-1.7482
15.69592,-1.6859
15.70594,-1.6607
15.71595,-1.5969
15.72597,-1.5715
15.73598,-1.5095
15.746,-1.301
15.75601,-0.9855
15.76601,-0.6371
15.776,-0.4386
15.78599,-0.2728
15.79598,-0.2709
15.80597,-0.3643
15.81596,-0.5392
15.82596,-0.6674
15.83595,-0.8861
15.84594,-1.0164
15.85593,-1.1263
15.86592,-1.1932
15.87591,-1.2803
15.88594,-1.3855
15.89599,-1.4875
15.90604,-1.5928
15.91609,-1.7144
15.92614,-1.8458
15.9362,-1.9245
15.94625,-2.0135
15.9563,-2.0844
15.96635,-2.1519
15.9764,-2.2083
15.98645,-2.2599
15.99651,-2.2813
16.00656,-2.2689
16.0166,-2.2886
16.02663,-2.2949
16.03666,-2.2839
16.04669,-2.2653
16.05672,-2.2605
16.06676,-2.2446
16.07679,-2.2341
16.08682,-2.2167
16.09685,-2.1847
16.10688,-2.1861
16.11691,-2.1436
16.12695,-2.1384
16.13696,-2.1436
16.14695,-2.1492
16.15694,-2.1502
16.16693,-2.1203
16.17692,-2.0645
16.1869,-2.0032
16.19689,-1.9497
16.20688,-1.9059
16.21687,-1.8665
16.22686,-1.7782
16.23685,-1.6148
16.24684,-1.4725
16.25683,-1.4104
16.26681,-1.352
16.27679,-1.2288
16.28677,-0.9247
16.29675,-0.6785
16.30673,-0.6382
16.31671,-0.3639
16.32669,-0.129
16.33667,-0.0394
16.34665,-0.3328
16.35663,-1.2456
16.36661,-1.4394
16.37659,-1.275
16.38658,-0.8822
16.39657,-0.9876
16.40656,-0.747
16.41655,-0.3261
16.42654,-0.307
16.43653,-0.1094
16.44651,0.1787
16.4565,0.4123
16.46649,0.3402
16.47648,0.1004
16.48647,-0.5711
16.49646,-0.9847
16.50645,-1.2141
16.51645,-1.3853
16.52646,-1.5561
16.53646,-1.7206
16.54647,-1.8576
16.55648,-1.9903
16.56648,-2.1268
16.57649,-2.2498
16.58649,-2.3573
16.5965,-2.4751
16.6065,-2.557
16.61651,-2.6147
16.62652,-2.6768
16.63657,-2.7239
16.64665,-2.7952
16.65674,-2.8704
16.66683,-2.943
16.67691,-2.9931
16.687,-3.018
16.69709,-2.999
16.70717,-2.9567
16.71726,-2.9125
16.72735,-2.8803
16.73744,-2.881
16.74752,-2.9012
16.75761,-2.8791
16.76754,-2.8341
16.77747,-2.7596
16.7874,-2.7414
16.79733,-2.6983
16.80725,-2.6381
16.81718,-2.5759
16.82711,-2.515
16.83704,-2.5141
16.84697,-2.5005
16.8569,-2.4797
16.86682,-2.4844
16.87675,-2.4838
16.88675,-2.4418
16.89681,-2.4267
16.90687,-2.368
16.91693,-2.2859
16.92699,-2.1944
16.93706,-2.12
16.94712,-2.0698
16.95718,-2.0418
16.96724,-2.013
16.9773,-1.9795
16.98736,-1.8982
16.99742,-1.7993
17.00748,-1.6991
17.01749,-1.6467
17.02749,-1.5442
17.0375,-1.3325
17.0475,-1.0962
17.0575,-0.8277
17.06751,-0.7423
17.07751,-0.4455
17.08752,-0.3159
17.09752,-0.1548
17.10752,0.3094
17.11753,0.3575
17.12753,0.4542
17.13754,0.6491
17.14754,0.9528
17.15754,1.2085
17.16755,1.2132
17.17755,1.0762
17.18755,1.1884
17.19755,1.2221
17.20755,1.1879
17.21756,0.9863
17.22756,0.5589
17.23756,0.0762
17.24756,-0.3505
17.25756,-0.7007
17.26756,-1.0031
17.27755,-1.2614
17.28755,-1.4474
17.29754,-1.535
17.30754,-1.5775
17.31753,-1.5919
17.32752,-1.6001
17.33752,-1.6305
17.34751,-1.6853
17.35751,-1.7263
17.3675,-1.7296
17.37749,-1.7752
17.38753,-1.853
17.3976,-1.9714
17.40767,-2.0585
17.41774,-2.1365
17.4278,-2.1996
17.43787,-2.2387
17.44794,-2.2794
17.45801,-2.2716
17.46808,-2.3297
17.47815,-2.3204
17.48821,-2.316
17.49828,-2.3134
17.50835,-2.3413
17.51825,-2.3377
17.52814,-2.2986
17.53803,-2.2676
17.54793,-2.2015
17.55782,-2.1167
17.56772,-2.0572
17.57761,-2.0196
17.58751,-2.0208
17.5974,-1.9805
17.60729,-1.9379
17.61719,-1.8456
17.62708,-1.7388
17.63703,-1.5378
17.64704,-1.3025
17.65704,-1.0253
17.66704,-0.8726
17.67704,-0.6299
17.68704,-0.4935
17.69705,-0.3582
17.70705,-0.0342
17.71705,0.0802
17.72705,0.2754
17.73706,0.2829
17.74706,0.0527
17.75706,0.0883
17.76708,0.2823
17.7771,0.4404
17.78712,0.7737
17.79714,1.1803
17.80716,1.7296
17.81718,2.229
17.8272,2.3963
17.83722,2.0958
17.84723,1.6957
17.85725,0.804
17.86727,-0.2878
17.87729,-1.1521
17.8873,-1.6148
17.89729,-1.8081
17.90729,-1.8822
17.91728,-1.9556
17.92728,-2.0034
17.93727,-2.07
17.94727,-2.1042
17.95726,-2.0936
17.96725,-1.9951
17.97725,-1.9042
17.98724,-1.8518
17.99724,-1.8246
18.00723,-1.8305
18.01731,-1.8266
18.02738,-1.8376
18.03745,-1.8346
18.04753,-1.8367
18.0576,-1.8409
18.06767,-1.8409
18.07775,-1.8195
18.08782,-1.7933
18.09789,-1.7821
18.10797,-1.7683
18.11804,-1.7709
18.12811,-1.7728
18.13815,-1.7682
18.14815,-1.7587
18.15815,-1.7361
18.16816,-1.6965
18.17816,-1.6554
18.18816,-1.6109
18.19816,-1.5579
18.20816,-1.5053
18.21816,-1.4435
18.22816,-1.3756
18.23816,-1.3382
18.24816,-1.342
18.25816,-1.3603
18.26822,-1.3738
18.27826,-1.3893
18.28831,-1.4331
18.29835,-1.5036
18.3084,-1.5507
18.31844,-1.6016
18.32848,-1.6431
18.33853,-1.6861
18.34857,-1.7524
18.35862,-1.7943
18.36866,-1.8699
18.37871,-1.9566
18.38875,-2.0285
18.39878,-2.092
18.4088,-2.1501
18.41883,-2.2242
18.42886,-2.2558
18.43889,-2.28
18.44891,-2.3081
18.45894,-2.3058
18.46897,-2.2927
18.479,-2.3095
18.48903,-2.3138
18.49905,-2.2733
18.50908,-2.1924
18.51898,-2.0668
18.52887,-1.9536
18.53876,-1.8753
18.54865,-1.7767
18.55854,-1.6338
18.56843,-1.5024
18.57833,-1.3838
18.58822,-1.2387
18.59811,-1.1508
18.608,-1.0173
18.61789,-0.8868
18.62778,-0.7472
18.63774,-0.4711
18.64777,-0.0921
18.6578,0.134
18.66783,0.2198
18.67785,0.2269
18.68788,0.2148
18.69791,0.2172
18.70793,0.1886
18.71796,0.1451
18.72799,0.124
18.73801,0.1036
18.74804,0.0953
18.75807,0.0549
18.76811,-0.0139
18.77816,-0.0945
18.78821,-0.2013
18.79825,-0.3268
18.8083,-0.4708
18.81835,-0.6297
18.82839,-0.8156
18.83844,-1.0458
18.84849,-1.2966
18.85853,-1.5354
18.86858,-1.7589
18.87862,-1.9356
18.88862,-2.0721
18.89856,-2.1152
18.9085,-2.1314
18.91844,-2.0895
18.92838,-2.0197
18.93832,-1.9768
18.94826,-1.9379
18.9582,-1.916
18.96814,-1.8812
18.97808,-1.8534
18.98802,-1.8224
18.99796,-1.7906
19.0079,-1.7427
19.01787,-1.7118
19.02784,-1.6891
19.03781,-1.6638
19.04778,-1.6739
19.05775,-1.6857
19.06772,-1.6718
19.07768,-1.6927
19.08765,-1.6893
19.09762,-1.6735
19.10759,-1.6619
19.11756,-1.6388
19.12753,-1.6277
19.13761,-1.6129
19.14779,-1.5713
19.15796,-1.4969
19.16814,-1.4287
19.17832,-1.3966
19.1885,-1.3444
19.19868,-1.2649
19.20885,-1.2073
19.21903,-1.1812
19.22921,-1.193
19.23939,-1.218
19.24957,-1.2784
19.25974,-1.3406
19.26967,-1.4597
19.27959,-1.5486
19.28952,-1.6088
19.29944,-1.6365
19.30937,-1.6461
19.31929,-1.5841
19.32922,-1.4872
19.33914,-1.4485
19.34907,-1.424
19.35899,-1.3893
19.36892,-1.3769
19.37884,-1.3679
19.38884,-1.3491
19.39892,-1.4033
19.409,-1.47
19.41908,-1.5542
19.42915,-1.5934
19.43923,-1.5908
19.44931,-1.6055
19.45938,-1.6182
19.46946,-1.6327
19.47954,-1.5857
19.48961,-1.523
19.49969,-1.427
19.50977,-1.3323
19.51969,-1.1933
19.5296,-1.0358
19.53951,-0.8831
19.54942,-0.8117
19.55934,-0.75
19.56925,-0.7509
19.57916,-0.7228
19.58907,-0.8899
19.59899,-0.9313
19.6089,-0.9332
19.61881,-0.6763
19.62872,-0.5055
19.63869,-0.3881
19.64868,-0.3064
19.65867,-0.2961
19.66866,-0.3062
19.67865,-0.3572
19.68863,-0.3706
19.69862,-0.3571
19.70861,-0.3206
19.7186,-0.2767
19.72859,-0.2478
19.73858,-0.2018
19.74857,-0.1114
19.75856,-0.1089
19.76857,-0.3101
19.77858,-0.9459
19.78859,-1.1619
19.7986,-0.8415
19.80861,-0.8833
19.81862,-0.7256
19.82863,-0.6318
19.83864,-0.5354
19.84865,-0.4636
19.85866,-0.4784
19.86867,-0.4522
19.87868,-0.5417
19.88869,-0.7195
19.89868,-1.0615
19.90868,-1.3808
19.91868,-1.6329
19.92867,-1.8169
19.93867,-1.9402
19.94867,-2.0489
19.95867,-2.1051
19.96866,-2.1745
19.97866,-2.1083
19.98866,-1.9826
19.99866,-1.8524
20.00865,-1.7833
20.01862,-1.7677
20.02859,-1.7562
20.03856,-1.7684
20.04852,-1.7425
20.05849,-1.7545
20.06845,-1.754
20.07842,-1.7637
20.08839,-1.7496
20.09835,-1.7597
20.10832,-1.7556
20.11828,-1.7239
20.12825,-1.6797
20.13824,-1.6575
20.14826,-1.6619
20.15828,-1.6795
20.1683,-1.7017
20.17832,-1.7086
20.18834,-1.7078
20.19835,-1.6799
20.20837,-1.619
20.21839,-1.5498
20.22841,-1.4862
20.23843,-1.4288
20.24845,-1.3613
20.25846,-1.3086
20.26855,-1.2672
20.27863,-1.2226
20.28871,-1.1794
20.29879,-1.1201
20.30888,-1.0358
20.31896,-0.966
20.32904,-1.07
20.33912,-1.0553
20.3492,-1.0806
20.35928,-0.975
20.36937,-0.9318
20.37945,-0.8865
20.38948,-0.8893
20.39945,-0.8845
20.40942,-0.7499
20.41939,-0.7102
20.42936,-0.6492
20.43934,-0.6389
20.44931,-0.408
20.45928,-0.1085
20.46925,0.2464
20.47922,0.4902
20.4892,0.3992
20.49917,0.4944
20.50914,0.5026
20.51917,0.453
20.5292,0.3858
20.53923,0.3007
20.54926,0.2064
20.55929,0.081
20.56932,-0.0342
20.57935,-0.0693
20.58938,-0.0391
20.59941,0.0702
20.60944,0.2182
20.61946,0.3018
20.62949,0.2975
20.63951,0.2849
20.6495,0.2005
20.65949,0.0459
20.66949,-0.1703
20.67948,-0.3954
20.68947,-0.6782
20.69946,-0.9596
20.70946,-1.2125
20.71945,-1.4266
20.72944,-1.6354
20.73944,-1.8178
20.74943,-1.9496
20.75942,-2.0156
20.76942,-2.0117
20.77942,-1.9613
20.78942,-1.8971
20.79941,-1.8624
20.80941,-1.853
20.81941,-1.863
20.8294,-1.866
20.8394,-1.899
20.8494,-1.9354
20.85939,-1.9433
20.86939,-2
20.87938,-2.0237
20.88939,-2.0587
20.89938,-2.0781
20.90937,-2.0971
20.91936,-2.1181
20.92935,-2.135
20.93934,-2.1212
20.94933,-2.113
20.95932,-2.0952
20.96931,-2.0713
20.97931,-2.0445
20.9893,-2.038
20.99929,-2.026
21.00928,-1.984
21.01927,-1.9371
21.02927,-1.8389
21.03926,-1.7159
21.04926,-1.5728
21.05925,-1.4893
21.06924,-1.4368
21.07924,-1.3837
21.08923,-1.3191
21.09923,-1.2439
21.10922,-1.128
21.11921,-1.01
21.12921,-0.9359
21.13921,-0.9047
21.14921,-0.8139
21.15921,-0.6984
21.16921,-0.6372
21.17921,-0.6246
21.18921,-0.6312
21.19921,-0.6498
21.20922,-0.5977
21.21922,-0.3904
21.22922,-0.2833
21.23922,-0.2173
21.24922,0.1283
21.25922,0.4835
21.26921,0.6448
21.2792,0.5479
21.28919,0.657
21.29918,0.5739
21.30918,0.2984
21.31917,0.211
21.32916,0.1686
21.33915,0.0864
21.34914,-0.0875
21.35913,-0.3044
21.36912,-0.5064
21.37911,-0.713
21.38915,-0.9113
21.39923,-1.0802
21.40931,-1.2539
21.41939,-1.4469
21.42947,-1.6694
21.43955,-1.8973
21.44963,-2.0962
21.45971,-2.2131
21.46979,-2.2714
21.47987,-2.2824
21.48994,-2.2834
21.50002,-2.2277
21.5101,-2.2236
21.5201,-2.2368
21.53007,-2.2632
21.54005,-2.2655
21.55003,-2.2875
21.56,-2.2948
21.56998,-2.3034
21.57996,-2.2909
21.58993,-2.2827
21.59991,-2.2629
21.60989,-2.2457
21.61986,-2.2332
21.62984,-2.2495
21.63984,-2.2389
21.64986,-2.2149
21.65988,-2.1974
21.6699,-2.169
21.67991,-2.1374
21.68993,-2.1257
21.69995,-2.1026
21.70997,-2.0905
21.71999,-2.0931
21.73001,-2.1428
21.74002,-2.1921
21.75004,-2.2354
21.76006,-2.2449
21.77009,-2.2569
21.78011,-2.263
21.79013,-2.2583
21.80015,-2.2462
21.81017,-2.1851
21.82019,-2.1186
21.83021,-2.0625
21.84023,-2.0165
21.85025,-1.9478
21.86027,-1.8758
21.87029,-1.7754
21.88032,-1.6611
21.89033,-1.5261
21.90033,-1.3321
21.91033,-1.1397
21.92032,-1.012
21.93032,-1.0818
21.94032,-1.0867
21.95032,-1.0044
21.96032,-0.9218
21.97032,-0.9334
21.98032,-1.0619
21.99031,-1.1056
22.00031,-1.0661
22.01031,-0.9207
22.02024,-0.7296
22.03017,-0.5783
22.0401,-0.3482
22.05002,-0.2055
22.05995,-0.184
22.06988,-0.1233
22.07981,-0.0844
22.08974,-0.0777
22.09966,-0.089
22.10959,-0.1712
22.11952,-0.4371
22.12945,-0.7343
22.13943,-0.967
22.14948,-1.1632
22.15952,-1.3213
22.16957,-1.4616
22.17961,-1.5994
22.18966,-1.7566
22.1997,-1.9348
22.20974,-2.0924
22.21979,-2.2211
22.22983,-2.3092
22.23987,-2.3501
22.24992,-2.3689
22.25996,-2.3633
22.26995,-2.351
22.27994,-2.3417
22.28993,-2.3157
22.29992,-2.3127
22.3099,-2.3186
22.31989,-2.342
22.32988,-2.3542
22.33987,-2.4596
22.34986,-2.4875
22.35984,-2.503
22.36983,-2.4859
22.37982,-2.4377
22.38982,-2.387
22.39984,-2.3115
22.40986,-2.2772
22.41988,-2.2529
22.4299,-2.2368
22.43992,-2.2379
22.44994,-2.2196
22.45996,-2.1998
22.46998,-2.186
22.48,-2.1419
22.49002,-2.1008
22.50004,-2.0829
22.51006,-2.0691
22.52011,-2.0494
22.53017,-2.0339
22.54022,-2.0238
22.55028,-2.0043
22.56033,-1.9608
22.57038,-1.925
22.58044,-1.879
22.59049,-1.8369
22.60055,-1.8077
22.6106,-1.8047
22.62066,-1.7905
22.63071,-1.7555
22.64073,-1.693
22.6507,-1.6194
22.66067,-1.5545
22.67064,-1.4179
22.68062,-1.2478
22.69059,-1.1041
22.70056,-0.9604
22.71053,-0.803
22.7205,-0.7159
22.73047,-0.7114
22.74045,-0.721
22.75042,-0.8281
22.76039,-0.7875
22.77038,-0.6631
22.78037,-0.3707
22.79037,-0.2271
22.80036,-0.0823
22.81035,-0.0148
22.82034,0.0313
22.83033,0.0705
22.84032,0.1198
22.85032,0.1838
22.86031,0.261
22.8703,0.3554
22.88029,0.4638
22.8903,0.5483
22.9003,0.6109
22.9103,0.6305
22.92029,0.6834
22.93029,0.7512
22.94029,0.8263
22.95028,0.9169
22.96028,1.0135
22.97028,1.0653
22.98027,1.0716
22.99027,1.0691
23.00027,1.0517
23.01026,0.9951
23.02027,0.9105
23.03027,0.808
23.04027,0.7065
23.05027,0.5653
23.06027,0.3551
23.07028,0.1321
23.08028,-0.0866
23.09028,-0.277
23.10028,-0.4106
23.11028,-0.5353
23.12029,-0.6597
23.13029,-0.7663
23.14029,-0.8734
23.1503,-0.9792
23.1603,-1.0891
23.1703,-1.194
23.1803,-1.2765
23.1903,-1.3321
23.2003,-1.3959
23.21031,-1.4275
23.22031,-1.4507
23.23031,-1.4561
23.24031,-1.4799
23.25031,-1.4684
23.26031,-1.4335
23.27032,-1.4347
23.28032,-1.4354
23.29031,-1.3965
23.30031,-1.3893
23.31031,-1.3714
23.32031,-1.3804
23.33031,-1.4162
23.34031,-1.4271
23.3503,-1.4158
23.3603,-1.3935
23.3703,-1.3497
23.3803,-1.3117
23.3903,-1.3113
23.4003,-1.3256
23.41029,-1.3126
23.42029,-1.3105
23.43029,-1.272
23.44028,-1.2096
23.45028,-1.1187
23.46028,-1.0156
23.47027,-0.9357
23.48027,-1.0629
23.49027,-0.9313
23.50027,-0.7327
23.51026,-0.7647
23.52036,-0.3531
23.53045,0.0035
23.54054,-0.0733
23.55063,-0.339
23.56072,-0.857
23.57081,-0.9122
23.5809,-0.9134
23.59099,-0.7893
23.60108,-0.7096
23.61117,-0.5863
23.62126,-0.3504
23.63135,-0.4956
23.6414,-0.4647
23.6514,-0.2727
23.6614,-0.2729
23.6714,-0.3975
23.6814,-0.3816
23.6914,-0.4477
23.7014,-0.4769
23.7114,-0.5167
23.7214,-0.6598
23.7314,-0.9185
23.7414,-1.1466
23.7514,-1.3625
23.7614,-1.5434
23.7714,-1.7122
23.78139,-1.8504
23.79139,-1.9772
23.80138,-2.0857
23.81137,-2.2021
23.82137,-2.2462
23.83136,-2.2677
23.84135,-2.2541
23.85135,-2.2339
23.86134,-2.2109
23.87133,-2.224
23.88133,-2.2076
23.89136,-2.2021
23.90143,-2.2296
23.9115,-2.2513
23.92157,-2.2634
23.93164,-2.2965
23.94171,-2.3532
23.95177,-2.3407
23.96184,-2.3047
23.97191,-2.258
23.98198,-2.2328
23.99205,-2.1997
24.00212,-2.1605
24.01219,-2.131
24.02219,-2.0787
24.03219,-2.0384
24.04219,-2.0065
24.05219,-1.968
24.06219,-1.9489
24.07219,-1.9032
24.08218,-1.8876
24.09218,-1.8695
24.10218,-1.8709
24.11218,-1.86
24.12218,-1.8699
24.13218,-1.8364
24.14214,-1.8351
24.15206,-1.813
24.16197,-1.7745
24.17189,-1.7451
24.18181,-1.7237
24.19173,-1.6816
24.20165,-1.6494
24.21157,-1.6042
24.22149,-1.5651
24.23141,-1.5421
24.24132,-1.5097
24.25124,-1.4853
24.26116,-1.4737
24.27117,-1.4543
24.28118,-1.4348
24.29118,-1.396
24.30119,-1.4211
24.31119,-1.3475
24.3212,-1.1848
24.3312,-1.071
24.34121,-0.9664
24.35121,-0.7948
24.36122,-0.6785
24.37122,-0.6313
24.38123,-0.6195
24.39124,-0.6306
24.40123,-0.6579
24.41123,-0.6467
24.42122,-0.5847
24.43122,-0.5015
24.44121,-0.3717
24.45121,-0.2101
24.4612,-0.0373
24.4712,0.036
24.4812,-0.5366
24.49119,-0.423
24.50119,-0.1918
24.51118,0.2581
24.52117,0.3968
24.53116,-0.5338
24.54114,-0.3466
24.55113,-0.2657
24.56111,-0.2202
24.57109,-0.1853
24.58108,-0.1909
24.59106,-0.2441
24.60105,-0.1802
24.61103,-0.2177
24.62102,-0.3073
24.631,-0.3898
24.64104,-0.5539
24.65112,-0.903
24.66121,-1.2709
24.67129,-1.5737
24.68138,-1.8214
24.69146,-2.0522
24.70155,-2.2382
24.71163,-2.3971
24.72171,-2.5442
24.7318,-2.63
24.74188,-2.5719
24.75197,-2.5282
24.76205,-2.533
24.77205,-2.4048
24.78205,-2.3112
24.79204,-2.2376
24.80203,-2.2055
24.81203,-2.2244
24.82202,-2.2109
24.83202,-2.1846
24.84201,-2.1661
24.85201,-2.1865
24.862,-2.1924
24.872,-2.2308
24.88199,-2.2728
24.89199,-2.2982
24.90197,-2.3481
24.91194,-2.3328
24.92191,-2.2837
24.93189,-2.265
24.94186,-2.221
24.95183,-2.1672
24.96181,-2.0743
24.97178,-2.0029
24.98175,-1.9342
24.99172,-1.8714
25.0017,-1.8169
25.01167,-1.7863
25.02171,-1.7589
25.03173,-1.7381
25.04175,-1.7321
25.05177,-1.7048
25.0618,-1.6602
25.07182,-1.5984
25.08184,-1.5469
25.09186,-1.4848
25.10188,-1.4316
25.11191,-1.3879
25.12193,-1.3471
25.13195,-1.3121
25.14197,-1.2343
25.15199,-1.1374
25.162,-1.0471
25.17201,-0.9747
25.18203,-0.9384
25.19204,-0.953
25.20205,-0.9495
25.21207,-1.0613
25.22208,-1.1018
25.2321,-1.1446
25.24211,-1.1883
25.25212,-1.2117
25.26214,-1.1972
25.27215,-1.0208
25.28217,-0.7978
25.29218,-0.9505
25.30219,-0.8742
25.31221,-0.5212
25.32222,-0.429
25.33223,-0.4081
25.34225,-0.4322
25.35226,-0.5021
25.36228,-0.5279
25.37229,-0.6448
25.3823,-0.7715
25.3923,-0.8912
25.40226,-0.9693
25.41222,-1.0886
25.42218,-1.2238
25.43213,-1.2991
25.44209,-1.3485
25.45205,-1.3897
25.46202,-1.3962
25.47198,-1.4347
25.48194,-1.448
25.4919,-1.4249
25.50186,-1.4205
25.51182,-1.4281
25.52189,-1.437
25.53196,-1.4699
25.54204,-1.4488
25.55211,-1.4643
25.56218,-1.4901
25.57225,-1.4856
25.58233,-1.4898
25.5924,-1.4919
25.60247,-1.4809
25.61255,-1.449
25.62262,-1.3974
25.63269,-1.3608
25.64268,-1.3181
25.65258,-1.2759
25.66248,-1.2376
25.67237,-1.1721
25.68227,-1.1088
25.69217,-1.0454
25.70207,-1.005
25.71197,-0.9751
25.72187,-0.9648
25.73176,-0.9343
25.74166,-0.9306
25.75156,-0.8991
25.76146,-0.8889
25.77145,-0.8739
25.78144,-0.8343
25.79144,-0.8046
25.80143,-0.7741
25.81142,-0.7599
25.82141,-0.7416
25.8314,-0.7193
25.84139,-0.7038
25.85139,-0.6577
25.86138,-0.5731
25.87137,-0.5224
25.88136,-0.5069
25.89142,-0.5637
25.90154,-0.6065
25.91167,-0.4916
25.92179,-0.4671
25.93192,-0.2825
25.94204,-0.2019
25.95216,-0.0795
25.96229,-0.0498
25.97241,-0.0555
25.98253,-0.0537
25.99266,-0.044
26.00278,-0.0651
26.01291,-0.0746
26.02286,-0.0373
26.03281,0.0086
26.04276,0.0846
26.05271,0.1555
26.06266,0.2164
26.07261,0.2339
26.08256,0.2092
26.09251,0.1623
26.10246,0.1177
26.11241,0.0895
26.12236,0.0452
26.13231,0.0307
26.14228,0.0085
26.15229,0.0181
26.16229,0.1507
26.17229,0.2691
26.18229,0.344
26.1923,0.3995
26.2023,0.4068
26.2123,0.4349
26.2223,0.5224
26.2323,0.6011
26.24231,0.6608
26.25231,0.691
26.26231,0.6346
26.27234,0.5044
26.28236,0.3192
26.29238,0.0993
26.3024,-0.1269
26.31242,-0.3069
26.32244,-0.4633
26.33246,-0.6011
26.34249,-0.7282
26.35251,-0.8354
26.36253,-0.9235
26.37255,-1.0042
26.38257,-1.126
26.39259,-1.2988
26.40258,-1.4656
26.41258,-1.6002
26.42258,-1.7155
26.43257,-1.8035
26.44257,-1.8744
26.45257,-1.9002
26.46256,-1.8722
26.47256,-1.8316
26.48256,-1.8054
26.49256,-1.7211
26.50255,-1.6126
26.51255,-1.5495
26.52254,-1.4738
26.53253,-1.3864
26.54252,-1.2954
26.55251,-1.2205
26.5625,-1.1573
26.57249,-1.1269
26.58249,-1.0753
26.59248,-0.9103
26.60246,-0.7161
26.61246,-0.2724
26.62245,0.3273
26.63244,0.9076
26.64244,1.2521
26.65244,1.4632
26.66244,1.5381
26.67244,1.3234
26.68244,1.0436
26.69243,0.8714
26.70243,0.8062
26.71243,0.8555
26.72243,0.929
26.73244,1.0048
26.74243,1.1075
26.75243,1.1627
26.76243,1.202
26.7724,1.1832
26.78237,1.1475
26.79234,1.1588
26.8023,1.2088
26.81227,1.2227
26.82224,1.1442
26.8322,0.9745
26.84217,0.7589
26.85214,0.5008
26.8621,0.2794
26.87207,0.0445
26.88204,-0.2211
26.89207,-0.4531
26.90214,-0.6303
26.91222,-0.7723
26.92229,-0.9375
26.93237,-1.1009
26.94245,-1.2554
26.95252,-1.3886
26.9626,-1.4772
26.97268,-1.5228
26.98275,-1.5456
26.99283,-1.5623
27.00291,-1.5572
27.01298,-1.6058
27.02302,-1.6329
27.03304,-1.6632
27.04307,-1.6778
27.0531,-1.7015
27.06313,-1.7653
27.07316,-1.8348
27.08319,-1.8727
27.09321,-1.879
27.10324,-1.7979
27.11327,-1.6836
27.1233,-1.5812
27.13333,-1.5027
27.14334,-1.4583
27.15333,-1.4058
27.16332,-1.3922
27.1733,-1.3797
27.18329,-1.3455
27.19328,-1.2999
27.20327,-1.2702
27.21326,-1.116
27.22325,-0.6455
27.23323,0.0591
27.24322,0.7675
27.25321,1.4523
27.2632,1.727
27.2732,1.6665
27.28321,1.3098
27.29321,1.0195
27.30321,0.9223
27.31321,0.9313
27.32321,1.0069
27.33321,1.0563
27.34321,1.0459
27.35321,0.9728
27.36321,0.8728
27.37321,0.8064
27.38321,0.7658
27.39323,0.5564
27.40327,0.2087
27.41331,-0.2014
27.42336,-0.5588
27.4334,-0.8446
27.44344,-1.074
27.45348,-1.2836
27.46352,-1.4487
27.47356,-1.5352
27.4836,-1.5516
27.49364,-1.5486
27.50368,-1.5063
27.51373,-1.4458
27.5237,-1.3673
27.53366,-1.3139
27.54363,-1.2698
27.5536,-1.2296
27.56357,-1.2124
27.57354,-1.2025
27.58351,-1.1815
27.59348,-1.1838
27.60345,-1.1926
27.61342,-1.1991
27.62339,-1.2062
27.63336,-1.2249
27.64334,-1.2341
27.65333,-1.2533
27.66332,-1.2708
27.67331,-1.3051
27.6833,-1.3459
27.69329,-1.37
27.70328,-1.3985
27.71326,-1.3981
27.72325,-1.395
27.73324,-1.3739
27.74323,-1.3451
27.75322,-1.3124
27.76321,-1.2933
27.77324,-1.2652
27.78327,-1.2518
27.79329,-1.257
27.80332,-1.2411
27.81335,-1.233
27.82337,-1.2433
27.8334,-1.2383
27.84343,-1.2204
27.85345,-1.1956
27.86348,-1.1586
27.87351,-1.1192
27.88354,-1.0876
27.89353,-1.0607
27.90348,-1.0843
27.91344,-1.093
27.92339,-1.1167
27.93335,-1.1427
27.9433,-1.1687
27.95326,-1.2084
27.96321,-1.2289
27.97317,-1.2359
27.98313,-1.2726
27.99308,-1.311
28.00304,-1.3396
28.01299,-1.3234
28.023,-1.2887
28.033,-1.256
28.043,-1.2289
28.05301,-1.1799
28.06301,-1.1048
28.07302,-0.9965
28.08302,-0.8702
28.09302,-0.7512
28.10302,-0.6624
28.11303,-0.5681
28.12303,-0.5088
28.13303,-0.4712
28.14311,-0.4557
28.15327,-0.4203
28.16343,-0.3749
28.17358,-0.2956
28.18374,-0.1837
28.1939,-0.0757
28.20405,0.0501
28.21421,0.1947
28.22437,0.3256
28.23453,0.4333
28.24468,0.5598
28.25484,0.6444
28.265,0.7038
28.27498,0.7304
28.28496,0.7279
28.29494,0.6894
28.30492,0.6698
28.3149,0.631
28.32488,0.5454
28.33487,0.3804
28.34485,0.2646
28.35483,0.1167
28.36481,-0.0402
28.37479,-0.2087
28.38477,-0.3425
28.39474,-0.4799
28.4047,-0.5729
28.41466,-0.6547
28.42462,-0.7228
28.43458,-0.7739
28.44454,-0.8152
28.4545,-0.8859
28.46446,-0.9441
28.47442,-1.0016
28.48438,-1.1103
28.49434,-1.2286
28.5043,-1.3126
28.51427,-1.2968
28.52432,-1.2769
28.53436,-1.1867
28.54441,-1.1409
28.55446,-1.096
28.5645,-1.0709
28.57455,-1.0509
28.5846,-1.0356
28.59464,-1.0125
28.60469,-0.9549
28.61474,-0.8998
28.62479,-0.8418
28.63483,-0.7905
28.6448,-0.7866
28.65468,-0.7671
28.66456,-0.7589
28.67444,-0.748
28.68432,-0.7569
28.6942,-0.7694
28.70408,-0.6891
28.71396,-0.5856
28.72384,-0.5116
28.73372,-0.3541
28.7436,-0.3474
28.75348,-0.6018
28.76336,-0.4512
28.77341,-0.31
28.78345,-0.1079
28.79349,0.135
28.80353,0.389
28.81358,0.5479
28.82362,0.5855
28.83366,0.4405
28.8437,0.1769
28.85374,-0.0307
28.86379,-0.1611
28.87383,-0.213
28.88387,-0.1955
28.89391,-0.106
28.90393,0.02
28.91394,0.1043
28.92396,0.2333
28.93398,0.3129
28.944,0.2856
28.95402,0.1526
28.96404,-0.0332
28.97406,-0.2053
28.98408,-0.372
28.99409,-0.4815
29.00411,-0.6148
29.01413,-0.7368
29.02418,-0.8462
29.03423,-0.9343
29.04428,-0.9944
29.05432,-1.0205
29.06437,-1.1083
29.07442,-1.2278
29.08447,-1.2966
29.09451,-1.336
29.10456,-1.3598
29.11461,-1.372
29.12466,-1.3575
29.13471,-1.3259
29.14473,-1.3283
29.1547,-1.3348
29.16466,-1.3356
29.17463,-1.358
29.18459,-1.3667
29.19455,-1.3449
29.20452,-1.3303
29.21448,-1.3278
29.22445,-1.336
29.23441,-1.3464
29.24438,-1.343
29.25434,-1.3773
29.2643,-1.3957
29.27431,-1.409
29.28431,-1.4266
29.29431,-1.419
29.3043,-1.4091
29.3143,-1.4057
29.3243,-1.3948
29.3343,-1.3745
29.3443,-1.3904
29.3543,-1.4228
29.3643,-1.4509
29.3743,-1.4821
29.3843,-1.4731
29.39433,-1.4667
29.40438,-1.4571
29.41443,-1.4538
29.42448,-1.4581
29.43453,-1.4777
29.44458,-1.4961
29.45463,-1.497
29.46468,-1.4425
29.47473,-1.3858
29.48478,-1.3449
29.49483,-1.3501
29.50488,-1.3416
29.51493,-1.3414
29.52491,-1.3318
29.53489,-1.3056
29.54486,-1.2983
29.55484,-1.2892
29.56481,-1.2828
29.57478,-1.3001
29.58476,-1.2717
29.59473,-1.2276
29.60471,-1.1768
29.61468,-1.1584
29.62465,-1.1177
29.63463,-1.0769
29.64464,-0.9972
29.65469,-0.901
29.66473,-0.8243
29.67478,-0.7649
29.68483,-0.7119
29.69487,-0.6738
29.70492,-0.6336
29.71496,-0.5941
29.72501,-0.5584
29.73506,-0.5323
29.7451,-0.5043
29.75515,-0.5505
29.76519,-0.7193
29.77512,-0.8067
29.78504,-0.7296
29.79495,-0.6456
29.80487,-0.5117
29.81479,-0.4496
29.82471,-0.5958
29.83463,-0.651
29.84455,-0.6062
29.85447,-0.5445
29.86439,-0.552
29.87431,-0.6308
29.88423,-0.7463
29.8942,-0.8631
29.90422,-0.9672
29.91424,-1.0364
29.92426,-1.0652
29.93429,-1.0874
29.94431,-1.1227
29.95433,-1.1831
29.96435,-1.2572
29.97437,-1.3324
29.98439,-1.3909
29.99442,-1.4084
30.00444,-1.4499
30.01446,-1.5195
30.02446,-1.5156
30.03446,-1.5576
30.04446,-1.359
30.05446,-1.315
30.06446,-1.2726
30.07446,-1.1936
30.08446,-1.181
30.09446,-1.1618
30.10446,-1.1067
30.11446,-1.0402
30.12446,-1.016
30.13446,-1.0333
30.1445,-1.0279
30.15456,-0.9986
30.16463,-0.9852
30.1747,-0.9933
30.18477,-0.9758
30.19484,-0.9601
30.20491,-0.9525
30.21498,-0.9702
30.22505,-0.9851
30.23512,-0.9936
30.24519,-0.9246
30.25526,-0.8276
30.26533,-0.7189
30.27527,-0.6595
30.28519,-0.6341
30.29512,-0.6372
30.30505,-0.6651
30.31498,-0.6787
30.32491,-0.7644
30.33483,-0.7963
30.34476,-0.8456
30.35469,-0.8983
30.36462,-0.9103
30.37454,-0.8603
30.38447,-0.9032
30.39447,-0.9143
30.40453,-1.0356
30.41459,-1.1019
30.42465,-1.1136
30.43471,-1.0525
30.44477,-1.0493
30.45483,-0.9978
30.4649,-0.9712
30.47496,-0.9482
30.48502,-0.9549
30.49508,-0.9941
30.50514,-1.0307
30.5152,-1.0962
30.52519,-1.1708
30.53518,-1.2433
30.54516,-1.3153
30.55515,-1.3739
30.56513,-1.4065
30.57511,-1.4136
30.5851,-1.436
30.59508,-1.4824
30.60507,-1.5351
30.61505,-1.545
30.62504,-1.5805
30.63502,-1.5938
30.64501,-1.6083
30.65501,-1.6209
30.66501,-1.6095
30.675,-1.6266
30.685,-1.6189
30.695,-1.6298
30.705,-1.6488
30.715,-1.6349
30.72499,-1.6128
30.73499,-1.6079
30.74499,-1.6244
30.75499,-1.5935
30.76499,-1.5576
30.77498,-1.5253
30.78497,-1.4616
30.79495,-1.4086
30.80493,-1.3588
30.81492,-1.2976
30.8249,-1.2454
30.83489,-1.2401
30.84487,-1.2405
30.85485,-1.2289
30.86484,-1.2163
30.87482,-1.1855
30.88481,-1.1212
30.89481,-1.069
30.90483,-1.0309
30.91484,-0.9998
30.92486,-0.9675
30.93488,-0.9242
30.9449,-0.8909
30.95491,-0.8667
30.96493,-0.8357
30.97495,-0.8194
30.98497,-0.8119
30.99498,-0.8162
31.005,-0.8258
31.01502,-0.837
31.02504,-0.8172
31.03506,-0.7917
31.04509,-0.7437
31.05511,-0.7032
31.06513,-0.6745
31.07515,-0.6592
31.08517,-0.6616
31.0952,-0.6772
31.10522,-0.6906
31.11524,-0.7029
31.12526,-0.7132
31.13529,-0.7205
31.1453,-0.7297
31.1553,-0.7691
31.1653,-0.7808
31.1753,-0.7714
31.1853,-0.765
31.1953,-0.7829
31.20529,-0.8131
31.21529,-0.8309
31.22529,-0.8114
31.23529,-0.8187
31.24529,-0.788
31.25529,-0.7518
31.26529,-0.7409
31.2753,-0.735
31.2853,-0.7302
31.2953,-0.7409
31.30531,-0.743
31.31531,-0.7725
31.32531,-0.771
31.33531,-0.7711
31.34531,-0.7207
31.35531,-0.7017
31.36531,-0.6726
31.37531,-0.6172
31.38531,-0.5652
31.39534,-0.4937
31.40534,-0.4534
31.41533,-0.4233
31.42533,-0.4122
31.43533,-0.4027
31.44532,-0.3795
31.45532,-0.336
31.46531,-0.2913
31.47531,-0.2593
31.48531,-0.2389
31.4953,-0.2343
31.5053,-0.2196
31.5153,-0.203
31.52536,-0.1835
31.53541,-0.1553
31.54547,-0.1689
31.55552,-0.1722
31.56558,-0.2051
31.57563,-0.2172
31.58569,-0.2482
31.59574,-0.2598
31.6058,-0.2423
31.61585,-0.208
31.62591,-0.2211
31.63596,-0.2196
31.64597,-0.1861
31.65594,-0.1139
31.6659,-0.0699
31.67587,0.0354
31.68583,0.0862
31.6958,-0.0825
31.70576,-0.1978
31.71573,-0.2186
31.72569,-0.2974
31.73566,-0.323
31.74562,-0.3323
31.75559,-0.2827
31.76555,-0.2702
31.77559,-0.3224
31.78561,-0.3937
31.79564,-0.4913
31.80567,-0.648
31.81569,-0.7838
31.82572,-0.8569
31.83574,-0.9092
31.84577,-0.952
31.85579,-0.9671
31.86582,-0.9792
31.87585,-1.0084
31.88587,-1.0501
31.8959,-1.0873
31.90589,-1.1146
31.91588,-1.1502
31.92587,-1.1723
31.93586,-1.1728
31.94585,-1.1926
31.95584,-1.2096
31.96583,-1.2518
31.97582,-1.2459
31.98581,-1.2223
31.99579,-1.2053
32.00578,-1.1906
32.01577,-1.1583
32.02575,-1.1352
32.03572,-1.1351
32.0457,-1.0643
32.05567,-1.0086
32.06565,-0.9543
32.07562,-0.8922
32.08559,-0.8558
32.09557,-0.8488
32.10554,-0.827
32.11552,-0.8107
32.12549,-0.7902
32.13546,-0.7773
32.14545,-0.727
32.15543,-0.7261
32.16542,-0.6588
32.1754,-0.6377
32.18538,-0.6447
32.19536,-0.7134
32.20534,-0.7393
32.21532,-0.7325
32.2253,-0.7593
32.23528,-0.7893
32.24526,-0.7446
32.25524,-0.7472
32.26522,-0.7114
32.27523,-0.6642
32.28524,-0.5867
32.29525,-0.434
32.30526,-0.3191
32.31527,-0.2816
32.32528,-0.3056
32.33528,-0.3368
32.34529,-0.3687
32.3553,-0.4338
32.3653,-0.4795
32.37531,-0.511
32.38532,-0.5172
32.39534,-0.5325
32.40538,-0.6816
32.41541,-0.7432
32.42545,-0.793
32.43548,-0.6251
32.44551,-0.4366
32.45555,-0.3714
32.46558,-0.4726
32.47562,-0.5181
32.48565,-0.5129
32.49569,-0.4447
32.50572,-0.3428
32.51575,-0.2673
32.52572,-0.1883
32.53569,-0.1232
32.54565,-0.1007
32.55562,-0.1348
32.56559,-0.2253
32.57555,-0.3966
32.58552,-0.5509
32.59549,-0.6901
32.60545,-0.7724
32.61542,-0.806
32.62538,-0.814
32.63535,-0.8142
32.64537,-0.8078
32.65545,-0.8388
32.66552,-0.9261
32.67559,-1.0022
32.68566,-1.0399
32.69573,-1.0084
32.7058,-0.9595
32.71587,-0.93
32.72594,-0.8746
32.73602,-0.7952
32.74609,-0.753
32.75616,-0.6749
32.76623,-0.6702
32.77626,-0.5792
32.78628,-0.5305
32.7963,-0.5503
32.80633,-0.5383
32.81635,-0.4795
32.82637,-0.4079
32.8364,-0.3331
32.84642,-0.3228
32.85644,-0.3
32.86646,-0.3132
32.87649,-0.3087
32.88651,-0.3174
32.89652,-0.3414
32.90652,-0.338
32.91652,-0.3272
32.92652,-0.3051
32.93652,-0.2742
32.94652,-0.2676
32.95652,-0.2666
32.96651,-0.2822
32.97651,-0.2905
32.98651,-0.3014
32.99651,-0.2852
33.00651,-0.2799
33.01651,-0.2716
33.02652,-0.2637
33.03652,-0.2454
33.04652,-0.2218
33.05651,-0.2285
33.06651,-0.2401
33.0765,-0.244
33.0865,-0.2457
33.0965,-0.2301
33.10649,-0.2071
33.11649,-0.1912
33.12648,-0.1947
33.13648,-0.1898
33.14648,-0.1729
33.15647,-0.1598
33.16647,-0.1605
33.17646,-0.1824
33.18645,-0.2242
33.19645,-0.2474
33.20645,-0.2796
33.21644,-0.309
33.22644,-0.3259
33.23643,-0.3176
33.24643,-0.3004
33.25642,-0.2845
33.26641,-0.2576
33.27639,-0.251
33.28635,-0.241
33.29632,-0.2524
33.30629,-0.2571
33.31626,-0.2506
33.32623,-0.2914
33.33619,-0.2931
33.34616,-0.3916
33.35613,-0.428
33.3661,-0.4798
33.37606,-0.5522
33.38603,-0.5517
33.39607,-0.5917
33.40618,-0.6064
33.41628,-0.6632
33.42639,-0.6724
33.43649,-0.7174
33.4466,-0.8156
33.4567,-0.9089
33.46681,-0.999
33.47691,-1.0896
33.48702,-1.0907
33.49712,-1.0904
33.50723,-1.1406
33.51733,-1.2186
33.52726,-1.2437
33.53718,-1.2831
33.5471,-1.303
33.55702,-1.3192
33.56694,-1.3217
33.57686,-1.3619
33.58678,-1.4167
33.5967,-1.5082
33.60662,-1.5617
33.61655,-1.6085
33.62647,-1.6416
33.63639,-1.645
33.64634,-1.6315
33.6563,-1.6383
33.66627,-1.6469
33.67624,-1.5901
33.6862,-1.5253
33.69617,-1.4987
33.70613,-1.5307
33.7161,-1.54
33.72607,-1.5201
33.73603,-1.5103
33.746,-1.5051
33.75596,-1.4736
33.76593,-1.4592
33.77604,-1.4207
33.78614,-1.4362
33.79625,-1.4342
33.80635,-1.4367
33.81646,-1.4218
33.82656,-1.4185
33.83666,-1.4375
33.84677,-1.4252
33.85687,-1.3835
33.86697,-1.3465
33.87708,-1.3397
33.88718,-1.3381
33.89722,-1.3414
33.90718,-1.3616
33.91715,-1.376
33.92712,-1.3883
33.93709,-1.3617
33.94706,-1.3228
33.95703,-1.3078
33.967,-1.2829
33.97696,-1.2581
33.98693,-1.2378
33.9969,-1.2073
34.00687,-1.2017
34.01683,-1.2475
34.02687,-1.2712
34.03688,-1.2816
34.0469,-1.3049
34.05692,-1.2949
34.06694,-1.2812
34.07696,-1.2809
34.08698,-1.2392
34.097,-1.2503
34.10701,-1.2154
34.11703,-1.1685
34.12705,-1.0926
34.13707,-1.0137
34.14711,-1.0231
34.15718,-1.13
34.16725,-1.2449
34.17731,-1.2299
34.18738,-1.21
34.19745,-1.1754
34.20752,-1.2924
34.21758,-1.4314
34.22765,-1.4555
34.23771,-1.4534
34.24778,-1.4471
34.25785,-1.4035
34.26791,-1.2718
34.27782,-1.3056
34.28773,-1.2119
34.29765,-1.0773
34.30756,-0.9655
34.31746,-0.8888
34.32737,-0.83
34.33728,-0.8359
34.34719,-0.9058
34.3571,-0.9865
34.36701,-1.0503
34.37692,-1.1191
34.38683,-1.1783
34.39678,-1.2153
34.40678,-1.2857
34.41677,-1.3332
34.42676,-1.3587
34.43675,-1.365
34.44675,-1.3784
34.45674,-1.3834
34.46673,-1.3893
34.47673,-1.3964
34.48672,-1.4059
34.49671,-1.41
34.5067,-1.4239
34.5167,-1.4424
34.52672,-1.4598
34.53675,-1.4527
34.54677,-1.435
34.55679,-1.3925
34.56681,-1.3919
34.57684,-1.4124
34.58686,-1.446
34.59688,-1.433
34.6069,-1.3872
34.61692,-1.3592
34.62695,-1.3385
34.63697,-1.3231
34.64697,-1.3053
34.65696,-1.3005
34.66693,-1.2967
34.67692,-1.286
34.6869,-1.2599
34.69688,-1.2394
34.70686,-1.2416
34.71685,-1.2289
34.72683,-1.2195
34.73681,-1.1853
34.74679,-1.1425
34.75677,-1.0881
34.76675,-1.0367
34.77685,-1.0057
34.78693,-0.9972
34.79702,-1.0093
34.80711,-1.026
34.81719,-1.0487
34.82727,-1.0837
34.83736,-1.1303
34.84745,-1.1819
34.85753,-1.1895
34.86761,-1.1561
34.8777,-1.1503
34.88779,-1.1567
34.89782,-1.1554
34.90779,-1.1932
34.91776,-1.2233
34.92773,-1.2285
34.9377,-1.2478
34.94767,-1.2659
34.95765,-1.2623
34.96761,-1.2434
34.97758,-1.2367
34.98756,-1.2308
34.99753,-1.2239
35.0075,-1.2447
35.01747,-1.2711
35.02748,-1.2726
35.03748,-1.2704
35.04747,-1.2754
35.05747,-1.2653
35.06747,-1.2337
35.07747,-1.1867
35.08747,-1.1569
35.09747,-1.1296
35.10747,-1.0909
35.11747,-1.0532
35.12746,-1.0199
35.13746,-1.0004
35.14751,-1.0843
35.15759,-1.1879
35.16767,-1.2997
35.17775,-1.3494
35.18784,-1.4301
35.19792,-1.5484
35.208,-1.6157
35.21808,-1.7378
35.22817,-1.7599
35.23825,-1.721
35.24833,-1.7505
35.25842,-1.6661
35.2685,-1.574
35.27849,-1.9103
35.28848,-1.8165
35.29846,-1.9351
35.30845,-1.9183
35.31843,-1.8866
35.32842,-1.8302
35.33841,-1.7791
35.34839,-1.7418
35.35838,-1.7103
35.36836,-1.694
35.37835,-1.7194
35.38834,-1.7923
35.39829,-1.8681
35.40821,-1.9459
35.41814,-2.0098
35.42806,-2.0576
35.43798,-2.0887
35.44791,-2.1041
35.45783,-2.1179
35.46775,-2.1521
35.47768,-2.1773
35.4876,-2.199
35.49752,-2.2412
35.50745,-2.2832
35.51737,-2.3142
35.5274,-2.3213
35.53743,-2.2956
35.54746,-2.2432
35.55749,-2.1742
35.56752,-2.1313
35.57755,-2.101
35.58757,-2.0713
35.5976,-2.0832
35.60763,-2.065
35.61766,-2.0521
35.62769,-2.0586
35.63772,-2.0766
35.64771,-2.0698
35.65767,-2.0964
35.66763,-2.1353
35.67758,-2.173
35.68754,-2.1742
35.6975,-2.2092
35.70745,-2.212
35.71741,-2.2167
35.72737,-2.208
35.73732,-2.1982
35.74728,-2.1698
35.75724,-2.151
35.7672,-2.1359
35.77723,-2.1325
35.78727,-2.1015
35.7973,-2.1028
35.80733,-2.1035
35.81736,-2.0953
35.8274,-2.0703
35.83743,-2.0796
35.84746,-2.0284
35.85749,-1.9858
35.86753,-1.9113
35.87756,-1.8984
35.88759,-1.8258
35.89769,-1.9104
35.90784,-1.8814
35.91799,-1.8143
35.92814,-1.7668
35.93829,-1.7207
35.94844,-1.652
35.95859,-1.6303
35.96875,-1.5616
35.9789,-1.5472
35.98905,-1.4126
35.9992,-1.1476
36.00935,-0.9341
36.0195,-0.8936
36.02944,-0.9867
36.03938,-0.9479
36.04931,-0.9723
36.05925,-1.1256
36.06919,-1.301
36.07912,-1.4452
36.08906,-1.5788
36.099,-1.7006
36.10894,-1.7663
36.11887,-1.7949
36.12881,-1.7977
36.13875,-1.7951
36.14871,-1.7778
36.15871,-1.7672
36.16871,-1.7601
36.17871,-1.7608
36.18871,-1.762
36.19872,-1.7731
36.20871,-1.7865
36.21872,-1.7685
36.22871,-1.7507
36.23872,-1.7178
36.24871,-1.6619
36.25872,-1.6485
36.26871,-1.6282
36.2787,-1.6049
36.28867,-1.5698
36.29864,-1.552
36.30861,-1.5424
36.31858,-1.5398
36.32855,-1.5424
36.33852,-1.57
36.3485,-1.5852
36.35847,-1.5722
36.36844,-1.5623
36.37841,-1.5393
36.38838,-1.5231
36.39837,-1.5052
36.40837,-1.4786
36.41837,-1.4463
36.42837,-1.4434
36.43837,-1.4222
36.44837,-1.3956
36.45837,-1.3713
36.46838,-1.3441
36.47837,-1.3227
36.48838,-1.2793
36.49838,-1.2279
36.50838,-1.1976
36.51838,-1.1803
36.5284,-1.1635
36.53841,-1.168
36.54841,-1.1554
36.55842,-1.1641
36.56842,-1.157
36.57843,-1.1732
36.58844,-1.1804
36.59844,-1.1814
36.60845,-1.171
36.61845,-1.1364
36.62846,-1.129
36.63847,-1.1102
36.64845,-1.0976
36.65841,-1.111
36.66837,-1.1332
36.67833,-1.1557
36.68828,-1.1522
36.69824,-1.1496
36.7082,-1.1267
36.71815,-1.1134
36.72811,-1.1128
36.73807,-1.1109
36.74803,-1.1381
36.75798,-1.1584
36.76794,-1.1488
36.77798,-1.1322
36.78801,-1.1032
36.79805,-1.0948
36.80808,-1.0749
36.81812,-1.0604
36.82816,-1.0558
36.83819,-1.064
36.84823,-1.0683
36.85826,-1.0542
36.8683,-0.9869
36.87834,-0.9183
36.88837,-0.8579
36.89839,-0.8519
36.90838,-0.8518
36.91837,-0.827
36.92836,-0.742
36.93835,-0.7072
36.94834,-0.7064
36.95834,-0.6943
36.96833,-0.744
36.97832,-0.8167
36.98831,-0.8912
36.9983,-0.9376
37.00829,-0.963
37.01828,-0.9554
37.02837,-0.9636
37.03845,-0.9727
37.04854,-0.9407
37.05862,-0.8775
37.06871,-0.8302
37.0788,-0.7917
37.08888,-0.7763
37.09896,-0.7621
37.10905,-0.7754
37.11914,-0.7507
37.12922,-0.7047
37.13931,-0.6675
37.14935,-0.6663
37.15931,-0.6669
37.16927,-0.6895
37.17923,-0.7375
37.18919,-0.8075
37.19914,-0.8717
37.2091,-0.9021
37.21906,-0.9167
37.22902,-0.9352
37.23898,-0.929
37.24894,-0.8973
37.25889,-0.9335
37.26885,-0.8956
37.27885,-0.8688
37.28885,-0.8648
37.29885,-0.8708
37.30884,-0.8636
37.31884,-0.8211
37.32883,-0.7879
37.33883,-0.7719
37.34883,-0.7632
37.35883,-0.7505
37.36882,-0.7311
37.37882,-0.6932
37.38882,-0.6677
37.39883,-0.6378
37.40885,-0.639
37.41887,-0.6561
37.42889,-0.6799
37.43892,-0.654
37.44894,-0.6341
37.45896,-0.5883
37.46898,-0.568
37.479,-0.5994
37.48903,-0.5982
37.49905,-0.5874
37.50907,-0.5542
37.51909,-0.5616
37.5291,-0.558
37.5391,-0.5541
37.54911,-0.4664
37.55911,-0.3301
37.56911,-0.1545
37.57912,-0.0754
37.58912,-0.5743
37.59912,-0.8612
37.60913,-0.9681
37.61913,-1.1766
37.62914,-1.288
37.63914,-1.3157
37.64912,-1.3248
37.65909,-1.2507
37.66905,-1.1915
37.67901,-1.1901
37.68898,-1.2365
37.69894,-1.2606
37.7089,-1.2502
37.71887,-1.2108
37.72883,-1.1703
37.73879,-1.1347
37.74876,-1.1184
37.75872,-1.1524
37.76868,-1.2789
37.77869,-1.5025
37.7887,-1.7291
37.79871,-1.9133
37.80871,-2.0448
37.81872,-2.1456
37.82872,-2.2044
37.83873,-2.2207
37.84874,-2.2299
37.85875,-2.246
37.86875,-2.2219
37.87876,-2.1616
37.88876,-2.1232
37.8988,-2.0684
37.90881,-2.0289
37.91883,-1.9899
37.92884,-1.9644
37.93886,-1.9979
37.94888,-2.0432
37.95889,-2.0347
37.96891,-1.9675
37.97893,-1.9407
37.98895,-1.8994
37.99896,-1.863
38.00898,-1.8236
38.01899,-1.802
38.029,-1.7745
38.039,-1.7466
38.049,-1.7351
38.059,-1.722
38.069,-1.7331
38.07899,-1.7487
38.089,-1.7662
38.099,-1.7806
38.10899,-1.7796
38.119,-1.7585
38.12899,-1.7704
38.13899,-1.7528
38.14906,-1.7416
38.15915,-1.7488
38.16925,-1.7497
38.17934,-1.7457
38.18944,-1.7308
38.19954,-1.7216
38.20963,-1.7121
38.21973,-1.6853
38.22982,-1.6661
38.23992,-1.6428
38.25002,-1.5986
38.26011,-1.5371
38.27021,-1.4867
38.28018,-1.4362
38.29015,-1.4059
38.30012,-1.3885
38.31009,-1.3747
38.32005,-1.3635
38.33002,-1.3638
38.33999,-1.4132
38.34996,-1.4719
38.35993,-1.5234
38.3699,-1.6031
38.37987,-1.6868
38.38984,-1.7599
38.39983,-1.7936
38.40983,-1.7784
38.41983,-1.7011
38.42983,-1.6456
38.43984,-1.633
38.44984,-1.5937
38.45984,-1.5717
38.46984,-1.5363
38.47985,-1.523
38.48985,-1.5078
38.49985,-1.4737
38.50985,-1.4427
38.51986,-1.4893
38.52983,-1.4837
38.53979,-1.5267
38.54976,-1.5655
38.55972,-1.5774
38.56969,-1.5694
38.57965,-1.5686
38.58961,-1.5955
38.59958,-1.6045
38.60954,-1.5986
38.61951,-1.5964
38.62947,-1.6123
38.63943,-1.6455
38.64941,-1.6851
38.65941,-1.7201
38.66941,-1.7582
38.6794,-1.7518
38.6894,-1.727
38.69939,-1.7016
38.70939,-1.7123
38.71938,-1.6742
38.72938,-1.6694
38.73937,-1.6966
38.74937,-1.7024
38.75937,-1.6707
38.76936,-1.5954
38.77937,-1.4502
38.78936,-1.3028
38.79937,-1.2076
38.80937,-1.0864
38.81937,-1.0161
38.82937,-1.0321
38.83937,-1.0382
38.84937,-1.0206
38.85937,-0.9974
38.86937,-0.9591
38.87937,-0.8769
38.88937,-0.8529
38.89941,-0.8365
38.90944,-0.8058
38.91946,-0.7803
38.92949,-0.7109
38.93951,-0.6711
38.94954,-0.6245
38.95956,-0.5509
38.96959,-0.4829
38.97961,-0.4152
38.98964,-0.382
38.99966,-0.3905
39.00969,-0.4127
39.01971,-0.4374
39.02972,-0.4705
39.03972,-0.5252
39.04972,-0.5916
39.05972,-0.6561
39.06973,-0.7535
39.07973,-0.8576
39.08973,-0.9298
39.09973,-0.9613
39.10973,-0.9505
39.11973,-0.9079
39.12973,-0.8598
39.13974,-0.8592
39.14974,-0.8929
39.15974,-0.9235
39.16973,-0.9567
39.17973,-0.9938
39.18972,-1.1021
39.19972,-1.2043
39.20972,-1.2805
39.21971,-1.3462
39.22971,-1.3642
39.2397,-1.3371
39.2497,-1.3138
39.2597,-1.291
39.26969,-1.2737
39.27969,-1.2768
39.28969,-1.269
39.29969,-1.2485
39.30968,-1.2443
39.31968,-1.2566
39.32968,-1.265
39.33967,-1.2866
39.34967,-1.2945
39.35967,-1.3075
39.36966,-1.3092
39.37966,-1.2704
39.38966,-1.2042
39.39968,-1.1771
39.40973,-1.1684
39.41977,-1.1375
39.42982,-1.1224
39.43987,-1.1345
39.44991,-1.1253
39.45996,-1.1223
39.47001,-1.0801
39.48005,-0.9639
39.4901,-0.8146
39.50015,-0.5879
39.51019,-0.4476
39.52024,-0.3205
39.53028,-0.4797
39.5403,-0.4435
39.55032,-0.6365
39.56034,-0.8649
39.57037,-0.9137
39.58039,-0.9822
39.59041,-1.0223
39.60043,-1.2064
39.61046,-1.2108
39.62048,-1.2305
39.6305,-1.2392
39.64052,-1.211
39.65052,-0.9052
39.66049,-0.6948
39.67045,-0.8323
39.68042,-0.8508
39.69038,-0.7548
39.70034,-0.8586
39.71031,-0.9565
39.72027,-1.1478
39.73024,-1.3492
39.7402,-1.5265
39.75016,-1.6654
39.76013,-1.7599
39.77009,-1.8282
39.78011,-1.9022
39.79013,-1.9629
39.80014,-2.0011
39.81016,-2.0065
39.82018,-2.0007
39.83019,-1.9839
39.84021,-1.9204
39.85022,-1.8344
39.86024,-1.7758
39.87025,-1.6796
39.88027,-1.6368
39.89029,-1.5875
39.9003,-1.5859
39.9103,-1.5538
39.9203,-1.5434
39.9303,-1.5679
39.9403,-1.632
39.9503,-1.6721
39.9603,-1.7195
39.9703,-1.7422
39.9803,-1.7502
39.9903,-1.7692
40.0003,-1.7943
40.0103,-1.797
40.0203,-1.7912
40.03028,-1.8219
40.04027,-1.8822
40.05025,-1.8658
40.06023,-1.8482
40.07021,-1.8081
40.0802,-1.7873
40.09018,-1.755
40.10016,-1.7393
40.11015,-1.7401
40.12013,-1.7362
40.13011,-1.7308
40.14009,-1.6776
40.15009,-1.6443
40.1601,-1.6241
40.17012,-1.579
40.18013,-1.5267
40.19014,-1.5139
40.20015,-1.505
40.21016,-1.4782
40.22017,-1.4742
40.23019,-1.5123
40.2402,-1.5167
40.25021,-1.4713
40.26022,-1.4798
40.27023,-1.4175
40.28026,-1.4153
40.29026,-1.4259
40.30027,-1.3796
40.31027,-1.3397
40.32028,-1.2787
40.33028,-1.2083
40.34029,-1.1049
40.3503,-1.0755
40.3603,-1.0641
40.37031,-1.0767
40.38031,-1.121
40.39032,-1.248
40.40032,-1.3965
40.41032,-1.5018
40.42031,-1.5724
40.43031,-1.6081
40.44031,-1.6307
40.45031,-1.6502
40.4603,-1.6563
40.4703,-1.6612
40.4803,-1.6764
40.4903,-1.687
40.50029,-1.6947
40.51029,-1.7253
40.52029,-1.7421
40.53036,-1.7245
40.54044,-1.706
40.55051,-1.7072
40.56058,-1.6994
40.57065,-1.6442
40.58072,-1.5845
40.59079,-1.5247
40.60087,-1.4925
40.61094,-1.4703
40.62101,-1.4444
40.63108,-1.4462
40.64116,-1.4415
40.65118,-1.4076
40.66115,-1.3745
40.67112,-1.3759
40.6811,-1.3887
40.69107,-1.4045
40.70104,-1.4373
40.71101,-1.5238
40.72099,-1.6
40.73096,-1.6681
40.74093,-1.6847
40.7509,-1.6724
40.76087,-1.6767
40.77084,-1.6883
40.78087,-1.69
40.79089,-1.6655
40.80091,-1.6384
40.81093,-1.6287
40.82095,-1.6053
40.83097,-1.5815
40.841,-1.5538
40.85102,-1.4799
40.86104,-1.3563
40.87106,-1.2098
40.88108,-1.0684
40.8911,-1.0486
40.90111,-1.0733
40.91111,-1.1122
40.92111,-1.0452
40.93111,-0.9413
40.9411,-0.858
40.9511,-0.9725
40.9611,-1.1547
40.9711,-1.3172
40.9811,-1.4113
40.9911,-1.3866
41.0011,-1.4717
41.0111,-1.335
41.0211,-1.0976
41.03109,-1.0143
41.04108,-0.93
41.05107,-1.055
41.06107,-0.9476
41.07106,-0.8434
41.08105,-0.8484
41.09105,-0.887
41.10104,-0.9256
41.11103,-0.9672
41.12103,-1.0608
41.13102,-1.1705
41.14101,-1.3115
41.15102,-1.4328
41.16103,-1.5405
41.17104,-1.6291
41.18105,-1.685
41.19106,-1.7248
41.20107,-1.7434
41.21108,-1.7471
41.22109,-1.7444
41.2311,-1.7187
41.24111,-1.7017
41.25112,-1.6898
41.26114,-1.6817
41.27114,-1.6782
41.28111,-1.6869
41.29107,-1.6896
41.30104,-1.7028
41.311,-1.699
41.32096,-1.6946
41.33093,-1.6818
41.34089,-1.6654
41.35086,-1.6559
41.36082,-1.6299
41.37078,-1.6131
41.38074,-1.6005
41.39071,-1.5972
41.40071,-1.5872
41.41073,-1.5873
41.42076,-1.5999
41.43079,-1.6059
41.44081,-1.5934
41.45084,-1.5813
41.46086,-1.5515
41.47089,-1.5376
41.48092,-1.5175
41.49094,-1.4926
41.50097,-1.473
41.51099,-1.4631
41.52102,-1.4331
41.53102,-1.3839
41.54102,-1.3469
41.55102,-1.3046
41.56102,-1.2657
41.57103,-1.2285
41.58102,-1.2221
41.59103,-1.2067
41.60103,-1.1962
41.61103,-1.201
41.62103,-1.2111
41.63103,-1.2418
41.64103,-1.2631
41.65106,-1.3076
41.66111,-1.3377
41.67117,-1.3436
41.68122,-1.3394
41.69127,-1.349
41.70133,-1.3512
41.71138,-1.3517
41.72143,-1.3084
41.73149,-1.3222
41.74154,-1.3277
41.75159,-1.3317
41.76165,-1.3493
41.7717,-1.3975
41.78171,-1.445
41.79171,-1.4702
41.8017,-1.4897
41.8117,-1.4869
41.82169,-1.4961
41.83168,-1.4903
41.84168,-1.4603
41.85168,-1.4607
41.86167,-1.4459
41.87167,-1.4356
41.88166,-1.4466
41.89165,-1.4649
41.90167,-1.4765
41.9117,-1.4751
41.92173,-1.4622
41.93176,-1.4539
41.94179,-1.4652
41.95182,-1.4054
41.96185,-1.3407
41.97188,-1.2754
41.98191,-1.2053
41.99194,-1.1434
42.00197,-1.0955
42.012,-1.296
42.02203,-1.3816
42.032,-1.3807
42.04196,-1.3408
42.05193,-1.2395
42.06189,-1.146
42.07185,-0.8871
42.08181,-0.7074
42.09178,-0.5958
42.10174,-0.5893
42.1117,-0.637
42.12167,-0.7448
42.13163,-0.8858
42.14159,-1.0267
42.15161,-1.1847
42.16169,-1.3208
42.17176,-1.4422
42.18183,-1.5319
42.1919,-1.6092
42.20197,-1.6331
42.21205,-1.6448
42.22212,-1.6539
42.23219,-1.6136
42.24226,-1.5276
42.25233,-1.4523
42.26241,-1.3798
42.27248,-1.3247
42.28238,-1.3441
42.29227,-1.3934
42.30217,-1.386
42.31207,-1.3494
42.32196,-1.3209
42.33186,-1.309
42.34175,-1.3032
42.35165,-1.2997
42.36155,-1.2915
42.37144,-1.27
42.38134,-1.2877
42.39124,-1.3213
42.4012,-1.3946
42.41124,-1.4564
42.42128,-1.4991
42.43132,-1.5207
42.44136,-1.5147
42.4514,-1.5015
42.46144,-1.5112
42.47148,-1.49
42.48151,-1.4462
42.49155,-1.4125
42.50159,-1.3729
42.51163,-1.3162
42.52167,-1.2423
42.53168,-1.1685
42.54168,-1.1242
42.55169,-1.1231
42.56169,-1.0753
42.5717,-0.995
42.5817,-0.9646
42.59171,-1.0015
42.60171,-1.0303
42.61171,-1.0121
42.62172,-0.994
42.63172,-1.0394
42.64173,-1.1189
42.65177,-1.1702
42.66183,-1.2407
42.67189,-1.2299
42.68195,-1.3862
42.69202,-1.3174
42.70208,-1.354
42.71214,-1.2314
42.7222,-1.0507
42.73226,-0.7995
42.74232,-0.6547
42.75238,-0.6812
42.76244,-0.684
42.77251,-0.5836
42.78252,-0.6009
42.79253,-0.6566
42.80255,-0.7118
42.81256,-0.7572
42.82257,-0.7854
42.83259,-0.8203
42.8426,-0.869
42.85262,-0.9116
42.86263,-0.9364
42.87264,-0.9552
42.88266,-0.9835
42.89267,-0.9784
42.90268,-0.9774
42.91267,-0.9784
42.92267,-0.9953
42.93266,-1.0087
42.94266,-1.0025
42.95265,-1.0268
42.96265,-1.069
42.97264,-1.1395
42.98264,-1.2394
42.99263,-1.3957
43.00263,-1.4914
43.01262,-1.5598
43.02262,-1.5948
43.03261,-1.5797
43.0426,-1.558
43.05259,-1.5413
43.06258,-1.4862
43.07257,-1.4537
43.08256,-1.4319
43.09255,-1.4257
43.10254,-1.4021
43.11253,-1.3783
43.12252,-1.414
43.13251,-1.4399
43.14251,-1.4667
43.15251,-1.4912
43.16251,-1.4816
43.17251,-1.4867
43.18251,-1.5273
43.1925,-1.5181
43.2025,-1.4865
43.2125,-1.4573
43.2225,-1.4309
43.2325,-1.4226
43.2425,-1.4055
43.25249,-1.317
43.26249,-1.268
43.27249,-1.2449
43.28249,-1.202
43.29249,-1.1551
43.30248,-1.0863
43.31248,-1.0081
43.32248,-0.9292
43.33247,-0.9669
43.34247,-1.0999
43.35247,-1.4316
43.36246,-1.4212
43.37246,-1.4554
43.38245,-1.4053
43.39245,-1.335
43.40245,-1.3832
43.41245,-1.31
43.42244,-1.2381
43.43243,-0.9466
43.44243,-0.6194
43.45242,-0.3564
43.46241,-0.2656
43.47241,-0.2405
43.4824,-0.303
43.4924,-0.4271
43.50239,-0.6215
43.51239,-0.8058
43.52238,-0.972
43.53238,-1.1037
43.54237,-1.2271
43.55236,-1.2963
43.56236,-1.3162
43.57236,-1.3422
43.58235,-1.342
43.59235,-1.3247
43.60234,-1.3299
43.61234,-1.3615
43.62233,-1.4119
43.63232,-1.4397
43.64232,-1.4793
43.65232,-1.5188
43.66234,-1.5266
43.67235,-1.552
43.68236,-1.5195
43.69238,-1.4581
43.70239,-1.4229
43.7124,-1.3815
43.72242,-1.3217
43.73243,-1.2959
43.74244,-1.2891
43.75245,-1.3281
43.76247,-1.3438
43.77248,-1.3419
43.78247,-1.342
43.79246,-1.3634
43.80244,-1.3661
43.81243,-1.3807
43.82241,-1.3698
43.8324,-1.3556
43.84238,-1.3478
43.85237,-1.3304
43.86236,-1.3229
43.87234,-1.3086
43.88233,-1.2905
43.89231,-1.2482
43.90239,-1.1787
43.91253,-1.1031
43.92268,-1.0084
43.93282,-0.9215
43.94297,-0.8491
43.95312,-0.825
43.96326,-0.7738
43.97341,-0.7115
43.98355,-0.7221
43.9937,-0.7847
44.00385,-0.8795
44.01399,-1.0516
44.02414,-1.0818
44.03414,-1.1792
44.04414,-1.2138
44.05413,-1.1752
44.06413,-1.1216
44.07413,-1.2575
44.08413,-1.2536
44.09412,-1.2135
44.10412,-1.0695
44.11412,-0.8107
44.12412,-0.5045
44.13412,-0.4331
44.14412,-0.7521
44.1541,-0.7756
44.16407,-0.8739
44.17404,-0.7455
44.18401,-0.6795
44.19398,-0.6768
44.20395,-0.7236
44.21392,-0.8628
44.22389,-1.0538
44.23386,-1.2411
44.24383,-1.3883
44.2538,-1.5133
44.26377,-1.5854
44.27374,-1.6321
44.2837,-1.6612
44.29364,-1.7233
44.30359,-1.7813
44.31353,-1.8468
44.32348,-1.8998
44.33342,-1.9524
44.34337,-1.983
44.35332,-1.9892
44.36326,-1.9896
44.37321,-1.9227
44.38315,-1.8794
44.3931,-1.8668
44.40307,-1.8517
44.41307,-1.9032
44.42308,-1.9279
44.43307,-1.9641
44.44308,-2.0038
44.45308,-1.999
44.46308,-2.0145
44.47308,-2.005
44.48308,-1.9847
44.49308,-1.9899
44.50308,-1.968
44.51308,-1.934
44.52308,-1.8995
44.53312,-1.8559
44.54315,-1.8271
44.55319,-1.8047
44.56322,-1.7915
44.57326,-1.7824
44.5833,-1.8001
44.59333,-1.8208
44.60337,-1.8278
44.61341,-1.8568
44.62344,-1.8607
44.63348,-1.8636
44.64352,-1.8637
44.65355,-1.8786
44.66356,-1.8783
44.67358,-1.8606
44.68359,-1.8593
44.69361,-1.7928
44.70362,-1.7347
44.71364,-1.6647
44.72366,-1.5397
44.73367,-1.423
44.74369,-1.3421
44.7537,-1.4779
44.76372,-1.4104
44.77373,-1.3557
44.78365,-1.297
44.79356,-1.2758
44.80347,-1.2743
44.81339,-1.1851
44.8233,-1.0584
44.83322,-0.9441
44.84313,-0.9076
44.85305,-0.8227
44.86296,-0.7776
44.87288,-0.7493
44.88279,-0.7794
44.8927,-0.9244
44.90272,-1.1398
44.91282,-1.316
44.92291,-1.4533
44.93301,-1.5553
44.9431,-1.6253
44.9532,-1.6654
44.96329,-1.742
44.97339,-1.8273
44.98348,-1.9175
44.99358,-1.9757
45.00367,-2.0278
45.01377,-2.0348
45.02386,-1.9988
45.03386,-1.9725
45.04385,-1.9163
45.05384,-1.8115
45.06384,-1.7721
45.07383,-1.7576
45.08382,-1.799
45.09381,-1.8505
45.1038,-1.8687
45.11379,-1.889
45.12378,-1.8616
45.13377,-1.845
45.14376,-1.7987
45.15378,-1.8194
45.1638,-1.8768
45.17383,-1.8818
45.18385,-1.8975
45.19388,-1.9344
45.2039,-1.942
45.21393,-1.96
45.22395,-1.9649
45.23398,-1.9899
45.244,-2.0083
45.25403,-2.0137
45.26405,-2.0337
45.27408,-2.1706
45.28413,-2.1891
45.29419,-2.1301
45.30424,-2.0822
45.31429,-2.0551
45.32435,-2.0106
45.3344,-1.9968
45.34446,-1.9852
45.35451,-1.9958
45.36456,-1.998
45.37462,-1.9704
45.38467,-1.997
45.39473,-2.0599
45.40475,-2.0727
45.41475,-2.0973
45.42474,-2.081
45.43474,-1.9663
45.44474,-1.8955
45.45473,-1.9046
45.46473,-1.94
45.47472,-1.9989
45.48472,-2.1208
45.49472,-2.1162
45.50471,-2.193
45.51471,-2.2475
45.5247,-2.254
45.53465,-2.2341
45.54457,-2.1562
45.5545,-2.0726
45.56443,-2.0214
45.57435,-1.9936
45.58428,-1.9808
45.5942,-1.9765
45.60413,-1.9942
45.61405,-1.9949
45.62398,-2.0327
45.6339,-2.0804
45.64383,-2.1168
45.65379,-2.1353
45.66376,-2.1634
45.67374,-2.1525
45.68371,-2.1904
45.69369,-2.2133
45.70367,-2.2357
45.71364,-2.2423
45.72362,-2.2795
45.7336,-2.3148
45.74357,-2.3553
45.75355,-2.396
45.76353,-2.4306
45.7735,-2.4231
45.78352,-2.4318
45.79353,-2.3861
45.80355,-2.3192
45.81357,-2.2278
45.82359,-2.1129
45.8336,-2.107
45.84362,-2.1412
45.85364,-2.167
45.86365,-2.2068
45.87367,-2.2646
45.88369,-2.2743
45.8937,-2.2869
45.90375,-2.3083
45.91381,-2.3068
45.92387,-2.3128
45.93393,-2.2859
45.94399,-2.2661
45.95405,-2.2765
45.96411,-2.3068
45.97417,-2.3373
45.98423,-2.3308
45.99429,-2.3038
46.00435,-2.2671
46.01442,-2.1947
46.02448,-2.1381
46.03441,-2.046
46.04434,-2.0042
46.05427,-1.9923
46.0642,-1.9671
46.07413,-1.9598
46.08406,-1.9345
46.09399,-1.8361
46.10392,-1.7866
46.11385,-1.8162
46.12378,-1.8089
46.13371,-1.7536
46.14363,-1.7634
46.15365,-1.7075
46.16373,-1.5849
46.17382,-1.5011
46.1839,-1.4073
46.19399,-1.3179
46.20407,-1.2813
46.21416,-1.2341
46.22425,-1.2003
46.23433,-1.1657
46.24442,-1.1616
46.2545,-1.1889
46.26459,-1.2018
46.27467,-1.2135
46.28473,-1.1974
46.29478,-1.1698
46.30483,-1.1259
46.31488,-1.0924
46.32493,-1.0691
46.33498,-1.0685
46.34504,-1.1236
46.35509,-1.1995
46.36514,-1.2894
46.37519,-1.3761
46.38524,-1.4344
46.39529,-1.4717
46.40529,-1.5087
46.41522,-1.5384
46.42516,-1.5677
46.43509,-1.6278
46.44502,-1.6519
46.45495,-1.6614
46.46488,-1.6569
46.47482,-1.6434
46.48475,-1.6708
46.49468,-1.6572
46.50461,-1.6652
46.51454,-1.641
46.52448,-1.6329
46.53445,-1.6284
46.54442,-1.5813
46.5544,-1.5586
46.56437,-1.536
46.57434,-1.5125
46.58432,-1.4753
46.59429,-1.4433
46.60427,-1.4751
46.61424,-1.5297
46.62421,-1.5912
46.63419,-1.6296
46.64417,-1.6431
46.65416,-1.6195
46.66418,-1.6049
46.6742,-1.5966
46.68422,-1.5831
46.69424,-1.557
46.70426,-1.5039
46.71428,-1.4357
46.7243,-1.3867
46.73432,-1.3344
46.74434,-1.3278
46.75436,-1.3563
46.76438,-1.3671
46.7744,-1.3372
46.7844,-1.3341
46.7944,-1.3086
46.80439,-1.4224
46.81439,-1.3649
46.82438,-1.3824
46.83438,-1.3645
46.84438,-1.331
46.85437,-1.175
46.86436,-1.0008
46.87436,-0.8678
46.88436,-0.6273
46.89435,-0.455
46.90436,-0.3888
46.91437,-0.4359
46.92439,-0.5749
46.9344,-0.7788
46.94441,-0.9928
46.95443,-1.1879
46.96444,-1.3485
46.97445,-1.4789
46.98446,-1.5632
46.99448,-1.6184
47.00449,-1.6695
47.0145,-1.7053
47.02451,-1.7369
47.0345,-1.7419
47.04449,-1.7426
47.05448,-1.748
47.06446,-1.6607
47.07446,-1.5788
47.08444,-1.527
47.09443,-1.5479
47.10442,-1.6088
47.11441,-1.6618
47.12439,-1.6499
47.13438,-1.6723
47.14437,-1.6922
47.15437,-1.6811
47.16437,-1.7121
47.17437,-1.7316
47.18436,-1.7627
47.19436,-1.7429
47.20436,-1.7541
47.21436,-1.7756
47.22436,-1.8214
47.23436,-1.8415
47.24436,-1.8573
47.25436,-1.8291
47.26436,-1.7941
47.27436,-1.7686
47.28444,-1.7555
47.29451,-1.738
47.30458,-1.7252
47.31466,-1.6509
47.32473,-1.5499
47.33481,-1.4832
47.34488,-1.4486
47.35496,-1.408
47.36503,-1.3784
47.37511,-1.3242
47.38518,-1.2813
47.39526,-1.2615
47.40528,-1.2581
47.41524,-1.2791
47.42521,-1.1847
47.43517,-1.1409
47.44513,-1.6015
47.4551,-1.583
47.46507,-1.6635
47.47503,-1.5721
47.48499,-1.5449
47.49496,-1.426
47.50492,-1.1995
47.51489,-1.411
47.52485,-1.3046
47.53489,-1.3825
47.54492,-1.3383
47.55495,-1.1653
47.56498,-1.0839
47.57501,-1.0934
47.58504,-1.1859
47.59507,-1.3917
47.60511,-1.6236
47.61514,-1.832
47.62517,-2.0091
47.6352,-2.1489
47.64523,-2.2732
47.65527,-2.3976
47.66527,-2.4892
47.67527,-2.5592
47.68527,-2.5938
47.69527,-2.6117
47.70528,-2.6579
47.71528,-2.6509
47.72528,-2.6628
47.73529,-2.6466
47.74529,-2.5972
47.75529,-2.5727
47.7653,-2.5675
47.7753,-2.5752
47.78527,-2.583
47.79523,-2.5897
47.8052,-2.5819
47.81516,-2.6173
47.82513,-2.6657
47.83509,-2.7032
47.84505,-2.744
47.85502,-2.7449
47.86498,-2.719
47.87495,-2.6835
47.88491,-2.6472
47.89488,-2.6632
47.90485,-2.6736
47.91485,-2.6461
47.92484,-2.6403
47.93484,-2.6285
47.94484,-2.6288
47.95483,-2.6218
47.96482,-2.6117
47.97482,-2.5851
47.98481,-2.5926
47.99481,-2.5833
48.0048,-2.5577
48.0148,-2.5298
48.02479,-2.521
48.03482,-2.5143
48.04485,-2.4979
48.05487,-2.4591
48.0649,-2.3766
48.07493,-2.2871
48.08496,-2.1693
48.09498,-2.0156
48.10501,-1.87
48.11504,-1.8167
48.12506,-1.7434
48.13509,-1.6393
48.14511,-1.5373
48.15513,-1.4101
48.16512,-1.4293
48.1751,-1.5582
48.18509,-1.5047
48.19508,-1.3711
48.20506,-1.3157
48.21505,-1.2658
48.22504,-1.116
48.23502,-1.0336
48.24501,-1.0052
48.255,-1.0406
48.26498,-1.1369
48.27497,-1.2493
48.28494,-1.3804
48.2949,-1.506
48.30487,-1.6177
48.31484,-1.7205
48.3248,-1.81
48.33477,-1.8892
48.34474,-1.9877
48.3547,-2.0799
48.36467,-2.1752
48.37463,-2.2252
48.3846,-2.2842
48.39457,-2.31
48.4046,-2.3304
48.41468,-2.3659
48.42477,-2.3523
48.43485,-2.383
48.44493,-2.4109
48.45501,-2.4327
48.4651,-2.4732
48.47518,-2.4981
48.48526,-2.4939
48.49535,-2.4867
48.50543,-2.4755
48.51551,-2.4938
48.52559,-2.4611
48.53562,-2.3322
48.54565,-2.2366
48.55567,-2.1912
48.5657,-2.1724
48.57572,-2.1684
48.58575,-2.1839
48.59577,-2.1985
48.60579,-2.2025
48.61582,-2.1912
48.62584,-2.1563
48.63587,-2.1166
48.64589,-2.0813
48.65589,-2.0379
48.66585,-2.0034
48.67582,-1.9423
48.68578,-1.8844
48.69574,-1.8253
48.70571,-1.7667
48.71567,-1.6745
48.72564,-1.5375
48.7356,-1.4748
48.74556,-1.2784
48.75552,-1.1563
48.76549,-1.1178
48.77545,-1.194
48.78547,-1.2222
48.79546,-1.1599
48.80546,-1.1798
48.81545,-1.2055
48.82545,-1.1799
48.83545,-1.1091
48.84544,-1.1527
48.85543,-1.1687
48.86543,-1.1758
48.87543,-1.1276
48.88542,-1.0686
48.89542,-0.9773
48.90542,-0.9336
48.91542,-0.9483
48.92542,-1.0169
48.93541,-1.052
48.94541,-1.1117
48.95541,-1.1957
48.96541,-1.3057
48.97541,-1.4219
48.9854,-1.5443
48.9954,-1.6581
49.0054,-1.7757
49.0154,-1.8888
49.02539,-1.9555
49.03539,-2.0158
49.04539,-2.0528
49.05538,-2.0468
49.06538,-2.0581
49.07537,-2.0728
49.08537,-2.0761
49.09536,-2.0832
49.10536,-2.0796
49.11536,-2.0583
49.12535,-2.0048
49.13535,-1.9543
49.14534,-1.9173
49.15535,-1.9669
49.16534,-2.0622
49.17534,-2.141
49.18534,-2.1666
49.19534,-2.1673
49.20534,-2.1401
49.21534,-2.1161
49.22534,-2.0889
49.23534,-2.1288
49.24534,-2.1722
49.25534,-2.1678
49.26534,-2.1915
49.27534,-2.21
49.28534,-2.1985
49.29533,-2.1973
49.30532,-2.1859
49.31532,-2.1861
49.32531,-2.1869
49.33531,-2.169
49.34531,-2.1206
49.3553,-2.0498
49.3653,-1.9785
49.37529,-1.9049
49.38528,-1.756
49.39528,-1.6148
49.40528,-1.4064
49.41531,-1.2023
49.42532,-1.0579
49.43534,-0.9593
49.44537,-0.8647
49.45539,-0.8131
49.4654,-0.7928
49.47543,-0.84
49.48545,-0.8866
49.49547,-0.9456
49.50549,-1.0061
49.51551,-1.0517
49.52553,-1.0582
49.53563,-1.0619
49.5457,-1.0657
49.55578,-1.0924
49.56586,-1.148
49.57594,-1.2173
49.58601,-1.3008
49.59609,-1.3936
49.60617,-1.4799
49.61625,-1.5565
49.62632,-1.628
49.6364,-1.6901
49.64648,-1.6944
49.65652,-1.6044
49.66652,-1.4712
49.67652,-1.4213
49.68652,-1.3716
49.69652,-1.3522
49.70652,-1.338
49.71652,-1.3409
49.72652,-1.3124
49.73652,-1.2414
49.74652,-1.1971
49.75652,-1.1674
49.76652,-1.1578
49.77652,-1.1473
49.7865,-1.1281
49.79649,-1.0934
49.80648,-1.0719
49.81647,-1.0011
49.82645,-0.9339
49.83644,-0.8913
49.84643,-0.8636
49.85641,-0.8643
49.86641,-0.8599
49.87639,-0.8628
49.88638,-0.8604
49.89637,-0.8027
49.90636,-0.7537
49.91637,-0.711
49.92637,-0.6919
49.93638,-0.6762
49.94638,-0.6597
49.95639,-0.6439
49.96639,-0.6524
49.97639,-0.657
49.9864,-0.6323
49.9964,-0.6187
50.0064,-0.593
50.01641,-0.5773
50.02641,-0.5643
50.03638,-0.5605
50.04635,-0.5534
50.05632,-0.5551
50.06629,-0.5676
50.07626,-0.582
50.08623,-0.5851
50.0962,-0.5814
50.10617,-0.5824
50.11613,-0.564
50.1261,-0.5561
50.13607,-0.5278
50.14604,-0.5014
50.15604,-0.4785
50.16607,-0.4705
50.17609,-0.4762
50.18612,-0.4837
50.19615,-0.5015
50.20618,-0.5394
50.21621,-0.5849
50.22623,-0.6626
50.23626,-0.718
50.24628,-0.7524
50.25631,-0.8002
50.26634,-0.8259
50.27637,-0.8493
50.28634,-0.8694
50.29631,-0.8518
50.30628,-0.8386
50.31625,-0.8103
50.32622,-0.8201
50.33619,-0.8709
50.34616,-0.8841
50.35613,-0.9043
50.3661,-0.8986
50.37607,-0.8907
50.38604,-0.895
50.39601,-0.8903
50.406,-0.871
50.41602,-0.8412
50.42604,-0.8451
50.43605,-0.8435
50.44607,-0.8504
50.45609,-0.8582
50.46611,-0.8656
50.47612,-0.8783
50.48614,-0.8951
50.49615,-0.9086
50.50617,-0.9085
50.51619,-0.9192
50.52621,-0.9226
50.53619,-0.9297
50.54618,-0.9368
50.55616,-0.9309
50.56614,-0.9251
50.57612,-0.9044
50.58611,-0.8856
50.59609,-0.8703
50.60607,-0.8655
50.61605,-0.8805
50.62603,-0.8798
50.63602,-0.8799
50.646,-0.8795
50.65604,-0.8775
50.66613,-0.8788
50.67622,-0.8873
50.68632,-0.8701
50.69641,-0.8505
50.7065,-0.8303
50.71659,-0.8346
50.72669,-0.8654
50.73678,-0.9068
50.74687,-0.9636
50.75697,-1.0143
50.76706,-1.0721
50.77715,-1.0999
50.78772,-1.123
50.79829,-1.1228
50.80886,-1.117
50.81943,-1.1024
50.83,-1.0613
50.84057,-1.047
50.85114,-1.0267
50.86171,-0.9868
50.87228,-0.9585
50.88285,-0.928
50.89342,-0.9031
50.90399,-0.8718
50.91399,-0.8421
50.92342,-0.8463
50.93285,-0.8406
50.94228,-0.8154
50.95171,-0.8395
50.96113,-0.8723
50.97056,-0.8746
50.97999,-0.8649
50.98941,-0.8625
50.99884,-0.8754
51.00827,-0.8388
51.0177,-0.8458
51.02713,-0.8229
51.03711,-0.7846
51.04708,-0.7727
51.05704,-0.7389
51.067,-0.8562
51.07697,-0.9335
51.08693,-1.0395
51.09689,-1.0806
51.10685,-1.1198
51.11682,-1.1073
51.12678,-1.1068
51.13674,-1.0256
51.14671,-0.9025
51.15669,-0.7247
51.16669,-0.5511
51.1767,-0.4874
51.1867,-0.5612
51.1967,-0.6602
51.20671,-0.7967
51.21671,-0.9579
51.22672,-1.1468
51.23672,-1.3467
51.24672,-1.5222
51.25673,-1.6917
51.26673,-1.8252
51.27673,-1.9254
51.28675,-1.9817
51.29676,-2.0239
51.30678,-2.0656
51.3168,-2.09
51.32681,-2.1139
51.33683,-2.1237
51.34684,-2.1043
51.35686,-2.0735
51.36687,-2.0632
51.37689,-2.0443
51.38691,-2.0179
51.39692,-2.0343
51.40693,-2.0374
51.41693,-1.9954
51.42693,-1.9758
51.43692,-1.9539
51.44692,-1.8764
51.45691,-1.8164
51.46691,-1.7986
51.47691,-1.7538
51.4869,-1.7456
51.4969,-1.7259
51.50689,-1.713
51.51689,-1.6816
51.52689,-1.654
51.53688,-1.6406
51.54687,-1.6285
51.55686,-1.6095
51.56685,-1.5987
51.57684,-1.5807
51.58683,-1.5572
51.59682,-1.5468
51.60681,-1.5499
51.6168,-1.5378
51.62679,-1.4889
51.63678,-1.4145
51.64677,-1.3421
51.65681,-1.2822
51.66688,-1.2627
51.67696,-1.2241
51.68703,-1.1795
51.69711,-1.1152
51.70719,-1.0506
51.71727,-0.9943
51.72734,-0.9371
51.73742,-0.8894
51.74749,-0.8359
51.75757,-0.8407
51.76765,-0.8288
51.77773,-0.8505
51.78771,-0.8411
51.79769,-0.8328
51.80767,-0.8469
51.81765,-0.8617
51.82763,-0.8834
51.83761,-0.8872
51.84759,-0.8912
51.85757,-0.8658
51.86755,-0.7964
51.87753,-0.7143
51.88751,-0.6561
51.89749,-0.5794
51.9075,-0.491
51.91753,-0.3875
51.92756,-0.2682
51.93758,-0.227
51.94761,-0.2374
51.95764,-0.2438
51.96767,-0.2292
51.97769,-0.1875
51.98772,-0.1947
51.99775,-0.2129
52.00778,-0.2241
52.0178,-0.2745
52.02783,-0.5403
52.03783,-0.9613
52.04782,-1.0549
52.05781,-0.9295
52.06781,-0.827
52.0778,-0.6578
52.08779,-0.5152
52.09778,-0.3972
52.10778,-0.4027
52.11777,-0.4559
52.12776,-0.554
52.13776,-0.7834
52.14775,-1.0087
52.15775,-1.2041
52.16775,-1.3614
52.17775,-1.4724
52.18774,-1.5497
52.19774,-1.6096
52.20774,-1.6635
52.21774,-1.7334
52.22773,-1.7205
52.23773,-1.634
52.24773,-1.5451
52.25773,-1.4384
52.26773,-1.4171
52.27773,-1.431
52.28773,-1.4611
52.29772,-1.471
52.30772,-1.4961
52.31771,-1.5293
52.32771,-1.5303
52.33771,-1.5294
52.3477,-1.5221
52.3577,-1.4971
52.36769,-1.4448
52.37769,-1.3891
52.38769,-1.3457
52.39769,-1.2895
52.40766,-1.2885
52.41761,-1.287
52.42757,-1.2695
52.43752,-1.2551
52.44748,-1.2572
52.45743,-1.2451
52.46738,-1.2251
52.47734,-1.2041
52.48729,-1.1611
52.49725,-1.113
52.5072,-1.079
52.51716,-1.0817
52.52711,-1.0726
52.53716,-1.0483
52.5472,-1.0518
52.55724,-1.0684
52.56728,-1.1244
52.57732,-1.2055
52.58736,-1.2663
52.59739,-1.2819
52.60743,-1.2731
52.61747,-1.2426
52.62751,-1.1005
52.63755,-1.0364
52.64759,-0.9635
52.65761,-0.8219
52.66761,-0.712
52.6776,-0.6617
52.6876,-0.6669
52.69759,-0.6933
52.70759,-0.7827
52.71758,-0.8773
52.72758,-1.0224
52.73757,-1.1601
52.74757,-1.2667
52.75756,-1.349
52.76756,-1.4092
52.77755,-1.4336
52.78753,-1.4102
52.79749,-1.3879
52.80745,-1.3444
52.81742,-1.2583
52.82738,-1.1612
52.83735,-1.0541
52.84731,-0.9988
52.85728,-1.0154
52.86724,-1.0513
52.8772,-1.1027
52.88717,-1.1586
52.89714,-1.2152
52.9072,-1.3252
52.91734,-1.4092
52.92749,-1.4974
52.93763,-1.5553
52.94778,-1.6161
52.95792,-1.6562
52.96807,-1.6513
52.97821,-1.6475
52.98836,-1.6242
52.9985,-1.6832
53.00865,-1.7304
53.0188,-1.7225
53.02894,-1.7135
53.03891,-1.6976
53.04886,-1.6951
53.05882,-1.6854
53.06878,-1.6693
53.07874,-1.6376
53.0887,-1.6182
53.09866,-1.6056
53.10862,-1.5921
53.11858,-1.5686
53.12854,-1.5649
53.1385,-1.5724
53.14846,-1.5765
53.15844,-1.586
53.16843,-1.6018
53.17844,-1.625
53.18843,-1.6441
53.19844,-1.5959
53.20844,-1.536
53.21844,-1.4868
53.22844,-1.4203
53.23843,-1.3782
53.24844,-1.367
53.25843,-1.3513
53.26844,-1.3751
53.27843,-1.4255
53.28851,-1.4993
53.29858,-1.5565
53.30865,-1.5898
53.31873,-1.5913
53.3288,-1.5496
53.33887,-1.5345
53.34894,-1.4079
53.35901,-1.286
53.36908,-1.4267
53.37915,-1.6898
53.38923,-1.692
53.3993,-1.7337
53.40933,-1.7645
53.41932,-1.8438
53.42931,-1.8537
53.4393,-1.8257
53.4493,-1.8103
53.45929,-1.8071
53.46928,-1.8379
53.47927,-1.8973
53.48926,-2.02
53.49925,-2.139
53.50924,-2.2421
53.51923,-2.3425
53.52922,-2.4448
53.53915,-2.5202
53.54907,-2.6242
53.559,-2.6948
53.56892,-2.7675
53.57884,-2.8263
53.58877,-2.8426
53.59869,-2.8158
53.60861,-2.7962
53.61853,-2.7748
53.62846,-2.7338
53.63838,-2.6917
53.6483,-2.6463
53.65827,-2.6054
53.66827,-2.5602
53.67827,-2.5285
53.68827,-2.529
53.69828,-2.5614
53.70828,-2.4884
53.71828,-2.3299
53.72828,-2.21
53.73828,-2.091
53.74828,-2.0272
53.75829,-1.995
53.76829,-1.9701
53.77829,-1.9463
53.78836,-1.9153
53.79843,-1.887
53.8085,-1.8593
53.81857,-1.8193
53.82863,-1.7711
53.8387,-1.7375
53.84876,-1.7299
53.85883,-1.7717
53.8689,-1.7781
53.87896,-1.7673
53.88903,-1.7618
53.8991,-1.7295
53.90911,-1.7247
53.91903,-1.709
53.92896,-1.6967
53.93888,-1.6832
53.94881,-1.6265
53.95874,-1.5795
53.96867,-1.531
53.97859,-1.4794
53.98852,-1.4289
53.99844,-1.3789
54.00837,-1.3133
54.0183,-1.2531
54.02822,-1.2041
54.0383,-1.1837
54.04837,-1.1891
54.05843,-1.2146
54.0685,-1.303
54.07858,-1.4996
54.08864,-1.6967
54.09871,-1.7204
54.10878,-1.725
54.11885,-1.6777
54.12892,-1.5729
54.13899,-1.4186
54.14906,-1.267
54.1591,-1.1479
54.16909,-1.0723
54.17909,-1.0781
54.18909,-1.1493
54.19909,-1.2392
54.20909,-1.374
54.21909,-1.5578
54.22909,-1.7251
54.23909,-1.879
54.24908,-1.9806
54.25909,-2.028
54.26908,-2.0271
54.27908,-2.0042
54.28909,-1.8256
54.29908,-1.6782
54.30908,-1.6121
54.31908,-1.5588
54.32908,-1.4972
54.33908,-1.4345
54.34908,-1.4532
54.35907,-1.4904
54.36907,-1.3147
54.37907,-1.2408
54.38907,-1.2062
54.39907,-1.1864
54.40907,-1.1778
54.41906,-1.1499
54.42906,-1.1418
54.43906,-1.1402
54.44905,-1.1593
54.45905,-1.1841
54.46905,-1.1999
54.47905,-1.2227
54.48905,-1.244
54.49904,-1.2507
54.50904,-1.2662
54.51904,-1.2682
54.52904,-1.2491
54.53904,-1.227
54.54903,-1.1971
54.55902,-1.1831
54.56901,-1.1863
54.579,-1.1821
54.58899,-1.164
54.59898,-1.1201
54.60897,-1.0744
54.61896,-1.0104
54.62895,-0.974
54.63894,-0.9765
54.64893,-0.9774
54.65893,-0.9768
54.66893,-0.9792
54.67893,-0.9928
54.68893,-1.0259
54.69893,-1.0511
54.70893,-1.0952
54.71893,-1.1118
54.72894,-1.1283
54.73894,-1.1483
54.74894,-1.1614
54.75894,-1.1777
54.76894,-1.1952
54.77894,-1.2038
54.78894,-1.2078
54.79893,-1.2066
54.80893,-1.2038
54.81893,-1.1881
54.82892,-1.2022
54.83892,-1.2192
54.84892,-1.2187
54.85891,-1.2283
54.86891,-1.2249
54.87891,-1.2109
54.8889,-1.1957
54.8989,-1.1892
54.9089,-1.1679
54.91889,-1.1499
54.92889,-1.1478
54.93888,-1.1715
54.94888,-1.1523
54.95887,-1.1273
54.96887,-1.0959
54.97886,-1.0722
54.98886,-1.033
54.99885,-1.0063
55.00885,-0.9564
55.01884,-0.9227
55.02884,-0.8921
55.03892,-0.8505
55.049,-0.79
55.05907,-0.7447
55.06915,-0.7124
55.07923,-0.6783
55.08931,-0.5995
55.09938,-0.5633
55.10946,-0.5258
55.11954,-0.4885
55.12962,-0.4478
55.13969,-0.4016
55.14977,-0.3612
55.15982,-0.3733
55.16981,-0.3796
55.1798,-0.3852
55.18979,-0.4112
55.19978,-0.4087
55.20976,-0.3925
55.21975,-0.3678
55.22974,-0.3462
55.23973,-0.3394
55.24972,-0.349
55.25971,-0.3801
55.2697,-0.4041
55.27969,-0.4151
55.28969,-0.4198
55.29968,-0.4298
55.30968,-0.4327
55.31968,-0.4378
55.32967,-0.4348
55.33967,-0.4443
55.34967,-0.4566
55.35966,-0.4945
55.36966,-0.4991
55.37966,-0.5139
55.38965,-0.5231
55.39965,-0.526
55.40964,-0.5592
55.41961,-0.6016
55.42958,-0.6502
55.43955,-0.6777
55.44952,-0.7068
55.45949,-0.7105
55.46946,-0.6832
55.47943,-0.6727
55.4894,-0.6248
55.49937,-0.5677
55.50934,-0.5568
55.51931,-0.5296
55.52929,-0.5313
55.53931,-0.5189
55.54934,-0.4978
55.55937,-0.4886
55.5694,-0.4929
55.57943,-0.5295
55.58945,-0.5352
55.59948,-0.5401
55.60951,-0.5464
55.61954,-0.576
55.62957,-0.61
55.6396,-0.6554
55.64962,-0.6999
55.65964,-0.7445
55.66964,-0.781
55.67964,-0.8492
55.68964,-0.8872
55.69964,-0.9087
55.70964,-0.9603
55.71965,-1.0423
55.72965,-1.0737
55.73965,-1.1272
55.74965,-1.1919
55.75965,-1.273
55.76965,-1.283
55.77966,-1.2936
55.78964,-1.2765
55.79963,-1.2285
55.80961,-1.1446
55.8196,-1.0546
55.82958,-1.0032
55.83957,-0.9882
55.84955,-1.0121
55.85953,-1.0352
55.86952,-1.0864
55.8795,-1.1544
55.88948,-1.2026
55.89947,-1.2596
55.90947,-1.339
55.91948,-1.4165
55.92949,-1.4486
55.9395,-1.4683
55.94951,-1.4555
55.95952,-1.4405
55.96953,-1.4324
55.97954,-1.4461
55.98955,-1.4294
55.99956,-1.449
56.00957,-1.4719
56.01958,-1.4674
56.02959,-1.4427
56.03959,-1.4465
56.04958,-1.4507
56.05957,-1.4088
56.06956,-1.3377
56.07955,-1.2944
56.08954,-1.3243
56.09953,-1.2988
56.10952,-1.2786
56.11951,-1.2603
56.12951,-1.235
56.1395,-1.2181
56.14949,-1.1962
56.15952,-1.1791
56.16958,-1.1492
56.17965,-1.1055
56.18972,-1.0599
56.19978,-1.0159
56.20985,-0.9975
56.21992,-0.9653
56.22998,-0.9235
56.24005,-0.9221
56.25012,-0.9466
56.26019,-0.971
56.27025,-0.9819
56.28032,-0.9822
56.2903,-0.9968
56.30028,-1.0056
56.31025,-0.9927
56.32023,-0.9865
56.33021,-1.04
56.34018,-1.0861
56.35016,-1.1423
56.36014,-1.1981
56.37012,-1.2963
56.38009,-1.3638
56.39007,-1.454
56.40005,-1.4458
56.41005,-1.4915
56.42007,-1.4901
56.43009,-1.5893
56.44011,-1.6122
56.45013,-1.6338
56.46014,-1.6643
56.47016,-1.6818
56.48018,-1.6719
56.4902,-1.5232
56.50022,-1.3136
56.51023,-1.1258
56.52026,-1.0012
56.53027,-0.9903
56.54027,-1.0757
56.55027,-1.2101
56.56026,-1.3847
56.57026,-1.5752
56.58026,-1.7104
56.59025,-1.8161
56.60025,-1.891
56.61024,-1.905
56.62024,-1.8879
56.63024,-1.8715
56.64024,-1.7985
56.65023,-1.7336
56.66024,-1.7314
56.67024,-1.7524
56.68024,-1.7865
56.69024,-1.8071
56.70024,-1.7893
56.71024,-1.8014
56.72023,-1.7919
56.73024,-1.7936
56.74023,-1.7971
56.75023,-1.824
56.76023,-1.8501
56.77023,-1.8563
56.78023,-1.887
56.79024,-1.9254
56.80025,-1.9438
56.81025,-1.9656
56.82026,-1.9577
56.83027,-1.9258
56.84027,-1.9113
56.85028,-1.8873
56.86028,-1.8832
56.87029,-1.8584
56.88029,-1.8151
56.8903,-1.7685
56.90031,-1.7105
56.91031,-1.6342
56.92028,-1.5645
56.93025,-1.5309
56.94022,-1.469
56.9502,-1.4068
56.96017,-1.3643
56.97014,-1.3126
56.98011,-1.2867
56.99008,-1.2522
57.00005,-1.2402
57.01003,-1.2595
57.02,-1.4291
57.02997,-1.5164
57.03999,-1.5244
57.05,-1.5495
57.06001,-1.5805
57.07001,-1.6162
57.08002,-1.6324
57.09003,-1.5927
57.10004,-1.6303
57.11005,-1.5289
57.12006,-1.4359
57.13007,-1.3288
57.14007,-1.2541
57.15008,-1.1858
57.1601,-1.2094
57.17011,-1.3026
57.18013,-1.507
57.19015,-1.7273
57.20016,-1.9043
57.21018,-2.0221
57.2202,-2.1002
57.23022,-2.1298
57.24023,-2.0665
57.25025,-1.9154
57.26027,-1.8135
57.27028,-1.7325
57.2803,-1.6911
57.29037,-1.6791
57.30043,-1.6721
57.3105,-1.6743
57.32057,-1.6714
57.33064,-1.6603
57.34071,-1.648
57.35077,-1.6659
57.36084,-1.6877
57.37091,-1.7152
57.38097,-1.7229
57.39104,-1.7477
57.40111,-1.7405
57.41114,-1.7246
57.42114,-1.722
57.43113,-1.7038
57.44112,-1.6948
57.45111,-1.6759
57.46111,-1.6614
57.4711,-1.6359
57.48109,-1.6238
57.49109,-1.6094
57.50108,-1.6
57.51107,-1.5736
57.52106,-1.5962
57.53106,-1.5967
57.54105,-1.5962
57.55103,-1.5762
57.56101,-1.554
57.571,-1.5381
57.58098,-1.5302
57.59096,-1.5321
57.60094,-1.5522
57.61092,-1.5836
57.6209,-1.6165
57.63089,-1.65
57.64087,-1.6508
57.65085,-1.6289
57.66085,-1.6162
57.67086,-1.609
57.68087,-1.6454
57.69088,-1.6782
57.7009,-1.6955
57.71091,-1.7147
57.72092,-1.7236
57.73093,-1.7345
57.74094,-1.7533
57.75095,-1.7596
57.76097,-1.7737
57.77098,-1.776
57.78099,-1.7662
57.79096,-1.7457
57.80093,-1.7199
57.81089,-1.6865
57.82087,-1.6482
57.83083,-1.5914
57.84081,-1.528
57.85077,-1.4721
57.86074,-1.41
57.87071,-1.3658
57.88068,-1.4289
57.89065,-1.476
57.90062,-1.4967
57.91066,-1.567
57.92076,-1.5469
57.93086,-1.6366
57.94096,-1.6258
57.95105,-1.7483
57.96115,-1.7283
57.97125,-1.7747
57.98135,-1.7942
57.99145,-1.765
58.00155,-1.7652
58.01165,-1.7883
58.02175,-1.7715
58.03185,-1.7615
58.04177,-1.7701
58.0517,-1.7897
58.06163,-1.5816
58.07156,-1.3725
58.08149,-1.294
58.09142,-1.3286
58.10135,-1.412
58.11127,-1.5673
58.1212,-1.7594
58.13113,-1.9475
58.14106,-2.0899
58.15099,-2.213
58.16095,-2.2742
58.17094,-2.3067
58.18093,-2.2979
58.19092,-2.2995
58.20091,-2.2992
58.21091,-2.2634
58.2209,-2.2036
58.23089,-2.1728
58.24088,-2.1735
58.25087,-2.1698
58.26086,-2.1456
58.27086,-2.1285
58.28085,-2.1225
58.29083,-2.1138
58.30081,-2.1243
58.31079,-2.1364
58.32077,-2.1628
58.33075,-2.1845
58.34072,-2.2144
58.3507,-2.2603
58.36068,-2.2946
58.37066,-2.2878
58.38064,-2.2765
58.39061,-2.223
58.40059,-2.1454
58.41065,-2.0491
58.42079,-1.9745
58.43093,-1.9058
58.44107,-1.8269
58.45121,-1.7416
58.46135,-1.6696
58.47149,-1.6141
58.48162,-1.6256
58.49176,-1.657
58.5019,-1.713
58.51204,-1.7246
58.52218,-1.6749
58.53232,-1.6794
58.54224,-1.586
58.55216,-1.3871
58.56208,-1.2618
58.572,-1.364
58.58192,-1.3823
58.59184,-1.1529
58.60176,-0.9594
58.61168,-0.8193
58.62159,-0.7592
58.63151,-0.6994
58.64143,-0.6777
58.65135,-0.7094
58.66131,-0.7671
58.67131,-0.8433
58.68131,-0.8966
58.69131,-0.9098
58.70131,-0.906
58.71131,-0.9407
58.72131,-0.9942
58.7313,-1.0211
58.7413,-1.0546
58.7513,-1.0545
58.7613,-1.0271
58.7713,-0.9368
58.7813,-0.8947
58.79133,-0.8899
58.80137,-0.9061
58.8114,-0.9319
58.82143,-0.9821
58.83147,-1.077
58.8415,-1.2394
58.85154,-1.4283
58.86157,-1.5922
58.8716,-1.7386
58.88163,-1.8656
58.89167,-1.9665
58.9017,-2.0395
58.91171,-2.1158
58.92167,-2.1402
58.93163,-2.1704
58.9416,-2.2089
58.95156,-2.2169
58.96152,-2.224
58.97149,-2.254
58.98145,-2.2826
58.99142,-2.272
59.00138,-2.2099
59.01134,-2.1593
59.02131,-2.1021
59.03127,-2.0281
59.04127,-1.9743
59.05127,-1.8901
59.06126,-1.8299
59.07126,-1.7736
59.08126,-1.7289
59.09126,-1.7132
59.10125,-1.7047
59.11125,-1.6814
59.12125,-1.6834
59.13125,-1.6716
59.14125,-1.6602
59.15125,-1.6472
59.16125,-1.6365
59.17129,-1.6317
59.18132,-1.6387
59.19135,-1.6486
59.20139,-1.64
59.21142,-1.6498
59.22145,-1.6795
59.23148,-1.7168
59.24151,-1.7296
59.25154,-1.7225
59.26158,-1.7066
59.27161,-1.6964
59.28164,-1.6762
59.29164,-1.6561
59.30162,-1.6392
59.31161,-1.6217
59.32159,-1.5931
59.33158,-1.5787
59.34156,-1.5672
59.35155,-1.5656
59.36154,-1.5554
59.37152,-1.5575
59.38151,-1.5719
59.39149,-1.5709
59.40148,-1.5628
59.41145,-1.5429
59.42142,-1.5392
59.43138,-1.5205
59.44135,-1.5307
59.45131,-1.5223
59.46127,-1.5613
59.47124,-1.5743
59.4812,-1.5496
59.49117,-1.5426
59.50113,-1.5463
59.51109,-1.5602
59.52106,-1.5564
59.53102,-1.5282
59.5411,-1.4605
59.55118,-1.3988
59.56126,-1.3405
59.57135,-1.2809
59.58142,-1.2296
59.59151,-1.1745
59.60159,-1.1328
59.61167,-1.125
59.62175,-1.1452
59.63183,-1.1846
59.64191,-1.2179
59.652,-1.2713
59.66206,-1.2798
59.67208,-1.2682
59.68211,-1.2901
59.69213,-1.1637
59.70216,-1.2731
59.71219,-1.2505
59.72221,-1.3849
59.73224,-1.4246
59.74227,-1.4938
59.7523,-1.514
59.76232,-1.5373
59.77235,-1.5303
59.78238,-1.5198
59.79245,-1.5541
59.80253,-1.5606
59.81261,-1.6096
59.82268,-1.7287
59.83276,-1.8814
59.84283,-2.0202
59.85291,-2.1248
59.86298,-2.1973
59.87306,-2.2454
59.88314,-2.2897
59.89321,-2.2978
59.90329,-2.319
59.91328,-2.3253
59.92317,-2.3213
59.93306,-2.2803
59.94296,-2.275
59.95285,-2.2176
59.96275,-2.2227
59.97264,-2.2088
59.98253,-2.1535
59.99243,-2.1358
60.00232,-2.1154
60.01221,-2.1055
60.02211,-2.0906
60.032,-2.0719
60.04206,-2.0501
60.05211,-2.0432
60.06216,-1.99
60.07222,-1.9347
60.08228,-1.9185
60.09233,-1.9047
60.10238,-1.9061
60.11243,-1.9041
60.12249,-1.9456
60.13254,-1.9589
60.1426,-1.9766
60.15265,-1.9626
60.16267,-1.945
60.17264,-1.915
60.18261,-1.931
60.19257,-1.93
60.20254,-1.9919
60.21251,-2.0221
60.22247,-2.0384
60.23244,-2.0288
60.2424,-1.9951
60.25237,-1.9539
60.26234,-1.9296
60.2723,-1.9025
60.28227,-1.7614
60.29226,-1.6917
60.30224,-1.7691
60.31222,-1.7535
60.3222,-1.6804
60.33218,-1.5223
60.34216,-1.4682
60.35214,-1.4561
60.36212,-1.4793
60.3721,-1.455
60.38208,-1.3848
60.39206,-1.2568
60.40204,-1.0633
60.41206,-0.9434
60.42212,-0.8966
60.43218,-0.8989
60.44225,-0.9731
60.4523,-1.0721
60.46237,-1.2187
60.47243,-1.3827
60.48249,-1.5143
60.49255,-1.6387
60.50261,-1.756
60.51267,-1.851
60.52274,-1.9217
60.53279,-1.9561
60.54273,-1.9662
60.55264,-1.9831
60.56255,-2.0207
60.57246,-2.0834
60.58236,-2.1085
60.59227,-2.1117
60.60218,-2.1486
60.61209,-2.1477
60.622,-2.1067
60.63191,-2.0794
60.64182,-2.0909
60.65173,-2.0844
60.66175,-2.0679
60.67186,-2.0426
60.68198,-2.0132
60.69209,-2.0003
60.7022,-1.9835
60.71232,-1.9697
60.72243,-1.9288
60.73254,-1.9091
60.74266,-1.932
60.75277,-1.9753
60.76289,-1.9762
60.773,-1.9701
60.78311,-1.9675
60.79311,-1.9442
60.8031,-1.8934
60.8131,-1.857
60.8231,-1.8344
60.8331,-1.8104
60.84309,-1.7874
60.85309,-1.7542
60.86308,-1.7447
60.87308,-1.728
60.88308,-1.739
60.89307,-1.6951
60.90307,-1.6115
60.91307,-1.5981
60.92303,-1.631
60.93299,-1.6387
60.94296,-1.5712
60.95292,-1.5366
60.96288,-1.5007
60.97284,-1.4571
60.9828,-1.4521
60.99276,-1.3111
61.00272,-1.1991
61.01268,-1.1148
61.02265,-1.0995
61.03261,-1.0295
61.04266,-0.8271
61.05272,-0.5958
61.06277,-0.5011
61.07282,-0.5539
61.08287,-0.7327
61.09292,-1.0281
61.10297,-1.3047
61.11303,-1.5433
61.12308,-1.7487
61.13313,-1.8972
61.14318,-1.9822
61.15323,-2.058
61.16325,-2.1001
61.17319,-2.1384
61.18314,-2.1153
61.19308,-2.1146
61.20302,-2.0903
61.21297,-2.041
61.22291,-2.0086
61.23285,-1.9445
61.24279,-1.8802
61.25274,-1.8286
61.26268,-1.8228
61.27262,-1.8773
61.28257,-1.9259
61.29259,-2.0035
61.30261,-2.0747
61.31263,-2.1222
61.32265,-2.1663
61.33268,-2.1792
61.3427,-2.2089
61.35272,-2.2424
61.36274,-2.2515
61.37276,-2.2412
61.38279,-2.2909
61.39281,-2.2838
61.40283,-2.1341
61.41284,-2.0642
61.42284,-2.0394
61.43284,-2.053
61.44284,-2.0608
61.45285,-2.0489
61.46285,-2.0515
61.47285,-2.0297
61.48285,-2.0137
61.49285,-2.0128
61.50285,-2.014
61.51285,-2.0299
61.52285,-2.0327
61.53286,-2.0286
61.54284,-2.0309
61.55282,-2.0221
61.56279,-2.0038
61.57277,-2.0089
61.58275,-2.002
61.59272,-2.0059
61.6027,-2.0227
61.61268,-2.036
61.62265,-2.0459
61.63263,-2.0767
61.64261,-2.0825
61.65258,-2.0872
61.66259,-2.1053
61.6726,-2.1107
61.68262,-2.1079
61.69264,-2.0987
61.70266,-2.1033
61.71267,-2.1088
61.72269,-2.0937
61.73271,-2.0893
61.74272,-2.0864
61.75274,-2.07
61.76276,-2.0512
61.77277,-2.0595
61.78279,-2.0728
61.79287,-2.0508
61.80295,-2.0437
61.81303,-2.0353
61.82311,-2.0343
61.83319,-2.0384
61.84327,-2.0536
61.85334,-2.0554
61.86342,-2.0536
61.8735,-2.0142
61.88358,-1.9754
61.89366,-1.9374
61.90374,-1.9259
61.91378,-1.918
61.92377,-1.9379
61.93376,-2.0022
61.94375,-2.0317
61.95374,-2.033
61.96373,-2.0167
61.97372,-1.9987
61.98371,-1.9792
61.9937,-1.9499
62.00369,-1.9328
62.01368,-1.8914
62.02367,-1.8401
62.03366,-1.8142
62.04368,-1.7563
62.05368,-1.6746
62.06368,-1.5805
62.07368,-1.4843
62.08368,-1.4004
62.09368,-1.3594
62.10368,-1.3433
62.11368,-1.4818
62.12368,-1.4955
62.13368,-1.5501
62.14368,-1.569
62.15368,-1.5446
62.16367,-1.5053
62.17366,-1.4667
62.18365,-1.4732
62.19364,-1.4278
62.20363,-1.4335
62.21362,-1.3721
62.22361,-1.3424
62.2336,-1.2951
62.24358,-1.3608
62.25357,-1.3254
62.26356,-1.3338
62.27355,-1.3092
62.28354,-1.2723
62.29355,-1.2172
62.30356,-1.2264
62.31357,-1.2206
62.32358,-1.2576
62.33359,-1.3565
62.3436,-1.4691
62.35361,-1.591
62.36362,-1.7251
62.37363,-1.861
62.38364,-1.981
62.39365,-2.0408
62.40366,-2.0946
62.41367,-2.1275
62.42366,-2.1514
62.43364,-2.1831
62.44363,-2.2024
62.45361,-2.2022
62.4636,-2.2067
62.47358,-2.2301
62.48357,-2.3007
62.49356,-2.3365
62.50354,-2.3328
62.51353,-2.3828
62.52351,-2.4383
62.5335,-2.4749
62.54346,-2.4582
62.55342,-2.4359
62.56338,-2.4203
62.57333,-2.4299
62.58329,-2.4211
62.59325,-2.4021
62.60321,-2.3913
62.61317,-2.3732
62.62313,-2.3552
62.63309,-2.3305
62.64305,-2.2813
62.65301,-2.2644
62.66302,-2.2747
62.67307,-2.2882
62.68312,-2.2799
62.69317,-2.263
62.70322,-2.2332
62.71327,-2.2064
62.72332,-2.1483
62.73338,-2.131
62.74343,-2.129
62.75348,-2.1084
62.76353,-2.0891
62.77358,-2.0453
62.78363,-2.0041
62.7936,-1.9043
62.80356,-1.7492
62.81353,-1.5751
62.82349,-1.5086
62.83345,-1.3056
62.84342,-1.1029
62.85338,-1.0205
62.86335,-1.2349
62.87331,-1.4477
62.88327,-1.2827
62.89324,-1.5385
62.9032,-1.433
62.91322,-1.2908
62.92328,-0.9746
62.93335,-0.7923
62.94341,-0.9077
62.95348,-1.0063
62.96354,-0.904
62.9736,-0.6527
62.98367,-0.6097
62.99373,-0.5625
63.00379,-0.5472
63.01386,-0.5444
63.02392,-0.6187
63.03399,-0.7076
63.0441,-0.8077
63.05421,-0.9154
63.06432,-1.0134
63.07442,-1.0845
63.08453,-1.185
63.09464,-1.2777
63.10475,-1.365
63.11486,-1.4593
63.12497,-1.5508
63.13507,-1.6192
63.14518,-1.6786
63.15529,-1.7331
63.16534,-1.7922
63.17532,-1.8527
63.18531,-1.9375
63.19529,-2.0253
63.20527,-2.1125
63.21526,-2.1962
63.22524,-2.2495
63.23523,-2.257
63.24521,-2.258
63.25519,-2.2622
63.26518,-2.2662
63.27516,-2.2572
63.28514,-2.2273
63.29511,-2.1863
63.30507,-2.1623
63.31503,-2.1107
63.32499,-2.0927
63.33496,-2.0637
63.34492,-2.0987
63.35488,-2.1233
63.36484,-2.1909
63.3748,-2.2003
63.38476,-2.2205
63.39472,-2.2016
63.40468,-2.1966
63.41466,-2.2257
63.42463,-2.2571
63.4346,-2.2331
63.44456,-2.1959
63.45454,-2.1499
63.46451,-2.1035
63.47448,-2.0383
63.48445,-1.99
63.49442,-1.9278
63.50439,-1.8427
63.51436,-1.7566
63.52433,-1.6506
63.5343,-1.5502
63.54434,-1.4979
63.55437,-1.4822
63.56441,-1.4626
63.57445,-1.3867
63.58448,-1.3839
63.59452,-1.2541
63.60456,-1.139
63.61459,-1.2499
63.62463,-1.5531
63.63467,-1.6444
63.6447,-1.5858
63.65474,-1.4594
63.66477,-1.3864
63.6748,-1.3487
63.68483,-1.1266
63.69485,-0.7769
63.70488,-0.4322
63.71491,-0.2009
63.72494,-0.0655
63.73497,-0.1103
63.745,-0.2593
63.75503,-0.508
63.76506,-0.8056
63.77509,-1.0664
63.78511,-1.2945
63.79504,-1.4806
63.80495,-1.6189
63.81487,-1.7034
63.82479,-1.7714
63.83471,-1.8264
63.84462,-1.8363
63.85454,-1.773
63.86446,-1.672
63.87438,-1.7746
63.8843,-1.8435
63.89421,-1.9064
63.90413,-1.956
63.91411,-1.9927
63.92416,-2.0696
63.93421,-2.094
63.94426,-2.0978
63.95431,-2.1232
63.96436,-2.1161
63.9744,-2.1273
63.98446,-2.1439
63.9945,-2.1471
64.00455,-2.1244
64.0146,-2.1045
64.02465,-2.1099
64.0347,-2.0868
64.04473,-2.0438
64.05476,-2.0453
64.0648,-2.0672
64.07484,-2.1049
64.08487,-2.1277
64.0949,-2.1461
64.10493,-2.1879
64.11497,-2.246
64.125,-2.3006
64.13503,-2.3299
64.14507,-2.3639
64.1551,-2.4026
64.16513,-2.3958
64.17509,-2.347
64.18506,-2.2951
64.19502,-2.2404
64.20499,-2.1864
64.21496,-2.1557
64.22492,-2.0863
64.23489,-1.9979
64.24485,-1.9429
64.25481,-1.9205
64.26479,-1.9395
64.27475,-1.9927
64.28471,-2.016
64.29474,-2.0357
64.30476,-1.9593
64.31478,-1.8454
64.3248,-1.6676
64.33482,-1.5205
64.34484,-1.7096
64.35487,-1.8106
64.36488,-1.8221
64.37491,-1.7697
64.38493,-1.7421
64.39495,-1.7291
64.40497,-1.6203
64.41498,-1.4772
64.42498,-1.1334
64.43498,-0.757
64.44498,-0.4993
64.45499,-0.4328
64.46498,-0.4766
64.47498,-0.5958
64.48499,-0.8061
64.49499,-1.0422
64.50499,-1.209
64.51498,-1.3186
64.52499,-1.4061
64.53499,-1.5046
64.54498,-1.5865
64.55498,-1.6396
64.56497,-1.6363
64.57497,-1.6428
64.58496,-1.6829
64.59496,-1.6971
64.60495,-1.7295
64.61494,-1.7785
64.62494,-1.8188
64.63493,-1.8555
64.64493,-1.8698
64.65492,-1.8953
64.66495,-1.9302
64.67499,-1.9411
64.68502,-1.9894
64.69506,-2.0293
64.7051,-2.0867
64.71514,-2.1161
64.72518,-2.1468
64.73522,-2.2143
64.74526,-2.2581
64.75529,-2.3065
64.76534,-2.3286
64.77538,-2.3349
64.78542,-2.3496
64.79535,-2.3628
64.80527,-2.3576
64.81519,-2.3933
64.8251,-2.41
64.83502,-2.4306
64.84495,-2.4283
64.85487,-2.4043
64.86478,-2.3657
64.8747,-2.3127
64.88462,-2.2684
64.89455,-2.2199
64.90446,-2.1853
64.91443,-2.1372
64.92444,-2.0877
64.93444,-2.0126
64.94445,-1.884
64.95445,-1.7739
64.96446,-1.699
64.97446,-1.7218
64.98447,-1.7349
64.99448,-1.6657
65.00449,-1.5691
65.01449,-1.3098
65.0245,-1.3478
65.0345,-1.328
65.04458,-1.2673
65.05464,-1.5754
65.06471,-1.5149
65.07478,-1.3736
65.08485,-1.4446
65.09491,-1.3747
65.10498,-1.375
65.11504,-1.2424
65.12511,-1.1173
65.13518,-1.0366
65.14525,-1.0541
65.15531,-1.1653
65.16535,-1.398
65.17535,-1.6704
65.18535,-1.9048
65.19534,-2.0758
65.20535,-2.189
65.21534,-2.2761
65.22534,-2.3684
65.23534,-2.4677
65.24534,-2.5566
65.25533,-2.6254
65.26534,-2.6965
65.27533,-2.7606
65.28533,-2.8045
65.29533,-2.8603
65.30532,-2.9044
65.31532,-2.9057
65.32532,-2.9229
65.33531,-2.9504
65.34531,-2.9749
65.3553,-3.0615
65.3653,-3.0741
65.37529,-3.0699
65.38529,-3.0659
65.39529,-3.046
65.40528,-3.0554
65.41528,-3.0522
65.42529,-2.9882
65.4353,-2.9749
65.4453,-2.9566
65.45531,-2.9443
65.46532,-2.9295
65.47533,-2.9318
65.48533,-2.937
65.49534,-2.9526
65.50534,-2.9495
65.51535,-2.9616
65.52535,-2.9914
65.53536,-3.0136
65.54536,-3.0345
65.55535,-3.0573
65.56535,-3.0753
65.57535,-3.0779
65.58534,-3.0701
65.59534,-3.0767
65.60533,-3.0849
65.61533,-3.084
65.62533,-3.1135
65.63532,-3.1472
65.64532,-3.1637
65.65532,-3.1671
65.66532,-3.1473
65.67531,-3.1411
65.6853,-3.1433
65.69527,-3.1548
65.70526,-3.1783
65.71525,-3.1968
65.72523,-3.2195
65.73522,-3.2362
65.74521,-3.2438
65.7552,-3.2423
65.76518,-3.2461
65.77517,-3.2413
65.78516,-3.226
65.79518,-3.1985
65.80521,-3.1076
65.81524,-3.0452
65.82526,-2.972
65.83529,-2.9287
65.84532,-2.8888
65.85535,-2.8459
65.86537,-2.8131
65.8754,-2.7765
65.88542,-2.7302
65.89545,-2.6693
65.90548,-2.6082
65.91552,-2.5462
65.92557,-2.4557
65.93562,-2.356
65.94567,-2.2263
65.95572,-2.1629
65.96577,-2.1434
65.97582,-2.066
65.98587,-1.9545
65.99593,-1.841
66.00597,-1.7056
66.01602,-1.3931
66.02608,-1.1679
66.03613,-1.0583
66.04613,-1.0047
66.05614,-1.0082
66.06614,-1.0393
66.07614,-1.0914
66.08614,-1.1357
66.09615,-1.1702
66.10615,-1.1379
66.11615,-1.1186
66.12615,-1.0655
66.13615,-1.0063
66.14616,-0.9532
66.15616,-0.9083
66.16617,-0.8458
66.17615,-0.8245
66.18613,-0.8618
66.19612,-0.9408
66.2061,-1.0655
66.21609,-1.2299
66.22607,-1.4132
66.23606,-1.5539
66.24604,-1.635
66.25603,-1.6836
66.26601,-1.7612
66.27599,-1.8345
66.28598,-1.9045
66.29605,-1.9538
66.30613,-1.9997
66.3162,-2.0616
66.32628,-2.0966
66.33636,-2.1189
66.34643,-2.1868
66.35651,-2.2504
66.36658,-2.3107
66.37666,-2.3445
66.38673,-2.4034
66.3968,-2.4536
66.40688,-2.4641
66.41693,-2.5015
66.42696,-2.5168
66.43698,-2.5122
66.44701,-2.4929
66.45702,-2.4438
66.46705,-2.4167
66.47707,-2.3807
66.4871,-2.3287
66.49712,-2.2786
66.50715,-2.2036
66.51717,-2.0945
66.52719,-1.962
66.53722,-1.8759
66.54713,-1.8143
66.55706,-1.7596
66.56698,-1.6418
66.5769,-1.4914
66.58682,-1.3484
66.59674,-1.204
66.60667,-1.0811
66.61658,-0.9832
66.62651,-0.8715
66.63643,-0.7791
66.64635,-0.8122
66.65627,-1.3139
66.66624,-1.4653
66.67624,-1.5192
66.68623,-1.2663
66.69623,-0.9311
66.70622,-0.5525
66.71622,-0.3362
66.72622,-0.4043
66.73621,-0.4632
66.74621,-0.8384
66.7562,-0.8936
66.7662,-0.8632
66.7762,-0.7524
66.78619,-0.6771
66.79619,-0.6695
66.80618,-0.6854
66.81618,-0.7352
66.82616,-0.8035
66.83616,-0.819
66.84615,-0.7858
66.85614,-0.7332
66.86613,-0.6915
66.87613,-0.6965
66.88612,-0.7721
66.89611,-0.8953
66.90611,-1.0608
66.91611,-1.2548
66.92612,-1.4949
66.93613,-1.7159
66.94614,-1.8963
66.95615,-2.0336
66.96616,-2.1306
66.97617,-2.1941
66.98618,-2.2352
66.99618,-2.259
67.00619,-2.2897
67.0162,-2.2742
67.02621,-2.2594
67.03622,-2.2507
67.04621,-2.2503
67.0562,-2.2435
67.06618,-2.2409
67.07616,-2.2414
67.08615,-2.2271
67.09614,-2.1983
67.10612,-2.1896
67.11611,-2.1739
67.1261,-2.1688
67.13609,-2.1525
67.14607,-2.1378
67.15606,-2.136
67.16605,-2.1367
67.17605,-2.1498
67.18604,-2.153
67.19604,-2.1574
67.20604,-2.175
67.21604,-2.1887
67.22604,-2.1932
67.23603,-2.1875
67.24603,-2.1671
67.25603,-2.157
67.26602,-2.1493
67.27602,-2.1542
67.28602,-2.1585
67.29603,-2.1262
67.30602,-2.0924
67.31602,-2.0478
67.32602,-1.9826
67.33601,-1.8991
67.34602,-1.8001
67.35601,-1.7028
67.366,-1.6572
67.37601,-1.618
67.386,-1.5821
67.396,-1.5657
67.406,-1.5518
67.41602,-1.5555
67.42608,-1.5691
67.43613,-1.5917
67.44618,-1.6192
67.45624,-1.6639
67.46629,-1.7126
67.47634,-1.7502
67.48639,-1.8039
67.49644,-1.8617
67.50649,-1.9136
67.51655,-1.9593
67.5266,-1.9996
67.53665,-2.0419
67.54668,-2.0515
67.5567,-2.0443
67.56673,-2.0349
67.57674,-2.0233
67.58676,-2.0179
67.59679,-2.0513
67.6068,-2.0679
67.61682,-2.092
67.62684,-2.1247
67.63686,-2.1405
67.64688,-2.1454
67.6569,-2.1416
67.66692,-2.1728
67.67693,-2.1394
67.68693,-2.0947
67.69693,-2.0776
67.70693,-2.0595
67.71693,-2.0678
67.72694,-2.1029
67.73694,-2.1582
67.74694,-2.1889
67.75694,-2.1634
67.76694,-2.118
67.77695,-2.0759
67.78695,-2.0449
67.79694,-2.0089
67.80694,-1.9929
67.81693,-1.9487
67.82693,-1.8837
67.83692,-1.7989
67.84692,-1.7411
67.85691,-1.6721
67.8669,-1.5862
67.87689,-1.4885
67.88689,-1.3473
67.89688,-1.2795
67.90688,-1.2061
67.91688,-1.1096
67.92688,-1.0305
67.93687,-0.9905
67.94688,-1.1083
67.95687,-1.4337
67.96687,-1.4106
67.97687,-1.1805
67.98687,-1.0012
67.99686,-0.8707
68.00687,-0.7621
68.01686,-0.7506
68.02686,-0.9289
68.03686,-0.9282
68.04684,-0.8084
68.05682,-0.7907
68.0668,-0.8578
68.07679,-0.989
68.08677,-1.1444
68.09676,-1.2926
68.10674,-1.427
68.11672,-1.5479
68.1267,-1.6377
68.13669,-1.7128
68.14667,-1.778
68.15665,-1.8242
68.16665,-1.8654
68.17666,-1.8963
68.18667,-1.9213
68.19668,-1.9587
68.20669,-1.9777
68.2167,-1.9943
68.22671,-2.0538
68.23672,-2.1117
68.24673,-2.174
68.25674,-2.2271
68.26675,-2.234
68.27676,-2.2537
68.28677,-2.2414
68.29677,-2.2499
68.30677,-2.2451
68.31676,-2.2551
68.32677,-2.2533
68.33676,-2.2334
68.34676,-2.2296
68.35676,-2.1972
68.36676,-2.1563
68.37675,-2.1298
68.38676,-2.104
68.39675,-2.08
68.40675,-2.0648
68.41676,-2.0545
68.42675,-2.0527
68.43674,-2.039
68.44675,-2.0285
68.45674,-2.0206
68.46674,-2.0157
68.47673,-1.9965
68.48673,-1.9987
68.49673,-2.0029
68.50672,-2.0232
68.51672,-2.0395
68.52672,-2.0544
68.53671,-2.0784
68.54679,-2.0721
68.55687,-2.0512
68.56695,-2.0304
68.57703,-2.0275
68.58711,-2.0222
68.59719,-1.9785
68.60727,-1.9481
68.61735,-1.9085
68.62743,-1.8634
68.6375,-1.8064
68.64758,-1.7502
68.65766,-1.6836
68.66771,-1.631
68.6777,-1.5978
68.6877,-1.5461
68.69769,-1.483
68.70769,-1.4305
68.71768,-1.3908
68.72768,-1.3694
68.73767,-1.3424
68.74767,-1.304
68.75767,-1.2899
68.76766,-1.2327
68.77766,-1.1897
68.78765,-1.1931
68.79765,-1.3234
68.80765,-1.231
68.81764,-1.2073
68.82764,-1.2051
68.83764,-1.1977
68.84764,-0.9515
68.85764,-0.706
68.86764,-0.5664
68.87763,-0.5217
68.88763,-0.5332
68.89763,-0.5878
68.90763,-0.6804
68.91762,-0.7985
68.92758,-0.9348
68.93755,-1.0854
68.94751,-1.2117
68.95747,-1.3373
68.96744,-1.4515
68.9774,-1.5405
68.98737,-1.6002
68.99733,-1.6582
69.00729,-1.7
69.01726,-1.7404
69.02722,-1.7861
69.03719,-1.8435
69.0472,-1.8917
69.0572,-1.9233
69.0672,-1.9798
69.0772,-2.0328
69.08721,-2.0354
69.09721,-2.0377
69.10722,-2.0368
69.11722,-2.043
69.12723,-2.0358
69.13723,-2.0364
69.14723,-2.0133
69.15723,-2.0055
69.16727,-1.9766
69.17729,-2.004
69.18731,-2.0101
69.19733,-2.0393
69.20735,-2.0424
69.21737,-2.0791
69.22739,-2.0872
69.2374,-2.122
69.24742,-2.1546
69.25745,-2.1819
69.26746,-2.2079
69.27748,-2.2578
69.2875,-2.284
69.2975,-2.315
69.3075,-2.3115
69.31749,-2.2956
69.32748,-2.2501
69.33747,-2.219
69.34747,-2.2132
69.35746,-2.1969
69.36745,-2.1664
69.37745,-2.1515
69.38744,-2.1492
69.39744,-2.1484
69.40743,-2.1462
69.41743,-2.1327
69.42742,-2.0746
69.43742,-2.0405
69.44742,-2.0683
69.45741,-2.0523
69.46741,-1.9177
69.47741,-1.903
69.4874,-1.8811
69.49741,-1.7988
69.5074,-1.6404
69.5174,-1.4504
69.5274,-1.2355
69.53739,-1.108
69.54745,-1.0636
69.55751,-1.0712
69.56757,-1.1705
69.57762,-1.3378
69.58768,-1.5128
69.59773,-1.6577
69.60779,-1.7596
69.61785,-1.8507
69.62791,-1.9146
69.63796,-1.9726
69.64802,-2.0191
69.65807,-2.0491
69.66811,-2.0643
69.67813,-2.0736
69.68815,-2.075
69.69817,-2.0593
69.70818,-2.068
69.7182,-2.0614
69.72822,-2.034
69.73824,-1.9986
69.74825,-2.0135
69.75827,-2.0285
69.76829,-2.0347
69.77831,-2.0781
69.78832,-2.114
69.79835,-2.1199
69.80837,-2.0822
69.81841,-2.0576
69.82843,-2.0281
69.83846,-1.9984
69.84849,-1.9334
69.85852,-1.918
69.86855,-1.8977
69.87857,-1.9231
69.8886,-1.9226
69.89863,-1.912
69.90866,-1.8887
69.91868,-1.9025
69.92864,-1.8769
69.93861,-1.8264
69.94858,-1.8369
69.95854,-1.8542
69.96851,-1.8523
69.97847,-1.8557
69.98843,-1.8504
69.9984,-1.8392
70.00836,-1.7868
70.01833,-1.7391
70.02829,-1.7018
70.03825,-1.675
70.04824,-1.6587
70.05823,-1.6447
70.06821,-1.6398
70.07819,-1.6439
70.08818,-1.6314
70.09816,-1.6241
70.10815,-1.6068
70.11813,-1.5839
70.12812,-1.5546
70.1381,-1.5479
70.14809,-1.5476
70.15807,-1.5665
70.16808,-1.5885
70.17809,-1.5927
70.1881,-1.5998
70.1981,-1.5958
70.20811,-1.5978
70.21812,-1.6021
70.22813,-1.5896
70.23814,-1.5722
70.24815,-1.5572
70.25816,-1.5808
70.26816,-1.6584
70.27817,-1.6915
70.28818,-1.6677
70.29814,-1.6166
70.30811,-1.5892
70.31807,-1.5718
70.32803,-1.5608
70.33799,-1.528
70.34795,-1.5081
70.35791,-1.501
70.36787,-1.4556
70.37783,-1.4777
70.38779,-1.4552
70.39776,-1.4509
70.40771,-1.4125
70.4177,-1.4196
70.4277,-1.4258
70.43771,-1.4346
70.44771,-1.4378
70.45771,-1.408
70.46771,-1.3915
70.47771,-1.3775
70.48772,-1.3787
70.49772,-1.377
70.50772,-1.3868
70.51772,-1.3972
70.52773,-1.4041
70.53773,-1.4103
70.54776,-1.401
70.55779,-1.4068
70.56781,-1.403
70.57784,-1.3995
70.58787,-1.3774
70.59789,-1.3384
70.60792,-1.307
70.61794,-1.2651
70.62797,-1.2422
70.638,-1.2346
70.64803,-1.2223
70.65805,-1.2198
70.66805,-1.209
70.67801,-1.2345
70.68798,-1.2701
70.69794,-1.2687
70.70791,-1.2495
70.71787,-1.1957
70.72784,-1.1466
70.7378,-1.101
70.74776,-1.0602
70.75774,-1.0555
70.7677,-1.0181
70.77766,-1.0064
70.78763,-0.967
70.79775,-0.9417
70.80787,-0.9431
70.81799,-0.9422
70.8281,-0.8885
70.83822,-1.0266
70.84834,-0.9917
70.85845,-1.0118
70.86857,-0.9865
70.87868,-0.9454
70.8888,-0.8746
70.89892,-0.8424
70.90903,-0.7301
70.91908,-0.7813
70.92903,-0.7442
70.93899,-0.7667
70.94895,-0.7687
70.95891,-0.7567
70.96886,-0.7797
70.97883,-0.807
70.98878,-0.8016
70.99875,-0.8078
71.00871,-0.8079
71.01866,-0.8175
71.02863,-0.789
71.03858,-0.8013
71.04859,-0.8274
71.05859,-0.8443
71.0686,-0.8704
71.07859,-0.8796
71.08859,-0.878
71.09859,-0.8849
71.10859,-0.8663
71.11859,-0.8663
71.12859,-0.8781
71.13859,-0.8654
71.14859,-0.9116
71.15859,-0.9238
71.1686,-0.9433
71.17862,-0.9515
71.18864,-0.9561
71.19867,-0.941
71.20869,-0.9379
71.21872,-0.9125
71.22874,-0.911
71.23876,-0.9382
71.24879,-0.933
71.25881,-0.9434
71.26883,-0.9596
71.27885,-0.9922
71.28888,-1.0226
71.29887,-1.0336
71.30887,-1.0271
71.31886,-1.0158
71.32886,-1.0112
71.33884,-1.0116
71.34884,-1.0312
71.35883,-1.0443
71.36883,-1.0474
71.37882,-1.0272
71.38881,-1.0093
71.3988,-0.9905
71.4088,-0.9782
71.41884,-0.9593
71.42892,-0.9739
71.439,-0.9656
71.44907,-0.9973
71.45915,-1.031
71.46923,-1.0692
71.47931,-1.0724
71.48939,-1.0509
71.49947,-1.0318
71.50954,-0.9991
71.51962,-0.9583
71.5297,-0.9518
71.53978,-0.9427
71.5497,-0.9394
71.55962,-0.9876
71.56953,-1.0241
71.57945,-1.0606
71.58937,-1.0916
71.59929,-1.0918
71.60921,-1.0793
71.61912,-1.0685
71.62904,-1.0508
71.63895,-1.0299
71.64887,-1.0247
71.65879,-1.0161
71.66875,-1.0162
71.67872,-1.0261
71.68869,-1.0609
71.69867,-1.0566
71.70864,-1.075
71.71861,-1.0723
71.72859,-1.0633
71.73856,-1.0702
71.74854,-1.0542
71.75851,-1.0605
71.76849,-1.0361
71.77847,-1.0359
71.78844,-1.0377
71.79847,-1.031
71.80849,-1.047
71.81852,-1.0582
71.82854,-1.0674
71.83858,-1.0703
71.8486,-1.0692
71.85863,-1.0628
71.86865,-1.044
71.87868,-1.0293
71.88871,-1.0228
71.89874,-1.0119
71.90876,-1.0189
71.91877,-1.0231
71.92876,-1.0197
71.93875,-1.0189
71.94874,-1.0217
71.95873,-1.0192
71.96872,-1.0168
71.97871,-1.0042
71.98869,-0.9711
71.99869,-0.9144
72.00867,-0.9085
72.01866,-0.9134
72.02866,-0.9195
72.03864,-0.9119
72.04874,-0.8924
72.05883,-0.8946
72.06892,-0.8923
72.07902,-0.8846
72.08911,-0.889
72.0992,-0.9018
72.10929,-0.925
72.11938,-0.9232
72.12948,-0.9157
72.13957,-0.8968
72.14967,-0.8753
72.15976,-0.8733
72.16979,-0.8661
72.17978,-0.8625
72.18977,-0.8651
72.19975,-0.8627
72.20974,-0.8687
72.21973,-0.8648
72.22971,-0.8728
72.2397,-0.8784
72.24969,-0.8813
72.25967,-0.8657
72.26966,-0.8715
72.27965,-0.8499
72.28963,-0.8456
72.2997,-0.8503
72.30974,-0.8474
72.31978,-0.8376
72.32983,-0.845
72.33987,-0.8353
72.34991,-0.8268
72.35995,-0.8238
72.37,-0.8102
72.38004,-0.8048
72.39008,-0.8042
72.40012,-0.792
72.41017,-0.7817
72.4202,-0.7689
72.43016,-0.7533
72.44012,-0.7334
72.45009,-0.7143
72.46005,-0.709
72.47002,-0.6932
72.47999,-0.6846
72.48995,-0.6752
72.49992,-0.6775
72.50988,-0.6634
72.51984,-0.6472
72.52981,-0.6153
72.53977,-0.5893
72.5498,-0.5633
72.55984,-0.5648
72.56989,-0.5571
72.57992,-0.5609
72.58996,-0.5584
72.6,-0.5661
72.61003,-0.5814
72.62007,-0.5751
72.63011,-0.5832
72.64015,-0.5881
72.65018,-0.5816
72.66022,-0.5607
