time_s,measured_value
0.00983,-1.1714
0.01966,-1.1666
0.02949,-1.1531
0.03932,-1.1592
0.04915,-1.1468
0.05898,-1.1619
0.06881,-1.1534
0.07864,-1.1755
0.08847,-1.1899
0.0983,-1.2222
0.10813,-1.2289
0.11796,-1.2062
0.12788,-1.19
0.13789,-1.1923
0.1479,-1.1944
0.15791,-1.1848
0.16791,-1.1778
0.17792,-1.197
0.18793,-1.1965
0.19794,-1.1904
0.20795,-1.1671
0.21796,-1.1469
0.22797,-1.1371
0.23798,-1.1238
0.24799,-1.1481
0.25805,-1.198
0.26812,-1.2195
0.27818,-1.2184
0.28824,-1.1889
0.2983,-1.173
0.30836,-1.175
0.31842,-1.1587
0.32849,-1.1614
0.33855,-1.142
0.34861,-1.1703
0.35867,-1.1348
0.36873,-1.1469
0.37871,-1.1861
0.38861,-1.1815
0.3985,-1.1584
0.40839,-1.1258
0.41829,-1.115
0.42818,-1.0901
0.43807,-1.0613
0.44797,-1.0399
0.45786,-1.0361
0.46776,-1.02
0.47765,-1.0296
0.48754,-1.0172
0.49744,-1.0084
0.50754,-1.0036
0.51765,-1.0165
0.52775,-0.9973
0.53786,-0.9842
0.54796,-0.9624
0.55806,-0.9511
0.56817,-0.9529
0.57827,-0.9608
0.58838,-0.9546
0.59848,-0.9487
0.60859,-0.9699
0.61869,-0.9678
0.62874,-0.9544
0.63874,-0.9541
0.64874,-0.9592
0.65874,-0.9582
0.66874,-0.9528
0.67874,-0.9436
0.68874,-0.9394
0.69874,-0.9502
0.70874,-0.9515
0.71874,-0.9532
0.72874,-0.9573
0.73874,-0.9566
0.74874,-0.9677
0.75878,-0.9633
0.76882,-0.9722
0.77886,-0.9602
0.7889,-0.952
0.79893,-0.9608
0.80897,-0.9566
0.81901,-0.9547
0.82904,-0.9448
0.83908,-0.9599
0.84912,-0.9559
0.85916,-0.9548
0.86919,-0.9659
0.87918,-0.9647
0.8891,-0.9669
0.89903,-0.966
0.90895,-0.9677
0.91888,-0.9628
0.9288,-0.958
0.93872,-0.9646
0.94865,-0.961
0.95857,-0.9572
0.9685,-0.9662
0.97842,-0.9619
0.98834,-0.9643
0.99827,-0.9611
1.00827,-0.9513
1.01828,-0.9599
1.02828,-0.9535
1.03828,-0.9664
1.04828,-0.9536
1.05829,-0.9549
1.06829,-0.9512
1.07829,-0.963
1.08829,-0.9663
1.0983,-0.9611
1.1083,-0.966
1.1183,-0.9687
1.1283,-0.9646
1.1383,-0.9635
1.14829,-0.9552
1.15829,-0.9574
1.16828,-0.9653
1.17828,-0.9573
1.18827,-0.9553
1.19827,-0.9589
1.20827,-0.9657
1.21826,-0.9638
1.22826,-0.9765
1.23825,-0.9784
1.24825,-0.9785
1.25828,-0.9829
1.2683,-0.9782
1.27832,-0.9644
1.28835,-0.9585
1.29837,-0.9554
1.3084,-0.9632
1.31842,-0.9614
1.32845,-0.9671
1.33847,-0.9712
1.3485,-0.9638
1.35852,-0.9594
1.36855,-0.9525
1.37855,-0.9499
1.38852,-0.9467
1.39849,-0.956
1.40846,-0.9602
1.41843,-0.9695
1.42841,-0.9709
1.43838,-0.9534
1.44835,-0.9662
1.45832,-0.9859
1.46829,-0.9788
1.47826,-0.9721
1.48823,-0.9581
1.4982,-0.9578
1.50823,-0.9743
1.51826,-0.9608
1.52829,-0.9453
1.53831,-0.9501
1.54834,-0.9774
1.55837,-0.9954
1.56839,-0.987
1.57842,-0.9652
1.58845,-0.9585
1.59847,-0.9552
1.6085,-0.9424
1.61853,-0.9365
1.62854,-0.9505
1.63853,-0.9692
1.64852,-0.9785
1.6585,-0.9839
1.66849,-0.9759
1.67848,-0.9694
1.68847,-0.9673
1.69846,-0.9607
1.70845,-0.9557
1.71843,-0.9611
1.72842,-0.9785
1.73841,-0.9668
1.7484,-0.9704
1.75845,-0.985
1.76849,-0.9909
1.77854,-0.9781
1.78858,-0.9752
1.79863,-0.9704
1.80867,-0.9621
1.81872,-0.9614
1.82876,-0.9677
1.83881,-0.9795
1.84885,-0.9708
1.8589,-0.9774
1.86894,-0.9774
1.87899,-0.9818
1.88903,-0.9764
1.89906,-0.963
1.9091,-0.9661
1.91914,-0.9684
1.92918,-0.9776
1.93921,-0.9704
1.94925,-0.9774
1.95929,-0.9487
1.96933,-0.9864
1.97936,-0.993
1.9894,-0.9842
1.99944,-0.968
2.00944,-0.9652
2.01944,-0.9689
2.02944,-0.9671
2.03944,-0.9547
2.04944,-0.959
2.05944,-0.9874
2.06944,-0.9901
2.07944,-0.9848
2.08944,-0.9767
2.09944,-0.9681
2.10944,-0.9731
2.11944,-0.9732
2.12944,-0.9679
2.13943,-0.9581
2.14942,-0.9515
2.15942,-0.965
2.16941,-0.9891
2.1794,-0.9835
2.1894,-0.9738
2.19939,-0.9704
2.20938,-0.9651
2.21938,-0.9478
2.22937,-0.9572
2.23936,-0.9514
2.24936,-0.9694
2.25941,-0.9834
2.26946,-0.986
2.2795,-0.9857
2.28955,-0.9704
2.2996,-0.965
2.30965,-0.9509
2.3197,-0.9515
2.32975,-0.974
2.3398,-0.9795
2.34984,-0.9782
2.35989,-0.9675
2.36994,-0.9814
2.37994,-0.9855
2.38988,-0.9772
2.39983,-0.9685
2.40977,-0.9616
2.41972,-0.9699
2.42966,-0.9728
2.4396,-0.9752
2.44955,-0.9719
2.45949,-0.9834
2.46943,-0.9823
2.47938,-0.9895
2.48932,-0.9755
2.49927,-0.9663
2.50928,-0.9503
2.5193,-0.9696
2.52931,-0.9729
2.53933,-0.9769
2.54934,-0.9806
2.55935,-0.981
2.56937,-0.9895
2.57938,-0.9688
2.5894,-0.9606
2.59941,-0.9605
2.60942,-0.9593
2.61944,-0.9802
2.62944,-0.9789
2.63942,-0.9788
2.6494,-0.9784
2.65938,-0.9815
2.66936,-0.9614
2.67934,-0.9634
2.68933,-0.9795
2.69931,-0.9947
2.70929,-0.9981
2.71927,-0.9827
2.72925,-0.9553
2.73923,-0.9554
2.74921,-0.9697
2.75929,-0.9804
2.76936,-0.9903
2.77944,-0.9821
2.78951,-0.9818
2.79958,-0.9814
2.80966,-0.9821
2.81973,-0.9674
2.82981,-0.9545
2.83988,-0.9743
2.84995,-0.9945
2.86003,-0.9863
2.8701,-0.9664
2.88012,-0.9697
2.89008,-0.983
2.90003,-0.9883
2.90999,-0.9841
2.91995,-0.9872
2.92991,-0.9754
2.93986,-0.9746
2.94982,-0.9735
2.95978,-0.9627
2.96973,-0.9579
2.97969,-0.9755
2.98965,-0.9824
2.9996,-0.9855
3.00961,-0.9831
3.01961,-0.9852
3.02961,-0.9882
3.03961,-0.9809
3.04961,-0.9628
3.05961,-0.9605
3.06961,-0.9693
3.07961,-0.9804
3.08961,-0.9799
3.09961,-0.9848
3.10961,-0.9821
3.11961,-0.9887
3.12961,-0.9922
3.13962,-0.981
3.14962,-0.9705
3.15962,-0.9658
3.16962,-0.9812
3.17963,-0.9875
3.18963,-0.981
3.19963,-0.982
3.20963,-0.9731
3.21963,-0.9838
3.22964,-0.9848
3.23964,-0.9804
3.24964,-0.9791
3.25964,-0.9822
3.26963,-0.9868
3.27962,-0.972
3.28962,-0.9737
3.29961,-0.9672
3.3096,-0.9804
3.31959,-0.9848
3.32959,-0.9739
3.33958,-0.9764
3.34957,-0.971
3.35957,-0.9768
3.36956,-0.9669
3.37956,-0.9699
3.38956,-0.9726
3.39956,-0.9832
3.40956,-0.9809
3.41956,-0.9688
3.42956,-0.9741
3.43955,-0.9784
3.44955,-0.9765
3.45955,-0.9824
3.46955,-0.9746
3.47955,-0.9737
3.48955,-0.9727
3.49955,-0.9807
3.50955,-0.9858
3.51955,-0.9702
3.52955,-0.9785
3.53954,-0.9925
3.54954,-0.9904
3.55954,-0.982
3.56954,-0.9702
3.57954,-0.9791
3.58953,-0.9936
3.59953,-0.9876
3.60953,-0.9638
3.61953,-0.9596
3.62955,-0.9858
3.63954,-0.9967
3.64954,-0.9933
3.65954,-0.9868
3.66953,-0.9804
3.67953,-0.9754
3.68953,-0.9808
3.69953,-0.9723
3.70952,-0.9567
3.71952,-0.9588
3.72952,-0.9765
3.73951,-0.9902
3.74951,-0.9657
3.75955,-0.9622
3.76959,-0.9739
3.77963,-0.9902
3.78967,-0.9848
3.79971,-0.9805
3.80975,-0.9843
3.81979,-0.9883
3.82983,-0.9868
3.83986,-0.985
3.8499,-0.976
3.85994,-0.9724
3.86998,-0.9919
3.88002,-0.9852
3.89007,-0.9755
3.90011,-0.9751
3.91015,-0.9753
3.9202,-0.9841
3.93024,-0.9709
3.94028,-0.9695
3.95032,-0.9774
3.96037,-0.9816
3.97041,-0.9875
3.98045,-0.9774
3.9905,-0.9762
4.00054,-0.9734
4.01057,-0.9848
4.02059,-0.9763
4.03061,-0.9782
4.04064,-0.9738
4.05066,-0.9796
4.06069,-0.9869
4.07071,-0.9802
4.08073,-0.9711
4.09076,-0.9696
4.10078,-0.9907
4.11081,-0.9882
4.12083,-0.982
4.13082,-0.9817
4.14078,-0.9902
4.15073,-0.9867
4.16069,-0.9784
4.17064,-0.9842
4.1806,-0.9716
4.19055,-0.9877
4.2005,-0.9864
4.21046,-0.967
4.22041,-0.9698
4.23037,-0.9797
4.24032,-0.9827
4.25028,-0.9882
4.26031,-0.978
4.27033,-0.9817
4.28035,-0.9903
4.29037,-0.9868
4.3004,-0.9885
4.31042,-0.9767
4.32044,-0.9719
4.33046,-0.9708
4.34049,-0.9754
4.35051,-0.9668
4.36053,-0.9674
4.37055,-0.9676
4.38056,-0.9795
4.39055,-0.9904
4.40054,-0.9825
4.41052,-0.9757
4.42051,-0.9831
4.4305,-0.9913
4.44049,-0.9849
4.45048,-0.9754
4.46046,-0.97
4.47045,-0.9733
4.48044,-0.9824
4.49043,-0.979
4.50042,-0.9823
4.51043,-0.9755
4.52043,-0.9888
4.53043,-0.9812
4.54043,-0.9649
4.55044,-0.9732
4.56044,-0.9769
4.57044,-0.9819
4.58044,-0.9743
4.59044,-0.9699
4.60045,-0.9867
4.61045,-0.9909
4.62045,-0.9885
4.63046,-0.9758
4.64044,-0.9806
4.65042,-0.975
4.66041,-0.9817
4.67039,-0.9791
4.68037,-0.9726
4.69035,-0.9677
4.70033,-0.9785
4.71031,-0.9881
4.72029,-0.9951
4.73028,-0.9805
4.74026,-0.9707
4.75024,-0.9834
4.76024,-0.9861
4.77023,-0.9644
4.78023,-0.9582
4.79022,-0.9728
4.80022,-0.983
4.81021,-0.991
4.82021,-0.9766
4.8302,-0.9733
4.8402,-0.9754
4.85019,-0.9846
4.86019,-0.9894
4.87019,-0.9762
4.88021,-0.9763
4.89023,-0.9815
4.90025,-0.9775
4.91028,-0.9648
4.9203,-0.9756
4.93032,-0.9753
4.94035,-0.9889
4.95037,-1.0019
4.96039,-0.9984
4.97042,-0.987
4.98044,-0.9859
4.99046,-0.9827
5.00049,-0.976
5.01056,-0.9765
5.02064,-0.9845
5.03071,-0.9946
5.04078,-0.997
5.05086,-0.9882
5.06093,-0.9848
5.07101,-0.9799
5.08108,-0.9881
5.09115,-0.9898
5.10123,-0.9829
5.1113,-0.9854
5.12138,-0.9847
5.1314,-0.9838
5.14137,-0.9969
5.15134,-0.9932
5.16131,-1.0067
5.17128,-1.0087
5.18124,-0.9965
5.19121,-0.9911
5.20118,-0.9996
5.21115,-0.9931
5.22112,-0.9928
5.23109,-0.9919
5.24106,-0.9831
5.25102,-0.9962
5.26106,-1.0072
5.27108,-1.0137
5.28111,-1.0053
5.29113,-0.9966
5.30116,-1.0022
5.31118,-1.013
5.32121,-1.0214
5.33123,-0.9942
5.34126,-1.0144
5.35128,-1.0278
5.36131,-1.0264
5.37133,-1.0144
5.38138,-1.015
5.39144,-1.0142
5.4015,-1.0136
5.41156,-1.0155
5.42162,-1.0089
5.43167,-1.0026
5.44173,-1.017
5.45179,-1.0292
5.46185,-1.0278
5.47191,-1.0123
5.48197,-1.0195
5.49203,-1.0218
5.50209,-1.0079
5.51211,-1.0006
5.52212,-1.006
5.53212,-1.018
5.54213,-1.0167
5.55213,-1.016
5.56213,-1.02
5.57214,-1.0095
5.58214,-1.0219
5.59215,-1.0211
5.60215,-1.0209
5.61215,-1.0223
5.62216,-1.0268
5.63216,-1.0301
5.64214,-1.0239
5.65211,-1.0164
5.66208,-1.006
5.67205,-1.0198
5.68203,-1.0134
5.692,-1.0078
5.70197,-1.0187
5.71194,-1.0141
5.72191,-1.016
5.73189,-1.0322
5.74186,-1.0253
5.75183,-1.025
5.7618,-1.019
5.77177,-1.0121
5.78173,-1.0181
5.7917,-1.023
5.80167,-1.0235
5.81164,-1.0311
5.8216,-1.0352
5.83157,-1.0278
5.84154,-1.0222
5.8515,-1.0216
5.86147,-1.0246
5.87144,-1.0237
5.88141,-1.0269
5.89139,-1.0216
5.90136,-1.023
5.91133,-1.026
5.92131,-1.0284
5.93128,-1.0226
5.94125,-1.0222
5.95123,-1.0161
5.9612,-1.0262
5.97118,-1.0252
5.98115,-1.02
5.99112,-1.0087
6.0011,-1.0237
6.01118,-1.0267
6.02125,-1.0157
6.03133,-1.0154
6.0414,-1.0268
6.05148,-1.0397
6.06155,-1.0347
6.07163,-1.0091
6.0817,-1.0018
6.09178,-1.0139
6.10185,-1.0215
6.11193,-1.0138
6.12201,-1.0296
6.13206,-1.039
6.14209,-1.0421
6.15212,-1.0299
6.16215,-1.018
6.17217,-1.0101
6.1822,-1.0187
6.19223,-1.0301
6.20226,-1.0178
6.21229,-1.0137
6.22231,-1.0263
6.23234,-1.0323
6.24237,-1.034
6.2524,-1.0183
6.26237,-1.0177
6.27233,-1.0164
6.28229,-1.0117
6.29226,-1.0049
6.30222,-1.0179
6.31218,-1.0145
6.32215,-1.0335
6.33211,-1.0322
6.34207,-1.0317
6.35204,-1.019
6.362,-0.9988
6.37196,-1.0077
6.38193,-1.0226
6.39191,-1.0171
6.40189,-1.0212
6.41186,-1.0225
6.42184,-1.0311
6.43182,-1.0281
6.44179,-1.0102
6.45177,-1.0059
6.46174,-1.0164
6.47172,-1.025
6.4817,-1.0286
6.49167,-1.0238
6.50165,-1.0195
6.51169,-1.0192
6.52171,-1.0238
6.53174,-1.0213
6.54177,-1.0103
6.5518,-1.016
6.56183,-1.0178
6.57186,-1.0217
6.58189,-1.0175
6.59192,-1.0229
6.60195,-1.0206
6.61197,-1.0178
6.622,-1.0223
6.63203,-1.0082
6.64205,-1.0058
6.65206,-1.0149
6.66208,-1.0254
6.6721,-1.0153
6.68212,-1.0119
6.69213,-1.024
6.70215,-1.0213
6.71217,-1.0127
6.72219,-1.0136
6.7322,-1.0175
6.74222,-1.0266
6.75224,-1.0182
6.76218,-1.0034
6.77213,-1.0066
6.78207,-0.9969
6.79202,-1.0037
6.80196,-1.0199
6.81191,-1.0229
6.82185,-1.0191
6.8318,-1.0123
6.84174,-1.0183
6.85168,-1.0232
6.86163,-1.0085
6.87157,-1.0064
6.88157,-1.0147
6.89158,-1.0279
6.90158,-1.0219
6.91159,-1.0049
6.9216,-1.0118
6.9316,-1.0179
6.94161,-1.0263
6.95162,-1.0156
6.96163,-1.0163
6.97163,-1.0203
6.98164,-1.0179
6.99165,-1.0158
7.00165,-1.0117
7.01175,-1.0074
7.02183,-1.0045
7.03192,-1.0149
7.04201,-1.0204
7.0521,-1.0162
7.06219,-1.0102
7.07228,-1.0172
7.08237,-1.0296
7.09245,-1.0197
7.10254,-1.0266
7.11263,-1.0326
7.12272,-1.0311
7.13272,-1.0246
7.14262,-1.0203
7.15252,-1.0172
7.16242,-1.0215
7.17232,-1.0099
7.18222,-1.0118
7.19211,-1.0129
7.20201,-1.014
7.21191,-1.0199
7.22181,-1.02
7.23171,-0.9971
7.24161,-1.0059
7.25151,-1.0301
7.26159,-1.0537
7.27165,-1.0417
7.28171,-1.0152
7.29177,-1.0096
7.30182,-1.02
7.31188,-1.0302
7.32194,-1.0305
7.332,-1.0193
7.34206,-1.0237
7.35212,-1.0189
7.36218,-1.0291
7.37224,-1.0147
7.38227,-1.0058
7.39228,-1.0213
7.40229,-1.0312
7.41229,-1.0244
7.4223,-1.0153
7.43231,-1.0118
7.44231,-1.0177
7.45232,-1.0246
7.46233,-1.0179
7.47233,-1.0167
7.48234,-1.024
7.49234,-1.0311
7.50235,-1.031
7.51239,-1.0186
7.52243,-1.0124
7.53247,-1.0216
7.5425,-1.0232
7.55254,-1.0178
7.56258,-1.0117
7.57261,-1.0031
7.58265,-1.0178
7.59268,-1.0131
7.60272,-1.017
7.61276,-1.0136
7.62279,-1.0228
7.6328,-1.0286
7.64278,-1.0252
7.65275,-1.0225
7.66272,-1.0131
7.6727,-1.0115
7.68267,-1.0211
7.69265,-1.024
7.70262,-1.0137
7.7126,-1.0099
7.72257,-1.0107
7.73254,-1.0262
7.74252,-1.0188
7.75249,-1.0193
7.76258,-1.0133
7.77267,-1.0251
7.78276,-1.0261
7.79285,-1.0175
7.80293,-1.0162
7.81302,-1.0262
7.82311,-1.0288
7.8332,-1.0165
7.84328,-0.9998
7.85337,-0.9988
7.86346,-1.0205
7.87355,-1.0322
7.88357,-1.0259
7.89351,-1.0257
7.90346,-1.0318
7.91341,-1.0287
7.92335,-1.0139
7.9333,-1.0108
7.94325,-1.0094
7.9532,-1.0277
7.96314,-1.0202
7.97309,-1.0188
7.98304,-1.0217
7.99298,-1.0235
8.00293,-1.0378
8.01292,-1.0403
8.02291,-1.0318
8.0329,-1.0225
8.04289,-1.0042
8.05287,-1.011
8.06286,-1.0099
8.07285,-1.0096
8.08283,-1.019
8.09282,-1.0398
8.10281,-1.0447
8.1128,-1.0359
8.12278,-1.0174
8.13277,-1.0144
8.14276,-1.018
8.15274,-1.0173
8.16272,-1.0155
8.17271,-1.0153
8.18269,-1.0212
8.19268,-1.0262
8.20266,-1.0305
8.21265,-1.0236
8.22263,-1.0228
8.23261,-1.0246
8.2426,-1.0274
8.25258,-1.0088
8.26266,-1.016
8.27273,-1.0142
8.2828,-1.0179
8.29288,-1.026
8.30295,-1.0204
8.31302,-1.0255
8.3231,-1.0334
8.33317,-1.0265
8.34324,-1.0204
8.35331,-1.0163
8.36339,-1.0106
8.37346,-1.0203
8.38349,-1.0197
8.39343,-1.0132
8.40336,-1.0158
8.4133,-1.0248
8.42324,-1.0318
8.43318,-1.0228
8.44312,-1.0177
8.45306,-1.0218
8.463,-1.0149
8.47294,-1.0228
8.48288,-1.0244
8.49282,-1.016
8.50276,-1.0294
8.51279,-1.0326
8.52281,-1.0351
8.53284,-1.0151
8.54286,-1.0157
8.55289,-1.0109
8.56292,-1.031
8.57294,-1.0322
8.58297,-1.0227
8.59299,-1.0131
8.60302,-1.0331
8.61304,-1.0364
8.62307,-1.0321
8.63308,-1.021
8.64307,-1.0179
8.65307,-1.0245
8.66307,-1.0277
8.67306,-1.027
8.68306,-1.0153
8.69305,-1.0295
8.70305,-1.0359
8.71304,-1.0296
8.72304,-1.0307
8.73303,-1.029
8.74303,-1.037
8.75303,-1.0384
8.76313,-1.0278
8.77324,-1.0204
8.78334,-1.0198
8.79344,-1.0335
8.80355,-1.0325
8.81365,-1.0265
8.82375,-1.0341
8.83386,-1.0265
8.84396,-1.0293
8.85406,-1.021
8.86417,-1.0286
8.87427,-1.0234
8.8843,-1.0233
8.89422,-1.0343
8.90414,-1.0283
8.91406,-1.028
8.92398,-1.0285
8.9339,-1.0376
8.94382,-1.0389
8.95374,-1.0292
8.96366,-1.025
8.97358,-1.0307
8.9835,-1.042
8.99342,-1.0305
9.00335,-1.025
9.01335,-1.0325
9.02336,-1.0355
9.03336,-1.0251
9.04337,-1.0239
9.05337,-1.0307
9.06338,-1.0388
9.07338,-1.0386
9.08338,-1.0424
9.09339,-1.0305
9.10339,-1.0244
9.1134,-1.0247
9.1234,-1.0178
9.13343,-1.0303
9.14345,-1.0236
9.15346,-1.0192
9.16348,-1.0278
9.17349,-1.0395
9.1835,-1.0328
9.19352,-1.0236
9.20353,-1.033
9.21355,-1.0402
9.22356,-1.0408
9.23358,-1.0312
9.24359,-1.0191
9.25361,-1.0195
9.26362,-1.0339
9.27364,-1.0311
9.28366,-1.0287
9.29367,-1.033
9.30369,-1.0339
9.3137,-1.0312
9.32372,-1.027
9.33373,-1.0246
9.34375,-1.0359
9.35376,-1.036
9.36378,-1.0376
9.3738,-1.0283
9.38377,-1.0244
9.3937,-1.0272
9.40363,-1.0413
9.41357,-1.0447
9.4235,-1.029
9.43343,-1.0254
9.44336,-1.0406
9.45329,-1.0327
9.46322,-1.0329
9.47315,-1.0243
9.48309,-1.0348
9.49302,-1.0375
9.50295,-1.0447
9.51296,-1.0377
9.52297,-1.0305
9.53299,-1.0315
9.543,-1.04
9.55301,-1.0344
9.56302,-1.0267
9.57303,-1.0294
9.58305,-1.0511
9.59306,-1.0538
9.60307,-1.0358
9.61308,-1.0342
9.6231,-1.0205
9.63315,-1.0204
9.64323,-1.0276
9.65331,-1.0212
9.66339,-1.0324
9.67347,-1.0458
9.68356,-1.0454
9.69364,-1.0311
9.70372,-1.0103
9.7138,-1.0117
9.72388,-1.02
9.73396,-1.0091
9.74405,-1.0203
9.75413,-1.0439
9.7641,-1.0453
9.77406,-1.0297
9.78403,-1.0292
9.794,-1.021
9.80396,-1.0155
9.81393,-1.0326
9.8239,-1.0377
9.83386,-1.024
9.84383,-1.0155
9.8538,-1.0198
9.86376,-1.0206
9.87373,-1.0306
9.88373,-1.0249
9.89375,-1.0319
9.90378,-1.0258
9.9138,-1.0044
9.92383,-1.0131
9.93385,-1.023
9.94388,-1.0318
9.9539,-1.0278
9.96393,-1.009
9.97395,-1.0065
9.98398,-1.0133
9.994,-1.0166
10.00403,-1.019
10.01403,-1.0162
10.02402,-1.0051
10.03402,-0.9906
10.04402,-0.9955
10.05401,-0.9978
10.06401,-1.0208
10.07401,-1.0232
10.084,-1.0351
10.094,-1.0229
10.10399,-1.0127
10.11399,-0.9996
10.12399,-0.9947
10.13399,-0.9842
10.14399,-0.9823
10.15399,-0.9859
10.16398,-1.0054
10.17398,-1.0231
10.18398,-1.0364
10.19398,-1.0152
10.20398,-1.0155
10.21398,-1.0149
10.22398,-1.0026
10.23398,-0.9936
10.24398,-0.9841
10.25398,-1.0067
10.26398,-1.0083
10.27398,-1.0001
10.28399,-1.019
10.29399,-1.0264
10.30399,-1.0359
10.31399,-1.0471
10.32399,-1.03
10.33399,-1.0143
10.344,-1.0278
10.354,-1.0207
10.364,-1.0251
10.374,-1.0254
10.384,-1.033
10.39398,-1.0566
10.40397,-1.0644
10.41395,-1.0781
10.42394,-1.109
10.43393,-1.1172
10.44391,-1.102
10.4539,-1.0797
10.46388,-1.0463
10.47387,-1.0484
10.48385,-1.0657
10.49384,-1.065
10.50383,-1.0986
10.51383,-1.1008
10.52383,-1.1138
10.53384,-1.1159
10.54384,-1.1259
10.55384,-1.1133
10.56384,-1.1284
10.57385,-1.1467
10.58385,-1.1524
10.59385,-1.1763
10.60385,-1.1757
10.61386,-1.172
10.62386,-1.1996
10.63386,-1.2044
10.64386,-1.2067
10.65386,-1.1746
10.66386,-1.1881
10.67386,-1.2078
10.68386,-1.2208
10.69386,-1.228
10.70386,-1.2254
10.71386,-1.2129
10.72386,-1.2243
10.73385,-1.2411
10.74385,-1.2334
10.75385,-1.2335
10.76392,-1.2369
10.77398,-1.2333
10.78405,-1.2443
10.79411,-1.2472
10.80418,-1.2544
10.81424,-1.2602
10.82431,-1.2558
10.83437,-1.2422
10.84444,-1.2322
10.8545,-1.2826
10.86456,-1.325
10.87463,-1.3327
10.88467,-1.2973
10.89468,-1.2426
10.90469,-1.2326
10.9147,-1.2288
10.92471,-1.2431
10.93472,-1.2775
10.94473,-1.3057
10.95473,-1.323
10.96474,-1.3218
10.97475,-1.2856
10.98476,-1.2889
10.99477,-1.2728
11.00478,-1.2738
11.01483,-1.2855
11.02487,-1.2862
11.0349,-1.2789
11.04494,-1.2901
11.05497,-1.3204
11.065,-1.3364
11.07504,-1.3455
11.08507,-1.3641
11.09511,-1.3495
11.10514,-1.3172
11.11517,-1.3212
11.12521,-1.3239
11.13521,-1.3112
11.14516,-1.2928
11.15512,-1.2917
11.16508,-1.3101
11.17504,-1.3383
11.18499,-1.3703
11.19495,-1.3802
11.20491,-1.3894
11.21486,-1.3831
11.22482,-1.3422
11.23478,-1.3112
11.24473,-1.2968
11.25469,-1.2958
11.26466,-1.3309
11.27462,-1.3344
11.28459,-1.3263
11.29455,-1.324
11.30451,-1.3313
11.31448,-1.3215
11.32444,-1.3104
11.3344,-1.317
11.34437,-1.3083
11.35433,-1.3044
11.36429,-1.2927
11.37426,-1.2836
11.38425,-1.2846
11.39427,-1.305
11.40429,-1.3057
11.41431,-1.3131
11.42434,-1.3151
11.43436,-1.3176
11.44438,-1.3303
11.4544,-1.324
11.46442,-1.3235
11.47444,-1.331
11.48446,-1.334
11.49448,-1.3261
11.5045,-1.3239
11.51455,-1.3119
11.5246,-1.2894
11.53465,-1.2729
11.54469,-1.2734
11.55474,-1.2571
11.56479,-1.2733
11.57484,-1.2949
11.58489,-1.3135
11.59493,-1.3138
11.60498,-1.2949
11.61503,-1.2609
11.62508,-1.2355
11.6351,-1.2287
11.6451,-1.2254
11.6551,-1.2393
11.6651,-1.2595
11.6751,-1.2639
11.6851,-1.274
11.6951,-1.2742
11.7051,-1.2335
11.7151,-1.1893
11.72509,-1.1839
11.73509,-1.1968
11.74509,-1.2167
11.75509,-1.2074
11.76505,-1.2083
11.77501,-1.198
11.78497,-1.1789
11.79492,-1.1726
11.80488,-1.1711
11.81483,-1.1407
11.82479,-1.1052
11.83475,-1.0627
11.8447,-1.0267
11.85466,-1.0215
11.86462,-1.0281
11.87457,-1.0907
11.88457,-1.1405
11.8946,-1.1548
11.90463,-1.2039
11.91466,-1.1504
11.92469,-1.0336
11.93472,-0.9083
11.94475,-0.8621
11.95477,-0.8748
11.9648,-0.8998
11.97483,-0.8693
11.98486,-0.8319
11.99489,-0.751
12.00492,-0.7235
12.01494,-0.7904
12.02496,-0.8872
12.03497,-0.8645
12.04499,-0.7799
12.055,-0.7667
12.06502,-0.7493
12.07503,-0.7418
12.08505,-0.7875
12.09507,-0.856
12.10508,-0.9265
12.1151,-1.0253
12.12511,-1.1216
12.13512,-1.2297
12.14512,-1.32
12.15511,-1.3916
12.16511,-1.4442
12.17511,-1.4784
12.1851,-1.4651
12.1951,-1.4425
12.2051,-1.4257
12.21509,-1.4407
12.22509,-1.4462
12.23509,-1.4249
12.24508,-1.3954
12.25508,-1.4066
12.26508,-1.415
12.27507,-1.4297
12.28506,-1.4523
12.29506,-1.4204
12.30505,-1.396
12.31504,-1.369
12.32503,-1.3256
12.33503,-1.2666
12.34502,-1.2031
12.35501,-1.1421
12.365,-1.0775
12.375,-1.0018
12.38501,-0.9428
12.39502,-0.8695
12.40503,-0.8005
12.41504,-0.7414
12.42505,-0.6836
12.43507,-0.6191
12.44508,-0.5611
12.45509,-0.5006
12.4651,-0.4484
12.47511,-0.4357
12.48512,-0.4128
12.49513,-0.4094
12.50515,-0.4246
12.51515,-0.3884
12.52514,-0.3172
12.53513,-0.241
12.54512,-0.1606
12.55511,0.0245
12.5651,0.2283
12.57509,0.389
12.58507,0.4158
12.59506,0.2812
12.60505,0.0842
12.61504,0.0785
12.62503,0.0866
12.63503,0.1993
12.64503,0.3684
12.65503,0.5267
12.66503,0.6337
12.67504,0.6767
12.68504,0.6766
12.69504,0.6675
12.70504,0.7031
12.71504,0.8293
12.72505,1.0241
12.73505,1.2225
12.74505,1.3504
12.75505,1.3689
12.76506,1.4031
12.77507,1.454
12.78507,1.0976
12.79508,0.3679
12.80508,0.303
12.81509,0.3855
12.82509,0.6751
12.8351,1.1161
12.84511,1.1172
12.85511,1.2703
12.86512,1.9067
12.87512,2.1335
12.88513,1.4496
12.89512,0.5041
12.90512,0.5986
12.91511,0.8502
12.92511,1.0398
12.9351,1.0524
12.9451,0.8882
12.95509,0.7214
12.96509,0.7403
12.97508,0.858
12.98508,0.9065
12.99507,0.8996
13.00507,0.8444
13.01513,0.7148
13.02518,0.5898
13.03524,0.5034
13.04529,0.4128
13.05535,0.3081
13.0654,0.162
13.07546,-0.0209
13.08551,-0.2168
13.09557,-0.3761
13.10562,-0.5285
13.11568,-0.6729
13.12573,-0.8258
13.13577,-0.9777
13.14579,-1.1331
13.1558,-1.3036
13.16581,-1.4827
13.17583,-1.6367
13.18584,-1.8122
13.19586,-1.8832
13.20587,-1.9019
13.21588,-1.8932
13.2259,-1.879
13.23591,-1.804
13.24593,-1.7931
13.25594,-1.8593
13.26594,-1.9304
13.27594,-1.9264
13.28594,-1.9535
13.29594,-1.9729
13.30594,-1.9739
13.31593,-1.937
13.32593,-1.9133
13.33593,-1.9291
13.34593,-1.8863
13.35593,-1.8926
13.36593,-1.8564
13.37592,-1.872
13.38592,-1.7771
13.39592,-1.7464
13.40591,-1.7515
13.4159,-1.5585
13.4259,-1.5161
13.43589,-1.4976
13.44589,-1.5288
13.45588,-1.556
13.46587,-1.5667
13.47587,-1.5457
13.48586,-1.5017
13.49586,-1.4366
13.50585,-1.3812
13.51585,-1.3313
13.52585,-1.2905
13.53585,-1.2502
13.54584,-1.2169
13.55584,-1.185
13.56584,-1.1413
13.57584,-1.0654
13.58583,-0.9991
13.59583,-0.9597
13.60583,-0.9158
13.61583,-0.9404
13.62582,-0.9102
13.63582,-0.9436
13.64582,-1.0154
13.65581,-1.0761
13.66581,-1.1309
13.6758,-1.1821
13.6858,-1.2228
13.69579,-1.2421
13.70579,-1.2502
13.71579,-1.2418
13.72578,-1.2335
13.73578,-1.2121
13.74577,-1.1765
13.75577,-1.1338
13.76577,-1.103
13.77577,-1.0728
13.78576,-1.0497
13.79576,-1.0502
13.80576,-1.0503
13.81576,-1.0602
13.82576,-1.0898
13.83576,-1.1123
13.84575,-1.1304
13.85575,-1.1428
13.86575,-1.1323
13.87575,-1.1248
13.88574,-1.1224
13.89571,-1.1112
13.90568,-1.1337
13.91565,-1.1754
13.92562,-1.2147
13.9356,-1.235
13.94557,-1.2487
13.95554,-1.2429
13.96551,-1.2722
13.97548,-1.3111
13.98545,-1.3648
13.99543,-1.41
14.0054,-1.4488
14.01552,-1.4943
14.02563,-1.5535
14.03574,-1.5654
14.04586,-1.5976
14.05597,-1.5949
14.06609,-1.5842
14.0762,-1.5688
14.08632,-1.5637
14.09643,-1.5807
14.10655,-1.5562
14.11666,-1.5366
14.12678,-1.459
14.13685,-1.4131
14.14684,-1.3636
14.15683,-1.3158
14.16683,-1.2259
14.17682,-1.15
14.18681,-1.053
14.1968,-0.999
14.20679,-0.8848
14.21679,-0.7669
14.22678,-0.6132
14.23677,-0.5104
14.24676,-0.4009
14.25675,-0.2772
14.26675,-0.1406
14.27674,0.137
14.28673,0.4244
14.29672,0.6376
14.30671,0.6407
14.3167,0.5932
14.32669,0.4886
14.33668,0.3949
14.34667,0.2759
14.35666,0.1084
14.36666,-0.161
14.37665,-0.4134
14.38663,-0.5663
14.39661,-0.7011
14.40659,-0.7623
14.41657,-0.794
14.42655,-0.8491
14.43652,-0.9005
14.4465,-0.9326
14.45648,-0.9555
14.46646,-0.972
14.47644,-0.9946
14.48642,-1.0226
14.49639,-1.0485
14.50637,-1.0561
14.51636,-1.0628
14.52634,-1.0672
14.53632,-1.0759
14.5463,-1.0863
14.55629,-1.0942
14.56627,-1.1186
14.57625,-1.1246
14.58623,-1.1244
14.59621,-1.132
14.6062,-1.1503
14.61618,-1.1569
14.62616,-1.1936
14.63615,-1.2171
14.64615,-1.1985
14.65615,-1.149
14.66615,-1.1038
14.67615,-1.0257
14.68615,-0.9496
14.69615,-0.939
14.70615,-0.954
14.71615,-0.9614
14.72615,-0.9342
14.73615,-0.8647
14.74615,-0.7829
14.75615,-0.7037
14.76618,-0.6379
14.77621,-0.7249
14.78624,-0.6887
14.79627,-0.8022
14.8063,-0.7362
14.81632,-0.8439
14.82635,-0.7118
14.83638,-0.644
14.84641,-0.4914
14.85643,-0.3494
14.86646,-0.2788
14.87649,-0.2361
14.8865,-0.3488
14.89649,-0.2885
14.90648,-0.309
14.91647,-0.2479
14.92646,-0.2029
14.93644,-0.1722
14.94643,-0.148
14.95642,-0.0951
14.96641,-0.0318
14.9764,0.0207
14.98639,0.1059
14.99637,0.1217
15.00636,-0.377
15.01637,0.0367
15.02636,0.1523
15.03636,0.3412
15.04636,0.4757
15.05636,0.5522
15.06636,0.5914
15.07636,0.5957
15.08636,0.5564
15.09635,0.5012
15.10635,0.3967
15.11635,0.2785
15.12635,0.1939
15.13639,0.1521
15.14648,0.0948
15.15656,0.0408
15.16664,-0.0166
15.17673,-0.0773
15.18681,-0.131
15.19689,-0.1347
15.20697,-0.0275
15.21706,0.1623
15.22714,0.368
15.23722,0.5281
15.24731,0.4721
15.25739,0.2099
15.26739,-0.1248
15.27738,-0.381
15.28738,-0.5546
15.29738,-0.6626
15.30738,-0.7984
15.31737,-0.8952
15.32737,-1.0539
15.33737,-1.2272
15.34736,-1.4042
15.35736,-1.4384
15.36736,-1.4111
15.37736,-1.2509
15.38736,-1.2445
15.39735,-1.1081
15.40735,-1.0638
15.41734,-0.9495
15.42734,-0.7901
15.43733,-0.5401
15.44733,-0.3113
15.45732,-0.1208
15.46732,0.0098
15.47731,0.1664
15.48731,0.4142
15.4973,0.8301
15.5073,1.4291
15.51727,2.0561
15.52723,2.5258
15.5372,2.9405
15.54716,3.2773
15.55713,3.5242
15.56709,4.1303
15.57706,5.2213
15.58702,6.4244
15.59699,7.3615
15.60695,7.8591
15.61692,7.9563
15.62688,7.8388
15.63687,7.5906
15.64687,7.2525
15.65686,6.9091
15.66686,6.6149
15.67686,6.5334
15.68686,6.6793
15.69686,6.9744
15.70686,7.2958
15.71686,7.5422
15.72686,7.6041
15.73686,7.5686
15.74686,7.4289
15.75686,7.3086
15.76689,7.2366
15.77692,7.1503
15.78695,6.9213
15.79698,6.5121
15.80701,6.0322
15.81704,5.6105
15.82707,5.2628
15.83709,5.1044
15.84712,4.9971
15.85715,4.8648
15.86718,4.6785
15.87721,4.5027
15.88724,4.3794
15.89727,4.3651
15.9073,4.47
15.91733,4.6465
15.92736,4.8798
15.93739,4.9665
15.94742,4.8883
15.95745,4.6642
15.96748,4.1908
15.97751,3.5005
15.98754,2.7573
15.99757,2.233
16.0076,1.7365
16.01757,1.2871
16.02753,0.8097
16.03749,0.3255
16.04745,-0.2176
16.05741,-0.6954
16.06737,-0.98
16.07733,-1.198
16.08729,-1.4117
16.09726,-1.5288
16.10722,-1.6362
16.11718,-1.7365
16.12714,-1.7755
16.1371,-1.8619
16.14707,-1.9253
16.15703,-1.9799
16.167,-2.0021
16.17696,-1.945
16.18693,-1.9159
16.19689,-1.864
16.20686,-1.8823
16.21682,-1.8986
16.22679,-1.8926
16.23675,-1.8454
16.24672,-1.7562
16.25668,-1.6445
16.26679,-1.5189
16.27691,-1.4061
16.28701,-1.3262
16.29712,-1.2766
16.30723,-1.2052
16.31734,-1.1257
16.32745,-1.0312
16.33756,-0.9004
16.34767,-0.7396
16.35778,-0.5949
16.36789,-0.4446
16.378,-0.3087
16.38806,-0.2798
16.39806,-0.2474
16.40805,-0.209
16.41805,0.0016
16.42805,0.1924
16.43804,0.3341
16.44804,0.5599
16.45803,0.7872
16.46803,0.986
16.47803,1.0975
16.48802,1.0865
16.49802,0.9984
16.50801,0.8958
16.518,0.8371
16.52799,0.8573
16.53798,1.0033
16.54797,1.2032
16.55795,1.3623
16.56794,1.5233
16.57793,1.6716
16.58792,1.7753
16.5979,1.8206
16.60789,1.8206
16.61788,1.8054
16.62787,1.8422
16.63787,1.8924
16.64787,1.9305
16.65788,1.961
16.66789,1.9587
16.67789,1.9457
16.6879,1.8361
16.69791,1.6673
16.70792,1.4646
16.71792,1.2952
16.72793,1.1784
16.73794,1.098
16.74794,0.9644
16.75795,0.7462
16.76795,0.4753
16.77795,0.1492
16.78794,-0.1664
16.79793,-0.5076
16.80793,-0.8451
16.81792,-1.1082
16.82792,-1.2721
16.83791,-1.4129
16.8479,-1.5703
16.8579,-1.601
16.86789,-1.7051
16.87789,-1.7853
16.88788,-1.8175
16.89788,-1.8057
16.90787,-1.8123
16.91786,-1.7704
16.92786,-1.757
16.93785,-1.7467
16.94784,-1.7711
16.95784,-1.7878
16.96783,-1.8182
16.97782,-1.8732
16.98781,-1.8794
16.99781,-1.8432
17.0078,-1.8131
17.0178,-1.7803
17.0278,-1.7533
17.0378,-1.7313
17.0478,-1.7158
17.0578,-1.6867
17.0678,-1.6563
17.0778,-1.6102
17.0878,-1.5569
17.0978,-1.481
17.1078,-1.3649
17.1178,-1.2145
17.1278,-1.076
17.1378,-0.9664
17.14777,-0.884
17.15773,-0.7898
17.1677,-0.6756
17.17767,-0.6302
17.18764,-0.5807
17.1976,-0.4694
17.20757,-0.3643
17.21754,-0.266
17.2275,-0.3987
17.23747,-0.3546
17.24744,-0.2316
17.25741,-0.0547
17.2674,-0.0765
17.27739,0.2949
17.28738,0.6599
17.29737,0.9203
17.30736,1.1726
17.31735,1.2882
17.32734,1.2627
17.33734,1.1672
17.34733,1.053
17.35732,0.9808
17.36731,0.9742
17.3773,1.0283
17.38735,1.1526
17.39746,1.3585
17.40756,1.5626
17.41767,1.7673
17.42777,1.9799
17.43788,2.1351
17.44798,2.2427
17.45809,2.3329
17.46819,2.3493
17.4783,2.287
17.48841,2.1141
17.49851,1.8399
17.50862,1.5189
17.51862,1.1862
17.52861,0.8575
17.53861,0.523
17.5486,0.2355
17.5586,-0.0183
17.5686,-0.2419
17.57859,-0.4689
17.58859,-0.7047
17.59858,-0.9508
17.60858,-1.1808
17.61858,-1.2999
17.62857,-1.4155
17.63861,-1.5178
17.64869,-1.5556
17.65878,-1.6252
17.66886,-1.6859
17.67894,-1.6549
17.68902,-1.642
17.69911,-1.6449
17.70919,-1.6848
17.71927,-1.6919
17.72935,-1.6986
17.73943,-1.6895
17.74952,-1.6731
17.7596,-1.6205
17.76954,-1.5644
17.77948,-1.5296
17.78942,-1.4831
17.79936,-1.4381
17.80929,-1.4112
17.81923,-1.3522
17.82917,-1.2513
17.83911,-1.1122
17.84905,-0.9904
17.85899,-0.8735
17.86892,-0.8046
17.87886,-0.7155
17.88882,-0.6259
17.89881,-0.5005
17.90879,-0.3207
17.91877,-0.0986
17.92875,0.0071
17.93873,0.0832
17.94871,0.1465
17.95869,0.2841
17.96868,0.5069
17.97866,0.7285
17.98864,1.154
17.99862,2.0724
18.0086,2.9351
18.01856,3.1061
18.02851,1.4565
18.03846,0.7497
18.04841,0.8959
18.05836,1.1778
18.06832,1.1986
18.07827,1.2327
18.08822,1.2796
18.09818,1.4729
18.10813,1.6795
18.11808,1.74
18.12803,1.5866
18.13801,1.263
18.14802,0.8634
18.15802,0.5055
18.16803,0.2212
18.17803,0.0203
18.18804,-0.1712
18.19804,-0.3583
18.20804,-0.5923
18.21805,-0.7693
18.22805,-0.934
18.23806,-1.0696
18.24806,-1.2037
18.25806,-1.3315
18.26811,-1.3979
18.27814,-1.4365
18.28816,-1.4834
18.29819,-1.5168
18.30822,-1.5058
18.31824,-1.5231
18.32827,-1.5116
18.3383,-1.4506
18.34832,-1.3821
18.35835,-1.3525
18.36838,-1.3875
18.3784,-1.383
18.3884,-1.3643
18.39837,-1.4407
18.40833,-1.5867
18.41829,-1.6564
18.42826,-1.697
18.43822,-1.7389
18.44818,-1.7482
18.45815,-1.7767
18.46811,-1.84
18.47807,-1.9185
18.48804,-2.0093
18.498,-2.1271
18.50796,-2.1649
18.51811,-2.1938
18.52824,-2.2038
18.53836,-2.2241
18.54849,-2.2352
18.55862,-2.2399
18.56875,-2.2581
18.57888,-2.2827
18.589,-2.2251
18.59913,-2.182
18.60926,-2.1521
18.61939,-2.1137
18.62952,-2.0602
18.6396,-1.9556
18.64962,-1.8617
18.65965,-1.7919
18.66968,-1.7306
18.6797,-1.6672
18.68973,-1.5871
18.69975,-1.5557
18.70978,-1.5015
18.71981,-1.4135
18.72984,-1.2817
18.73986,-1.1485
18.74989,-1.0035
18.75991,-0.8529
18.76988,-0.7901
18.77984,-0.7237
18.7898,-0.6899
18.79976,-0.6325
18.80972,-0.5377
18.81969,-0.5548
18.82965,-0.449
18.83961,-0.3763
18.84957,-0.2781
18.85953,-0.2384
18.8695,-0.2325
18.87946,-0.139
18.88947,-0.0796
18.89953,0.0262
18.9096,0.1407
18.91966,0.2705
18.92972,0.3876
18.93978,0.4451
18.94984,0.3886
18.9599,0.2608
18.96997,0.105
18.98003,-0.037
18.99009,-0.2108
19.00015,-0.3784
19.01021,-0.5349
19.02013,-0.6342
19.03005,-0.7567
19.03996,-0.9011
19.04988,-1.0626
19.05979,-1.2062
19.06971,-1.3199
19.07962,-1.3858
19.08953,-1.4029
19.09945,-1.3805
19.10936,-1.3476
19.11928,-1.3065
19.12919,-1.4201
19.13914,-1.4572
19.14911,-1.4486
19.15907,-1.4247
19.16904,-1.4009
19.17901,-1.3697
19.18898,-1.3456
19.19895,-1.2893
19.20891,-1.2743
19.21888,-1.2747
19.22885,-1.3286
19.23882,-1.3711
19.24879,-1.3976
19.25875,-1.467
19.26875,-1.5326
19.27875,-1.5662
19.28874,-1.5935
19.29874,-1.6099
19.30873,-1.6131
19.31872,-1.6155
19.32872,-1.6394
19.33871,-1.6804
19.34871,-1.7199
19.3587,-1.7552
19.3687,-1.7902
19.37869,-1.8298
19.3887,-1.8682
19.39873,-1.8952
19.40875,-1.9232
19.41878,-1.9502
19.4288,-1.9004
19.43883,-1.8885
19.44885,-1.8759
19.45887,-1.8792
19.4689,-1.8793
19.47892,-1.8517
19.48895,-1.8104
19.49897,-1.7448
19.509,-1.6836
19.51971,-1.6414
19.53042,-1.6194
19.54112,-1.5838
19.55183,-1.548
19.56254,-1.5041
19.57325,-1.4598
19.58396,-1.4132
19.59467,-1.3785
19.60537,-1.3169
19.61608,-1.2603
19.62679,-1.1998
19.6375,-1.1321
19.64752,-1.1049
19.65685,-1.0851
19.66619,-0.9817
19.67552,-0.9299
19.68485,-0.9018
19.69418,-0.9048
19.70351,-0.8783
19.71285,-0.8695
19.72218,-0.8784
19.73151,-0.8799
19.74084,-0.8558
19.75017,-0.7951
19.75951,-0.7176
19.76953,-0.6068
19.77954,-0.479
19.78956,-0.3273
19.79958,-0.1907
19.80959,-0.0865
19.81961,-0.022
19.82962,0.0159
19.83964,0.0311
19.84966,0.069
19.85967,0.1461
19.86969,0.256
19.87971,0.3527
19.88973,0.4589
19.89975,0.5824
19.90977,0.7388
19.91979,0.8931
19.92981,1.0227
19.93983,1.1683
19.94985,1.3167
19.95987,1.4963
19.96989,1.6521
19.97991,1.787
19.98993,1.9447
19.99995,2.0986
20.00997,2.259
20.01996,2.4322
20.02994,2.6291
20.03992,2.8394
20.0499,3.0061
20.05989,3.1773
20.06987,3.2491
20.07985,2.464
20.08983,2.773
20.09981,2.961
20.1098,3.2863
20.11978,3.5203
20.12976,3.7137
20.13977,3.859
20.14978,3.9238
20.15979,3.8617
20.16979,3.7031
20.1798,3.4905
20.18981,3.2982
20.19981,3.1313
20.20982,2.9806
20.21983,2.796
20.22983,2.6059
20.23984,2.464
20.24985,2.3277
20.25985,2.1731
20.26985,1.9829
20.27985,1.72
20.28985,1.3998
20.29985,1.0755
20.30985,0.8026
20.31985,0.6361
20.32984,0.3792
20.33984,0.1045
20.34984,-0.185
20.35984,-0.443
20.36984,-0.7045
20.37984,-0.9392
20.38984,-1.1422
20.39983,-1.2529
20.40982,-1.2897
20.41981,-1.3749
20.42981,-1.5029
20.4398,-1.6332
20.44979,-1.7624
20.45979,-1.8384
20.46978,-1.9013
20.47977,-1.9314
20.48976,-1.946
20.49976,-1.9721
20.50975,-2.0001
20.51972,-2.0152
20.52969,-2.0219
20.53966,-2.0504
20.54963,-2.072
20.55959,-2.1044
20.56956,-2.1426
20.57953,-2.1633
20.58949,-2.122
20.59946,-2.1252
20.60943,-2.126
20.6194,-2.1477
20.62936,-2.13
20.63936,-2.1013
20.64939,-2.1008
20.65941,-1.9966
20.66944,-1.8365
20.67947,-1.6548
20.6895,-1.4832
20.69952,-1.3014
20.70955,-1.1494
20.71957,-1.0224
20.7296,-0.9384
20.73963,-0.8966
20.74965,-0.8651
20.75968,-0.8022
20.76973,-0.6785
20.77977,-0.4823
20.78981,-0.2166
20.79985,-0.0488
20.80989,0.0297
20.81994,0.0893
20.82998,0.1563
20.84002,0.2297
20.85006,0.3291
20.86011,0.4444
20.87015,0.5705
20.88019,0.9599
20.89023,1.2187
20.90025,1.5051
20.91027,1.6626
20.92029,1.8604
20.93031,2.0499
20.94033,2.1661
20.95035,2.1888
20.96037,2.1878
20.97039,2.2116
20.98041,2.3012
20.99043,2.4294
21.00045,2.6044
21.01047,2.7744
21.02045,2.9285
21.03042,3.0789
21.0404,3.2205
21.05037,3.3394
21.06035,3.4647
21.07032,3.6128
21.0803,3.76
21.09027,3.9423
21.10025,4.0738
21.11023,4.054
21.1202,3.9482
21.13018,3.8072
21.14017,3.7014
21.15017,3.6099
21.16017,3.5503
21.17016,3.5042
21.18016,3.4022
21.19016,3.2413
21.20016,3.0643
21.21016,2.8382
21.22015,2.5983
21.23015,2.3979
21.24015,2.2396
21.25015,2.0755
21.26015,1.867
21.27016,1.6239
21.28017,1.3264
21.29018,0.9675
21.30018,0.5913
21.31019,0.2108
21.3202,-0.1197
21.33021,-0.4073
21.34022,-0.6728
21.35023,-0.8899
21.36024,-1.0536
21.37025,-1.2429
21.38026,-1.3787
21.39026,-1.5166
21.40025,-1.6395
21.41025,-1.7118
21.42024,-1.7595
21.43023,-1.8233
21.44022,-1.8428
21.45021,-1.8519
21.46021,-1.8667
21.4702,-1.9168
21.48019,-1.9182
21.49018,-1.9387
21.50018,-1.9317
21.51017,-1.9446
21.52016,-1.9336
21.53014,-1.8768
21.54012,-1.8929
21.55011,-1.8807
21.56009,-1.8756
21.57008,-1.8085
21.58006,-1.7738
21.59005,-1.6925
21.60003,-1.5514
21.61001,-1.3794
21.62,-1.198
21.62998,-1.028
21.63999,-0.8642
21.65002,-0.6803
21.66006,-0.4703
21.67009,-0.3003
21.68012,-0.1419
21.69015,0.0965
21.70018,0.4333
21.71021,0.8291
21.72025,1.116
21.73028,1.3107
21.74031,1.6066
21.75034,1.9367
21.76037,2.1436
21.77034,2.284
21.78031,2.7528
21.79028,3.4907
21.80024,3.9493
21.81021,4.5654
21.82018,5.1592
21.83014,5.6844
21.84011,6.0321
21.85008,6.3061
21.86005,6.6174
21.87001,6.8889
21.87998,6.9958
21.89004,6.9624
21.90019,6.9115
21.91034,6.8251
21.92049,6.726
21.93064,6.6027
21.94078,6.4127
21.95093,6.3022
21.96108,6.2419
21.97123,6.0625
21.98138,5.7836
21.99153,5.3432
22.00167,4.8576
22.01182,4.3737
22.02174,3.8431
22.03166,3.3668
22.04158,2.9012
22.05149,2.4398
22.06141,1.9763
22.07133,1.5293
22.08124,1.0805
22.09116,0.71
22.10108,0.364
22.111,0.0603
22.12091,-0.2259
22.13083,-0.4917
22.1408,-0.7572
22.15083,-0.9952
22.16084,-1.2041
22.17087,-1.4054
22.18089,-1.513
22.19091,-1.5583
22.20093,-1.6391
22.21095,-1.7029
22.22097,-1.7471
22.23099,-1.7968
22.24101,-1.847
22.25104,-1.8946
22.26106,-1.9309
22.27114,-1.9723
22.28123,-2.0118
22.29131,-2.0501
22.3014,-2.0651
22.31148,-2.0745
22.32156,-2.0975
22.33165,-2.0838
22.34173,-2.0753
22.35182,-2.0581
22.3619,-2.0403
22.37198,-2.0033
22.38207,-2.0027
22.39212,-2.016
22.40209,-2.034
22.41206,-2.0378
22.42204,-2.0081
22.43201,-2.0028
22.44198,-1.98
22.45195,-1.8942
22.46193,-1.73
22.4719,-1.5553
22.48187,-1.3998
22.49184,-1.2878
22.50182,-1.177
22.51179,-1.0866
22.52176,-1.001
22.53172,-0.8761
22.54169,-0.7055
22.55166,-0.4874
22.56162,-0.3047
22.57159,-0.1384
22.58156,0.0738
22.59152,0.338
22.60149,0.6048
22.61146,0.8489
22.62142,0.9807
22.63139,1.0831
22.64137,1.1643
22.65134,1.2396
22.66131,1.3974
22.67128,1.5789
22.68125,1.7336
22.69123,1.8978
22.7012,2.0667
22.71117,2.2214
22.72114,2.4097
22.73112,2.6452
22.74109,2.8514
22.75106,3.0676
22.76103,3.2548
22.77103,3.4203
22.78103,3.6175
22.79103,3.8236
22.80103,4.0484
22.81103,4.2646
22.82103,4.552
22.83103,4.835
22.84103,5.036
22.85103,5.1766
22.86102,5.2285
22.87102,5.1702
22.88102,5.0238
22.89101,4.7735
22.90098,4.4561
22.91095,4.0943
22.92091,3.6757
22.93088,3.2253
22.94085,2.7867
22.95082,2.3176
22.96079,1.8121
22.97075,1.2484
22.98072,0.6518
22.99069,0.1013
23.00066,-0.4397
23.01063,-0.8801
23.02074,-1.1924
23.03085,-1.4734
23.04096,-1.6921
23.05107,-1.8503
23.06118,-1.941
23.07129,-1.985
23.0814,-1.98
23.09151,-1.99
23.10162,-2.0021
23.11173,-2.0119
23.12184,-2.0326
23.13195,-2.066
23.14201,-2.0629
23.15201,-2.0427
23.16201,-2.0096
23.17201,-1.9769
23.18201,-1.9532
23.19201,-1.9181
23.202,-1.9133
23.212,-1.9121
23.222,-1.9122
23.232,-1.9141
23.242,-1.9263
23.252,-1.9144
23.262,-1.9027
23.272,-1.8817
23.282,-1.8674
23.292,-1.8479
23.30199,-1.8235
23.31199,-1.7972
23.32199,-1.7879
23.33199,-1.7908
23.34199,-1.7813
23.35199,-1.7802
23.36199,-1.7607
23.37198,-1.7233
23.38198,-1.6957
23.39199,-1.6298
23.40199,-1.5632
23.41198,-1.4918
23.42198,-1.4434
23.43198,-1.4029
23.44198,-1.3597
23.45198,-1.3128
23.46198,-1.2433
23.47197,-1.1353
23.48197,-1.0023
23.49197,-0.8853
23.50197,-0.7918
23.51197,-0.7234
23.52204,-0.6753
23.5321,-0.6472
23.54217,-0.649
23.55224,-0.6898
23.5623,-0.7378
23.57237,-0.8162
23.58244,-0.8982
23.5925,-0.9619
23.60257,-1.0536
23.61264,-1.1842
23.6227,-1.2817
23.63277,-1.3737
23.64275,-1.4409
23.65264,-1.5005
23.66253,-1.549
23.67243,-1.5887
23.68232,-1.6233
23.69221,-1.6408
23.7021,-1.6378
23.71199,-1.6279
23.72188,-1.609
23.73178,-1.5757
23.74167,-1.5136
23.75156,-1.4256
23.76145,-1.32
23.77145,-1.2122
23.78144,-1.1334
23.79144,-1.0673
23.80143,-1.024
23.81143,-0.9885
23.82142,-0.9541
23.83141,-0.9231
23.84141,-0.9092
23.8514,-0.9038
23.8614,-0.8931
23.87139,-0.8965
23.88139,-0.9088
23.8914,-0.9085
23.90143,-0.9124
23.91147,-0.9044
23.9215,-0.8746
23.93153,-0.835
23.94157,-0.782
23.9516,-0.7298
23.96164,-0.6683
23.97167,-0.586
23.9817,-0.4935
23.99174,-0.4269
24.00177,-0.3954
24.0118,-0.3697
24.02187,-0.3516
24.03193,-0.3121
24.042,-0.2736
24.05206,-0.2296
24.06213,-0.1844
24.07219,-0.1513
24.08225,-0.1004
24.09232,-0.0512
24.10238,0.0153
24.11245,0.0667
24.12251,0.1277
24.13257,0.1837
24.1426,0.2341
24.15257,0.2695
24.16255,0.307
24.17252,0.3272
24.1825,0.3956
24.19248,0.3689
24.20245,0.4245
24.21243,0.4271
24.2224,0.4461
24.23238,0.4324
24.24236,0.4103
24.25233,0.3586
24.26231,0.2884
24.27235,0.2343
24.28239,0.2246
24.29244,0.2055
24.30248,0.1606
24.31252,0.1136
24.32257,0.0681
24.33261,0.008
24.34266,-0.0665
24.3527,-0.1667
24.36274,-0.3023
24.37279,-0.4636
24.38283,-0.6679
24.39283,-0.9063
24.40277,-1.1344
24.41272,-1.3303
24.42267,-1.4821
24.43262,-1.5744
24.44257,-1.6465
24.45252,-1.6955
24.46247,-1.7281
24.47241,-1.7514
24.48236,-1.7263
24.49231,-1.7047
24.50226,-1.6611
24.51221,-1.5949
24.52225,-1.5221
24.53228,-1.4617
24.54231,-1.422
24.55234,-1.3943
24.56237,-1.3965
24.5724,-1.3993
24.58243,-1.3887
24.59246,-1.3672
24.60249,-1.3321
24.61252,-1.2953
24.62255,-1.2602
24.63258,-1.2484
24.6426,-1.2654
24.6526,-1.289
24.66261,-1.315
24.67261,-1.3368
24.68262,-1.3563
24.69262,-1.3784
24.70262,-1.4103
24.71263,-1.432
24.72263,-1.4399
24.73264,-1.446
24.74264,-1.4543
24.75265,-1.4578
24.76265,-1.4618
24.77266,-1.4758
24.78263,-1.4827
24.79262,-1.4808
24.8026,-1.4603
24.81258,-1.4169
24.82256,-1.3624
24.83254,-1.3401
24.84252,-1.3537
24.8525,-1.3723
24.86248,-1.3772
24.87247,-1.3802
24.88245,-1.369
24.89244,-1.374
24.90244,-1.3709
24.91244,-1.3938
24.92244,-1.4236
24.93244,-1.4407
24.94244,-1.4598
24.95244,-1.5116
24.96244,-1.5859
24.97244,-1.5626
24.98244,-1.4905
24.99244,-1.3907
25.00244,-1.277
25.01244,-1.2021
25.02241,-1.1244
25.03236,-1.0556
25.04232,-0.9674
25.05228,-0.8588
25.06224,-0.7659
25.0722,-0.6661
25.08216,-0.5464
25.09212,-0.4353
25.10208,-0.3259
25.11204,-0.2572
25.122,-0.1675
25.13196,-0.0717
25.14196,0.0333
25.15199,0.1553
25.16203,0.2938
25.17207,0.4114
25.18211,0.4737
25.19214,0.5234
25.20218,0.585
25.21222,0.6773
25.22226,0.8047
25.23229,0.9144
25.24233,0.9529
25.25237,0.9477
25.26241,0.939
25.27248,0.9525
25.28256,0.9837
25.29263,1.0321
25.3027,1.091
25.31277,1.1252
25.32285,1.1016
25.33292,1.0367
25.34299,0.9608
25.35307,0.8598
25.36314,0.7865
25.37321,0.7057
25.38329,0.652
25.39333,0.6276
25.40332,0.6465
25.41332,0.6832
25.42332,0.6845
25.43331,0.6449
25.44331,0.5549
25.4533,0.4104
25.4633,0.2239
25.4733,0.0184
25.48329,-0.1903
25.49329,-0.3941
25.50328,-0.5736
25.51328,-0.7368
25.52328,-0.9164
25.53327,-1.1137
25.54326,-1.3024
25.55326,-1.4483
25.56325,-1.5816
25.57324,-1.6985
25.58324,-1.7925
25.59323,-1.8825
25.60323,-1.9707
25.61322,-2.0316
25.62321,-2.0756
25.63321,-2.1247
25.64319,-2.1634
25.65315,-2.2034
25.66311,-2.2289
25.67307,-2.265
25.68303,-2.316
25.69299,-2.3779
25.70295,-2.4365
25.71291,-2.4616
25.72287,-2.4632
25.73283,-2.4836
25.74279,-2.4884
25.75275,-2.4673
25.76271,-2.4312
25.77271,-2.3884
25.78271,-2.3342
25.79271,-2.3042
25.80271,-2.2717
25.81271,-2.2739
25.82271,-2.2929
25.83271,-2.34
25.84271,-2.3643
25.85271,-2.3813
25.86271,-2.3803
25.87271,-2.3821
25.88271,-2.3585
25.89273,-2.3063
25.90276,-2.2298
25.91279,-2.1427
25.92283,-2.0426
25.93286,-1.9226
25.9429,-1.7737
25.95293,-1.6404
25.96297,-1.5411
25.973,-1.4587
25.98303,-1.3511
25.99307,-1.2379
26.0031,-1.0969
26.01314,-0.9276
26.02321,-0.7653
26.03328,-0.6486
26.04335,-0.4497
26.05342,-0.3139
26.06349,-0.1799
26.07356,-0.0737
26.08363,0.0144
26.0937,0.0923
26.10377,0.1739
26.11384,0.2594
26.12391,0.3196
26.13398,0.3808
26.14397,0.4316
26.15386,0.4502
26.16375,0.437
26.17364,0.3735
26.18353,0.2711
26.19343,0.0907
26.20332,-0.1124
26.21321,-0.2993
26.2231,-0.4652
26.23299,-0.6597
26.24289,-0.8487
26.25278,-0.9851
26.26267,-1.0814
26.27266,-1.1479
26.28264,-1.2139
26.29263,-1.2793
26.30262,-1.3587
26.3126,-1.4326
26.32259,-1.5082
26.33257,-1.6116
26.34256,-1.7486
26.35254,-1.8639
26.36253,-1.9726
26.37251,-2.0855
26.3825,-2.1776
26.39255,-2.2637
26.40267,-2.3407
26.41279,-2.405
26.42291,-2.4183
26.43303,-2.408
26.44315,-2.4305
26.45327,-2.4017
26.46338,-2.4096
26.4735,-2.3741
26.48362,-2.3724
26.49374,-2.3149
26.50386,-2.1882
26.51398,-2.0202
26.52403,-1.8447
26.53407,-1.6729
26.54412,-1.5183
26.55417,-1.3635
26.56421,-1.2119
26.57426,-1.0419
26.5843,-0.8966
26.59435,-0.8502
26.6044,-0.7584
26.61444,-0.519
26.62449,-0.28
26.63454,-0.0613
26.64454,0.0395
26.65447,0.0624
26.66441,0.0185
26.67435,-0.0839
26.68429,-0.1902
26.69423,-0.2586
26.70417,-0.3301
26.71411,-0.4096
26.72405,-0.4588
26.73398,-0.5428
26.74392,-0.6401
26.75386,-0.7885
26.7638,-0.9159
26.77377,-0.9987
26.78374,-1.0838
26.7937,-1.1963
26.80367,-1.3091
26.81363,-1.4092
26.8236,-1.4793
26.83356,-1.5519
26.84353,-1.6277
26.85349,-1.7369
26.86346,-1.8709
26.87343,-2.0174
26.88339,-2.0862
26.89339,-2.128
26.90343,-2.1976
26.91346,-2.2601
26.9235,-2.3405
26.93353,-2.4279
26.94357,-2.5211
26.95361,-2.5283
26.96364,-2.4671
26.97367,-2.4528
26.98371,-2.4147
26.99375,-2.3781
27.00378,-2.3576
27.01382,-2.3855
27.02382,-2.3243
27.03382,-2.1818
27.04381,-1.9739
27.05381,-1.7227
27.06381,-1.5023
27.0738,-1.2975
27.0838,-1.1377
27.0938,-0.9937
27.1038,-0.8219
27.11379,-0.6246
27.12379,-0.4928
27.13379,-0.3517
27.14379,-0.1954
27.15377,-0.0055
27.16376,-0.3123
27.17375,-0.4278
27.18374,-0.5914
27.19373,-0.4762
27.20371,-0.8628
27.2137,-1.3488
27.22369,-1.5889
27.23368,-1.8555
27.24367,-2.0184
27.25366,-2.1243
27.26365,-1.9505
27.27365,-1.7576
27.28365,-1.8131
27.29365,-1.9767
27.30364,-2.1189
27.31364,-2.4874
27.32364,-2.765
27.33364,-2.9448
27.34364,-2.942
27.35364,-2.8337
27.36364,-2.664
27.37364,-2.52
27.38364,-2.4295
27.39364,-2.3714
27.40364,-2.2904
27.41364,-2.2136
27.42365,-2.1172
27.43365,-2.0641
27.44365,-2.0232
27.45366,-1.9536
27.46366,-1.9666
27.47366,-1.9264
27.48366,-1.8409
27.49367,-1.7752
27.50367,-1.7277
27.51367,-1.6867
27.52375,-1.6115
27.53382,-1.5377
27.54389,-1.51
27.55396,-1.5056
27.56404,-1.4935
27.57411,-1.5102
27.58418,-1.5946
27.59425,-1.7396
27.60432,-1.8676
27.6144,-1.9903
27.62447,-2.0823
27.63454,-2.1542
27.64458,-2.2089
27.65458,-2.2387
27.66458,-2.2446
27.67457,-2.2739
27.68457,-2.3347
27.69457,-2.3829
27.70457,-2.4074
27.71456,-2.405
27.72456,-2.3804
27.73456,-2.3393
27.74456,-2.3152
27.75455,-2.2799
27.76455,-2.2516
27.77456,-2.1504
27.78456,-1.9941
27.79456,-1.8671
27.80456,-1.7978
27.81457,-1.8071
27.82457,-1.8438
27.83457,-1.849
27.84457,-1.8194
27.85458,-1.8153
27.86458,-1.804
27.87458,-1.7601
27.88459,-1.695
27.89457,-1.5692
27.90453,-1.5155
27.91449,-1.46
27.92445,-1.4492
27.93441,-1.5112
27.94437,-1.6177
27.95433,-1.7293
27.96429,-1.8137
27.97425,-1.8562
27.98421,-1.9102
27.99417,-1.9795
28.00414,-1.9754
28.0141,-1.965
28.02412,-1.9467
28.03415,-1.9365
28.04418,-1.9344
28.05421,-1.9391
28.06424,-1.938
28.07427,-1.9389
28.0843,-1.8661
28.09433,-1.7827
28.10436,-1.7344
28.11439,-1.7298
28.12442,-1.7296
28.13445,-1.7577
28.14447,-1.7517
28.15447,-1.7375
28.16448,-1.7124
28.17449,-1.7001
28.18449,-1.6936
28.1945,-1.6645
28.20451,-1.5783
28.21451,-1.4502
28.22452,-1.3069
28.23453,-1.1518
28.24453,-0.9105
28.25454,-0.5856
28.26455,-0.1942
28.27456,0.2373
28.28455,0.6022
28.29454,0.8857
28.30453,1.0316
28.31453,1.0951
28.32452,0.904
28.33451,0.7416
28.3445,0.5522
28.35449,0.3606
28.36448,0.1997
28.37447,0.0248
28.38446,-0.1414
28.39449,-0.1473
28.40455,-0.1026
28.4146,0.0044
28.42466,0.1198
28.43472,0.2186
28.44478,0.3228
28.45484,0.5895
28.4649,0.9167
28.47496,1.2348
28.48501,1.5678
28.49507,1.8199
28.50513,2
28.51519,2.1437
28.52515,2.3785
28.5351,2.5796
28.54504,2.9015
28.55498,3.0781
28.56492,3.391
28.57487,3.5337
28.58481,3.6746
28.59475,3.7996
28.60469,3.9092
28.61464,3.9703
28.62458,3.9851
28.63452,3.9566
28.64451,3.9848
28.65455,4.1035
28.66458,4.2015
28.67462,4.1556
28.68465,4.2304
28.69468,4.1125
28.70472,3.891
28.71475,3.6599
28.72479,3.404
28.73482,3.2437
28.74486,3.2202
28.75489,3.1959
28.76493,3.1183
28.77494,3.045
28.78495,2.9451
28.79496,2.8719
28.80497,2.855
28.81498,2.8456
28.825,2.8128
28.835,2.7348
28.84502,2.573
28.85503,2.2852
28.86504,1.8997
28.87505,1.4769
28.88506,1.0117
28.89506,0.5602
28.90505,0.1279
28.91504,-0.2701
28.92502,-0.6198
28.93501,-0.9328
28.945,-1.1965
28.95499,-1.4238
28.96498,-1.6092
28.97496,-1.7466
28.98495,-1.8636
28.99494,-1.9443
29.00493,-1.9787
29.01492,-1.981
29.02493,-1.9558
29.03495,-1.9039
29.04496,-1.8789
29.05498,-1.8579
29.06499,-1.8879
29.075,-1.9181
29.08502,-1.9078
29.09503,-1.9664
29.10505,-1.9868
29.11506,-2.0147
29.12508,-2.0515
29.13509,-2.0493
29.1451,-1.9687
29.1551,-1.9924
29.1651,-2.0126
29.1751,-1.9897
29.1851,-1.9791
29.1951,-1.9108
29.2051,-1.8039
29.2151,-1.6804
29.22509,-1.5428
29.23509,-1.3941
29.24509,-1.2644
29.25509,-1.1389
29.26509,-1.0389
29.27507,-0.9357
29.28504,-0.8255
29.29501,-0.6788
29.30498,-0.5091
29.31495,-0.3477
29.32492,-0.1584
29.33489,-0.0502
29.34487,0.0615
29.35484,0.1051
29.36481,0.2523
29.37478,0.4492
29.38475,0.7254
29.39475,1.0483
29.40478,1.4725
29.4148,1.899
29.42482,2.2043
29.43484,1.4407
29.44487,1.6756
29.45489,2.2654
29.46491,3.0373
29.47494,3.5191
29.48496,2.9293
29.49498,3.3586
29.50501,2.4902
29.51503,2.6398
29.52504,2.2076
29.53504,1.3554
29.54504,0.9212
29.55504,0.491
29.56504,0.2767
29.57504,0.1901
29.58505,0.0777
29.59505,-0.0475
29.60505,-0.0954
29.61505,-0.1672
29.62505,-0.2292
29.63505,-0.3013
29.64506,-0.3639
29.65506,-0.4465
29.66506,-0.5695
29.67506,-0.6969
29.68506,-0.8072
29.69506,-0.9177
29.70506,-1.0275
29.71506,-1.075
29.72506,-1.2943
29.73506,-1.5122
29.74506,-1.6479
29.75506,-1.7302
29.76506,-1.8986
29.77514,-1.9297
29.78522,-1.9301
29.7953,-1.9226
29.80538,-1.9246
29.81546,-1.9635
29.82554,-2.0558
29.83562,-2.0761
29.8457,-2.1027
29.85578,-2.0609
29.86586,-2.0272
29.87594,-1.9715
29.88602,-1.8909
29.89604,-1.7807
29.906,-1.7015
29.91596,-1.6574
29.92592,-1.6086
29.93588,-1.5773
29.94584,-1.5767
29.9558,-1.5422
29.96576,-1.444
29.97572,-1.2392
29.98568,-0.9195
29.99564,-0.5668
30.0056,-0.2373
30.01556,0.0787
30.02557,0.4033
30.03558,0.7187
30.04559,1.019
30.0556,1.3182
30.06561,1.57
30.07562,1.7505
30.08563,1.8713
30.09563,2.0796
30.10564,2.4205
30.11565,2.8062
30.12566,3.4306
30.13567,4.0961
30.14568,4.8172
30.15569,5.6225
30.1657,6.4174
30.17571,7.1278
30.18572,7.9214
30.19573,8.5924
30.20574,9.0401
30.21575,9.372
30.22576,9.5437
30.23577,9.6625
30.24578,9.8109
30.25579,9.9254
30.2658,9.8624
30.27581,9.7996
30.28581,9.6693
30.29582,9.4275
30.30582,9.2245
30.31582,9.0309
30.32583,8.7542
30.33583,8.3577
30.34583,7.9923
30.35584,7.6224
30.36584,7.2765
30.37585,6.9591
30.38585,6.6242
30.39584,6.1548
30.4058,5.5022
30.41576,4.6663
30.42573,3.7062
30.43569,2.7621
30.44566,1.8935
30.45562,0.2271
30.46559,-0.3714
30.47555,-0.6969
30.48551,-0.9119
30.49548,-1.104
30.50544,-1.2835
30.51541,-1.4544
30.52541,-1.6483
30.53541,-1.787
30.5454,-1.9144
30.5554,-2.0141
30.5654,-2.0849
30.5754,-2.1161
30.5854,-2.1539
30.59539,-2.1356
30.60539,-2.0961
30.61539,-2.0598
30.62539,-2.0131
30.63539,-2.0075
30.64541,-2.066
30.65542,-2.1416
30.66543,-2.1527
30.67544,-2.1293
30.68545,-2.1029
30.69546,-2.0696
30.70547,-2.0267
30.71548,-1.9811
30.72549,-1.9391
30.7355,-1.8942
30.74551,-1.8594
30.75552,-1.8276
30.76553,-1.7742
30.77553,-1.7199
30.78552,-1.6803
30.79551,-1.6678
30.8055,-1.6907
30.81549,-1.7505
30.82548,-1.8347
30.83547,-1.7318
30.84546,-1.7176
30.85546,-1.736
30.86545,-1.7201
30.87544,-1.6557
30.88543,-1.5388
30.89548,-1.4447
30.90557,-1.3682
30.91567,-1.3038
30.92577,-1.2401
30.93586,-1.1786
30.94596,-1.1092
30.95606,-1.0149
30.96615,-0.962
30.97625,-0.9228
30.98635,-0.9037
30.99644,-0.8618
31.00654,-0.7364
31.01664,-0.5146
31.02671,-0.2559
31.03678,0.0431
31.04685,0.3889
31.05692,0.6758
31.06699,0.8901
31.07706,1.0501
31.08713,1.1652
31.0972,1.2401
31.10727,1.3066
31.11734,1.3991
31.12741,1.5058
31.13748,1.6534
31.14749,1.7983
31.15742,1.9397
31.16735,2.0782
31.17728,2.205
31.18721,2.3042
31.19715,2.3896
31.20708,2.4942
31.21701,2.6402
31.22694,2.7387
31.23687,2.7907
31.2468,2.8853
31.25673,3.0526
31.26667,3.3425
31.27667,3.7873
31.28666,4.2351
31.29667,4.5255
31.30666,4.5528
31.31666,4.4554
31.32666,4.2806
31.33666,4.1767
31.34666,4.1672
31.35666,4.2385
31.36666,4.3153
31.37666,4.3057
31.38666,4.2349
31.39666,4.1713
31.40665,4.1331
31.41664,4.1408
31.42663,4.1827
31.43662,4.2092
31.44662,4.1992
31.45661,4.0933
31.4666,3.8963
31.47659,3.5918
31.48659,3.161
31.49658,2.6072
31.50657,1.9368
31.51656,1.218
31.52663,0.5795
31.53669,0.0502
31.54675,-0.3548
31.55681,-0.6974
31.56687,-0.9956
31.57693,-1.2547
31.58699,-1.4449
31.59705,-1.6243
31.60711,-1.772
31.61717,-1.885
31.62723,-1.9734
31.63729,-2.0569
31.64727,-2.1183
31.65717,-2.1847
31.66706,-2.2215
31.67696,-2.1975
31.68686,-2.1011
31.69676,-1.9452
31.70665,-1.776
31.71655,-1.6015
31.72645,-1.4405
31.73635,-1.3021
31.74624,-1.1804
31.75614,-1.0717
31.76604,-0.9331
31.77609,-0.7109
31.78615,-0.4226
31.7962,-0.0567
31.80625,0.3409
31.8163,0.6809
31.82636,1.002
31.83641,1.2736
31.84646,1.5778
31.85651,1.8474
31.86657,2.0731
31.87662,2.2274
31.88667,2.3153
31.89668,2.3899
31.90666,2.4522
31.91664,2.5159
31.92661,2.6015
31.93659,2.7462
31.94656,2.9552
31.95654,3.1691
31.96651,3.3902
31.97649,3.6008
31.98646,3.7377
31.99644,3.871
32.00641,3.9946
32.01639,4.0517
32.02646,4.0125
32.03653,4.0367
32.0466,4.1513
32.05667,4.1867
32.06675,4.1598
32.07682,4.0005
32.08689,3.9282
32.09696,3.6023
32.10703,3.3517
32.1171,3.1688
32.12717,2.8389
32.13725,2.5713
32.14728,2.3236
32.15724,1.9331
32.1672,1.9792
32.17716,1.7343
32.18713,1.19
32.19709,0.7802
32.20705,0.3479
32.21701,-0.0997
32.22697,-0.4914
32.23693,-0.8199
32.2469,-1.0804
32.25686,-1.2971
32.26682,-1.4735
32.27686,-1.6098
32.28688,-1.7232
32.29691,-1.7832
32.30693,-1.7701
32.31696,-1.7643
32.32698,-1.7613
32.33701,-1.7652
32.34703,-1.7926
32.35706,-1.8434
32.36708,-1.8838
32.37711,-1.8875
32.38713,-1.8642
32.39715,-1.8848
32.40717,-1.9042
32.41718,-1.9442
32.42719,-1.9828
32.43721,-2.0154
32.44722,-1.9866
32.45723,-1.9292
32.46724,-1.8081
32.47726,-1.6044
32.48727,-1.3744
32.49728,-1.157
32.50729,-0.9507
32.51731,-0.7654
32.5273,-0.5691
32.5373,-0.3426
32.54729,-0.0654
32.55728,0.2713
32.56727,0.6319
32.57727,0.9961
32.58726,1.3033
32.59725,1.5029
32.60725,1.6925
32.61724,1.7744
32.62723,1.9394
32.63722,2.1658
32.64724,2.404
32.65727,2.6173
32.6673,2.7864
32.67733,2.7058
32.68736,2.4396
32.69739,2.3821
32.70742,2.7195
32.71745,3.0983
32.72748,3.262
32.73751,3.3346
32.74754,3.2978
32.75757,3.1461
32.7676,2.8291
32.77759,2.5165
32.78757,2.3726
32.79755,2.4289
32.80754,2.5743
32.81752,2.6922
32.8275,2.7619
32.83749,2.7238
32.84747,2.5649
32.85745,2.3151
32.86744,2.0041
32.87742,1.6154
32.8874,1.2256
32.89738,0.921
32.90736,0.677
32.91735,0.461
32.92733,0.2217
32.93731,-0.0536
32.94728,-0.3422
32.95727,-0.6422
32.96725,-0.9405
32.97723,-1.2295
32.98721,-1.4543
32.99719,-1.6593
33.00717,-1.8152
33.01715,-1.9514
33.02717,-2.0713
33.03719,-2.1728
33.0472,-2.232
33.05721,-2.3031
33.06722,-2.3417
33.07724,-2.3799
33.08725,-2.364
33.09726,-2.3444
33.10727,-2.3254
33.11728,-2.3722
33.1273,-2.3886
33.13731,-2.4206
33.14734,-2.4404
33.15737,-2.4272
33.16741,-2.379
33.17744,-2.334
33.18747,-2.2758
33.19751,-2.2163
33.20754,-2.0596
33.21758,-1.8998
33.22761,-1.7448
33.23765,-1.6106
33.24768,-1.4663
33.25772,-1.3195
33.26775,-1.1052
33.27785,-0.8563
33.28794,-0.5987
33.29804,-0.3614
33.30814,-0.1612
33.31823,0.0147
33.32833,0.248
33.33842,0.4791
33.34851,0.7242
33.35861,0.8155
33.36871,1.0633
33.3788,1.2501
33.3889,1.4311
33.39894,1.5279
33.40894,1.5559
33.41893,1.6053
33.42892,1.6841
33.43891,1.7891
33.44891,2.0312
33.4589,2.3689
33.46889,2.5071
33.47889,2.5192
33.48888,2.4452
33.49887,2.304
33.50886,2.2034
33.51886,2.0822
33.52879,1.8312
33.53871,1.6157
33.54863,1.5982
33.55855,1.5948
33.56847,1.5531
33.5784,1.3706
33.58832,1.0861
33.59824,0.835
33.60816,0.6047
33.61808,0.4053
33.62801,0.236
33.63793,0.0647
33.64788,-0.124
33.65784,-0.3468
33.66781,-0.6099
33.67778,-0.861
33.68775,-1.0901
33.69772,-1.2893
33.70769,-1.4825
33.71766,-1.6603
33.72762,-1.8053
33.73759,-1.9634
33.74756,-2.0943
33.75753,-2.2018
33.76749,-2.2842
33.7776,-2.3485
33.7877,-2.4327
33.79781,-2.5773
33.8079,-2.7435
33.818,-2.8427
33.82811,-2.8912
33.83821,-2.9162
33.84831,-2.8925
33.85841,-2.8519
33.86851,-2.844
33.87861,-2.8268
33.88871,-2.8214
33.89876,-2.8254
33.90876,-2.7754
33.91875,-2.754
33.92875,-2.6987
33.93874,-2.6106
33.94873,-2.5179
33.95872,-2.4236
33.96872,-2.3089
33.97871,-2.166
33.98871,-2.0462
33.9987,-1.945
34.00869,-1.8367
34.01869,-1.6724
34.02871,-1.45
34.03871,-1.2226
34.04871,-1.0195
34.0587,-0.8313
34.06871,-0.6808
34.0787,-0.5583
34.08871,-0.4664
34.09871,-0.3476
34.10871,-0.1698
34.11871,0.0383
34.12871,0.2301
34.13871,0.4571
34.14868,0.7292
34.15861,0.9651
34.16854,1.169
34.17848,1.2908
34.18842,1.3941
34.19835,1.556
34.20828,1.7367
34.21822,1.9475
34.22815,2.2006
34.23809,2.4481
34.24802,2.6009
34.25795,2.7014
34.26789,2.8066
34.27786,2.8839
34.28783,2.9153
34.2978,2.9406
34.30777,2.9769
34.31774,2.8898
34.32771,2.6222
34.33768,2.1715
34.34765,1.6184
34.35762,1.096
34.36759,0.6527
34.37756,0.2329
34.38753,-0.1691
34.39761,-0.5427
34.40778,-0.915
34.41794,-1.2957
34.4281,-1.6323
34.43827,-1.9203
34.44843,-2.1028
34.45859,-2.2339
34.46875,-2.3385
34.47892,-2.4181
34.48908,-2.4832
34.49924,-2.514
34.50941,-2.5077
34.51957,-2.4979
34.52953,-2.4691
34.53946,-2.4546
34.5494,-2.4597
34.55933,-2.4844
34.56927,-2.4871
34.5792,-2.4787
34.58914,-2.4677
34.59908,-2.4535
34.60901,-2.4238
34.61895,-2.4018
34.62888,-2.4274
34.63882,-2.4693
34.64878,-2.4549
34.65876,-2.4585
34.66875,-2.3978
34.67873,-2.3671
34.68872,-2.3286
34.6987,-2.3055
34.70869,-2.2691
34.71868,-2.2387
34.72866,-2.2374
34.73865,-2.2352
34.74863,-2.2246
34.75862,-2.2051
34.7686,-2.1531
34.77861,-2.0978
34.78861,-2.0167
34.79861,-1.9282
34.80862,-1.8451
34.81861,-1.7422
34.82862,-1.6155
34.83862,-1.4635
34.84862,-1.3361
34.85862,-1.2111
34.86862,-1.0651
34.87862,-0.9219
34.88863,-0.7659
34.89862,-0.5875
34.9086,-0.3907
34.91858,-0.1923
34.92856,0.0165
34.93855,0.2998
34.94853,0.5711
34.95851,0.8822
34.96849,1.1709
34.97847,1.4236
34.98845,1.6272
34.99844,1.7771
35.00842,1.9052
35.0184,1.9736
35.02839,1.9844
35.03838,1.9852
35.04837,2.0044
35.05835,2.0524
35.06834,2.1244
35.07833,2.1576
35.08832,2.1609
35.09831,2.118
35.1083,2.0127
35.11828,1.8574
35.12827,1.7059
35.13826,1.5696
35.14827,1.4383
35.15829,1.2781
35.1683,1.0914
35.17833,0.8822
35.18835,0.6363
35.19836,0.3519
35.20839,0.0495
35.21841,-0.248
35.22842,-0.5542
35.23845,-0.8313
35.24847,-1.0864
35.25848,-1.3247
35.26851,-1.575
35.27858,-1.8192
35.28864,-2.0296
35.29871,-2.1939
35.30878,-2.3119
35.31884,-2.4241
35.32891,-2.519
35.33897,-2.5778
35.34904,-2.6232
35.35911,-2.648
35.36917,-2.6765
35.37924,-2.699
35.38931,-2.7283
35.3993,-2.7642
35.40923,-2.7215
35.41916,-2.7102
35.42908,-2.6293
35.43901,-2.5755
35.44894,-2.4975
35.45886,-2.4418
35.46879,-2.363
35.47872,-2.3111
35.48864,-2.2378
35.49857,-2.1262
35.5085,-2.0259
35.51842,-1.9293
35.5285,-1.8373
35.53857,-1.7501
35.54865,-1.6308
35.55872,-1.4838
35.56879,-1.3218
35.57886,-1.1265
35.58893,-0.9232
35.599,-0.7045
35.60907,-0.3391
35.61914,0.2645
35.62922,0.9936
35.63929,1.4907
35.64936,1.6591
35.65942,2.4056
35.66948,2.7813
35.67954,3.0526
35.6896,3.1586
35.69967,3.2206
35.70972,1.8433
35.71978,2.1577
35.72985,2.8744
35.73991,2.6272
35.74997,2.4327
35.76003,2.2233
35.77009,2.0407
35.77999,1.6983
35.78989,1.3214
35.79979,0.8551
35.80969,0.4081
35.81959,0.0087
35.82949,-0.3572
35.83939,-0.618
35.8493,-0.7809
35.8592,-0.8687
35.86909,-0.9441
35.879,-1.0385
35.8889,-1.112
35.89888,-1.1668
35.90893,-1.2243
35.91899,-1.307
35.92904,-1.3892
35.93909,-1.4743
35.94914,-1.539
35.9592,-1.6196
35.96925,-1.7188
35.9793,-1.827
35.98935,-1.9392
35.99941,-2.0438
36.00946,-2.0724
36.01951,-2.1405
36.02948,-2.2295
36.03946,-2.337
36.04943,-2.3341
36.0594,-2.3345
36.06937,-2.3321
36.07934,-2.3248
36.08931,-2.314
36.09929,-2.3121
36.10926,-2.3229
36.11923,-2.3079
36.1292,-2.2911
36.13917,-2.2366
36.14916,-2.1818
36.15916,-2.1279
36.16916,-2.0517
36.17916,-1.9191
36.18917,-1.7646
36.19917,-1.647
36.20917,-1.5252
36.21917,-1.3983
36.22917,-1.2584
36.23917,-1.0558
36.24918,-0.7838
36.25918,-0.4936
36.26918,-0.2446
36.27919,-0.0139
36.28918,0.2628
36.29918,0.6017
36.30918,1.1074
36.31918,1.4969
36.32917,1.8827
36.33917,2.2198
36.34917,2.3427
36.35917,2.3372
36.36917,2.0361
36.37917,2.0933
36.38916,2.3038
36.39919,2.2583
36.40923,2.0348
36.41928,1.5783
36.42933,1.0307
36.43938,0.4053
36.44942,-0.11
36.45947,-0.5503
36.46952,-0.8814
36.47957,-1.0923
36.48962,-1.2174
36.49966,-1.2855
36.50971,-1.3005
36.51976,-1.2812
36.52971,-1.253
36.53965,-1.263
36.5496,-1.3042
36.55954,-1.3365
36.56948,-1.3856
36.57942,-1.4419
36.58936,-1.5012
36.5993,-1.5646
36.60925,-1.6264
36.61919,-1.7008
36.62913,-1.7824
36.63907,-1.8665
36.64909,-1.9493
36.65917,-2.0117
36.66926,-2.061
36.67934,-2.1278
36.68943,-2.1484
36.69951,-2.113
36.7096,-2.0688
36.71968,-2.0574
36.72977,-2.0381
36.73985,-2.0127
36.74994,-1.9896
36.76002,-1.9876
36.77011,-1.9753
36.78006,-1.9565
36.79002,-1.9203
36.79998,-1.8802
36.80993,-1.8217
36.81989,-1.7531
36.82985,-1.6851
36.8398,-1.6374
36.84976,-1.6366
36.85971,-1.6308
36.86967,-1.6631
36.87963,-1.7003
36.88958,-1.7606
36.89958,-1.8125
36.90961,-1.7946
36.91964,-1.82
36.92968,-1.8417
36.9397,-1.8683
36.94973,-1.9296
36.95977,-2.0256
36.9698,-2.0997
36.97982,-2.1425
36.98986,-2.1755
36.99989,-2.1869
37.00992,-2.1979
37.01995,-2.2171
37.02991,-2.2251
37.03988,-2.194
37.04984,-2.1692
37.0598,-2.1489
37.06976,-2.145
37.07973,-2.1518
37.08969,-2.1502
37.09965,-2.1559
37.10962,-2.1344
37.11958,-2.0791
37.12954,-2.0487
37.1395,-2.0351
37.14951,-2.0249
37.15954,-2.0232
37.16958,-2.0297
37.17961,-2.0445
37.18965,-2.0798
37.19968,-2.1088
37.20972,-2.0951
37.21975,-2.0519
37.22979,-1.9878
37.23983,-1.9546
37.24986,-2.0133
37.2599,-2.0543
37.26993,-2.0864
37.27991,-2.0701
37.28988,-2.1512
37.29985,-2.1614
37.30981,-2.1696
37.31979,-2.1052
37.32976,-2.0308
37.33973,-1.9766
37.3497,-1.9498
37.35966,-1.946
37.36964,-1.962
37.37961,-1.9764
37.38958,-1.9832
37.39956,-1.9336
37.40954,-1.8647
37.41953,-1.7573
37.42952,-1.6799
37.4395,-1.6453
37.44949,-1.6316
37.45947,-1.6437
37.46946,-1.6882
37.47945,-1.7065
37.48943,-1.6812
37.49942,-1.6124
37.5094,-1.5357
37.51939,-1.4578
37.52942,-1.4146
37.53945,-1.4105
37.54948,-1.4366
37.55951,-1.4622
37.56954,-1.5224
37.57956,-1.5752
37.58959,-1.6543
37.59962,-1.7081
37.60965,-1.7384
37.61968,-1.7657
37.62971,-1.7605
37.63974,-1.6957
37.64977,-1.6487
37.65981,-1.6703
37.66984,-1.7104
37.67988,-1.7577
37.68991,-1.7773
37.69995,-1.7625
37.70999,-1.7033
37.72002,-1.6215
37.73006,-1.5324
37.7401,-1.4425
37.75013,-1.3381
37.76017,-1.232
37.77021,-1.143
37.78026,-1.1178
37.79029,-1.0384
37.80033,-0.9338
37.81036,-0.8329
37.8204,-0.7476
37.83044,-0.6225
37.84047,-0.5112
37.85051,-0.3547
37.86054,-0.1614
37.87057,-0.0309
37.88061,0.0558
37.89065,0.102
37.90065,0.1495
37.91061,0.2064
37.92058,0.2839
37.93055,0.1999
37.94051,0.4065
37.95048,0.6716
37.96045,0.8489
37.97041,1.0203
37.98038,1.1173
37.99035,1.2163
38.00031,1.3254
38.01028,1.3908
38.02024,1.437
38.03026,1.4868
38.04027,1.6002
38.05028,1.7234
38.06029,1.8212
38.0703,1.7642
38.08031,-0.0028
38.09032,0.3163
38.10032,0.4635
38.11033,0.7272
38.12034,0.8353
38.13035,0.7954
38.14036,0.5576
38.15037,0.494
38.16037,0.3942
38.17037,0.2129
38.18037,-0.0668
38.19036,-0.3707
38.20036,-0.6699
38.21036,-0.9975
38.22036,-1.3212
38.23036,-1.6256
38.24036,-1.9107
38.25036,-2.1885
38.26036,-2.4443
38.27036,-2.6281
38.28036,-2.7565
38.29035,-2.8745
38.30034,-3.0217
38.31033,-3.1465
38.32031,-3.2597
38.3303,-3.2458
38.34029,-3.2686
38.35028,-3.19
38.36026,-3.1188
38.37025,-3.0738
38.38024,-3.026
38.39023,-3.0002
38.40023,-2.991
38.41022,-2.987
38.42023,-2.9857
38.43023,-2.9691
38.44023,-2.9149
38.45023,-2.8621
38.46023,-2.8404
38.47023,-2.8376
38.48024,-2.8118
38.49024,-2.7872
38.50024,-2.7946
38.51024,-2.7625
38.52024,-2.7504
38.53024,-2.6973
38.54024,-2.665
38.55023,-2.662
38.56023,-2.6628
38.57022,-2.6479
38.58022,-2.637
38.59021,-2.6459
38.6002,-2.6408
38.6102,-2.6288
38.6202,-2.6015
38.63019,-2.5576
38.64019,-2.5136
38.65018,-2.454
38.66018,-2.3804
38.67018,-2.3208
38.68018,-2.279
38.69017,-2.2447
38.70017,-2.2217
38.71017,-2.1772
38.72016,-2.135
38.73016,-2.1021
38.74015,-2.0322
38.75015,-1.944
38.76015,-1.8451
38.77015,-1.7859
38.78015,-1.6784
38.79014,-1.566
38.80013,-1.4978
38.81011,-1.4181
38.8201,-1.3806
38.83009,-1.3419
38.84007,-1.2878
38.85006,-1.3061
38.86005,-1.2887
38.87003,-1.2652
38.88002,-1.216
38.89001,-1.1577
38.90007,-1.0894
38.9102,-1.019
38.92033,-0.9424
38.93047,-0.8724
38.9406,-0.8035
38.95073,-0.7545
38.96086,-0.7263
38.97099,-0.7083
38.98112,-0.6991
38.99125,-0.7128
39.00138,-0.6864
39.01151,-0.6395
39.02164,-0.5518
39.03169,-0.4619
39.04174,-0.4062
39.05178,-0.3945
39.06182,-0.3768
39.07187,-0.3882
39.08191,-0.3994
39.09195,-0.4254
39.102,-0.4498
39.11204,-0.4897
39.12209,-0.5287
39.13213,-0.5649
39.14217,-0.6543
39.15218,-0.77
39.16215,-0.8859
39.17212,-1.0134
39.18209,-1.1586
39.19206,-1.3126
39.20203,-1.4732
39.212,-1.6125
39.22197,-1.7545
39.23194,-1.881
39.24191,-2.0168
39.25188,-2.1268
39.26185,-2.22
39.27182,-2.2931
39.28173,-2.3603
39.29166,-2.4142
39.30157,-2.465
39.3115,-2.5049
39.32141,-2.5275
39.33134,-2.5434
39.34126,-2.5686
39.35118,-2.5717
39.3611,-2.5321
39.37102,-2.4996
39.38094,-2.4655
39.39086,-2.4295
39.40084,-2.3949
39.41089,-2.3765
39.42094,-2.3543
39.43099,-2.3473
39.44104,-2.3388
39.45109,-2.3104
39.46114,-2.3028
39.47118,-2.2992
39.48123,-2.2989
39.49128,-2.2969
39.50133,-2.3087
39.51138,-2.3093
39.52142,-2.3016
39.53144,-2.2775
39.54146,-2.241
39.55148,-2.2067
39.56149,-2.148
39.57151,-2.0939
39.58152,-2.0212
39.59154,-1.9615
39.60155,-1.9056
39.61157,-1.8398
39.62158,-1.7514
39.6316,-1.6552
39.64161,-1.5412
39.65164,-1.4729
39.66169,-1.3814
39.67173,-1.2605
39.68177,-1.0131
39.69181,-0.8576
39.70185,-0.7785
39.71189,-0.7032
39.72194,-0.6404
39.73198,-0.6016
39.74202,-0.5772
39.75206,-0.5616
39.7621,-0.5461
39.77214,-0.5525
39.78202,-0.5752
39.7919,-0.5737
39.80178,-0.5211
39.81166,-0.4181
39.82154,-0.2831
39.83141,-0.1688
39.84129,-0.0872
39.85117,-0.0304
39.86105,0.007
39.87093,0.0219
39.8808,0.0186
39.89068,0.0064
39.90068,-0.0193
39.91078,-0.0366
39.92089,-0.0679
39.93099,-0.0556
39.9411,-0.0468
39.9512,-0.0401
39.96131,-0.0307
39.97141,-0.0179
39.98151,0.0098
39.99162,0.0541
40.00172,0.0923
40.01183,0.1142
40.02193,0.1006
40.03201,0.0653
40.04208,0.0362
40.05215,-0.0055
40.06222,-0.046
40.07229,-0.0421
40.08236,-0.0423
40.09243,-0.0555
40.1025,-0.0791
40.11258,-0.11
40.12265,-0.1639
40.13272,-0.2462
40.14279,-0.3573
40.15279,-0.4878
40.16272,-0.6139
40.17265,-0.7406
40.18258,-0.8751
40.1925,-0.99
40.20243,-1.0911
40.21236,-1.1839
40.22229,-1.2791
40.23221,-1.386
40.24214,-1.492
40.25207,-1.6179
40.262,-1.7352
40.27192,-1.8508
40.28194,-1.961
40.29194,-2.076
40.30194,-2.1526
40.31193,-2.224
40.32193,-2.2662
40.33193,-2.3045
40.34193,-2.3455
40.35192,-2.3711
40.36192,-2.4062
40.37192,-2.4353
40.38192,-2.4564
40.39191,-2.47
40.40192,-2.4801
40.41192,-2.4672
40.42193,-2.4411
40.43193,-2.4112
40.44194,-2.3876
40.45194,-2.3755
40.46195,-2.3603
40.47195,-2.3233
40.48196,-2.2989
40.49197,-2.2428
40.50197,-2.1651
40.51197,-2.0749
40.52198,-1.9504
40.53197,-1.8311
40.54197,-1.7014
40.55196,-1.5785
40.56195,-1.4239
40.57195,-1.2493
40.58194,-1.0781
40.59194,-0.951
40.60193,-0.8234
40.61192,-0.7267
40.62192,-0.6883
40.63191,-0.6349
40.6419,-0.6476
40.6519,-0.6735
40.6619,-0.6784
40.67189,-0.69
40.68189,-0.6795
40.69188,-0.6621
40.70188,-0.6244
40.71188,-0.5629
40.72187,-0.5055
40.73187,-0.4587
40.74186,-0.4327
40.75186,-0.4209
40.76186,-0.4367
40.77185,-0.4726
40.78185,-0.5492
40.79185,-0.6525
40.80185,-0.7682
40.81184,-0.8954
40.82184,-1.0185
40.83184,-1.1338
40.84184,-1.238
40.85183,-1.3314
40.86183,-1.3965
40.87183,-1.4653
40.88182,-1.5422
40.89182,-1.6328
40.90181,-1.7651
40.91178,-1.9139
40.92176,-2.0418
40.93173,-2.1512
40.94171,-2.2426
40.95168,-2.2775
40.96165,-2.2739
40.97163,-2.3677
40.9816,-2.4217
40.99158,-2.4393
41.00155,-2.4249
41.01152,-2.4365
41.0215,-2.4534
41.0315,-2.4389
41.0415,-2.4246
41.0515,-2.4018
41.0615,-2.381
41.0715,-2.3489
41.0815,-2.332
41.0915,-2.317
41.10151,-2.2939
41.1115,-2.2523
41.12151,-2.2103
41.13151,-2.1753
41.14151,-2.1555
41.15152,-2.1488
41.16154,-2.1348
41.17156,-2.1225
41.18158,-2.1269
41.19159,-2.0911
41.20161,-2.0247
41.21162,-1.9235
41.22164,-1.7734
41.23166,-1.5957
41.24168,-1.4485
41.25169,-1.4231
41.26171,-1.4467
41.27172,-1.3049
41.28178,-1.3436
41.29184,-1.2951
41.30189,-1.4273
41.31194,-1.3549
41.322,-1.3861
41.33205,-1.4731
41.34211,-1.3912
41.35216,-1.2898
41.36222,-1.1061
41.37227,-1.0264
41.38232,-1.027
41.39238,-0.9527
41.40242,-0.9725
41.41244,-0.9772
41.42246,-0.9188
41.43248,-0.9224
41.4425,-1.0471
41.45252,-1.3071
41.46254,-1.1167
41.47255,-1.3052
41.48257,-1.2607
41.49259,-1.2976
41.50261,-1.3322
41.51263,-1.3951
41.52265,-1.4323
41.53262,-1.4886
41.54259,-1.5527
41.55256,-1.6327
41.56253,-1.723
41.5725,-1.819
41.58247,-1.9127
41.59244,-2.0312
41.60241,-2.1221
41.61238,-2.2063
41.62235,-2.2259
41.63232,-2.2391
41.64229,-2.2453
41.65229,-2.2394
41.66232,-2.2642
41.67234,-2.2707
41.68237,-2.2819
41.69239,-2.3546
41.70242,-2.3869
41.71244,-2.4387
41.72247,-2.4697
41.73249,-2.518
41.74252,-2.5692
41.75254,-2.6132
41.76257,-2.665
41.77259,-2.7069
41.78259,-2.7441
41.79259,-2.7129
41.80258,-2.7226
41.81258,-2.7228
41.82258,-2.6957
41.83258,-2.6868
41.84258,-2.668
41.85257,-2.6517
41.86257,-2.612
41.87257,-2.545
41.88257,-2.4365
41.89257,-2.3275
41.90257,-2.2396
41.91256,-2.1563
41.92256,-2.0915
41.93256,-2.0297
41.94255,-1.9467
41.95255,-1.832
41.96255,-1.7129
41.97255,-1.6173
41.98255,-1.5441
41.99255,-1.4584
42.00254,-1.3164
42.01254,-1.2275
42.02254,-1.2116
42.03254,-1.0134
42.04253,-0.8257
42.05253,-0.7022
42.06253,-0.5979
42.07252,-0.4723
42.08252,-0.2888
42.09251,-0.131
42.10251,0.0076
42.1125,0.1173
42.1225,0.1806
42.1325,0.2386
42.14249,0.3167
42.15249,0.3811
42.16248,0.4328
42.17248,0.4339
42.18247,0.5439
42.19247,0.569
42.20246,0.6247
42.21246,0.597
42.22245,0.5674
42.23245,0.5505
42.24244,0.5332
42.25244,0.5079
42.26243,0.5041
42.27243,0.5075
42.28239,0.5144
42.29234,0.4731
42.3023,0.3243
42.31226,0.1338
42.32221,-0.093
42.33217,-0.3379
42.34212,-0.5836
42.35208,-0.9037
42.36204,-1.1111
42.37199,-1.2636
42.38195,-1.3602
42.39191,-1.4358
42.40194,-1.4687
42.41203,-1.5078
42.42212,-1.5727
42.43222,-1.6582
42.44231,-1.7558
42.45241,-1.8649
42.46251,-1.9875
42.4726,-2.1197
42.4827,-2.2312
42.49279,-2.3224
42.50288,-2.4123
42.51298,-2.4844
42.52308,-2.5902
42.53307,-2.7025
42.54307,-2.8021
42.55306,-2.8659
42.56305,-2.8553
42.57305,-2.8723
42.58304,-2.9071
42.59304,-2.9263
42.60303,-2.9586
42.61303,-2.9598
42.62302,-2.9635
42.63301,-2.9567
42.64301,-2.9362
42.65302,-2.8966
42.66305,-2.8474
42.67307,-2.7953
42.6831,-2.7474
42.69312,-2.6922
42.70315,-2.6264
42.71318,-2.5607
42.7232,-2.4871
42.73323,-2.3531
42.74325,-2.2178
42.75328,-2.1361
42.76331,-1.9231
42.77333,-1.8173
42.78329,-1.8151
42.79325,-1.7073
42.80321,-1.5258
42.81317,-1.4713
42.82313,-1.4489
42.83309,-1.399
42.84304,-1.3231
42.853,-1.1537
42.86296,-1.0065
42.87292,-0.8363
42.88288,-0.6556
42.89284,-0.4886
42.90283,-0.3162
42.91284,-0.1468
42.92284,0.0112
42.93285,0.1523
42.94286,0.2624
42.95287,0.3412
42.96288,0.4376
42.97288,0.6004
42.98289,0.7169
42.9929,0.8156
43.0029,0.9172
43.01291,0.9335
43.02292,0.9202
43.03295,0.9123
43.04298,0.9281
43.053,0.9779
43.06303,0.9923
43.07306,1.0168
43.08308,1.0412
43.09311,1.0477
43.10313,1.0292
43.11316,0.9638
43.12319,0.9064
43.13321,0.8233
43.14324,0.6801
43.15328,0.47
43.16333,0.1681
43.17338,-0.2399
43.18343,-0.5507
43.19349,-0.8639
43.20354,-1.0672
43.21358,-1.2235
43.22364,-1.3179
43.23369,-1.3879
43.24374,-1.449
43.25379,-1.5211
43.26384,-1.6007
43.27389,-1.697
43.28382,-1.8376
43.29374,-1.9948
43.30366,-2.1326
43.31358,-2.2681
43.3235,-2.3661
43.33342,-2.4578
43.34334,-2.5574
43.35326,-2.6298
43.36318,-2.6704
43.3731,-2.6786
43.38302,-2.647
43.39294,-2.6102
43.40294,-2.5567
43.41301,-2.5117
43.42307,-2.4621
43.43314,-2.415
43.4432,-2.3621
43.45327,-2.308
43.46333,-2.2457
43.4734,-2.1709
43.48346,-2.0922
43.49353,-2.0171
43.50359,-1.9215
43.51366,-1.834
43.52372,-1.7683
43.53376,-1.7214
43.54379,-1.6585
43.55382,-1.5884
43.56385,-1.5
43.57388,-1.3921
43.58391,-1.2451
43.59394,-1.1104
43.60397,-0.9641
43.614,-0.8138
43.62403,-0.5791
43.63406,-0.4057
43.64409,-0.4203
43.65413,-0.5883
43.66412,-0.3021
43.67411,-0.4898
43.68411,-0.1996
43.69411,-0.4015
43.7041,-0.2483
43.7141,0.0406
43.72409,0.1098
43.73409,0.0813
43.74409,0.0725
43.75408,0.0735
43.76408,0.0826
43.77407,0.0351
43.78409,-0.019
43.79411,-0.0891
43.80412,-0.1075
43.81414,-0.1326
43.82415,-0.143
43.83417,-0.22
43.84418,-0.3325
43.8542,-0.4321
43.86422,-0.5497
43.87423,-0.7006
43.88425,-0.8671
43.89426,-1.0478
43.90428,-1.2193
43.91428,-1.3592
43.92427,-1.4581
43.93428,-1.5191
43.94427,-1.5642
43.95428,-1.5962
43.96428,-1.6134
43.97428,-1.6467
43.98428,-1.7148
43.99428,-1.8144
44.00428,-1.8956
44.01428,-1.9887
44.02428,-2.0566
44.03425,-2.1177
44.04422,-2.1944
44.05419,-2.3026
44.06416,-2.442
44.07413,-2.5685
44.0841,-2.6676
44.09407,-2.7451
44.10404,-2.7569
44.11401,-2.7631
44.12398,-2.7527
44.13395,-2.6955
44.14392,-2.6326
44.1539,-2.6138
44.1639,-2.5703
44.1739,-2.5393
44.1839,-2.5114
44.19389,-2.4726
44.20389,-2.4315
44.21388,-2.3672
44.22388,-2.2873
44.23388,-2.2239
44.24387,-2.1839
44.25387,-2.1607
44.26387,-2.1261
44.27386,-2.0621
44.28383,-1.9595
44.29379,-1.8417
44.30375,-1.6992
44.31371,-1.5213
44.32368,-1.3866
44.33364,-1.193
44.3436,-1.0352
44.35356,-0.7519
44.36352,-0.4782
44.37349,-0.3703
44.38345,-0.3229
44.39341,-0.2676
44.40341,-0.1768
44.41344,-0.0678
44.42347,0.0237
44.4335,0.2042
44.44353,0.378
44.45356,0.5904
44.46359,0.7696
44.47362,0.9131
44.48365,1.0753
44.49368,1.2057
44.50372,1.2932
44.51374,1.3644
44.52378,1.431
44.53378,1.4948
44.54377,1.4761
44.55377,1.4224
44.56376,1.4085
44.57376,1.4203
44.58376,1.4331
44.59375,1.4628
44.60375,1.454
44.61374,1.4197
44.62374,1.3387
44.63374,1.2383
44.64373,1.1208
44.65377,1.0082
44.66385,0.8358
44.67393,0.6172
44.68401,0.3582
44.69409,0.0797
44.70417,-0.2397
44.71425,-0.5764
44.72433,-0.9215
44.73441,-1.1869
44.74449,-1.4165
44.75457,-1.5775
44.76465,-1.6492
44.77473,-1.7257
44.78473,-1.7812
44.79472,-1.8349
44.80472,-1.9014
44.81472,-1.9818
44.82471,-2.1042
44.83471,-2.2348
44.8447,-2.3319
44.85469,-2.4481
44.86469,-2.5448
44.87468,-2.608
44.88468,-2.6527
44.89467,-2.6798
44.90466,-2.6872
44.91464,-2.7086
44.92461,-2.7036
44.93459,-2.6925
44.94456,-2.6971
44.95453,-2.7051
44.9645,-2.7097
44.97448,-2.6678
44.98445,-2.6232
44.99443,-2.6128
45.0044,-2.585
45.01437,-2.5786
45.02435,-2.5564
45.03437,-2.5576
45.04439,-2.5556
45.05441,-2.5418
45.06443,-2.5039
45.07445,-2.4479
45.08447,-2.3796
45.09449,-2.3164
45.10451,-2.2798
45.11453,-2.2415
45.12455,-2.2051
45.13457,-2.1887
45.1446,-2.1743
45.1546,-2.1561
45.16459,-2.1443
45.17457,-2.1187
45.18456,-2.0973
45.19454,-2.0685
45.20453,-2.0443
45.21452,-2.0329
45.2245,-1.9988
45.23449,-1.9719
45.24447,-1.9527
45.25446,-1.9245
45.26444,-1.9072
45.27443,-1.9042
45.28444,-1.8838
45.29445,-1.8592
45.30446,-1.8241
45.31446,-1.7957
45.32447,-1.7679
45.33448,-1.7428
45.34449,-1.7425
45.3545,-1.7236
45.3645,-1.7072
45.37451,-1.6569
45.38452,-1.6017
45.39452,-1.5455
45.40453,-1.4979
45.41453,-1.5681
45.42453,-1.5844
45.43452,-1.635
45.44452,-1.6474
45.45452,-1.6484
45.46452,-1.6418
45.47452,-1.6187
45.48452,-1.6033
45.49452,-1.6255
45.50452,-1.6243
45.51452,-1.5948
45.52452,-1.5992
45.53452,-1.5949
45.5445,-1.6321
45.55449,-1.6284
45.56446,-1.5151
45.57444,-1.4429
45.58442,-1.3668
45.59441,-1.4125
45.60439,-1.3657
45.61436,-1.3836
45.62434,-1.4158
45.63433,-1.4827
45.64431,-1.5557
45.65429,-1.6351
45.66427,-1.6523
45.67425,-1.637
45.68423,-1.6133
45.69421,-1.5564
45.70419,-1.4989
45.71417,-1.4689
45.72415,-1.4855
45.73413,-1.4879
45.74411,-1.4836
45.75409,-1.4938
45.76407,-1.5087
45.77405,-1.564
45.78413,-1.6373
45.79422,-1.7258
45.8043,-1.835
45.81438,-1.9452
45.82446,-2.0418
45.83455,-2.145
45.84463,-2.112
45.85471,-2.1014
45.8648,-2.1083
45.87488,-2.1458
45.88496,-2.1848
45.89504,-2.2258
45.90509,-2.2866
45.9151,-2.3458
45.92509,-2.3821
45.9351,-2.4231
45.9451,-2.4492
45.9551,-2.4921
45.9651,-2.5224
45.9751,-2.5429
45.9851,-2.588
45.9951,-2.6111
46.0051,-2.6216
46.0151,-2.6588
46.0251,-2.6691
46.03509,-2.6749
46.04507,-2.6837
46.05506,-2.638
46.06504,-2.6424
46.07503,-2.6694
46.08501,-2.6311
46.095,-2.5985
46.10498,-2.5564
46.11497,-2.4722
46.12495,-2.356
46.13494,-2.2043
46.14492,-2.0455
46.15493,-1.926
46.16496,-1.8669
46.17499,-1.829
46.18502,-1.78
46.19505,-1.7405
46.20507,-1.6617
46.2151,-1.5282
46.22513,-1.3686
46.23516,-1.1583
46.24519,-0.9886
46.25521,-0.8677
46.26524,-0.7272
46.27527,-0.766
46.28526,-0.6318
46.29524,-0.55
46.30522,-0.4935
46.3152,-0.3507
46.32518,-0.247
46.33517,-0.0905
46.34515,0.1418
46.35513,0.2922
46.36511,0.7009
46.37509,0.9774
46.38507,1.3708
46.39506,1.6122
46.40506,1.75
46.41506,1.933
46.42507,1.7821
46.43507,1.8923
46.44508,1.7543
46.45509,1.5971
46.46509,1.5312
46.4751,1.4518
46.4851,1.3607
46.49511,1.1434
46.50512,0.9889
46.51512,0.8946
46.52513,0.7352
46.53514,0.5552
46.54513,0.3804
46.55512,0.1995
46.56511,0.012
46.57511,-0.1806
46.5851,-0.3699
46.59509,-0.566
46.60508,-0.7243
46.61508,-0.8331
46.62507,-0.9303
46.63506,-1.0613
46.64505,-1.247
46.65505,-1.4339
46.66505,-1.5987
46.67505,-1.7607
46.68505,-1.9269
46.69505,-2.0561
46.70506,-2.1412
46.71505,-2.1548
46.72506,-2.192
46.73505,-2.2318
46.74506,-2.2993
46.75505,-2.3748
46.76506,-2.453
46.77505,-2.5161
46.78502,-2.5393
46.79499,-2.5373
46.80495,-2.5596
46.81492,-2.5619
46.82489,-2.5282
46.83485,-2.4841
46.84481,-2.5232
46.85478,-2.5787
46.86475,-2.6362
46.87471,-2.645
46.88468,-2.619
46.89464,-2.5673
46.90465,-2.5476
46.9147,-2.4937
46.92474,-2.4482
46.93478,-2.4155
46.94482,-2.4127
46.95487,-2.4037
46.96491,-2.3563
46.97495,-2.2857
46.985,-2.2329
46.99504,-2.1811
47.00508,-2.1253
47.01513,-2.0406
47.02517,-1.9491
47.03528,-1.8283
47.04539,-1.6913
47.05551,-1.5894
47.06562,-1.5039
47.07573,-1.4662
47.08584,-1.4397
47.09595,-1.3771
47.10606,-1.2849
47.11618,-1.19
47.12629,-1.1242
47.1364,-1.0355
47.14651,-0.9537
47.15654,-0.9308
47.16646,-0.8588
47.17638,-0.7799
47.1863,-0.6416
47.19622,-0.4244
47.20613,-0.184
47.21606,0.0308
47.22598,0.2713
47.23589,0.35
47.24581,0.6404
47.25573,1.0504
47.26565,1.2496
47.27557,1.4073
47.28561,1.5678
47.29565,1.6408
47.30568,1.74
47.31572,1.8636
47.32576,2.0436
47.3358,2.3068
47.34583,2.5302
47.35587,2.6054
47.36591,2.5157
47.37595,2.3986
47.38598,2.2748
47.39602,2.2436
47.40604,2.3597
47.41603,2.7284
47.42602,3.2604
47.43601,3.7704
47.446,4.1596
47.45599,4.4239
47.46598,4.5086
47.47598,4.412
47.48597,4.1713
47.49596,3.8118
47.50595,3.309
47.51594,2.7226
47.52593,2.0154
47.53593,1.3331
47.54592,0.7173
47.5559,0.2089
47.5659,-0.2643
47.57589,-0.7334
47.58588,-1.1725
47.59587,-1.6052
47.60585,-1.9499
47.61584,-2.261
47.62584,-2.5476
47.63583,-2.7182
47.64582,-2.8101
47.65581,-2.8425
47.6658,-2.7947
47.67579,-2.7201
47.68578,-2.6841
47.69577,-2.6932
47.70576,-2.6972
47.71575,-2.6998
47.72574,-2.6968
47.73573,-2.6267
47.74572,-2.519
47.75571,-2.4203
47.76569,-2.4001
47.77568,-2.3516
47.78566,-2.286
47.79564,-2.2495
47.80562,-2.2306
47.8156,-2.225
47.82558,-2.2088
47.83556,-2.1713
47.84553,-2.0976
47.85551,-1.995
47.86549,-1.9004
47.87547,-1.9096
47.88544,-1.9642
47.89542,-2.0779
47.90542,-2.084
47.91541,-2.0956
47.9254,-2.125
47.93539,-2.0951
47.94538,-2.0297
47.95537,-2.0045
47.96536,-2.0572
47.97535,-2.1175
47.98534,-2.1589
47.99533,-2.1525
48.00532,-2.0973
48.0153,-2.0959
48.0253,-2.0731
48.03529,-2.0612
48.04528,-2.0586
48.05527,-2.0745
48.06526,-2.1125
48.07525,-2.133
48.08525,-2.1063
48.09524,-2.0488
48.10523,-2
48.11522,-1.962
48.12521,-1.9428
48.1352,-1.977
48.14519,-2.0268
48.15525,-2.0707
48.16537,-2.0874
48.1755,-2.0731
48.18562,-2.018
48.19574,-1.9562
48.20586,-1.907
48.21598,-1.8568
48.2261,-1.8387
48.23622,-1.8358
48.24634,-1.8413
48.25646,-1.8428
48.26658,-1.8767
48.2767,-1.9205
48.28677,-1.9277
48.29683,-1.8954
48.30689,-1.8374
48.31696,-1.7913
48.32702,-1.7809
48.33708,-1.7796
48.34714,-1.7932
48.3572,-1.7922
48.36727,-1.7777
48.37733,-1.7718
48.38739,-1.7888
48.39745,-1.756
48.40749,-1.6755
48.41749,-1.5755
48.42749,-1.4874
48.43748,-1.4127
48.44748,-1.358
48.45748,-1.3038
48.46748,-1.2484
48.47747,-1.2077
48.48747,-1.1717
48.49747,-1.1294
48.50747,-1.0603
48.51747,-0.9726
48.52747,-0.8539
48.53741,-0.6979
48.54736,-0.5669
48.5573,-0.4837
48.56725,-0.4221
48.57719,-0.4233
48.58714,-0.4668
48.59708,-0.5366
48.60703,-0.5983
48.61697,-0.6198
48.62692,-0.6162
48.63686,-0.6126
48.64681,-0.6288
48.65675,-0.6501
48.66669,-0.6374
48.67664,-0.5557
48.68657,-0.4184
48.69651,-0.2795
48.70646,-0.19
48.7164,-0.112
48.72634,-0.0822
48.73628,-0.0455
48.74622,-0.0264
48.75616,-0.0009
48.7661,-0.0203
48.77604,-0.1182
48.78605,-0.2685
48.79606,-0.469
48.80606,-0.678
48.81607,-0.9391
48.82608,-1.1692
48.83609,-1.3673
48.84609,-1.4577
48.8561,-1.4897
48.86611,-1.4907
48.87611,-1.4999
48.88612,-1.518
48.89613,-1.584
48.90614,-1.6641
48.91616,-1.7367
48.92617,-1.8065
48.93618,-1.8889
48.9462,-1.9713
48.95621,-2.0564
48.96622,-2.116
48.97623,-2.1398
48.98625,-2.145
48.99626,-2.1162
49.00628,-2.0557
49.01629,-2
49.0263,-1.913
49.03631,-1.8308
49.04631,-1.7636
49.05632,-1.738
49.06632,-1.7019
49.07632,-1.6561
49.08633,-1.6278
49.09633,-1.5862
49.10634,-1.5276
49.11634,-1.4443
49.12635,-1.3191
49.13635,-1.22
49.14635,-1.1987
49.15643,-1.2418
49.16658,-1.2802
49.17673,-1.285
49.18688,-1.273
49.19703,-1.2748
49.20718,-1.2376
49.21733,-1.1926
49.22748,-1.1165
49.23763,-0.9922
49.24778,-0.8588
49.25793,-0.7231
49.26807,-0.6379
49.27822,-0.6306
49.28822,-0.6825
49.2982,-0.7347
49.30819,-0.7016
49.31817,-0.6149
49.32816,-0.5465
49.33815,-0.5047
49.34813,-0.4983
49.35812,-0.5787
49.36811,-0.7324
49.37809,-0.9146
49.38808,-1.1472
49.39806,-1.4199
49.40802,-1.6095
49.41792,-1.695
49.42781,-1.7069
49.43772,-1.6962
49.44762,-1.6942
49.45752,-1.7045
49.46741,-1.7169
49.47732,-1.7538
49.48722,-1.8157
49.49712,-1.8589
49.50702,-1.8841
49.51692,-1.8705
49.52682,-1.844
49.53685,-1.8099
49.54688,-1.7595
49.55691,-1.7426
49.56694,-1.7395
49.57697,-1.7376
49.587,-1.7337
49.59703,-1.6863
49.60706,-1.6336
49.61709,-1.5892
49.62712,-1.5161
49.63715,-1.4206
49.64718,-1.2945
49.65718,-1.2044
49.66714,-1.1306
49.6771,-1.0457
49.68707,-0.9851
49.69703,-0.9599
49.70699,-0.9472
49.71695,-0.942
49.72691,-0.9279
49.73687,-0.9387
49.74683,-0.9366
49.75679,-0.8874
49.76676,-0.8032
49.77672,-0.6891
49.78672,-0.5561
49.79672,-0.4469
49.80672,-0.3509
49.81672,-0.2845
49.82672,-0.2085
49.83672,-0.1113
49.84672,0.05
49.85672,0.2769
49.86672,0.4897
49.87672,0.6528
49.88672,0.7708
49.89672,0.7878
49.90672,0.8375
49.91671,0.8664
49.9267,0.8985
49.9367,0.936
49.94669,1.066
49.95668,1.2841
49.96667,1.6068
49.97666,1.8441
49.98665,1.8346
49.99665,1.8839
50.00664,1.8756
50.01663,1.769
50.02662,1.6138
50.03666,1.4408
50.04668,1.2642
50.05671,1.1028
50.06674,0.9186
50.07677,0.686
50.0868,0.4252
50.09683,0.1304
50.10686,-0.2444
50.11689,-0.654
50.12691,-1.0473
50.13694,-1.3557
50.14697,-1.6246
50.15699,-1.8449
50.16698,-1.9741
50.17698,-2.055
50.18697,-2.0942
50.19697,-2.1402
50.20696,-2.1991
50.21696,-2.2412
50.22696,-2.2772
50.23695,-2.315
50.24694,-2.2928
50.25694,-2.257
50.26693,-2.2681
50.27693,-2.259
50.287,-2.2521
50.29707,-2.1853
50.30714,-2.1397
50.31721,-2.1148
50.32728,-2.0939
50.33735,-2.0794
50.34742,-2.0637
50.35749,-2.0232
50.36756,-1.9603
50.37763,-1.898
50.3877,-1.824
50.39777,-1.752
50.4078,-1.6973
50.41778,-1.6447
50.42775,-1.6385
50.43773,-1.6189
50.4477,-1.6843
50.45768,-1.7617
50.46766,-1.7765
50.47763,-1.7351
50.48761,-1.6581
50.49758,-1.51
50.50756,-1.4115
50.51753,-1.3304
50.52751,-1.0517
50.53751,-0.883
50.5475,-0.9616
50.55749,-1.1404
50.56748,-1.6052
50.57748,-1.5228
50.58747,-1.2349
50.59746,-1.0441
50.60745,-0.8414
50.61745,-0.7365
50.62744,-0.7495
50.63743,-0.9081
50.64742,-1.127
50.65742,-1.3486
50.66742,-1.5398
50.67741,-1.6743
50.68741,-1.7451
50.69741,-1.7872
50.70741,-1.7874
50.71741,-1.781
50.72741,-1.7771
50.73741,-1.7599
50.74741,-1.7234
50.7574,-1.7038
50.7674,-1.7126
50.7774,-1.7344
50.78741,-1.8051
50.79741,-1.8579
50.8074,-1.9131
50.81741,-1.9629
50.8274,-2.0364
50.83741,-2.0633
50.8474,-2.1246
50.85741,-2.1624
50.8674,-2.146
50.8774,-2.1338
50.88741,-2.0818
50.8974,-2.0181
50.90742,-1.9332
50.91745,-1.8631
50.92748,-1.8189
50.93752,-1.8119
50.94754,-1.8317
50.95758,-1.8724
50.96761,-1.9163
50.97764,-1.9171
50.98767,-1.8104
50.9977,-1.6008
51.00773,-1.2551
51.01776,-0.8662
51.02779,-0.5453
51.03778,-0.2643
51.04776,-0.0919
51.05772,0.0491
51.0677,0.0195
51.07766,-0.0556
51.08763,0.5331
51.0976,1.0233
51.10757,2.257
51.11754,2.8466
51.12751,3.0234
51.13748,3.793
51.14745,3.9944
51.15743,4.0761
51.16741,3.9495
51.17739,4.3852
51.18738,4.6499
51.19736,4.4497
51.20735,4.2113
51.21733,4.0173
51.22732,3.9382
51.2373,4.155
51.24728,4.3823
51.25727,4.4433
51.26725,4.2008
51.27724,3.8004
51.28727,3.3203
51.29729,2.8459
51.30731,2.4611
51.31733,2.1574
51.32736,1.9383
51.33738,1.8152
51.3474,1.8106
51.35743,1.8121
51.36745,1.6901
51.37747,1.3101
51.3875,0.7629
51.39752,0.1285
51.40758,-0.0459
51.41766,-0.0328
51.42775,0.0581
51.43784,0.1761
51.44793,0.2681
51.45801,0.377
51.4681,0.4075
51.47819,0.3844
51.48827,0.3287
51.49836,0.3382
51.50845,0.5423
51.51854,0.8998
51.52862,1.319
51.53862,1.7494
51.54861,2.2132
51.55861,2.7301
51.5686,3.2817
51.57859,3.7665
51.58859,4.0486
51.59858,4.1368
51.60858,4.2966
51.61857,4.7988
51.62857,5.4589
51.63856,5.4197
51.64856,5.5304
51.65858,5.7707
51.66864,5.4851
51.6787,5.717
51.68876,5.5038
51.69882,4.4206
51.70888,3.8126
51.71894,3.7738
51.729,3.7
51.73906,3.4223
51.74912,3.0593
51.75918,2.5532
51.76924,1.9422
51.7793,1.3634
51.78923,0.8991
51.79914,0.5409
51.80905,0.2894
51.81896,0.2183
51.82887,0.1895
51.83878,0.1183
51.84869,0.015
51.8586,-0.1261
51.86851,-0.2764
51.87842,-0.4203
51.88833,-0.488
51.89824,-0.5585
51.90822,-0.7023
51.91824,-0.9119
51.92826,-1.1093
51.93829,-1.2336
51.94831,-1.3301
51.95833,-1.3429
51.96835,-1.2953
51.97837,-1.2541
51.9884,-1.1737
51.99842,-1.1053
52.00844,-1.0429
52.01847,-0.959
52.02849,-0.852
52.03855,-0.7198
52.04861,-0.5843
52.05868,-0.4594
52.06874,-0.2246
52.07881,0.197
52.08887,0.7547
52.09894,1.2284
52.109,1.4442
52.11906,1.5047
52.12913,1.5703
52.13919,1.6694
52.14926,1.7823
52.15926,1.9532
52.16918,2.2415
52.17911,2.7333
52.18903,3.5566
52.19896,4.5154
52.20889,5.4887
52.21881,6.1227
52.22874,6.3189
52.23867,6.1156
52.24859,6.3043
52.25852,6.8961
52.26844,7.1608
52.27837,7.5966
52.28836,7.7886
52.29836,8.1746
52.30835,7.949
52.31834,7.615
52.32833,7.6005
52.33832,7.8657
52.34831,7.9277
52.3583,7.5661
52.36829,7.0866
52.37828,6.5838
52.38828,6.2019
52.39827,5.9388
52.40825,5.7082
52.41821,5.5004
52.42817,5.2834
52.43812,5.0254
52.44808,4.637
52.45804,3.9818
52.468,3.1851
52.47796,2.3772
52.48792,1.4882
52.49788,0.6775
52.50784,0.0834
52.51779,-0.4277
52.52775,-0.9736
52.53788,-1.3259
52.548,-1.631
52.55812,-1.891
52.56824,-2.0854
52.57837,-2.2791
52.58849,-2.4362
52.59861,-2.5516
52.60873,-2.6116
52.61885,-2.6686
52.62897,-2.6761
52.6391,-2.6512
52.64922,-2.6379
52.65928,-2.6433
52.66927,-2.6562
52.67926,-2.6858
52.68925,-2.7084
52.69923,-2.708
52.70922,-2.7047
52.71922,-2.6913
52.72921,-2.6547
52.73919,-2.6056
52.74918,-2.5441
52.75917,-2.4776
52.76916,-2.4066
52.77915,-2.3271
52.78916,-2.2367
52.79917,-2.1264
52.80918,-2.0643
52.81919,-2.0504
52.8292,-2.0195
52.83921,-1.9457
52.84922,-1.8226
52.85923,-1.6343
52.86924,-1.3982
52.87925,-1.1973
52.88926,-1.1146
52.89927,-1.0935
52.90927,-1.0516
52.91926,-0.9679
52.92925,-0.7553
52.93924,-0.4417
52.94923,-0.0754
52.95923,0.2911
52.96922,0.6497
52.97921,0.988
52.9892,1.3024
52.99919,1.7927
53.00918,2.3266
53.01917,2.8406
53.02916,3.2274
53.03923,3.4385
53.04929,3.5006
53.05935,3.4582
53.06941,3.3354
53.07947,3.223
53.08953,3.333
53.09959,3.5473
53.10965,3.7305
53.11971,3.8067
53.12978,3.7522
53.13984,3.5692
53.14989,3.3171
53.1599,3.0889
53.16983,2.9249
53.17976,2.8376
53.1897,2.8653
53.19963,2.9195
53.20956,2.8614
53.2195,2.676
53.22943,2.3714
53.23936,2.0304
53.2493,1.6623
53.25923,1.3643
53.26917,1.1177
53.2791,0.8958
53.28912,0.6278
53.29914,0.2938
53.30916,-0.1066
53.31918,-0.495
53.3292,-0.8855
53.33922,-1.3005
53.34924,-1.696
53.35926,-2.106
53.36928,-2.8534
53.3793,-3.3212
53.38932,-3.4826
53.39934,-3.5789
53.40937,-3.6064
53.41941,-3.6079
53.42945,-3.579
53.4395,-3.5701
53.44954,-3.5598
53.45958,-3.5274
53.46963,-3.5204
53.47967,-3.4876
53.48971,-3.4507
53.49976,-3.4031
53.5098,-3.3578
53.51984,-3.285
53.52988,-3.1598
53.53982,-3.0274
53.54974,-2.86
53.55967,-2.6535
53.5696,-2.3567
53.57952,-2.0289
53.58945,-1.7095
53.59938,-1.4324
53.6093,-1.1486
53.61923,-0.783
53.62915,-0.2697
53.63908,0.3803
53.64901,1.0101
53.65902,1.6062
53.66911,2.2157
53.6792,2.7678
53.68929,3.2193
53.69938,3.6558
53.70947,4.0292
53.71956,4.3015
53.72965,4.516
53.73974,4.5215
53.74983,4.0821
53.75992,4.4305
53.77001,3.8243
53.7801,3.0122
53.79012,2.6653
53.80013,2.4783
53.81014,2.375
53.82016,2.3229
53.83017,2.234
53.84018,2.1548
53.85019,2.0345
53.86021,1.8177
53.87022,1.6057
53.88023,1.4108
53.89025,1.2846
53.90026,1.2028
53.91034,1.1574
53.92028,1.1532
53.93022,1.1508
53.94016,1.0942
53.9501,0.9866
53.96004,0.8888
53.96998,0.8245
53.97992,0.805
53.98986,0.7996
53.99979,0.7639
54.00974,0.6906
54.01967,0.5846
54.02961,0.4094
54.03965,0.2316
54.0497,0.1217
54.05975,0.0424
54.06979,-0.0107
54.07983,-0.0632
54.08988,-0.1792
54.09992,-0.3252
54.10997,-0.5238
54.12001,-0.7608
54.13005,-1.022
54.1401,-1.3041
54.15014,-1.5667
54.16016,-1.7837
54.17012,-1.9756
54.18007,-2.1375
54.19003,-2.3035
54.19999,-2.4514
54.20995,-2.5961
54.21991,-2.7396
54.22987,-2.9428
54.23983,-3.3438
54.24979,-3.4514
54.25975,-3.4679
54.26971,-3.4726
54.27967,-3.4605
54.28966,-3.4569
54.29966,-3.4598
54.30965,-3.4527
54.31964,-3.4577
54.32964,-3.4434
54.33963,-3.4522
54.34963,-3.4491
54.35963,-3.4091
54.36962,-3.3814
54.37962,-3.3755
54.38961,-3.3873
54.3996,-3.4027
54.40963,-3.3852
54.41967,-3.301
54.42971,-3.2238
54.43974,-3.179
54.44978,-3.1216
54.45982,-3.0804
54.46986,-3.0678
54.4799,-3.0491
54.48994,-3.0233
54.49998,-3.0497
54.51002,-3.0289
54.52005,-3.0374
54.53009,-3.0672
54.54003,-3.083
54.54997,-3.0828
54.55991,-3.0833
54.56985,-3.0938
54.57978,-3.1008
54.58972,-3.1025
54.59966,-3.0941
54.6096,-3.0815
54.61953,-3.0635
54.62947,-3.0528
54.63941,-3.0487
54.64935,-3.0389
54.65934,-3.0545
54.66938,-3.0643
54.67942,-3.0561
54.68945,-3.0367
54.69949,-3.0449
54.70953,-3.0521
54.71957,-3.0844
54.72961,-3.1484
54.73965,-3.2107
54.74968,-3.2476
54.75972,-3.2826
54.76976,-3.2769
54.7798,-3.2708
54.78983,-3.2473
54.79985,-3.1705
54.80988,-3.11
54.8199,-3.0831
54.82993,-3.0982
54.83995,-3.1556
54.84998,-3.2482
54.86001,-3.3077
54.87003,-3.3489
54.88006,-3.3531
54.89009,-3.2962
54.90011,-3.2298
54.91013,-3.2141
54.92013,-3.2268
54.93013,-3.2544
54.94013,-3.2759
54.95013,-3.2754
54.96013,-3.3509
54.97013,-3.4179
54.98013,-3.4362
54.99013,-3.4177
55.00013,-3.3736
55.01012,-3.3189
55.02013,-3.2453
55.03012,-3.1819
55.04013,-3.1597
55.05013,-3.1858
55.06012,-3.2162
55.07012,-3.2884
55.08012,-3.3517
55.09012,-3.3442
55.10012,-3.3038
55.11012,-3.2257
55.12012,-3.1184
55.13012,-3.0068
55.14012,-2.9041
55.15012,-2.8206
55.16012,-2.7562
55.17013,-2.7241
55.18014,-2.7096
55.19014,-2.6936
55.20015,-2.6569
55.21016,-2.6319
55.22016,-2.5187
55.23017,-2.4771
55.24017,-2.3736
55.25018,-2.3109
55.26019,-2.2628
55.27019,-2.2528
55.2802,-2.2458
55.2902,-2.2326
55.3002,-2.2267
55.3102,-2.2433
55.3202,-2.273
55.3302,-2.3437
55.34019,-2.3714
55.35019,-2.34
55.36019,-2.2953
55.37019,-2.2123
55.38018,-2.1588
55.39018,-2.1049
55.40018,-2.0758
55.41018,-2.0723
55.42018,-2.0902
55.43018,-2.1237
55.44017,-2.1508
55.45017,-2.1656
55.46017,-2.179
55.47017,-2.1768
55.48017,-2.184
55.49017,-2.2026
55.50017,-2.2172
55.51017,-2.2129
55.52016,-2.2137
55.53016,-2.2313
55.54015,-2.2374
55.55013,-2.2762
55.5601,-2.3352
55.57008,-2.4101
55.58006,-2.4564
55.59004,-2.547
55.60002,-2.6406
55.61,-2.7134
55.61998,-2.784
55.62996,-2.8592
55.63994,-2.9353
55.64992,-2.985
55.65992,-3.0242
55.66994,-3.0326
55.67996,-3.0163
55.68998,-2.9816
55.7,-2.9596
55.71001,-2.9527
55.72003,-2.905
55.73005,-2.8836
55.74007,-2.9337
55.75009,-3.0106
55.76011,-2.943
55.77012,-2.9382
55.78014,-2.9258
55.79014,-2.8997
55.80013,-2.8576
55.81013,-2.8225
55.82012,-2.7583
55.83011,-2.774
55.84011,-2.808
55.8501,-2.8208
55.86009,-2.8346
55.87009,-2.848
55.88008,-2.8798
55.89007,-2.9037
55.90007,-2.9073
55.91011,-2.9114
55.92019,-2.918
55.93027,-2.9545
55.94036,-2.9859
55.95044,-2.9915
55.96053,-2.9722
55.97061,-2.9738
55.98069,-2.9701
55.99077,-2.9385
56.00085,-2.8671
56.01094,-2.8506
56.02102,-2.7909
56.03111,-2.7169
56.04112,-2.7351
56.05115,-2.6664
56.06117,-2.6668
56.07119,-2.6817
56.08121,-2.7197
56.09123,-2.6786
56.10125,-2.6045
56.11128,-2.4894
56.1213,-2.4802
56.13132,-2.5126
56.14134,-2.5288
56.15136,-2.4463
56.16137,-2.3968
56.17134,-2.3476
56.18132,-2.2987
56.19129,-2.1969
56.20126,-2.1247
56.21124,-2.0281
56.22121,-1.9644
56.23118,-1.9222
56.24115,-1.8711
56.25113,-1.8233
56.2611,-1.7723
56.27107,-1.7286
56.28104,-1.6829
56.29104,-1.636
56.30103,-1.592
56.31103,-1.5506
56.32102,-1.4885
56.33101,-1.4472
56.341,-1.4432
56.35099,-1.4743
56.36099,-1.5327
56.37098,-1.6153
56.38097,-1.7161
56.39096,-1.8344
56.40096,-1.9446
56.41095,-2.0229
56.42095,-2.095
56.43095,-2.1633
56.44095,-2.249
56.45095,-2.3382
56.46095,-2.4254
56.47094,-2.4943
56.48094,-2.5711
56.49094,-2.6286
56.50094,-2.6515
56.51094,-2.6683
56.52094,-2.6684
56.53094,-2.6608
56.54093,-2.6851
56.55093,-2.7344
56.56092,-2.7862
56.57091,-2.8233
56.5809,-2.8319
56.5909,-2.8362
56.60089,-2.8213
56.61088,-2.7913
56.62087,-2.7611
56.63086,-2.7421
56.64086,-2.7138
56.65085,-2.7062
56.66085,-2.6971
56.67086,-2.7361
56.68087,-2.7445
56.69087,-2.7083
56.70088,-2.7251
56.71089,-2.7165
56.7209,-2.6676
56.7309,-2.643
56.74091,-2.6618
56.75092,-2.6961
56.76093,-2.6832
56.77094,-2.6573
56.78094,-2.6254
56.79094,-2.6064
56.80093,-2.5885
56.81093,-2.5754
56.82092,-2.5719
56.83091,-2.5832
56.8409,-2.5895
56.8509,-2.5667
56.86089,-2.5476
56.87088,-2.5159
56.88087,-2.5024
56.89087,-2.4962
56.90086,-2.5412
56.91088,-2.6039
56.92092,-2.6987
56.93097,-2.7694
56.94101,-2.8146
56.95105,-2.833
56.96109,-2.8075
56.97113,-2.731
56.98118,-2.6273
56.99122,-2.5114
57.00126,-2.3683
57.01131,-2.2639
57.02135,-2.1957
57.03139,-2.1338
57.0414,-2.0972
57.0514,-1.9905
57.06141,-1.8764
57.07141,-1.7692
57.08141,-1.7318
57.09142,-1.7571
57.10142,-1.872
57.11142,-1.7807
57.12143,-1.7192
57.13143,-1.5205
57.14143,-1.4002
57.15144,-1.0997
57.16145,-0.8372
57.17148,-0.4435
57.18151,-0.2796
57.19153,-0.382
57.20156,-0.4323
57.21159,-0.5128
57.22162,-0.6819
57.23164,-0.8635
57.24167,-1.0223
57.2517,-1.166
57.26173,-1.2988
57.27176,-1.473
57.28178,-1.6835
57.29179,-1.8906
57.30178,-2.0767
57.31178,-2.2243
57.32177,-2.3277
57.33176,-2.402
57.34176,-2.4804
57.35175,-2.5136
57.36175,-2.5387
57.37175,-2.5271
57.38174,-2.4777
57.39174,-2.4816
57.40173,-2.4781
57.41172,-2.4922
57.4217,-2.5061
57.43168,-2.5666
57.44167,-2.5681
57.45165,-2.5806
57.46163,-2.5886
57.47161,-2.595
57.48159,-2.5699
57.49157,-2.5941
57.50156,-2.6279
57.51154,-2.7009
57.52152,-2.7683
57.5315,-2.8539
57.5415,-2.8911
57.5515,-2.867
57.5615,-2.7876
57.57149,-2.6839
57.58149,-2.5634
57.59148,-2.4613
57.60148,-2.3346
57.61148,-2.214
57.62147,-2.0559
57.63147,-1.916
57.64146,-1.8223
57.65146,-1.666
57.66149,-1.547
57.6715,-1.3714
57.68152,-1.2314
57.69154,-0.9689
57.70155,-0.7812
57.71157,-0.4599
57.72158,-0.2126
57.7316,-0.1175
57.74162,-0.0174
57.75163,0.0638
57.76165,0.1908
57.77166,0.3774
57.78168,0.5696
57.79166,0.727
57.80164,0.7842
57.81162,0.6797
57.82161,0.527
57.83158,0.2619
57.84157,-0.0086
57.85155,-0.1494
57.86153,-0.2724
57.87151,-0.4105
57.88149,-0.5689
57.89147,-0.7547
57.90145,-0.9492
57.91145,-1.1208
57.92144,-1.2861
57.93143,-1.4077
57.94141,-1.5418
57.9514,-1.6842
57.96139,-1.7608
57.97137,-1.781
57.98136,-1.7911
57.99135,-1.8159
58.00134,-1.8915
58.01132,-1.9934
58.02131,-2.1048
58.0313,-2.1946
58.04131,-2.2541
58.05133,-2.3139
58.06135,-2.3956
58.07136,-2.4941
58.08138,-2.6407
58.09139,-2.7677
58.10141,-2.7876
58.11143,-2.8643
58.12144,-2.9082
58.13146,-2.9426
58.14148,-2.9797
58.15149,-3.0222
58.16157,-3.0077
58.17169,-3.0086
58.18182,-3.0293
58.19194,-3.0506
58.20206,-3.1008
58.21218,-3.1105
58.22231,-3.0857
58.23243,-3.0257
58.24255,-2.9514
58.25268,-2.8667
58.2628,-2.7627
58.27292,-2.6525
58.28305,-2.5479
58.29301,-2.4075
58.30296,-2.226
58.31292,-2.0664
58.32287,-1.8775
58.33283,-1.7029
58.34278,-1.5177
58.35274,-1.373
58.3627,-1.251
58.37265,-1.1473
58.38261,-1.0983
58.39257,-1.0562
58.40252,-1.0275
58.41249,-1.0242
58.42246,-1.0626
58.43243,-1.102
58.44239,-1.133
58.45237,-1.1332
58.46233,-1.1495
58.4723,-1.1599
58.48227,-1.2144
58.49224,-1.2654
58.50221,-1.3592
58.51218,-1.5546
58.52215,-1.7649
58.53212,-1.9477
58.54212,-2.1277
58.55212,-2.2793
58.56212,-2.4219
58.57213,-2.5386
58.58213,-2.6507
58.59213,-2.7722
58.60213,-2.8476
58.61214,-2.8843
58.62214,-2.8977
58.63214,-2.8993
58.64214,-2.8988
58.65215,-2.8882
58.66217,-2.8527
58.67219,-2.8354
58.68221,-2.8252
58.69222,-2.8128
58.70223,-2.797
58.71225,-2.7873
58.72226,-2.7774
58.73228,-2.7718
58.74229,-2.7804
58.7523,-2.7797
58.76232,-2.7941
58.77234,-2.8276
58.78235,-2.8796
58.79234,-2.9037
58.80233,-2.9102
58.81232,-2.9046
58.82231,-2.8842
58.8323,-2.8859
58.84229,-2.8755
58.85228,-2.8804
58.86227,-2.9187
58.87226,-2.9217
58.88225,-2.9168
58.89224,-2.9006
58.90223,-2.8961
58.91221,-2.8927
58.92218,-2.9237
58.93215,-2.9547
58.94212,-2.9739
58.95209,-2.9752
58.96206,-2.9615
58.97203,-2.9394
58.982,-2.9132
58.99197,-2.8782
59.00193,-2.86
59.0119,-2.8448
59.02187,-2.8382
59.03184,-2.8456
59.04185,-2.8375
59.05185,-2.8301
59.06185,-2.8076
59.07185,-2.7824
59.08185,-2.7052
59.09185,-2.5902
59.10186,-2.4567
59.11186,-2.2912
59.12186,-2.1631
59.13186,-2.0243
59.14186,-1.9457
59.15186,-1.8516
59.16186,-1.8488
59.17185,-1.8163
59.18185,-1.7647
59.19184,-1.7114
59.20184,-1.6249
59.21183,-1.5002
59.22182,-1.4642
59.23182,-1.3938
59.24181,-1.4221
59.2518,-1.3086
59.2618,-1.2554
59.27179,-1.332
59.28178,-1.3506
59.29191,-1.2751
59.30204,-1.2718
59.31216,-1.3233
59.32228,-1.4634
59.33241,-1.6202
59.34253,-1.74
59.35266,-1.8251
59.36278,-1.8838
59.37291,-1.9289
59.38303,-1.9725
59.39315,-2.0047
59.40328,-2.0537
59.41334,-2.124
59.42333,-2.2153
59.43332,-2.314
59.44331,-2.4124
59.45331,-2.4868
59.4633,-2.5524
59.47329,-2.6454
59.48329,-2.7321
59.49328,-2.8174
59.50327,-2.9031
59.51327,-2.9909
59.52326,-3.0763
59.53325,-3.1911
59.54333,-3.2737
59.55339,-3.3632
59.56344,-3.4095
59.5735,-3.4968
59.58355,-3.502
59.59361,-3.5376
59.60366,-3.5875
59.61372,-3.6034
59.62378,-3.6246
59.63383,-3.6429
59.64389,-3.6536
59.65394,-3.6439
59.66395,-3.6597
59.67387,-3.6702
59.68379,-3.6376
59.69371,-3.674
59.70363,-3.5177
59.71355,-3.4638
59.72347,-3.4987
59.73339,-3.4894
59.74331,-3.4937
59.75323,-3.5244
59.76315,-3.5641
59.77307,-3.5387
59.78299,-3.5079
59.793,-3.4119
59.80301,-3.2858
59.81301,-3.1931
59.82302,-3.1435
59.83303,-3.154
59.84304,-3.199
59.85304,-3.2367
59.86305,-3.2389
59.87306,-3.2137
59.88307,-3.1689
59.89307,-3.096
59.90308,-2.9844
59.91307,-2.9119
59.92303,-2.8551
59.93299,-2.8309
59.94295,-2.8081
59.95292,-2.8019
59.96288,-2.8101
59.97284,-2.8335
59.9828,-2.8269
59.99276,-2.8249
60.00272,-2.8269
60.01268,-2.8346
60.02265,-2.871
60.03261,-2.9255
60.04264,-2.955
60.05267,-2.9754
60.06269,-2.9582
60.07271,-2.9172
60.08273,-2.8536
60.09275,-2.8011
60.10278,-2.7414
60.1128,-2.7061
60.12282,-2.6943
60.13285,-2.692
60.14287,-2.7033
60.15289,-2.7088
60.16288,-2.7149
60.17285,-2.6922
60.18282,-2.6392
60.19278,-2.6152
60.20274,-2.6229
60.21271,-2.6395
60.22268,-2.6659
60.23264,-2.6925
60.2426,-2.7271
60.25257,-2.7224
60.26254,-2.6807
60.2725,-2.6354
60.28246,-2.612
60.2925,-2.5978
60.30252,-2.5854
60.31255,-2.5422
60.32257,-2.5
60.3326,-2.4704
60.34263,-2.4582
60.35266,-2.4552
60.36269,-2.4305
60.37271,-2.3889
60.38274,-2.329
60.39277,-2.2378
60.40279,-2.1415
60.41285,-2.0549
60.42293,-1.9834
60.43301,-1.926
60.44309,-1.8641
60.45317,-1.813
60.46325,-1.7755
60.47333,-1.6895
60.48341,-1.6367
60.4935,-1.6641
60.50357,-1.6319
60.51366,-1.6449
60.52374,-1.6097
60.53382,-1.4809
60.54382,-1.3218
60.55382,-1.1656
60.56382,-1.064
60.57381,-0.9962
60.58381,-0.9428
60.59381,-0.8799
60.60381,-0.8007
60.61381,-0.695
60.62381,-0.5591
60.6338,-0.3489
60.6438,-0.1213
60.6538,-0.0147
60.6638,0.0988
60.67379,0.2016
60.68378,0.1951
60.69378,-0.0648
60.70377,-0.3234
60.71377,-0.0492
60.72376,0.2259
60.73376,0.0372
60.74375,-0.3147
60.75375,-0.5681
60.76374,-0.7743
60.77374,-0.9509
60.78373,-1.0313
60.79374,-1.0918
60.80373,-1.1822
60.81372,-1.3106
60.82372,-1.5374
60.83371,-1.745
60.84371,-1.9335
60.8537,-2.1278
60.8637,-2.2995
60.87369,-2.4412
60.88369,-2.55
60.89368,-2.6523
60.90368,-2.818
60.91365,-2.9345
60.92361,-3.0142
60.93357,-3.0826
60.94353,-3.1459
60.9535,-3.1973
60.96346,-3.2376
60.97342,-3.2361
60.98338,-3.237
60.99334,-3.2685
61.0033,-3.3273
61.01326,-3.3459
61.02322,-3.3949
61.03318,-3.4112
61.04322,-3.4084
61.05325,-3.3687
61.06328,-3.2871
61.07331,-3.1756
61.08334,-3.1137
61.09338,-3.1045
61.1034,-3.1046
61.11344,-3.099
61.12347,-3.0772
61.1335,-3.048
61.14353,-3.0041
61.15356,-2.9154
61.16359,-2.773
61.17361,-2.6069
61.18362,-2.3944
61.19364,-2.1466
61.20366,-1.8286
61.21368,-1.5191
61.22369,-1.2429
61.23371,-1.0386
61.24372,-0.8924
61.25374,-0.566
61.26376,-0.121
61.27377,0.2405
61.28379,0.7104
61.29377,1.1592
61.30375,1.5439
61.31373,1.9081
61.32371,2.3125
61.33369,2.6711
61.34367,3.1053
61.35365,3.5618
61.36363,4.0235
61.37361,4.4574
61.38359,4.8235
61.39357,4.9549
61.40355,4.2212
61.41359,5.1227
61.42366,5.4113
61.43373,5.4036
61.44381,5.1654
61.45388,4.4059
61.46395,4.9608
61.47403,4.6772
61.4841,4.2787
61.49417,3.7021
61.50425,3.1051
61.51432,2.8337
61.52439,2.4787
61.53447,1.9657
61.54449,1.5392
61.5545,1.2217
61.56452,0.9922
61.57454,0.7748
61.58455,0.5183
61.59457,0.2559
61.60458,-0.0378
61.6146,-0.3463
61.62461,-0.6711
61.63463,-0.995
61.64465,-1.2958
61.65466,-1.5278
61.66467,-1.7237
61.67465,-1.8926
61.68463,-2.0416
61.69461,-2.128
61.70459,-2.1612
61.71457,-2.1721
61.72456,-2.1811
61.73454,-2.2056
61.74452,-2.2198
61.7545,-2.2519
61.76448,-2.2846
61.77446,-2.342
61.78445,-2.3525
61.79451,-2.3591
61.80457,-2.3158
61.81463,-2.2591
61.82468,-2.1812
61.83474,-2.1292
61.8448,-2.0588
61.85486,-1.9857
61.86491,-1.9175
61.87497,-1.8588
61.88503,-1.7845
61.89509,-1.6762
61.90515,-1.547
61.91513,-1.4028
61.92505,-1.2528
61.93496,-1.0544
61.94487,-0.8498
61.95478,-0.5583
61.96469,-0.2171
61.97461,0.1211
61.98452,0.4611
61.99443,0.9654
62.00434,1.5141
62.01426,2.2061
62.02417,2.8448
62.03408,3.533
62.04414,4.2216
62.0542,5.0541
62.06426,5.8353
62.07432,6.5269
62.08438,7.1686
62.09443,7.6956
62.10449,8.1223
62.11455,8.4026
62.12461,8.4875
62.13467,8.3881
62.14473,8.1175
62.15479,7.7623
62.16479,7.5107
62.17474,7.3352
62.1847,7.1821
62.19465,6.8983
62.20461,6.3733
62.21457,5.8085
62.22452,5.0958
62.23447,4.445
62.24443,4.007
62.25438,3.6894
62.26434,3.3365
62.27429,2.9399
62.28425,2.5038
62.29425,2.1749
62.30425,1.7965
62.31424,1.4595
62.32424,1.1909
62.33424,0.9501
62.34423,0.7002
62.35423,0.373
62.36423,0.0187
62.37422,-0.2928
62.38422,-0.5309
62.39421,-0.7344
62.40421,-0.8649
62.41421,-0.9337
62.42421,-1.1846
62.43421,-1.3018
62.44421,-1.4507
62.45421,-1.6017
62.46421,-1.7288
62.47421,-1.8427
62.4842,-1.9233
62.4942,-2.0239
62.5042,-2.1311
62.5142,-2.2188
62.5242,-2.2736
62.53419,-2.311
62.54415,-2.3247
62.5541,-2.3313
62.56405,-2.333
62.574,-2.3217
62.58395,-2.3128
62.59391,-2.3011
62.60386,-2.2831
62.61381,-2.2577
62.62376,-2.2174
62.63371,-2.165
62.64367,-2.0981
62.65362,-2.0224
62.66365,-1.9414
62.67375,-1.8211
62.68385,-1.677
62.69395,-1.5449
62.70406,-1.37
62.71416,-1.1909
62.72426,-0.9679
62.73436,-0.7015
62.74446,-0.4063
62.75457,-0.0973
62.76467,0.1633
62.77477,0.3892
62.78487,0.5429
62.7949,0.6276
62.8049,0.6338
62.81491,0.6441
62.82492,0.7109
62.83493,0.8302
62.84493,0.9647
62.85494,1.0997
62.86495,1.2546
62.87496,1.4458
62.88496,1.6762
62.89497,1.9148
62.90498,2.0785
62.91499,2.2055
62.92498,2.3208
62.93498,2.4463
62.94498,2.6229
62.95498,2.8202
62.96498,3.0404
62.97498,3.2057
62.98498,3.2813
62.99498,3.2721
63.00498,3.2481
63.01498,3.2044
63.02498,3.1236
63.03498,3.0377
63.045,2.9652
63.055,2.9234
63.06501,2.8887
63.07502,2.8022
63.08502,2.668
63.09503,2.5234
63.10503,2.3728
63.11504,2.195
63.12505,1.9797
63.13505,1.6935
63.14506,1.3594
63.15506,0.997
63.16505,0.6492
63.17501,0.3274
63.18496,0.003
63.19492,-0.3157
63.20487,-0.6602
63.21482,-0.918
63.22478,-1.2114
63.23473,-1.4911
63.24468,-1.7361
63.25464,-1.937
63.26459,-2.079
63.27455,-2.1902
63.2845,-2.2845
63.29456,-2.3878
63.30462,-2.4725
63.31467,-2.5518
63.32472,-2.6331
63.33477,-2.6429
63.34482,-2.6421
63.35487,-2.5542
63.36493,-2.4033
63.37498,-2.2066
63.38503,-1.9999
63.39508,-1.8298
63.40513,-1.6982
63.41516,-1.5842
63.42512,-1.4224
63.43509,-1.2413
63.44505,-1.06
63.45501,-0.7961
63.46498,-0.7932
63.47494,-0.766
63.4849,-0.6425
63.49487,-0.4351
63.50483,-0.3384
63.51479,0.0002
63.52476,0.3727
63.53472,0.2831
63.54475,0.2418
63.55476,0.4927
63.56479,0.4145
63.5748,0.0396
63.58482,-0.206
63.59484,-0.4663
63.60486,-0.6499
63.61488,-0.7292
63.6249,-0.7842
63.63492,-0.8141
63.64494,-0.8915
63.65496,-1.0718
63.66498,-1.2627
63.675,-1.4161
63.68501,-1.4912
63.69503,-1.4866
63.70504,-1.4228
63.71506,-1.3125
63.72508,-1.2466
63.7351,-1.2381
63.74511,-1.2152
63.75513,-1.1821
63.76515,-1.1684
63.77517,-1.1756
63.78518,-1.2036
63.79521,-1.2019
63.80523,-1.2072
63.81524,-1.2012
63.82526,-1.1916
63.83527,-1.1647
63.84529,-1.1726
63.8553,-1.1677
63.86532,-1.1722
63.87534,-1.1602
63.88535,-1.1467
63.89537,-1.1064
63.90538,-1.0758
63.91539,-1.0223
63.9254,-0.9539
63.93541,-0.8466
63.94542,-0.6732
63.95543,-0.4317
63.96544,-0.1785
63.97544,0.0234
63.98545,0.2257
63.99546,0.4784
64.00547,0.8627
64.01548,0.88
64.02549,1.2816
64.0355,1.6779
64.04551,2.1933
64.05549,2.9332
64.06547,3.6671
64.07545,4.4818
64.08543,4.8729
64.09541,5.3925
64.10538,5.7516
64.11536,5.7285
64.12535,5.8728
64.13533,5.6479
64.14531,5.1014
64.15529,4.7319
64.16529,4.1904
64.17529,3.6069
64.1853,3.1736
64.1953,2.7514
64.2053,2.27
64.21529,1.8264
64.2253,1.4175
64.2353,0.9788
64.2453,0.51
64.2553,0.0096
64.2653,-0.4549
64.2753,-0.7709
64.2853,-0.9488
64.29535,-1.033
64.3054,-1.0939
64.31544,-1.1497
64.32549,-1.1932
64.33553,-1.2354
64.34558,-1.2853
64.35563,-1.3619
64.36568,-1.426
64.37572,-1.4801
64.38577,-1.5044
64.39581,-1.5274
64.40586,-1.5498
64.41586,-1.5261
64.42582,-1.5195
64.43578,-1.5069
64.44573,-1.5125
64.45569,-1.4884
64.46564,-1.4486
64.4756,-1.4537
64.48556,-1.4388
64.49551,-1.3574
64.50547,-1.2925
64.51543,-1.2197
64.52538,-1.1165
64.53534,-0.9771
64.54533,-0.7548
64.55531,-0.4536
64.56529,-0.1048
64.57528,0.2868
64.58526,0.7525
64.59525,1.3604
64.60523,1.8992
64.61521,2.183
64.6252,2.66
64.63518,3.0422
64.64516,3.5025
64.65515,4.009
64.66515,4.4721
64.67516,4.8917
64.68517,5.2652
64.69517,5.5419
64.70518,5.446
64.71518,5.1031
64.72519,4.5399
64.73519,3.9243
64.7452,3.4435
64.7552,3.0954
64.76521,2.8154
64.77522,2.4446
64.78522,2.1144
64.79523,1.8274
64.80524,1.5438
64.81525,1.2779
64.82526,0.951
64.83526,0.645
64.84527,0.3758
64.85527,0.1792
64.86528,-0.022
64.87528,-0.1825
64.88529,-0.3409
64.8953,-0.4978
64.9053,-0.6803
64.91535,-0.8179
64.92544,-0.9287
64.93553,-0.9834
64.94562,-1.0549
64.9557,-1.1846
64.96579,-1.3512
64.97588,-1.5555
64.98596,-1.7241
64.99605,-1.8479
65.00613,-1.9545
65.01622,-1.9741
65.02631,-1.9471
65.03639,-1.8516
65.04639,-1.7491
65.0564,-1.6413
65.06639,-1.5174
65.07639,-1.3464
65.08639,-1.1538
65.09639,-0.9986
65.10638,-0.8017
65.11639,-0.5205
65.12638,-0.1533
65.13638,0.1839
65.14638,0.4097
65.15638,0.5533
65.16637,0.6287
65.17636,0.664
65.18636,0.7436
65.19635,0.8344
65.20634,1.0373
65.21633,1.0894
65.22633,1.0407
65.23632,0.9414
65.24632,0.8035
65.25631,0.5793
65.2663,0.4441
65.27629,0.3123
65.28629,0.1265
65.29631,-0.0932
65.30634,-0.3234
65.31635,-0.5716
65.32638,-0.8113
65.3364,-1.0441
65.34643,-1.282
65.35645,-1.511
65.36647,-1.7283
65.3765,-1.902
65.38652,-1.9866
65.39654,-2.1214
65.40656,-2.2486
65.41656,-2.3655
65.42651,-2.4742
65.43646,-2.5674
65.44642,-2.6502
65.45637,-2.7282
65.46632,-2.7604
65.47627,-2.8395
65.48622,-2.8867
65.49618,-2.9548
65.50613,-2.9996
65.51608,-3.0163
65.52603,-3.0118
65.53598,-3.0141
65.54608,-3.0069
65.55618,-3.0517
65.56627,-3.0929
65.57637,-3.1459
65.58646,-3.2135
65.59656,-3.2476
65.60666,-3.2398
65.61675,-3.2251
65.62685,-3.1838
65.63695,-3.1201
65.64704,-3.094
65.65714,-3.1162
65.66714,-3.1641
65.67707,-3.2211
65.687,-3.2667
65.69691,-3.2815
65.70684,-3.2698
65.71677,-3.2231
65.72668,-3.1175
65.73661,-2.921
65.74653,-2.6368
65.75645,-2.3137
65.76638,-2.0485
65.7763,-1.9136
65.78622,-1.8847
65.79622,-1.8163
65.80621,-1.6662
65.8162,-1.4755
65.82619,-1.3674
65.83617,-1.2946
65.84616,-1.1041
65.85615,-0.7959
65.86614,-0.6148
65.87613,-0.4271
65.88612,-0.1646
65.8961,0.0451
65.90609,0.1926
65.9161,0.2811
65.92612,0.3227
65.93614,0.347
65.94617,0.3797
65.95618,0.4181
65.96621,0.4541
65.97623,0.4993
65.98625,0.4447
65.99627,0.2635
66.00629,-0.0562
66.01631,-0.4612
66.02634,-0.8713
66.03635,-1.2056
66.04642,-1.463
66.05647,-1.635
66.06654,-1.777
66.07659,-1.9839
66.08665,-2.2502
66.09671,-2.5283
66.10677,-2.7536
66.11682,-2.9372
66.12688,-3.1097
66.13694,-3.2563
66.147,-3.3872
66.15706,-3.4797
66.16708,-3.586
66.17707,-3.6781
66.18705,-3.7406
66.19704,-3.7956
66.20702,-3.8312
66.217,-3.8465
66.22699,-3.8703
66.23698,-3.8789
66.24696,-3.8813
66.25694,-3.8928
66.26693,-3.8639
66.27691,-3.7938
66.2869,-3.7229
66.29688,-3.6562
66.30685,-3.5936
66.31683,-3.5206
66.32681,-3.4169
66.33679,-3.2801
66.34678,-3.1552
66.35676,-3.0227
66.36674,-2.8547
66.37672,-2.6575
66.3867,-2.4678
66.39668,-2.469
66.40666,-2.4163
66.41666,-2.319
66.42666,-2.3025
66.43665,-2.2346
66.44666,-2.2264
66.45665,-2.1119
66.46665,-2.0255
66.47665,-1.9424
66.48664,-1.8906
66.49664,-1.9191
66.50664,-1.8803
66.51663,-1.8129
66.52663,-1.5911
66.53663,-1.4969
66.54665,-1.4328
66.55667,-1.394
66.56669,-1.3925
66.57671,-1.3847
66.58673,-1.408
66.59676,-1.4747
66.60677,-1.5549
66.6168,-1.6888
66.62682,-1.8377
66.63683,-1.9919
66.64686,-2.1466
66.65688,-2.3156
66.66689,-2.4643
66.67688,-2.5847
66.68687,-2.7188
66.69687,-2.872
66.70686,-3.0092
66.71686,-3.1087
66.72685,-3.187
66.73685,-3.236
66.74684,-3.2841
66.75684,-3.274
66.76683,-3.3062
66.77682,-3.3217
66.78682,-3.3906
66.79682,-3.4748
66.80682,-3.5546
66.81681,-3.6306
66.82681,-3.65
66.8368,-3.6208
66.84679,-3.5613
66.85679,-3.4679
66.86678,-3.3648
66.87678,-3.2557
66.88677,-3.1533
66.89677,-3.043
66.90676,-2.9781
66.91676,-2.9573
66.92675,-2.9628
66.93675,-2.9836
66.94675,-2.963
66.95674,-2.8662
66.96674,-2.7822
66.97674,-2.6359
66.98674,-2.5359
66.99673,-2.5227
67.00674,-2.4708
67.01673,-2.3416
67.02673,-2.1718
67.03673,-1.96
67.04673,-1.6664
67.05672,-1.4608
67.06672,-1.747
67.07671,-1.6023
67.0867,-1.4702
67.09669,-1.3284
67.10669,-1.1675
67.11668,-1.0037
67.12668,-0.8897
67.13667,-0.5921
67.14667,-0.3769
67.15666,-0.2852
67.1667,-0.3491
67.17678,-0.3603
67.18686,-0.3465
67.19695,-0.3311
67.20702,-0.4035
67.21711,-0.5153
67.22719,-0.662
67.23727,-0.8723
67.24735,-1.1057
67.25743,-1.3112
67.26751,-1.499
67.2776,-1.696
67.28767,-1.8983
67.29765,-2.0936
67.30762,-2.2562
67.3176,-2.4357
67.32758,-2.5998
67.33755,-2.7797
67.34753,-2.9268
67.35751,-3.0702
67.36749,-3.1577
67.37746,-3.1787
67.38744,-3.2094
67.39742,-3.2511
67.40739,-3.3036
67.41738,-3.3743
67.42737,-3.4338
67.43736,-3.5081
67.44734,-3.5351
67.45733,-3.526
67.46732,-3.4656
67.47731,-3.3684
67.4873,-3.2204
67.49728,-3.0307
67.50727,-2.8473
67.51726,-2.7108
67.52724,-2.636
67.53723,-2.5981
67.54727,-2.5897
67.55732,-2.5831
67.56737,-2.5224
67.57742,-2.3644
67.58746,-2.1226
67.59751,-1.8725
67.60756,-1.6246
67.61761,-1.5187
67.62766,-1.5127
67.6377,-1.3556
67.64775,-1.1742
67.6578,-0.9183
67.66782,-0.5837
67.6778,-0.1235
67.68777,0.4279
67.69775,0.8506
67.70773,0.834
67.71771,1.3548
67.72769,1.8077
67.73767,2.0293
67.74765,2.1543
67.75763,2.3935
67.76761,2.6423
67.77759,2.8113
67.78757,2.8739
67.79755,2.7881
67.80753,2.5735
67.8175,2.3779
67.82748,2.2164
67.83746,2.073
67.84743,1.9081
67.85741,1.695
67.86739,1.316
67.87737,0.7529
67.88734,0.2172
67.89732,-0.2304
67.9073,-0.583
67.9173,-0.8526
67.92732,-1.0456
67.93734,-1.1695
67.94736,-1.1713
67.95737,-1.2238
67.96738,-1.2718
67.9774,-1.3625
67.98742,-1.5315
67.99744,-1.7455
68.00745,-1.9062
68.01746,-1.9713
68.02748,-1.9551
68.0375,-1.8556
68.0475,-1.6919
68.0575,-1.4877
68.0675,-1.2558
68.07751,-1.0244
68.08751,-0.8892
68.09751,-0.8368
68.10751,-0.7949
68.11752,-0.6962
68.12752,-0.3911
68.13752,0.0732
68.14752,0.5126
68.15752,0.7364
68.16754,0.801
68.17757,0.9142
68.18759,1.15
68.19761,1.6399
68.20763,2.2662
68.21766,2.936
68.22768,3.7155
68.2377,4.3979
68.24773,5.2825
68.25775,6.0533
68.26778,6.3073
68.27779,5.949
68.28782,6.0085
68.29786,6.1281
68.3079,6.2798
68.31794,6.1187
68.32798,5.7844
68.33802,5.3351
68.34806,5.0385
68.3581,4.9033
68.36814,4.7364
68.37818,4.4607
68.38822,4.0562
68.39826,3.491
68.4083,2.8147
68.41831,2.1244
68.42828,1.5228
68.43825,1.1025
68.44821,0.8045
68.45818,0.6411
68.46815,0.5517
68.47812,0.5172
68.48808,0.45
68.49805,0.3372
68.50802,0.332
68.51798,0.2152
68.52795,0.1907
68.53792,0.1858
68.54795,0.129
68.55798,0.026
68.56801,-0.0788
68.57804,-0.2041
68.58807,-0.3098
68.5981,-0.4133
68.60812,-0.5055
68.61816,-0.5452
68.62818,-0.5355
68.63821,-0.4796
68.64824,-0.3946
68.65827,-0.2912
68.6683,-0.1945
68.67829,-0.0814
68.68829,0.0404
68.69827,0.2383
68.70827,0.5895
68.71826,1.1183
68.72826,1.8019
68.73824,2.674
68.74824,3.6446
68.75823,4.6033
68.76823,5.5577
68.77821,6.3618
68.78821,7.0327
68.79821,7.3925
68.80821,8.0059
68.81822,9.0485
68.82822,10.1484
68.83823,11.0282
68.84824,12.2174
68.85825,13.1327
68.86825,12.7399
68.87826,13.0084
68.88826,12.8745
68.89827,13.103
68.90827,12.8672
68.91827,12.5991
68.92825,11.8597
68.93821,11.1417
68.94818,10.1648
68.95815,9.0977
68.96812,8.0751
68.97809,7.0969
68.98806,6.1527
68.99802,5.1964
69.008,4.2647
69.01797,3.4474
69.02793,2.7016
69.0379,1.9649
69.04792,1.2259
69.05794,0.5868
69.06796,0.1676
69.07797,-0.2034
69.08799,-0.5322
69.09801,-0.8486
69.10802,-1.1327
69.11804,-1.3714
69.12806,-1.5698
69.13808,-1.8091
69.14809,-1.9763
69.15811,-2.095
69.16812,-2.1754
69.17812,-2.2287
69.18811,-2.2824
69.1981,-2.3272
69.2081,-2.3521
69.21809,-2.3896
69.22809,-2.4448
69.23808,-2.5569
69.24807,-2.7145
69.25806,-2.8305
69.26806,-2.9488
69.27805,-3.066
69.28805,-3.1365
69.29807,-3.1681
69.30808,-3.1815
69.31809,-3.1753
69.32811,-3.1895
69.33813,-3.1777
69.34814,-3.1311
69.35815,-3.1482
69.36816,-3.1398
69.37818,-3.1081
69.3882,-3.0841
69.39821,-3.0176
69.40823,-2.8642
69.41826,-2.6324
69.42832,-2.3527
69.43838,-2.0332
69.44844,-1.7207
69.4585,-1.282
69.46856,-0.628
69.47861,0.1119
69.48868,0.6482
69.49873,0.9664
69.5088,1.4579
69.51885,1.9171
69.52892,2.2993
69.53897,2.6798
69.54897,3.0557
69.55898,3.4541
69.56898,3.8411
69.57898,4.1173
69.58899,4.171
69.59899,3.9546
69.60899,3.362
69.619,2.3554
69.629,1.0587
69.639,-0.2547
69.649,-1.3026
69.659,-1.9391
69.66901,-2.2703
69.67901,-2.4779
69.689,-2.7314
69.699,-2.9932
69.70899,-3.2417
69.71899,-3.4878
69.72899,-3.7012
69.73898,-3.8925
69.74898,-4.0458
69.75897,-4.1497
69.76897,-4.179
69.77897,-4.1547
69.78896,-4.167
69.79893,-4.2277
69.8089,-4.2958
69.81886,-4.3041
69.82883,-4.2855
69.8388,-4.2808
69.84876,-4.2898
69.85873,-4.2956
69.8687,-4.2611
69.87866,-4.2764
69.88863,-4.3102
69.8986,-4.291
69.90856,-4.273
69.91856,-4.2459
69.92859,-4.2169
69.93862,-4.1649
69.94865,-4.0932
69.95867,-4.0537
69.9687,-4.0155
69.97873,-4.0182
69.98875,-3.9913
69.99878,-3.9243
70.0088,-3.8562
70.01884,-3.8126
70.02886,-3.8115
70.03889,-3.8299
70.04886,-3.8177
70.05883,-3.8058
70.06881,-3.8128
70.07878,-3.8245
70.08876,-3.8423
70.09873,-3.8446
70.10871,-3.8365
70.11868,-3.8492
70.12866,-3.8508
70.13863,-3.7957
70.14861,-3.8
70.15858,-3.8219
70.16859,-3.8319
70.17862,-3.8049
70.18864,-3.7693
70.19865,-3.7435
70.20867,-3.7061
70.21869,-3.7261
70.22871,-3.7503
70.23873,-3.764
70.24875,-3.7676
70.25877,-3.7462
70.26879,-3.6686
70.27881,-3.709
70.28883,-3.775
70.29879,-3.8275
70.30875,-3.8339
70.31872,-3.8209
70.32868,-3.7601
70.33865,-3.7922
70.34861,-3.7925
70.35857,-3.8013
70.36854,-3.8112
70.3785,-3.8311
70.38847,-3.8273
70.39843,-3.8553
70.40839,-3.8373
70.4184,-3.8285
70.42842,-3.82
70.43845,-3.8129
70.44847,-3.8142
70.4585,-3.8214
70.46852,-3.8265
70.47855,-3.8109
70.48858,-3.807
70.4986,-3.816
70.50863,-3.8207
70.51865,-3.829
70.52868,-3.8527
70.5387,-3.8295
70.54871,-3.7958
70.55872,-3.8074
70.56871,-3.7837
70.57872,-3.8109
70.58871,-3.8084
70.59872,-3.8255
70.60872,-3.8589
70.61873,-3.8832
70.62872,-3.8855
70.63873,-3.857
70.64873,-3.8484
70.65874,-3.8625
70.66877,-3.8462
70.67884,-3.8428
70.68891,-3.8402
70.69898,-3.8383
70.70905,-3.8057
70.71912,-3.8229
70.72919,-3.8366
70.73926,-3.8537
70.74933,-3.8396
70.7594,-3.8041
70.76947,-3.812
70.77954,-3.8096
70.78961,-3.8216
70.79961,-3.8384
70.80962,-3.8465
70.81963,-3.8567
70.82963,-3.8657
70.83963,-3.8668
70.84963,-3.853
70.85963,-3.8384
70.86964,-3.8425
70.87964,-3.8341
70.88964,-3.8527
70.89964,-3.868
70.90965,-3.873
70.91963,-3.8739
70.9296,-3.8581
70.93957,-3.8553
70.94953,-3.8249
70.9595,-3.8066
70.96947,-3.7971
70.97943,-3.78
70.9894,-3.7686
70.99937,-3.7818
71.00933,-3.7943
71.01929,-3.8023
71.02927,-3.776
71.03923,-3.7867
71.04926,-3.7867
71.05928,-3.7861
71.06929,-3.8026
71.07931,-3.813
71.08932,-3.8305
71.09933,-3.8213
71.10935,-3.8067
71.11936,-3.799
71.12938,-3.7893
71.13939,-3.7634
71.14941,-3.7564
71.15942,-3.7408
71.16946,-3.7255
71.17953,-3.7246
71.18959,-3.7478
71.19965,-3.7532
71.20972,-3.7479
71.21979,-3.7696
71.22985,-3.7776
71.23991,-3.7596
71.24998,-3.7419
71.26004,-3.7348
71.2701,-3.7357
71.28017,-3.751
71.29023,-3.7533
71.30014,-3.7479
71.31004,-3.763
71.31995,-3.7635
71.32986,-3.7776
71.33977,-3.7714
71.34968,-3.7418
71.35958,-3.7249
71.36949,-3.7219
71.37939,-3.7194
71.38931,-3.7268
71.39921,-3.7521
71.40912,-3.7995
71.41909,-3.7515
71.42913,-3.7736
71.43917,-3.7913
71.44921,-3.7604
71.45926,-3.7193
71.4693,-3.7271
71.47934,-3.7207
71.48938,-3.7158
71.49942,-3.7128
71.50946,-3.7062
71.51951,-3.7181
71.52955,-3.7201
71.53959,-3.7182
71.54958,-3.7154
71.55956,-3.7201
71.56954,-3.71
71.57953,-3.7074
71.58951,-3.7126
71.59949,-3.7267
71.60947,-3.7218
71.61946,-3.7364
71.62944,-3.746
71.63943,-3.7555
71.64941,-3.7562
71.65939,-3.7428
71.66936,-3.7328
71.67933,-3.7362
71.6893,-3.6803
71.69926,-3.7249
71.70923,-3.7995
71.7192,-3.8699
71.72916,-3.8789
71.73913,-3.8659
71.7491,-3.8663
71.75906,-3.8521
71.76903,-3.8358
71.779,-3.8147
71.78896,-3.7922
71.79906,-3.7757
71.80914,-3.7698
71.81923,-3.7686
71.82931,-3.7791
71.83939,-3.7943
71.84947,-3.812
71.85956,-3.8311
71.86964,-3.8445
71.87972,-3.858
71.88981,-3.8596
71.89989,-3.8572
71.90997,-3.8348
71.92001,-3.8185
71.93,-3.8066
71.93999,-3.8004
71.94998,-3.7998
71.95997,-3.8081
71.96996,-3.8029
71.97995,-3.8097
71.98994,-3.8136
71.99993,-3.8106
72.00992,-3.8184
72.01991,-3.8303
72.0299,-3.836
72.03989,-3.8343
72.0499,-3.8345
72.05991,-3.8429
72.06991,-3.8344
72.07992,-3.8228
72.08992,-3.8256
72.09993,-3.8228
72.10993,-3.7991
72.11993,-3.7931
72.12994,-3.8046
72.13995,-3.8043
72.14996,-3.8094
72.15996,-3.8274
72.16995,-3.8369
72.17995,-3.8417
72.18993,-3.8446
72.19993,-3.8405
72.20992,-3.8218
72.21991,-3.8191
72.2299,-3.8152
72.23989,-3.8178
72.24988,-3.8184
72.25987,-3.8223
72.26986,-3.8283
72.27985,-3.8303
72.28984,-3.8261
72.29984,-3.8222
72.30984,-3.8196
72.31983,-3.8238
72.32983,-3.8138
72.33982,-3.821
72.34982,-3.8164
72.35982,-3.8096
72.36981,-3.8079
72.37981,-3.815
72.3898,-3.8003
72.3998,-3.812
72.40979,-3.8284
72.4198,-3.8303
72.42982,-3.8398
72.43985,-3.8265
72.44987,-3.8186
72.4599,-3.8149
72.46992,-3.8057
72.47996,-3.8035
72.48998,-3.7995
72.50001,-3.8112
72.51003,-3.8204
72.52006,-3.8245
72.53008,-3.8258
72.54011,-3.8226
72.55013,-3.8175
72.56013,-3.805
72.57012,-3.8008
72.58012,-3.7899
72.59013,-3.7917
72.60012,-3.8055
72.61012,-3.8244
72.62012,-3.8288
72.63012,-3.8291
72.64012,-3.8215
72.65012,-3.8233
72.66012,-3.8136
72.6701,-3.7947
72.68006,-3.7977
72.69002,-3.7944
72.69997,-3.8014
72.70992,-3.7967
72.71988,-3.7947
72.72984,-3.8091
72.73978,-3.8207
72.74974,-3.8134
72.7597,-3.81
72.76965,-3.8381
72.7796,-3.805
72.78956,-3.7897
72.79959,-3.7836
72.80962,-3.7653
72.81964,-3.7701
72.82967,-3.7832
72.8397,-3.8053
72.84972,-3.8179
72.85975,-3.7973
72.86977,-3.7959
72.8798,-3.7887
72.88983,-3.7778
72.89986,-3.7764
72.90988,-3.7846
72.91994,-3.7772
72.93002,-3.751
72.9401,-3.7213
72.95019,-3.7268
72.96027,-3.7272
72.97035,-3.7376
72.98043,-3.7643
72.99052,-3.7732
73.0006,-3.7765
73.01068,-3.7739
73.02076,-3.7717
73.03085,-3.7723
73.04092,-3.7423
73.0509,-3.7479
73.06087,-3.7484
73.07084,-3.7475
73.08081,-3.7268
73.09078,-3.727
73.10075,-3.7422
73.11072,-3.7514
73.12069,-3.7539
73.13066,-3.7572
73.14063,-3.7573
73.1506,-3.7496
73.16058,-3.7529
73.17058,-3.7566
73.1806,-3.7479
73.19062,-3.7466
73.20065,-3.7661
73.21067,-3.7614
73.2207,-3.7476
73.23072,-3.7477
73.24075,-3.734
73.25077,-3.7315
73.2608,-3.7411
73.27082,-3.7567
73.28085,-3.7655
73.29087,-3.7741
73.30085,-3.7769
73.31084,-3.7705
73.32082,-3.7481
73.3308,-3.7291
73.34079,-3.7395
73.35078,-3.7384
73.36076,-3.7376
73.37074,-3.7313
73.38073,-3.7467
73.39071,-3.7451
73.4007,-3.7388
73.41068,-3.7365
73.42068,-3.7539
73.4307,-3.7459
73.44071,-3.729
73.45072,-3.7364
73.46074,-3.7298
73.47075,-3.726
73.48077,-3.7364
73.49078,-3.7349
73.50079,-3.725
73.5108,-3.7315
73.52081,-3.7297
73.53083,-3.7338
73.54084,-3.7342
73.5509,-3.73
73.56097,-3.7296
73.57104,-3.7267
73.5811,-3.7183
73.59117,-3.7238
73.60123,-3.7229
73.61131,-3.7252
73.62137,-3.7321
73.63144,-3.7268
73.6415,-3.717
73.65157,-3.7242
73.66164,-3.7237
73.67165,-3.7208
73.68157,-3.7217
73.69149,-3.7113
73.70142,-3.7063
73.71133,-3.7134
73.72126,-3.7267
73.73118,-3.7358
73.7411,-3.7267
73.75102,-3.7189
73.76095,-3.7088
73.77087,-3.7136
73.78079,-3.7029
73.79071,-3.7098
73.80068,-3.7068
73.81066,-3.7117
73.82063,-3.7141
73.8306,-3.7162
73.84058,-3.7122
73.85056,-3.7175
73.86053,-3.7283
73.8705,-3.7198
73.88048,-3.7041
73.89045,-3.7169
73.90042,-3.7229
73.91039,-3.7107
73.92039,-3.7128
73.93037,-3.7313
73.94037,-3.7227
73.95036,-3.7091
73.96034,-3.729
73.97033,-3.7197
73.98032,-3.7159
73.99031,-3.7211
74.0003,-3.7213
74.01028,-3.7061
74.02028,-3.7049
74.03027,-3.718
74.04025,-3.7261
74.05034,-3.719
74.06042,-3.72
74.07049,-3.7083
74.08057,-3.7023
74.09064,-3.7114
74.10072,-3.7192
74.1108,-3.7225
74.12087,-3.7129
74.13095,-3.7197
74.14103,-3.7212
74.15111,-3.7091
74.16119,-3.7
74.17123,-3.7044
74.18125,-3.7008
74.19128,-3.6991
74.2013,-3.7064
74.21132,-3.7116
74.22134,-3.7249
74.23137,-3.7298
74.24139,-3.7149
74.25141,-3.6978
74.26144,-3.6943
74.27146,-3.6966
74.28148,-3.6991
74.2915,-3.7096
74.30148,-3.7211
74.31145,-3.7211
74.32143,-3.7293
74.3314,-3.7063
74.34137,-3.6919
74.35134,-3.6966
74.36131,-3.6978
74.37128,-3.7046
74.38126,-3.7136
74.39123,-3.7052
74.4012,-3.7135
74.41117,-3.7167
74.42117,-3.7105
74.43119,-3.7053
74.44122,-3.7015
74.45123,-3.6995
74.46126,-3.7083
74.47128,-3.7068
74.48131,-3.703
74.49133,-3.7156
74.50135,-3.7096
74.51138,-3.7043
74.5214,-3.6965
74.53142,-3.7039
74.54144,-3.6958
74.55145,-3.7006
74.56146,-3.7011
74.57147,-3.6904
74.58148,-3.7008
74.59149,-3.7108
74.6015,-3.7105
74.61151,-3.6953
74.62151,-3.6959
74.63152,-3.6933
74.64153,-3.6979
74.65154,-3.6987
74.66155,-3.7082
74.67157,-3.7054
74.68158,-3.6969
74.6916,-3.6946
74.70161,-3.6894
74.71162,-3.6788
74.72164,-3.6857
74.73165,-3.702
74.74167,-3.7161
74.75169,-3.7006
74.7617,-3.6934
74.77171,-3.6919
74.78172,-3.6886
74.79174,-3.6865
74.80172,-3.6957
74.8117,-3.6893
74.82167,-3.6805
74.83164,-3.6902
74.84162,-3.7006
74.85159,-3.6942
74.86157,-3.6991
74.87154,-3.6925
74.88152,-3.689
74.89149,-3.6857
74.90147,-3.6826
74.91145,-3.6853
74.92148,-3.6829
74.93155,-3.6952
74.94162,-3.7024
74.95169,-3.6917
74.96176,-3.6775
74.97183,-3.6791
74.9819,-3.6783
74.99197,-3.6773
75.00204,-3.6938
75.01211,-3.6965
75.02218,-3.6894
75.03225,-3.6987
75.04232,-3.6947
75.05225,-3.6922
75.06216,-3.6791
75.07209,-3.6693
75.08201,-3.6805
75.09193,-3.6922
75.10185,-3.6976
75.11177,-3.7124
75.1217,-3.7026
75.13161,-3.6924
75.14154,-3.6791
75.15146,-3.6951
75.16138,-3.6989
75.17137,-3.6914
75.18142,-3.6987
75.19147,-3.6976
75.20152,-3.6867
75.21156,-3.6732
75.2216,-3.6873
75.23165,-3.6935
75.2417,-3.6894
75.25175,-3.6824
75.2618,-3.6984
75.27184,-3.7005
75.28189,-3.6869
75.29194,-3.6871
75.302,-3.685
75.31206,-3.6858
75.32211,-3.6891
75.33218,-3.6909
75.34223,-3.6914
75.35229,-3.6961
75.36234,-3.6875
75.37241,-3.6851
75.38246,-3.6964
75.39252,-3.6864
75.40258,-3.6802
75.41264,-3.6774
75.42265,-3.6896
75.43262,-3.6984
75.44259,-3.6998
75.45256,-3.699
75.46253,-3.6941
75.4725,-3.6849
75.48248,-3.6889
75.49245,-3.692
75.50242,-3.691
75.51238,-3.7081
75.52235,-3.712
75.53233,-3.7043
75.5423,-3.7123
75.55229,-3.7159
75.56229,-3.725
75.57228,-3.724
75.58228,-3.7256
75.59228,-3.7046
75.60227,-3.7093
75.61227,-3.7112
75.62226,-3.7219
75.63226,-3.7282
75.64225,-3.7309
75.65224,-3.7136
75.66224,-3.7167
75.67224,-3.7214
75.68224,-3.7134
75.69223,-3.7245
75.70222,-3.7171
75.71222,-3.7145
75.72221,-3.7103
75.73221,-3.7043
75.7422,-3.7025
75.7522,-3.7088
75.76219,-3.718
75.77219,-3.7168
75.78218,-3.7188
75.79218,-3.7168
75.80218,-3.7178
75.81217,-3.7172
75.82217,-3.7109
75.83218,-3.7132
75.84218,-3.7143
75.85217,-3.7259
75.86217,-3.7383
75.87218,-3.7408
75.88217,-3.7497
75.89217,-3.7592
75.90218,-3.7777
75.91218,-3.7798
75.92217,-3.7807
75.93217,-3.7602
75.94217,-3.7711
75.95216,-3.772
75.96216,-3.7665
75.97215,-3.7645
75.98215,-3.7879
75.99214,-3.789
76.00214,-3.7758
76.01214,-3.7688
76.02213,-3.7778
76.03213,-3.7706
76.04212,-3.7574
76.05213,-3.7735
76.06213,-3.7801
76.07212,-3.7768
76.08212,-3.7887
76.09212,-3.7879
76.10211,-3.7922
76.11211,-3.7767
76.12211,-3.7717
76.1321,-3.7694
76.1421,-3.7842
76.1521,-3.7771
76.16209,-3.7797
76.1721,-3.7968
76.18209,-3.8051
76.19209,-3.7996
76.2021,-3.8073
76.2121,-3.8088
76.2221,-3.8058
76.23209,-3.7962
76.2421,-3.7896
76.2521,-3.8059
76.2621,-3.804
76.27209,-3.7938
76.2821,-3.7972
76.2921,-3.7867
76.30225,-3.8034
76.31239,-3.8001
76.32253,-3.8079
76.33267,-3.8086
76.3428,-3.8173
76.35294,-3.8228
76.36308,-3.8285
76.37322,-3.8274
76.38335,-3.8193
76.39349,-3.8079
76.40363,-3.7905
76.41377,-3.8001
76.42383,-3.8148
76.4338,-3.8341
76.44378,-3.8419
76.45375,-3.8463
76.46372,-3.8589
76.4737,-3.8248
76.48367,-3.809
76.49364,-3.8163
76.50362,-3.8127
76.5136,-3.8257
76.52357,-3.8426
76.53355,-3.8521
76.54352,-3.8734
76.55344,-3.85
76.56336,-3.8204
76.57329,-3.8198
76.58321,-3.8182
76.59312,-3.8198
76.60305,-3.8362
76.61297,-3.8411
76.62289,-3.8577
76.63281,-3.8618
76.64273,-3.8737
76.65265,-3.8664
76.66257,-3.8609
76.67255,-3.8364
76.68256,-3.8354
76.69259,-3.8429
76.70261,-3.8645
76.71263,-3.8704
76.72265,-3.8607
76.73267,-3.8618
76.74269,-3.8707
76.75271,-3.8971
76.76273,-3.8821
76.77275,-3.8608
76.78278,-3.8605
76.79279,-3.8254
76.8028,-3.822
76.81281,-3.8359
76.82281,-3.8125
76.83282,-3.7804
76.84282,-3.8143
76.85283,-3.8233
76.86283,-3.7998
76.87284,-3.8347
76.88284,-3.8578
76.89285,-3.8723
76.90285,-3.868
76.91286,-3.8483
76.92287,-3.8331
76.93287,-3.8114
76.94287,-3.8096
76.95287,-3.8272
76.96287,-3.8153
76.97287,-3.8165
76.98287,-3.8248
76.99287,-3.8387
77.00287,-3.8447
77.01287,-3.8365
77.02287,-3.8416
77.03287,-3.8395
77.04287,-3.8212
77.05286,-3.8126
77.06286,-3.8128
77.07285,-3.8164
77.08286,-3.8482
77.09285,-3.8309
77.10285,-3.8298
77.11285,-3.8296
77.12284,-3.8101
77.13284,-3.8024
77.14284,-3.8207
77.15283,-3.826
77.16283,-3.8605
77.17284,-3.8541
77.18282,-3.8274
77.19282,-3.8112
77.2028,-3.8008
77.2128,-3.7967
77.22279,-3.8095
77.23278,-3.8207
77.24277,-3.8312
77.25276,-3.8363
77.26275,-3.8386
77.27274,-3.8439
77.28273,-3.8417
77.29272,-3.8202
77.30273,-3.81
77.31272,-3.7936
77.32272,-3.7844
77.33272,-3.7966
77.34272,-3.8273
77.35271,-3.8373
77.36272,-3.8312
77.37271,-3.8366
77.38271,-3.8335
77.39271,-3.8144
77.4027,-3.8184
77.4127,-3.8124
77.42274,-3.7997
77.43282,-3.8079
77.4429,-3.819
77.45298,-3.8199
77.46305,-3.8217
77.47313,-3.8168
77.48321,-3.8178
77.49329,-3.8216
77.50336,-3.8089
77.51344,-3.7946
77.52351,-3.8017
77.53359,-3.8169
77.54367,-3.7951
77.55367,-3.8071
77.56367,-3.8129
77.57366,-3.8127
77.58366,-3.8083
77.59366,-3.8334
77.60365,-3.8249
77.61365,-3.8545
77.62365,-3.831
77.63364,-3.8061
77.64364,-3.8279
77.65364,-3.8337
77.66364,-3.8387
77.67364,-3.8391
77.68363,-3.827
77.69363,-3.8251
77.70363,-3.8178
77.71362,-3.8154
77.72363,-3.797
77.73362,-3.8089
77.74362,-3.8014
77.75362,-3.7806
77.76362,-3.7738
77.77361,-3.7658
77.78362,-3.7636
77.79361,-3.759
77.8036,-3.7545
77.81359,-3.7287
77.82358,-3.7159
77.83356,-3.7038
77.84356,-3.7028
77.85355,-3.6838
77.86353,-3.6771
77.87353,-3.6739
77.88351,-3.6638
77.89351,-3.6654
77.9035,-3.6732
77.91348,-3.6679
77.92349,-3.6564
77.93349,-3.6569
77.9435,-3.6536
77.9535,-3.6441
77.9635,-3.6564
77.9735,-3.6504
77.98351,-3.6474
77.99351,-3.6499
78.00352,-3.651
78.01352,-3.6532
78.02352,-3.6671
78.03352,-3.6553
78.04353,-3.6626
78.0535,-3.6642
78.06346,-3.6553
78.07343,-3.6423
78.08339,-3.6458
78.09335,-3.6616
78.10332,-3.6652
78.11328,-3.67
78.12325,-3.6769
78.13322,-3.7067
78.14318,-3.7187
78.15314,-3.7136
78.16311,-3.7242
78.1731,-3.7335
78.18314,-3.7416
78.19317,-3.7491
78.2032,-3.7581
78.21323,-3.7615
78.22327,-3.7684
78.2333,-3.7784
78.24333,-3.7882
78.25336,-3.793
78.26339,-3.8182
78.27342,-3.826
78.28345,-3.815
78.29349,-3.8105
78.30347,-3.8205
78.31346,-3.8243
78.32346,-3.8296
78.33344,-3.8339
78.34343,-3.8403
78.35342,-3.8272
78.3634,-3.8267
78.37339,-3.828
78.38338,-3.8231
78.39336,-3.8203
78.40335,-3.8257
78.41334,-3.8474
78.42334,-3.8605
78.43334,-3.8635
78.44334,-3.8645
78.45334,-3.8579
78.46334,-3.8528
78.47334,-3.8294
78.48335,-3.8265
78.49335,-3.8328
78.50335,-3.8494
78.51334,-3.8612
78.52335,-3.8527
78.53335,-3.8721
78.54335,-3.8897
78.55343,-3.8754
78.56351,-3.8655
78.57358,-3.8637
78.58365,-3.8344
78.59372,-3.8346
78.60379,-3.8582
78.61386,-3.8678
78.62393,-3.8736
78.634,-3.8812
78.64407,-3.8965
78.65414,-3.8924
78.66422,-3.8886
78.67425,-3.8644
78.68425,-3.8688
78.69425,-3.8502
78.70425,-3.8438
78.71425,-3.8521
78.72424,-3.8687
78.73425,-3.8825
78.74424,-3.8947
78.75424,-3.8958
78.76424,-3.886
78.77424,-3.8687
78.78423,-3.8616
78.79424,-3.8649
78.80424,-3.8568
78.81424,-3.8614
78.82423,-3.8764
78.83424,-3.8909
78.84424,-3.9096
78.85423,-3.902
78.86423,-3.9084
78.87423,-3.8918
78.88423,-3.877
78.89423,-3.8714
78.90423,-3.8776
78.91423,-3.8801
78.92423,-3.8791
78.93423,-3.8894
78.94424,-3.8989
78.95424,-3.904
78.96424,-3.9139
78.97424,-3.9045
78.98424,-3.9019
78.99424,-3.8865
79.00424,-3.8747
79.01424,-3.8805
79.02425,-3.885
79.03425,-3.8819
79.04425,-3.8865
79.05424,-3.9072
79.06425,-3.918
79.07424,-3.9156
79.08424,-3.905
79.09424,-3.9145
79.10423,-3.9071
79.11423,-3.8902
79.12423,-3.8821
79.13423,-3.8668
79.14423,-3.8693
79.15422,-3.9018
79.16422,-3.9125
79.17421,-3.9102
79.18417,-3.9156
79.19414,-3.9057
79.20411,-3.9025
79.21407,-3.8882
79.22404,-3.869
79.234,-3.8841
79.24397,-3.9071
79.25393,-3.9013
79.2639,-3.9056
79.27386,-3.9153
79.28383,-3.9206
79.29379,-3.9186
79.30378,-3.9221
79.31377,-3.9029
79.32377,-3.8782
79.33376,-3.8854
79.34375,-3.8947
79.35374,-3.9012
79.36373,-3.9074
79.37373,-3.9125
79.38371,-3.9179
79.39371,-3.898
79.4037,-3.8994
79.41369,-3.8941
79.42371,-3.8792
79.43375,-3.8752
79.44378,-3.8975
79.45382,-3.9049
79.46385,-3.9052
79.47388,-3.9211
79.48392,-3.9162
79.49396,-3.9044
79.50399,-3.8945
79.51402,-3.8885
79.52406,-3.8922
79.5341,-3.8918
79.54413,-3.8958
79.55413,-3.8975
79.56413,-3.8963
79.57412,-3.8931
79.58411,-3.8933
79.59411,-3.9003
79.6041,-3.8944
79.61409,-3.9022
79.62408,-3.9084
79.63408,-3.9132
79.64407,-3.8982
79.65407,-3.8871
79.66406,-3.8864
79.67409,-3.9
79.68416,-3.8948
79.69423,-3.8835
79.70431,-3.8879
79.71438,-3.9119
79.72445,-3.9055
79.73452,-3.8946
79.7446,-3.8965
79.75467,-3.9059
79.76474,-3.9075
79.77481,-3.9004
79.78489,-3.898
79.79496,-3.8801
79.80498,-3.8962
79.81498,-3.9058
79.82497,-3.8952
79.83497,-3.8929
79.84496,-3.9044
79.85496,-3.9206
79.86495,-3.9192
79.87495,-3.9083
79.88494,-3.9019
79.89494,-3.9042
79.90493,-3.8949
79.91492,-3.8871
79.92492,-3.8908
79.93491,-3.8861
79.9449,-3.9082
79.95489,-3.9061
79.96488,-3.9036
79.97487,-3.9037
79.98486,-3.8981
79.99485,-3.8966
80.00484,-3.8928
80.01483,-3.89
80.02482,-3.8996
80.03481,-3.9013
80.0448,-3.9
80.05479,-3.9041
80.06477,-3.907
80.07475,-3.9143
80.08473,-3.9114
80.09471,-3.9129
80.10469,-3.9068
80.11467,-3.8961
80.12465,-3.8851
80.13464,-3.8956
80.14462,-3.8905
80.15459,-3.9043
80.16457,-3.9138
80.17457,-3.9174
80.18459,-3.893
80.19461,-3.9109
80.20464,-3.9014
80.21466,-3.8954
80.22468,-3.8968
80.2347,-3.8862
80.24473,-3.8852
80.25475,-3.9051
80.26477,-3.9146
80.2748,-3.9091
80.28481,-3.9189
80.29484,-3.9133
80.30486,-3.911
80.31486,-3.9068
80.32485,-3.894
80.33485,-3.8764
80.34486,-3.8973
80.35485,-3.9081
80.36485,-3.9082
80.37485,-3.9139
80.38485,-3.9189
80.39485,-3.9172
80.40485,-3.9135
80.41485,-3.9074
80.42485,-3.8991
80.43484,-3.8945
80.44485,-3.8969
80.45484,-3.8994
80.46484,-3.9057
80.47484,-3.9179
80.48484,-3.9142
80.49483,-3.9112
80.50483,-3.9138
80.51483,-3.9055
80.52483,-3.8941
80.53483,-3.884
80.54482,-3.9035
80.55482,-3.8952
80.56482,-3.8983
80.57482,-3.9054
80.58482,-3.923
80.59482,-3.9125
80.60481,-3.907
80.61481,-3.9061
80.62481,-3.9085
80.6348,-3.8949
80.64481,-3.8855
80.6548,-3.8928
80.6648,-3.8931
80.6748,-3.9072
80.68478,-3.9152
80.69476,-3.9207
80.70474,-3.9094
80.71473,-3.9055
80.72471,-3.8984
80.7347,-3.8895
80.74467,-3.8832
80.75466,-3.8884
80.76464,-3.8964
80.77463,-3.9059
80.78461,-3.9191
80.79459,-3.9173
80.8046,-3.8999
80.81459,-3.8964
80.82459,-3.9064
80.83459,-3.8842
80.8446,-3.8827
80.8546,-3.891
80.8646,-3.8994
80.8746,-3.8865
80.8846,-3.8912
80.8946,-3.9138
80.9046,-3.9046
80.9146,-3.9059
80.92463,-3.8991
80.93468,-3.9009
80.94473,-3.8927
80.95478,-3.9022
80.96483,-3.8955
80.97488,-3.8879
80.98493,-3.8914
80.99498,-3.8901
81.00504,-3.9074
81.01508,-3.8936
81.02513,-3.8994
81.03519,-3.8948
81.04523,-3.9058
81.05524,-3.8989
81.06524,-3.8875
81.07524,-3.8895
81.08524,-3.903
81.09525,-3.8985
81.10525,-3.896
81.11524,-3.8812
81.12524,-3.8852
81.13525,-3.8914
81.14525,-3.8864
81.15525,-3.8841
81.16525,-3.8935
