time_s,measured_value
0.00993,-3.7895
0.01986,-3.7962
0.02979,-3.7862
0.03972,-3.7853
0.04965,-3.7788
0.05958,-3.7788
0.06951,-3.7799
0.07944,-3.7879
0.08937,-3.785
0.0993,-3.7953
0.10923,-3.8015
0.11916,-3.8016
0.12914,-3.7964
0.13913,-3.7839
0.14913,-3.7865
0.15912,-3.7843
0.16911,-3.773
0.17911,-3.7799
0.1891,-3.7943
0.19909,-3.7966
0.20909,-3.7963
0.21908,-3.7896
0.22907,-3.7879
0.23907,-3.7855
0.24906,-3.7896
0.25907,-3.7884
0.26908,-3.7857
0.27909,-3.7827
0.28909,-3.7974
0.2991,-3.7829
0.30911,-3.7778
0.31911,-3.7811
0.32912,-3.7696
0.33913,-3.776
0.34913,-3.7897
0.35914,-3.7953
0.36915,-3.7924
0.37913,-3.7911
0.38908,-3.7892
0.39903,-3.78
0.40899,-3.7762
0.41894,-3.7679
0.42889,-3.7711
0.43884,-3.7815
0.44879,-3.7802
0.45874,-3.7975
0.46869,-3.7836
0.47865,-3.7914
0.4886,-3.7821
0.49855,-3.7752
0.50858,-3.7826
0.5186,-3.7719
0.52862,-3.7814
0.53864,-3.7912
0.54867,-3.7965
0.55869,-3.7825
0.56871,-3.7764
0.57874,-3.7734
0.58876,-3.772
0.59878,-3.7747
0.60881,-3.7782
0.61883,-3.7925
0.62885,-3.7878
0.63884,-3.7902
0.64884,-3.7882
0.65884,-3.7723
0.66884,-3.7735
0.67883,-3.7801
0.68883,-3.7778
0.69883,-3.7762
0.70883,-3.7938
0.71882,-3.7933
0.72882,-3.7864
0.73882,-3.7875
0.74882,-3.7767
0.7589,-3.7877
0.76897,-3.7879
0.77905,-3.7847
0.78913,-3.7841
0.7992,-3.7868
0.80928,-3.7864
0.81936,-3.7799
0.82944,-3.7873
0.83951,-3.8001
0.84959,-3.7887
0.85967,-3.7734
0.86974,-3.7737
0.87979,-3.7825
0.88979,-3.7797
0.8998,-3.7743
0.9098,-3.7861
0.91981,-3.7924
0.92982,-3.7808
0.93982,-3.7827
0.94983,-3.7961
0.95983,-3.7932
0.96984,-3.7726
0.97984,-3.768
0.98985,-3.7846
0.99985,-3.7841
1.00982,-3.7729
1.01977,-3.7756
1.02973,-3.7826
1.03969,-3.7945
1.04965,-3.7803
1.05961,-3.7789
1.06957,-3.7804
1.07952,-3.783
1.08948,-3.7777
1.09944,-3.7649
1.1094,-3.7743
1.11936,-3.787
1.12936,-3.7832
1.13942,-3.7813
1.14947,-3.7865
1.15952,-3.7838
1.16957,-3.7849
1.17962,-3.7723
1.18967,-3.7807
1.19972,-3.779
1.20977,-3.7712
1.21983,-3.7705
1.22988,-3.7813
1.23993,-3.7855
1.24998,-3.7816
1.25994,-3.7731
1.26989,-3.792
1.27985,-3.775
1.2898,-3.77
1.29975,-3.7734
1.30971,-3.7887
1.31966,-3.7835
1.32962,-3.7754
1.33957,-3.785
1.34953,-3.7864
1.35948,-3.7854
1.36943,-3.7729
1.37942,-3.7796
1.38943,-3.7825
1.39944,-3.7753
1.40946,-3.7678
1.41947,-3.7875
1.42948,-3.7865
1.43949,-3.7787
1.44951,-3.7754
1.45952,-3.779
1.46953,-3.7739
1.47954,-3.7661
1.48955,-3.7634
1.49957,-3.787
1.5096,-3.782
1.51963,-3.7845
1.52967,-3.7833
1.5397,-3.7766
1.54973,-3.7727
1.55976,-3.7712
1.5698,-3.7711
1.57983,-3.775
1.58986,-3.7776
1.59989,-3.7872
1.60993,-3.7834
1.61996,-3.7744
1.62998,-3.7764
1.63994,-3.7828
1.64991,-3.7721
1.65987,-3.7721
1.66984,-3.7764
1.6798,-3.7796
1.68977,-3.7873
1.69973,-3.7772
1.7097,-3.7785
1.71966,-3.7813
1.72963,-3.7731
1.73959,-3.7795
1.74956,-3.7693
1.75955,-3.7701
1.76953,-3.7814
1.77952,-3.7801
1.78951,-3.7762
1.7995,-3.7877
1.80948,-3.792
1.81947,-3.7809
1.82946,-3.7802
1.83945,-3.7732
1.84943,-3.7672
1.85942,-3.7752
1.86941,-3.7858
1.87945,-3.7905
1.88953,-3.7918
1.89962,-3.7922
1.9097,-3.787
1.91979,-3.7889
1.92988,-3.7751
1.93996,-3.7692
1.95005,-3.7624
1.96013,-3.7619
1.97022,-3.7847
1.9803,-3.7802
1.99039,-3.7883
2.00048,-3.7886
2.01048,-3.7853
2.02047,-3.7805
2.03047,-3.7726
2.04047,-3.7669
2.05047,-3.7662
2.06046,-3.787
2.07046,-3.7809
2.08046,-3.7781
2.09046,-3.7872
2.10045,-3.7788
2.11045,-3.7764
2.12045,-3.7772
2.13045,-3.7725
2.14041,-3.7791
2.15038,-3.7867
2.16034,-3.7839
2.17031,-3.7773
2.18027,-3.7816
2.19024,-3.7692
2.2002,-3.7775
2.21017,-3.7778
2.22014,-3.7742
2.2301,-3.7783
2.24007,-3.7747
2.25003,-3.7785
2.26003,-3.7814
2.27003,-3.7865
2.28003,-3.7867
2.29003,-3.7799
2.30002,-3.7793
2.31002,-3.7767
2.32002,-3.7741
2.33001,-3.7716
2.34001,-3.7723
2.35001,-3.7723
2.36001,-3.7825
2.37,-3.7728
2.38001,-3.7818
2.39001,-3.787
2.40001,-3.7814
2.41001,-3.7684
2.42001,-3.771
2.43001,-3.7766
2.44001,-3.7769
2.45001,-3.7722
2.46001,-3.7742
2.47002,-3.7762
2.48002,-3.7738
2.49002,-3.7829
2.50002,-3.7872
2.51012,-3.7824
2.52021,-3.7823
2.53031,-3.7804
2.5404,-3.7694
2.5505,-3.7686
2.5606,-3.7781
2.57069,-3.7769
2.58079,-3.7757
2.59088,-3.78
2.60098,-3.7935
2.61108,-3.7912
2.62117,-3.7855
2.63117,-3.7697
2.64105,-3.7738
2.65093,-3.7722
2.66082,-3.7631
2.6707,-3.7719
2.68058,-3.7809
2.69047,-3.7883
2.70035,-3.7851
2.71023,-3.7904
2.72012,-3.7909
2.73,-3.7792
2.73989,-3.7729
2.74977,-3.7665
2.75978,-3.7736
2.76979,-3.7712
2.7798,-3.7781
2.78981,-3.7858
2.79982,-3.7882
2.80983,-3.7823
2.81985,-3.7842
2.82986,-3.773
2.83987,-3.7616
2.84988,-3.7708
2.85989,-3.766
2.8699,-3.7775
2.87991,-3.7812
2.88989,-3.7895
2.89988,-3.7872
2.90986,-3.7742
2.91984,-3.7703
2.92982,-3.7665
2.93981,-3.763
2.94979,-3.7746
2.95977,-3.7776
2.96975,-3.7715
2.97974,-3.7768
2.98972,-3.7877
2.9997,-3.7815
3.00978,-3.7832
3.01986,-3.7847
3.02993,-3.782
3.04001,-3.7681
3.05009,-3.7667
3.06016,-3.7679
3.07024,-3.7765
3.08031,-3.7788
3.09039,-3.7784
3.10047,-3.7795
3.11054,-3.7795
3.12062,-3.7735
3.13066,-3.7744
3.14066,-3.7738
3.15067,-3.7738
3.16067,-3.7669
3.17067,-3.7775
3.18068,-3.7853
3.19068,-3.779
3.20068,-3.7737
3.21069,-3.7765
3.22069,-3.7769
3.23069,-3.7746
3.2407,-3.7699
3.2507,-3.7744
3.26081,-3.7766
3.27091,-3.7857
3.28101,-3.7897
3.29112,-3.7854
3.30122,-3.7779
3.31133,-3.7841
3.32143,-3.7786
3.33153,-3.772
3.34164,-3.7749
3.35174,-3.7648
3.36184,-3.7762
3.37195,-3.7693
3.38196,-3.7773
3.39188,-3.7821
3.40181,-3.7817
3.41173,-3.7814
3.42165,-3.7746
3.43157,-3.7786
3.44149,-3.7667
3.45141,-3.77
3.46134,-3.7714
3.47126,-3.774
3.48118,-3.7783
3.4911,-3.7842
3.50102,-3.7886
3.511,-3.7785
3.52098,-3.7788
3.53095,-3.7732
3.54093,-3.7728
3.55091,-3.778
3.56088,-3.7777
3.57086,-3.7812
3.58083,-3.7817
3.59081,-3.7779
3.60079,-3.7775
3.61076,-3.78
3.62074,-3.7822
3.63074,-3.7743
3.64076,-3.7771
3.65077,-3.7742
3.66079,-3.773
3.6708,-3.7718
3.68082,-3.771
3.69083,-3.7731
3.70085,-3.7784
3.71086,-3.786
3.72088,-3.7891
3.73089,-3.7826
3.74091,-3.7784
3.75093,-3.7673
3.7609,-3.7623
3.77087,-3.7702
3.78084,-3.777
3.79081,-3.7825
3.80078,-3.7835
3.81075,-3.7772
3.82072,-3.7782
3.83069,-3.7779
3.84066,-3.7758
3.85063,-3.7713
3.8606,-3.771
3.87057,-3.7777
3.88057,-3.7739
3.89059,-3.765
3.90061,-3.77
3.91063,-3.7721
3.92065,-3.7848
3.93067,-3.7765
3.94069,-3.7816
3.95072,-3.7837
3.96074,-3.7731
3.97076,-3.765
3.98078,-3.7623
3.9908,-3.7677
4.00082,-3.7671
4.01082,-3.7729
4.02082,-3.7844
4.03083,-3.7793
4.04083,-3.7777
4.05083,-3.778
4.06083,-3.7779
4.07083,-3.7708
4.08083,-3.7667
4.09084,-3.7652
4.10084,-3.7668
4.11084,-3.7762
4.12084,-3.7706
4.13088,-3.7863
4.14095,-3.7853
4.15102,-3.7814
4.16109,-3.7692
4.17117,-3.7614
4.18124,-3.762
4.19131,-3.769
4.20138,-3.7766
4.21145,-3.7799
4.22152,-3.7791
4.23159,-3.7684
4.24167,-3.7746
4.25174,-3.7723
4.26171,-3.7598
4.27169,-3.7647
4.28167,-3.7696
4.29164,-3.775
4.30162,-3.7846
4.31159,-3.7878
4.32157,-3.7822
4.33154,-3.7731
4.34152,-3.7688
4.35149,-3.7606
4.36147,-3.7586
4.37144,-3.7712
4.38144,-3.7683
4.39143,-3.7774
4.40141,-3.7811
4.4114,-3.7751
4.42138,-3.7703
4.43137,-3.7716
4.44135,-3.7744
4.45134,-3.7774
4.46132,-3.7653
4.47131,-3.7739
4.48129,-3.764
4.49128,-3.7656
4.50126,-3.7688
4.51128,-3.7683
4.5213,-3.7804
4.53132,-3.7751
4.54134,-3.7789
4.55136,-3.7601
4.56138,-3.7654
4.5714,-3.7588
4.58142,-3.7593
4.59144,-3.77
4.60146,-3.7751
4.61148,-3.7699
4.6215,-3.7723
4.63152,-3.7756
4.64153,-3.7726
4.65153,-3.7694
4.66154,-3.772
4.67155,-3.7745
4.68156,-3.7677
4.69157,-3.7695
4.70158,-3.7744
4.71159,-3.7776
4.7216,-3.7743
4.73161,-3.7688
4.74162,-3.7678
4.75163,-3.7718
4.76163,-3.7696
4.77163,-3.7756
4.78163,-3.772
4.79163,-3.7792
4.80163,-3.7711
4.81163,-3.7766
4.82163,-3.7676
4.83163,-3.7617
4.84163,-3.7708
4.85163,-3.7818
4.86163,-3.7775
4.87163,-3.7745
4.88163,-3.7765
4.89163,-3.7792
4.90162,-3.7771
4.91162,-3.7782
4.92161,-3.765
4.93161,-3.771
4.9416,-3.7681
4.9516,-3.7685
4.9616,-3.7716
4.97159,-3.7704
4.98159,-3.7686
4.99158,-3.7736
5.00158,-3.7733
5.01157,-3.7746
5.02157,-3.7675
5.03156,-3.7671
5.04155,-3.7668
5.05155,-3.777
5.06154,-3.7799
5.07154,-3.7678
5.08153,-3.7766
5.09152,-3.7859
5.10152,-3.7842
5.11151,-3.7708
5.1215,-3.7723
5.1315,-3.7611
5.14149,-3.7602
5.15149,-3.7712
5.16148,-3.7708
5.17148,-3.7834
5.18147,-3.7843
5.19147,-3.7821
5.20146,-3.7741
5.21146,-3.7806
5.22145,-3.7727
5.23144,-3.769
5.24144,-3.7784
5.25143,-3.77
5.26152,-3.7774
5.27161,-3.7822
5.28169,-3.7772
5.29178,-3.7765
5.30186,-3.7684
5.31195,-3.7741
5.32203,-3.775
5.33212,-3.7789
5.34221,-3.7679
5.35229,-3.7794
5.36238,-3.7758
5.37246,-3.7746
5.3825,-3.7774
5.39248,-3.7761
5.40246,-3.7706
5.41243,-3.7736
5.42241,-3.7673
5.43239,-3.7738
5.44237,-3.7771
5.45235,-3.7704
5.46233,-3.7812
5.47231,-3.7817
5.48229,-3.7846
5.49227,-3.7806
5.50225,-3.7685
5.51227,-3.7684
5.52228,-3.7582
5.53229,-3.7615
5.54229,-3.7737
5.5523,-3.776
5.56231,-3.7809
5.57232,-3.7858
5.58233,-3.7804
5.59233,-3.7819
5.60234,-3.7702
5.61235,-3.7678
5.62236,-3.7665
5.63237,-3.766
5.64236,-3.7738
5.65236,-3.7799
5.66236,-3.7754
5.67235,-3.7836
5.68235,-3.7759
5.69234,-3.7692
5.70234,-3.7637
5.71234,-3.7649
5.72233,-3.772
5.73233,-3.7874
5.74232,-3.7847
5.75232,-3.7812
5.76232,-3.7776
5.77232,-3.7746
5.78231,-3.7631
5.79231,-3.7654
5.80231,-3.7624
5.8123,-3.7741
5.8223,-3.78
5.8323,-3.7817
5.8423,-3.7793
5.85229,-3.7879
5.86229,-3.7715
5.87229,-3.7735
5.88229,-3.7683
5.89229,-3.7636
5.90228,-3.7649
5.91228,-3.7843
5.92228,-3.777
5.93228,-3.7766
5.94227,-3.7806
5.95227,-3.774
5.96227,-3.7694
5.97226,-3.7678
5.98226,-3.7662
5.99226,-3.7513
6.00225,-3.7688
6.01227,-3.7755
6.02227,-3.7827
6.03227,-3.7877
6.04227,-3.7825
6.05227,-3.785
6.06227,-3.7742
6.07227,-3.7646
6.08226,-3.7672
6.09226,-3.7726
6.10226,-3.7827
6.11226,-3.7816
6.12226,-3.7826
6.13229,-3.7849
6.14236,-3.7764
6.15242,-3.7709
6.16249,-3.7684
6.17255,-3.7663
6.18261,-3.7723
6.19268,-3.7841
6.20274,-3.7739
6.2128,-3.7837
6.22287,-3.7745
6.23293,-3.7766
6.24299,-3.7733
6.25306,-3.7765
6.26306,-3.7691
6.27306,-3.7784
6.28306,-3.7658
6.29307,-3.7638
6.30307,-3.7745
6.31307,-3.7825
6.32307,-3.7751
6.33307,-3.7779
6.34307,-3.7813
6.35307,-3.7785
6.36307,-3.7733
6.37307,-3.763
6.38307,-3.7656
6.39307,-3.7767
6.40306,-3.7797
6.41306,-3.781
6.42305,-3.7772
6.43305,-3.7698
6.44304,-3.7708
6.45303,-3.7741
6.46303,-3.7769
6.47302,-3.7719
6.48302,-3.7759
6.49301,-3.7724
6.50301,-3.7791
6.51307,-3.7789
6.52311,-3.7712
6.53315,-3.7698
6.54319,-3.7718
6.55322,-3.7673
6.56326,-3.7761
6.5733,-3.7741
6.58334,-3.7725
6.59338,-3.7774
6.60342,-3.7767
6.61345,-3.775
6.62349,-3.7742
6.63352,-3.7792
6.64353,-3.7691
6.65353,-3.7724
6.66354,-3.7648
6.67355,-3.7712
6.68356,-3.7672
6.69357,-3.7751
6.70358,-3.7711
6.71359,-3.7747
6.72359,-3.7818
6.7336,-3.7755
6.74361,-3.7877
6.75362,-3.7829
6.76361,-3.7715
6.7736,-3.7674
6.78359,-3.7634
6.79358,-3.7683
6.80357,-3.7673
6.81355,-3.7804
6.82354,-3.7891
6.83353,-3.7771
6.84352,-3.7728
6.85351,-3.767
6.8635,-3.7656
6.87348,-3.7738
6.88347,-3.7687
6.89344,-3.778
6.90341,-3.7798
6.91338,-3.7786
6.92336,-3.7775
6.93333,-3.7661
6.9433,-3.7668
6.95327,-3.7646
6.96324,-3.7656
6.97322,-3.7674
6.98319,-3.7733
6.99316,-3.7747
7.00313,-3.78
7.01319,-3.7856
7.02324,-3.7766
7.03329,-3.7759
7.04334,-3.7661
7.05339,-3.766
7.06345,-3.7654
7.0735,-3.764
7.08355,-3.7597
7.0936,-3.779
7.10365,-3.782
7.11371,-3.7827
7.12376,-3.7798
7.1338,-3.7808
7.14379,-3.7652
7.15379,-3.7581
7.16379,-3.758
7.17378,-3.762
7.18378,-3.762
7.19378,-3.772
7.20377,-3.783
7.21377,-3.7814
7.22377,-3.7694
7.23376,-3.7723
7.24376,-3.7737
7.25376,-3.7726
7.26376,-3.7678
7.27376,-3.7655
7.28376,-3.7797
7.29377,-3.7739
7.30377,-3.7835
7.31377,-3.78
7.32377,-3.7675
7.33377,-3.7667
7.34378,-3.7655
7.35378,-3.7661
7.36378,-3.7638
7.37378,-3.7751
7.38374,-3.7813
7.39365,-3.7834
7.40356,-3.7715
7.41346,-3.7717
7.42337,-3.7633
7.43328,-3.7615
7.44319,-3.7697
7.4531,-3.7764
7.463,-3.7821
7.47291,-3.7809
7.48282,-3.7789
7.49273,-3.7778
7.50264,-3.7712
7.51275,-3.7743
7.52287,-3.7744
7.53298,-3.7825
7.54309,-3.7715
7.55321,-3.776
7.56332,-3.7764
7.57343,-3.7665
7.58354,-3.7758
7.59366,-3.772
7.60377,-3.7743
7.61388,-3.7728
7.62399,-3.7831
7.63404,-3.777
7.64402,-3.7862
7.65399,-3.7805
7.66397,-3.7762
7.67394,-3.7651
7.68392,-3.7615
7.69389,-3.7666
7.70386,-3.764
7.71384,-3.7573
7.72381,-3.7759
7.73379,-3.7836
7.74376,-3.7865
7.75374,-3.7894
7.76374,-3.7852
7.77375,-3.7725
7.78375,-3.7572
7.79375,-3.7527
7.80376,-3.7518
7.81376,-3.7595
7.82376,-3.7706
7.83376,-3.7763
7.84377,-3.7827
7.85377,-3.7911
7.86377,-3.7814
7.87378,-3.7713
7.88377,-3.7659
7.89376,-3.7553
7.90375,-3.7638
7.91374,-3.7706
7.92372,-3.768
7.93371,-3.7835
7.9437,-3.7811
7.95369,-3.7688
7.96367,-3.7668
7.97366,-3.7676
7.98365,-3.755
7.99364,-3.7639
8.00362,-3.7779
8.01362,-3.7693
8.02362,-3.7735
8.03362,-3.7741
8.04361,-3.7751
8.05361,-3.7662
8.0636,-3.7621
8.0736,-3.768
8.0836,-3.7646
8.09359,-3.7601
8.10359,-3.7713
8.11359,-3.7743
8.12358,-3.7823
8.1336,-3.7738
8.14364,-3.777
8.15367,-3.7629
8.16371,-3.7706
8.17374,-3.7635
8.18377,-3.7575
8.19381,-3.7588
8.20384,-3.7606
8.21388,-3.7681
8.22391,-3.778
8.23395,-3.7848
8.24398,-3.7838
8.25401,-3.7736
8.26398,-3.7763
8.27395,-3.7645
8.28391,-3.7601
8.29387,-3.7656
8.30383,-3.7697
8.31379,-3.7668
8.32375,-3.7715
8.33371,-3.7684
8.34367,-3.7755
8.35363,-3.7704
8.36359,-3.7799
8.37355,-3.7647
8.38353,-3.7707
8.39348,-3.7735
8.40343,-3.7619
8.41338,-3.7591
8.42333,-3.7736
8.43328,-3.7668
8.44323,-3.7659
8.45318,-3.7748
8.46313,-3.7701
8.47308,-3.7665
8.48303,-3.7701
8.49298,-3.7725
8.50293,-3.7756
8.51302,-3.776
8.52311,-3.7674
8.53319,-3.7656
8.54328,-3.7638
8.55337,-3.7572
8.56345,-3.7549
8.57354,-3.7546
8.58363,-3.7688
8.59372,-3.7753
8.6038,-3.7701
8.61389,-3.7711
8.62398,-3.762
8.63402,-3.7753
8.64402,-3.7788
8.65402,-3.7617
8.66401,-3.7579
8.67401,-3.7673
8.68401,-3.764
8.694,-3.7668
8.704,-3.7673
8.714,-3.7791
8.724,-3.766
8.73399,-3.7707
8.74399,-3.7718
8.75399,-3.7681
8.76404,-3.7686
8.77408,-3.7723
8.78412,-3.7734
8.79415,-3.7671
8.80419,-3.7701
8.81423,-3.7749
8.82427,-3.7642
8.83431,-3.761
8.84435,-3.7642
8.85439,-3.7714
8.86443,-3.7704
8.87447,-3.7745
8.88448,-3.7751
8.89446,-3.7704
8.90443,-3.7565
8.9144,-3.7663
8.92438,-3.7694
8.93435,-3.7777
8.94432,-3.7748
8.95429,-3.7702
8.96427,-3.7698
8.97424,-3.7636
8.98421,-3.7694
8.99419,-3.7691
9.00416,-3.7732
9.01417,-3.7701
9.02418,-3.7775
9.03419,-3.7721
9.0442,-3.7682
9.05421,-3.7723
9.06422,-3.7674
9.07423,-3.7667
9.08424,-3.7629
9.09425,-3.7645
9.10426,-3.7733
9.11427,-3.7783
9.12428,-3.7771
9.13428,-3.7822
9.14426,-3.7754
9.15425,-3.7745
9.16423,-3.7579
9.17422,-3.764
9.18421,-3.7619
9.19419,-3.7695
9.20418,-3.7777
9.21416,-3.7784
9.22415,-3.7791
9.23413,-3.7799
9.24412,-3.7755
9.2541,-3.7606
9.26411,-3.7545
9.27411,-3.7586
9.28411,-3.7704
9.29412,-3.7849
9.30412,-3.7859
9.31412,-3.7741
9.32412,-3.7738
9.33412,-3.7775
9.34413,-3.7604
9.35413,-3.7598
9.36413,-3.7633
9.37413,-3.7833
9.38413,-3.7823
9.39413,-3.784
9.40412,-3.7693
9.41411,-3.7657
9.42411,-3.7684
9.4341,-3.7598
9.44409,-3.7593
9.45409,-3.7574
9.46408,-3.7617
9.47407,-3.7839
9.48407,-3.7895
9.49406,-3.7855
9.50405,-3.7723
9.51403,-3.7683
9.524,-3.7661
9.53398,-3.7581
9.54395,-3.7493
9.55392,-3.7575
9.56389,-3.7726
9.57386,-3.7818
9.58384,-3.7884
9.59381,-3.7789
9.60378,-3.7731
9.61375,-3.7679
9.62373,-3.7595
9.63377,-3.7589
9.64387,-3.7645
9.65397,-3.7646
9.66408,-3.7719
9.67418,-3.7795
9.68428,-3.7809
9.69439,-3.7765
9.70449,-3.7791
9.71459,-3.7651
9.7247,-3.7684
9.7348,-3.7678
9.74491,-3.7663
9.75501,-3.7666
9.76501,-3.7744
9.77501,-3.7758
9.78501,-3.774
9.795,-3.7729
9.805,-3.7711
9.815,-3.7728
9.825,-3.7616
9.83499,-3.7714
9.84499,-3.7673
9.85499,-3.7796
9.86499,-3.7875
9.87499,-3.7694
9.88498,-3.7603
9.89498,-3.7633
9.90497,-3.7652
9.91496,-3.771
9.92496,-3.7714
9.93495,-3.7751
9.94494,-3.7925
9.95493,-3.788
9.96493,-3.7783
9.97492,-3.7808
9.98491,-3.7694
9.99491,-3.7591
10.0049,-3.7611
10.0149,-3.767
10.0249,-3.7786
10.0349,-3.7725
10.0449,-3.7772
10.0549,-3.7763
10.0649,-3.7805
10.0749,-3.7748
10.0849,-3.7759
10.0949,-3.7666
10.1049,-3.768
10.11489,-3.7691
10.12489,-3.7623
10.1349,-3.7611
10.14489,-3.7795
10.15489,-3.7724
10.16488,-3.7735
10.17488,-3.7752
10.18487,-3.7714
10.19487,-3.7714
10.20487,-3.7726
10.21486,-3.7762
10.22486,-3.7651
10.23485,-3.7638
10.24485,-3.7688
10.25484,-3.7674
10.26485,-3.7751
10.27485,-3.7791
10.28484,-3.7766
10.29484,-3.7619
10.30484,-3.7656
10.31484,-3.7723
10.32483,-3.7776
10.33483,-3.779
10.34483,-3.7854
10.35483,-3.7778
10.36482,-3.7745
10.37482,-3.769
10.38482,-3.7582
10.39482,-3.7567
10.40481,-3.762
10.41481,-3.7688
10.42481,-3.7697
10.4348,-3.7925
10.4448,-3.7932
10.4548,-3.7791
10.46479,-3.7802
10.47479,-3.7647
10.48479,-3.7654
10.49478,-3.7575
10.50478,-3.7602
10.51478,-3.7674
10.52479,-3.7782
10.53479,-3.7849
10.54479,-3.7834
10.55479,-3.7848
10.56479,-3.7749
10.57479,-3.7629
10.58479,-3.7672
10.59479,-3.7597
10.60479,-3.7644
10.61479,-3.7647
10.62479,-3.769
10.63479,-3.7778
10.64478,-3.7743
10.65477,-3.7548
10.66476,-3.7629
10.67475,-3.7614
10.68475,-3.7584
10.69474,-3.7585
10.70473,-3.7685
10.71472,-3.7633
10.72471,-3.7694
10.7347,-3.7654
10.7447,-3.7552
10.75469,-3.7361
10.76477,-3.7295
10.77485,-3.7177
10.78493,-3.7063
10.795,-3.7224
10.80508,-3.7435
10.81516,-3.7568
10.82524,-3.7493
10.83532,-3.7251
10.8454,-3.7203
10.85547,-3.7425
10.86555,-3.7572
10.87563,-3.7577
10.88567,-3.7561
10.89566,-3.7439
10.90564,-3.7668
10.91563,-3.7924
10.92562,-3.7727
10.93561,-3.7649
10.9456,-3.7849
10.95559,-3.7889
10.96557,-3.8056
10.97556,-3.7915
10.98555,-3.7728
10.99554,-3.7577
11.00553,-3.7751
11.01556,-3.7772
11.02559,-3.788
11.03562,-3.7978
11.04565,-3.7895
11.05568,-3.7833
11.06571,-3.7855
11.07574,-3.7853
11.08577,-3.808
11.0958,-3.8084
11.10583,-3.8021
11.11587,-3.7988
11.1259,-3.7812
11.1359,-3.7596
11.14588,-3.793
11.15586,-3.8033
11.16584,-3.7842
11.17582,-3.7608
11.1858,-3.7646
11.19578,-3.7592
11.20576,-3.7998
11.21574,-3.8226
11.22572,-3.8204
11.2357,-3.7962
11.24568,-3.7817
11.25566,-3.7842
11.2657,-3.8187
11.27573,-3.8305
11.28576,-3.8312
11.2958,-3.8361
11.30583,-3.8448
11.31586,-3.8518
11.32589,-3.8501
11.33593,-3.8592
11.34596,-3.8645
11.35599,-3.8629
11.36602,-3.8415
11.37605,-3.8304
11.38609,-3.8441
11.39613,-3.8575
11.40616,-3.8609
11.41619,-3.8646
11.42622,-3.8424
11.43625,-3.8371
11.44629,-3.8402
11.45632,-3.8435
11.46635,-3.8701
11.47638,-3.8898
11.48642,-3.8648
11.49645,-3.8586
11.50648,-3.8565
11.51643,-3.8521
11.52637,-3.8564
11.53632,-3.864
11.54626,-3.8891
11.55621,-3.8841
11.56615,-3.8867
11.5761,-3.8831
11.58604,-3.8729
11.59599,-3.8713
11.60594,-3.8983
11.61588,-3.8988
11.62583,-3.9029
11.63579,-3.8905
11.64576,-3.885
11.65573,-3.8886
11.6657,-3.8977
11.67568,-3.9037
11.68565,-3.883
11.69562,-3.8707
11.70559,-3.869
11.71556,-3.8776
11.72554,-3.8621
11.73551,-3.841
11.74548,-3.8396
11.75545,-3.8371
11.76546,-3.8668
11.77545,-3.8812
11.78545,-3.8695
11.79545,-3.8953
11.80545,-3.9182
11.81544,-3.9414
11.82544,-3.9473
11.83544,-3.9519
11.84544,-3.9112
11.85544,-3.8568
11.86543,-3.7791
11.87543,-3.7178
11.88543,-3.6988
11.89543,-3.7279
11.90543,-3.7737
11.91543,-3.8276
11.92543,-3.8705
11.93542,-3.8782
11.94542,-3.8995
11.95542,-3.9115
11.96542,-3.9506
11.97542,-3.9889
11.98541,-4
11.99541,-4.0024
12.00541,-3.9826
12.01549,-3.9634
12.02557,-3.9335
12.03565,-3.9292
12.04573,-3.9355
12.05581,-3.9557
12.06589,-3.9721
12.07597,-3.9856
12.08605,-4.0109
12.09613,-4.0173
12.10621,-4.0105
12.11629,-3.9955
12.12637,-3.9191
12.13642,-3.8945
12.14644,-3.8812
12.15646,-3.8627
12.16647,-3.8531
12.17649,-3.8784
12.18651,-3.9005
12.19652,-3.9177
12.20654,-3.918
12.21656,-3.896
12.22657,-3.879
12.23659,-3.8818
12.24661,-3.8705
12.25662,-3.8716
12.26663,-3.8764
12.27663,-3.8963
12.28663,-3.918
12.29663,-3.9432
12.30663,-3.9571
12.31663,-3.957
12.32663,-3.9432
12.33663,-3.9183
12.34663,-3.9045
12.35663,-3.8742
12.36663,-3.8188
12.37663,-3.7727
12.38665,-3.7323
12.39667,-3.7034
12.4067,-3.653
12.41672,-3.5862
12.42674,-3.4891
12.43677,-3.3724
12.44679,-3.2455
12.45682,-3.1586
12.46684,-3.1047
12.47687,-3.0597
12.48689,-3.0196
12.49692,-2.9903
12.50694,-2.9393
12.51692,-2.898
12.52687,-2.8659
12.53683,-2.837
12.54679,-2.8201
12.55674,-2.8286
12.5667,-2.827
12.57665,-2.8064
12.58661,-2.7735
12.59656,-2.7231
12.60652,-2.6471
12.61647,-2.5633
12.62643,-2.4682
12.6364,-2.391
12.64638,-2.3386
12.65636,-2.2769
12.66634,-2.251
12.67632,-2.2011
12.6863,-2.1494
12.69628,-2.0425
12.70627,-1.9439
12.71625,-1.8943
12.72623,-1.9718
12.73621,-2.151
12.74619,-2.5485
12.75617,-2.831
12.76613,-3.0675
12.77609,-3.2826
12.78605,-3.4386
12.796,-3.549
12.80596,-3.6564
12.81592,-3.7608
12.82588,-3.838
12.83583,-3.9065
12.84579,-3.9619
12.85575,-3.9911
12.86571,-4.031
12.87566,-4.0664
12.88566,-4.1057
12.8957,-4.1216
12.90573,-4.1489
12.91577,-4.1676
12.92581,-4.2061
12.93584,-4.2499
12.94588,-4.2719
12.95591,-4.2085
12.96595,-4.098
12.97598,-3.9986
12.98602,-3.9675
12.99605,-3.9644
13.00609,-3.975
13.01609,-3.9871
13.02609,-4.0118
13.03608,-4.0283
13.04608,-4.0371
13.05608,-4.0239
13.06608,-3.9907
13.07607,-3.9618
13.08607,-3.9456
13.09607,-3.9479
13.10607,-3.965
13.11606,-3.9797
13.12606,-3.9939
13.13614,-3.9855
13.14629,-3.9999
13.15644,-3.9853
13.1666,-3.9622
13.17675,-3.9543
13.1869,-3.9747
13.19705,-3.9713
13.2072,-3.9396
13.21736,-3.896
13.22751,-3.8356
13.23766,-3.7748
13.24781,-3.7223
13.25797,-3.6355
13.26786,-3.5398
13.27775,-3.4473
13.28764,-3.3327
13.29753,-3.1793
13.30742,-2.9941
13.31731,-2.8455
13.3272,-2.7492
13.33709,-2.6604
13.34698,-2.6697
13.35687,-2.6769
13.36676,-2.6776
13.37665,-2.683
13.38659,-2.6685
13.39659,-2.6415
13.40659,-2.6044
13.41659,-2.5496
13.42658,-2.5032
13.43658,-2.4243
13.44658,-2.3369
13.45658,-2.3162
13.46657,-2.3566
13.47657,-2.4215
13.48657,-2.5293
13.49657,-2.6297
13.50657,-2.7518
13.51659,-2.8921
13.5266,-3.0275
13.53662,-3.136
13.54663,-3.2544
13.55665,-3.3737
13.56667,-3.5614
13.57668,-3.8064
13.5867,-4.0672
13.59672,-4.2899
13.60673,-4.4135
13.61675,-4.4634
13.62677,-4.4647
13.63677,-4.4351
13.64674,-4.3793
13.65672,-4.3361
13.6667,-4.2861
13.67667,-4.2769
13.68665,-4.2976
13.69663,-4.3427
13.70661,-4.4
13.71658,-4.4239
13.72656,-4.439
13.73654,-4.4316
13.74652,-4.4234
13.75649,-4.3876
13.76654,-4.388
13.77658,-4.4043
13.78662,-4.4331
13.79666,-4.4658
13.8067,-4.4657
13.81674,-4.4094
13.82678,-4.3778
13.83682,-4.3387
13.84686,-4.3096
13.8569,-4.2524
13.86694,-4.219
13.87698,-4.1881
13.88699,-4.1904
13.89694,-4.2278
13.9069,-4.2569
13.91685,-4.2501
13.9268,-4.2375
13.93676,-4.1512
13.94671,-4.0094
13.95667,-3.9022
13.96662,-3.8101
13.97658,-3.7374
13.98653,-3.6781
13.99649,-3.6354
14.00644,-3.631
14.01647,-3.6021
14.0265,-3.5592
14.03653,-3.4893
14.04656,-3.4031
14.05659,-3.3116
14.06662,-3.2609
14.07664,-3.1807
14.08667,-3.0997
14.0967,-3.0612
14.10673,-3.0287
14.11676,-2.9915
14.12679,-2.9515
14.1368,-2.8888
14.1468,-2.7956
14.15679,-2.6791
14.16678,-2.5569
14.17678,-2.4549
14.18677,-2.3658
14.19677,-2.3219
14.20676,-2.3176
14.21675,-2.3397
14.22675,-2.3627
14.23674,-2.3951
14.24674,-2.3909
14.25673,-2.325
14.26681,-2.1901
14.27688,-2.0262
14.28695,-1.8503
14.29703,-1.6893
14.3071,-1.5978
14.31718,-1.5551
14.32725,-1.5194
14.33732,-1.5108
14.3474,-1.4913
14.35747,-1.4763
14.36754,-1.4879
14.37762,-1.48
14.38766,-1.4932
14.39766,-1.4131
14.40766,-1.3816
14.41767,-1.4248
14.42767,-1.4747
14.43767,-1.5252
14.44768,-1.6031
14.45768,-1.7469
14.46768,-1.9795
14.47768,-2.2964
14.48769,-2.6412
14.49769,-2.9373
14.50769,-3.1687
14.51766,-3.341
14.52763,-3.4729
14.5376,-3.5667
14.54757,-3.6339
14.55754,-3.6626
14.5675,-3.6433
14.57747,-3.6369
14.58744,-3.6505
14.59741,-3.6529
14.60738,-3.6038
14.61734,-3.5063
14.62731,-3.4169
14.63729,-3.3077
14.64729,-3.2171
14.65728,-3.1431
14.66728,-3.0773
14.67727,-3.0323
14.68726,-2.9974
14.69726,-2.9626
14.70725,-2.9179
14.71724,-2.8566
14.72724,-2.8182
14.73723,-2.821
14.74723,-2.8231
14.75722,-2.8361
14.76723,-2.8105
14.77722,-2.7796
14.78721,-2.7735
14.7972,-2.7871
14.80719,-2.8133
14.81718,-2.8627
14.82717,-2.9037
14.83715,-2.9493
14.84714,-3.0028
14.85713,-3.038
14.86712,-3.0389
14.87711,-3.0157
14.88712,-2.9307
14.89715,-2.7856
14.90718,-2.6659
14.91721,-2.5733
14.92724,-2.515
14.93726,-2.4498
14.94729,-2.3193
14.95732,-2.1461
14.96735,-1.9689
14.97738,-1.7633
14.9874,-1.4677
14.99743,-1.1228
15.00746,-0.782
15.01749,-0.5409
15.02752,-0.4195
15.03755,-0.4347
15.04758,-0.5324
15.05762,-0.7091
15.06765,-0.9005
15.07768,-1.1187
15.08771,-1.3099
15.09774,-1.5213
15.10777,-1.668
15.1178,-1.7809
15.12783,-1.8991
15.13783,-1.9502
15.14781,-1.9933
15.15778,-2.0126
15.16776,-2.0234
15.17774,-1.9899
15.18771,-1.9148
15.19769,-1.831
15.20766,-1.7238
15.21764,-1.833
15.22762,-1.8935
15.23759,-1.8904
15.24757,-1.8236
15.25754,-1.7249
15.26755,-1.6916
15.27755,-1.7797
15.28755,-1.9568
15.29756,-2.0579
15.30756,-2.1173
15.31756,-2.1697
15.32756,-2.2838
15.33757,-2.3802
15.34757,-2.451
15.35757,-2.42
15.36757,-2.3021
15.37758,-2.2082
15.38765,-2.178
15.39777,-2.154
15.40789,-2.1111
15.41801,-2.1172
15.42813,-2.1532
15.43825,-2.221
15.44837,-2.2941
15.45849,-2.3624
15.46861,-2.3619
15.47873,-2.3153
15.48885,-2.2328
15.49897,-2.1556
15.50909,-2.132
15.51902,-2.1793
15.52893,-2.266
15.53884,-2.3447
15.54875,-2.3871
15.55867,-2.4178
15.56858,-2.4143
15.57849,-2.4338
15.5884,-2.4673
15.59831,-2.4723
15.60823,-2.4357
15.61814,-2.3831
15.62805,-2.3295
15.63805,-2.2977
15.64812,-2.292
15.6582,-2.3177
15.66827,-2.3279
15.67835,-2.2998
15.68843,-2.224
15.6985,-2.1636
15.70858,-2.1318
15.71865,-2.1359
15.72873,-2.1201
15.73881,-2.0907
15.74888,-2.0271
15.75896,-1.9431
15.76892,-1.8558
15.77888,-1.8123
15.78883,-1.8487
15.79879,-1.8902
15.80875,-1.9181
15.81871,-1.8622
15.82867,-1.7128
15.83862,-1.5146
15.84858,-1.345
15.85854,-1.2394
15.8685,-1.1972
15.87846,-1.1512
15.88841,-1.0933
15.89836,-1.0429
15.9083,-1.0375
15.91825,-1.0593
15.92819,-1.0421
15.93814,-1.0038
15.94809,-1.0198
15.95803,-1.0626
15.96798,-1.159
15.97792,-1.3458
15.98787,-1.5739
15.99781,-1.7789
16.00776,-1.6203
16.0178,-1.6766
16.02783,-1.8302
16.03787,-1.9042
16.0479,-1.8538
16.05794,-1.9939
16.06798,-2.2006
16.07801,-2.4803
16.08805,-2.804
16.09808,-3.0774
16.10812,-3.3254
16.11815,-3.4943
16.12819,-3.6146
16.1382,-3.7222
16.14817,-3.8833
16.15815,-4.0898
16.16812,-4.2658
16.1781,-4.3734
16.18808,-4.3737
16.19805,-4.2116
16.20803,-3.9147
16.218,-3.6203
16.22798,-3.467
16.23796,-3.3291
16.24793,-3.291
16.25791,-3.2522
16.26795,-3.1595
16.278,-2.9824
16.28804,-2.7572
16.29808,-2.5647
16.30813,-2.4026
16.31817,-2.2561
16.32821,-2.1715
16.33825,-2.1623
16.3483,-2.1954
16.35834,-2.2923
16.36838,-2.3417
16.37843,-2.2845
16.38847,-2.1796
16.39852,-2.0233
16.40856,-1.794
16.41861,-1.4844
16.42865,-1.0932
16.4387,-0.7186
16.44874,-0.361
16.45879,-0.1278
16.46883,-0.0617
16.47888,-0.0199
16.48892,0.1445
16.49897,0.4809
16.50901,0.9165
16.51898,1.3064
16.52895,1.5021
16.53892,1.442
16.54888,1.225
16.55885,0.9516
16.56882,0.7134
16.57878,0.412
16.58875,0.3317
16.59872,0.4803
16.60869,0.787
16.61865,1.1652
16.62862,1.4811
16.63862,1.6015
16.64866,1.5962
16.65869,1.5873
16.66873,1.7561
16.67876,2.0745
16.6888,2.4101
16.69883,2.3502
16.70886,1.9655
16.7189,1.5208
16.72893,1.1584
16.73897,0.9239
16.749,0.895
16.75904,1.0242
16.76903,1.2963
16.77902,1.4997
16.78901,1.5277
16.799,0.0807
16.80899,-2.2504
16.81898,-1.6896
16.82898,-1.2552
16.83897,-2.4649
16.84896,-2.3308
16.85895,-3.0797
16.86894,-1.4243
16.87893,-1.07
16.88894,-1.3879
16.89896,-1.5665
16.90898,-1.7507
16.919,-2.0619
16.92902,-2.4571
16.93904,-2.8568
16.94906,-3.1188
16.95908,-3.2505
16.9691,-3.3956
16.97912,-3.52
16.98914,-3.5813
16.99916,-3.6706
17.00918,-3.7677
17.01918,-3.7702
17.02917,-3.7286
17.03916,-3.6059
17.04916,-3.6361
17.05915,-3.554
17.06914,-3.5753
17.07913,-3.5954
17.08913,-3.6469
17.09912,-3.6383
17.10911,-3.6953
17.1191,-3.6915
17.1291,-3.6998
17.13906,-3.6114
17.14901,-3.5835
17.15895,-3.5163
17.16889,-3.5294
17.17883,-3.5269
17.18877,-3.5808
17.19871,-3.6737
17.20865,-3.7751
17.21859,-3.8694
17.22853,-3.8857
17.23847,-3.8787
17.24841,-3.8318
17.25835,-3.7623
17.26835,-3.6725
17.27836,-3.6348
17.28836,-3.6549
17.29837,-3.7028
17.30838,-3.7665
17.31838,-3.8015
17.32839,-3.7763
17.33839,-3.6524
17.3484,-3.489
17.3584,-3.3671
17.36841,-3.2367
17.37841,-3.0816
17.38844,-3.005
17.39849,-2.9576
17.40855,-2.8058
17.4186,-2.5442
17.42865,-2.178
17.4387,-1.6792
17.44875,-1.3184
17.4588,-0.7976
17.46885,-0.2041
17.47891,0.2507
17.48896,0.4503
17.49901,0.3148
17.50906,0.8421
17.51904,1.4631
17.52903,1.7251
17.53901,1.628
17.54899,2.0124
17.55897,2.196
17.56895,2.5152
17.57893,2.7684
17.58891,2.7334
17.59889,2.4629
17.60888,2.4718
17.61886,2.5515
17.62884,2.8026
17.63883,2.8566
17.64882,3.0709
17.65881,3.3646
17.66879,3.6911
17.67878,4.0692
17.68877,4.2872
17.69876,4.3955
17.70875,4.3308
17.71874,4.0579
17.72872,3.6417
17.73871,3.1412
17.7487,2.5491
17.75869,1.8946
17.76873,1.1976
17.77877,0.4797
17.78881,-0.149
17.79885,-0.603
17.80889,-0.9888
17.81893,-1.4831
17.82897,-1.8332
17.83901,-2.1292
17.84905,-2.3968
17.85909,-2.6588
17.86913,-2.9229
17.87917,-3.161
17.88921,-3.3385
17.89924,-3.4256
17.90928,-3.4875
17.91931,-3.488
17.92934,-3.4817
17.93937,-3.4204
17.9494,-3.3585
17.95944,-3.3876
17.96947,-3.3858
17.9795,-3.3699
17.98953,-3.2904
17.99956,-3.1485
18.0096,-2.9698
18.01957,-2.7949
18.02954,-2.6272
18.03951,-2.4856
18.04948,-2.2633
18.05946,-1.9314
18.06943,-1.6299
18.0794,-1.3654
18.08937,-0.964
18.09934,-0.5363
18.10931,-0.1634
18.11929,0.112
18.12926,0.5367
18.13924,0.6968
18.14923,0.8315
18.15922,0.9431
18.16921,1.1286
18.1792,1.3163
18.18918,1.5239
18.19917,1.6518
18.20916,1.4305
18.21915,1.3011
18.22914,1.1287
18.23913,0.9526
18.24912,0.8476
18.25911,0.8561
18.26913,0.9873
18.27915,1.072
18.28917,1.0827
18.29919,1.0451
18.30921,0.9422
18.31923,0.7999
18.32924,0.7088
18.33926,0.7281
18.34928,0.831
18.3593,0.8234
18.36932,0.5661
18.37934,0.1013
18.38936,-0.5261
18.39936,-1.2529
18.40937,-1.911
18.41938,-2.3468
18.42939,-2.6787
18.4394,-2.9877
18.44941,-3.2805
18.45942,-3.5326
18.46943,-3.7741
18.47943,-3.9219
18.48944,-4.1574
18.49945,-4.3805
18.50946,-4.549
18.51944,-4.6568
18.52942,-4.7559
18.53941,-4.8747
18.54939,-4.9697
18.55937,-5.0416
18.56935,-5.1086
18.57933,-5.1669
18.58932,-5.1762
18.5993,-5.1525
18.60928,-5.1467
18.61926,-5.1285
18.62924,-5.0731
18.63926,-5.0297
18.64927,-5.0244
18.65928,-5.0366
18.66928,-5.0413
18.67929,-5.0425
18.6893,-5.0281
18.69931,-4.9725
18.70931,-4.879
18.71932,-4.7732
18.72933,-4.7242
18.73933,-4.7346
18.74934,-4.7475
18.75935,-4.7558
18.76933,-4.7419
18.77931,-4.6618
18.78929,-4.5241
18.79927,-4.3837
18.80925,-4.1697
18.81923,-3.9173
18.8292,-3.6405
18.83918,-3.3519
18.84916,-3.0648
18.85914,-2.7655
18.86912,-2.5319
18.8791,-2.3377
18.88914,-2.1872
18.89924,-2.0519
18.90934,-1.943
18.91944,-1.9207
18.92954,-1.9716
18.93964,-2.0499
18.94974,-2.1295
18.95984,-2.1566
18.96994,-2.1097
18.98004,-1.9749
18.99014,-1.7998
19.00024,-1.585
19.01034,-1.3998
19.02033,-1.2756
19.03033,-1.1703
19.04032,-1.1132
19.05031,-1.0545
19.0603,-0.9794
19.0703,-0.8309
19.08029,-0.6831
19.09028,-0.5887
19.10027,-0.5504
19.11026,-0.5309
19.12025,-0.5172
19.13025,-0.5144
19.14023,-0.6683
19.1502,-0.929
19.16016,-1.252
19.17013,-1.619
19.1801,-2.015
19.19006,-2.4139
19.20003,-2.7922
19.20999,-3.1178
19.21996,-3.3835
19.22993,-3.6317
19.23989,-3.8588
19.24986,-4.0461
19.25982,-4.1994
19.26982,-4.3389
19.27981,-4.4387
19.2898,-4.5173
19.29979,-4.564
19.30977,-4.585
19.31977,-4.5743
19.32975,-4.5671
19.33974,-4.5322
19.34973,-4.4689
19.35972,-4.405
19.36971,-4.3245
19.3797,-4.2635
19.38972,-4.1921
19.39975,-4.1019
19.40978,-3.9969
19.41982,-3.9023
19.42985,-3.8199
19.43988,-3.7757
19.44991,-3.7539
19.45995,-3.7343
19.46998,-3.7151
19.48001,-3.7146
19.49005,-3.7006
19.50008,-3.7284
19.51011,-3.7745
19.52008,-3.851
19.53005,-3.9298
19.54002,-3.99
19.54999,-4.0458
19.55996,-4.1469
19.56993,-4.2564
19.5799,-4.3683
19.58987,-4.4784
19.59984,-4.5488
19.60981,-4.5737
19.61978,-4.5439
19.62975,-4.5089
19.63973,-4.4784
19.64972,-4.4649
19.65972,-4.4716
19.66971,-4.4884
19.6797,-4.4934
19.68969,-4.5172
19.69968,-4.5428
19.70968,-4.5638
19.71967,-4.5665
19.72966,-4.5395
19.73965,-4.5062
19.74965,-4.51
19.75964,-4.474
19.76967,-4.4673
19.77971,-4.5103
19.78974,-4.5798
19.79977,-4.6338
19.80981,-4.6681
19.81984,-4.6704
19.82987,-4.6689
19.8399,-4.679
19.84994,-4.7141
19.85997,-4.765
19.87,-4.8128
19.88004,-4.8705
19.89009,-4.9066
19.90014,-4.9025
19.9102,-4.8717
19.92026,-4.8161
19.93032,-4.7563
19.94038,-4.683
19.95044,-4.5593
19.9605,-4.4164
19.97056,-4.2794
19.98062,-4.1433
19.99068,-3.9793
20.00074,-3.7589
20.0108,-3.4562
20.02078,-3.1254
20.03077,-2.8082
20.04076,-2.6988
20.05074,-2.6111
20.06073,-2.5118
20.07072,-2.4264
20.0807,-2.393
20.09069,-2.3147
20.10068,-2.1777
20.11066,-1.978
20.12065,-1.7703
20.13064,-1.6257
20.14064,-1.566
20.15066,-1.5215
20.16068,-1.4707
20.1707,-1.405
20.18073,-1.2955
20.19074,-1.1508
20.20077,-1.0373
20.21078,-1.0362
20.22081,-1.0447
20.23083,-1.1415
20.24085,-1.3148
20.25087,-1.4977
20.26089,-1.6965
20.27085,-1.8727
20.28082,-1.9713
20.29078,-2.0805
20.30074,-2.2899
20.3107,-2.5314
20.32067,-2.7442
20.33063,-2.944
20.34059,-3.2383
20.35055,-3.5483
20.36052,-3.8204
20.37048,-4.0654
20.38044,-4.3042
20.39042,-4.5086
20.40042,-4.6595
20.41041,-4.7677
20.4204,-4.8505
20.4304,-4.8589
20.44039,-4.8681
20.45039,-4.8309
20.46038,-4.7703
20.47038,-4.7036
20.48037,-4.6642
20.49036,-4.5142
20.50036,-4.4904
20.51035,-4.5294
20.52044,-4.4168
20.53052,-4.2273
20.5406,-4.0475
20.55068,-4.0174
20.56076,-4.042
20.57084,-3.9783
20.58093,-3.9547
20.59101,-3.9521
20.60109,-3.9903
20.61117,-4.0187
20.62125,-4.0566
20.63133,-4.1051
20.64139,-4.0779
20.65141,-4.0176
20.66143,-3.9619
20.67145,-3.9157
20.68147,-3.8756
20.69149,-3.8518
20.70151,-3.8366
20.71153,-3.8206
20.72156,-3.749
20.73158,-3.6372
20.7416,-3.615
20.75162,-3.547
20.76164,-3.4416
20.77157,-3.2617
20.7815,-3.0807
20.79142,-2.7213
20.80135,-2.4292
20.81128,-2.091
20.8212,-1.8301
20.83113,-1.6369
20.84106,-1.4577
20.85098,-1.2706
20.86091,-1.1068
20.87084,-0.9388
20.88077,-0.806
20.89075,-0.6305
20.90079,-0.3965
20.91083,-0.0271
20.92087,0.3441
20.9309,0.53
20.94094,0.6701
20.95098,0.9201
20.96102,1.0976
20.97105,1.3136
20.98109,1.4427
20.99113,1.3391
21.00117,1.0318
21.0112,0.6309
21.02124,0.1797
21.03127,-0.3007
21.04131,-0.8229
21.05134,-1.3922
21.06137,-1.9188
21.07141,-2.4331
21.08144,-2.9632
21.09148,-3.5022
21.10151,-3.9788
21.11155,-4.2062
21.12158,-4.2688
21.13162,-4.1963
21.14166,-4.1263
21.1517,-4.0899
21.16175,-4.0644
21.1718,-4.045
21.18184,-4.0242
21.19189,-4.0036
21.20194,-3.9716
21.21198,-3.9384
21.22203,-3.9414
21.23208,-3.93
21.24212,-3.9292
21.25217,-3.9188
21.26222,-3.9634
21.2722,-3.9661
21.28218,-3.9896
21.29215,-4.0324
21.30213,-4.0467
21.31211,-4.0252
21.32209,-3.9667
21.33206,-3.8212
21.34204,-3.7369
21.35202,-3.6956
21.362,-3.6886
21.37197,-3.7141
21.38195,-3.7219
21.39193,-3.7065
21.40189,-3.6597
21.41186,-3.5927
21.42182,-3.5636
21.43179,-3.5427
21.44175,-3.534
21.45172,-3.4998
21.46168,-3.4175
21.47165,-3.2409
21.48161,-2.9586
21.49158,-2.6363
21.50154,-2.2407
21.51151,-1.865
21.52151,-1.4905
21.53149,-1.1476
21.54146,-0.8466
21.55144,-0.54
21.56142,-0.2656
21.5714,-0.0242
21.58138,0.1495
21.59135,0.2823
21.60133,0.3268
21.61131,0.3279
21.62129,0.3604
21.63126,0.4929
21.64124,0.8204
21.65122,1.246
21.6612,1.6494
21.67118,1.7919
21.68116,1.7807
21.69114,1.6699
21.70112,1.5669
21.7111,1.5078
21.72108,1.4899
21.73106,1.572
21.74104,1.6517
21.75101,1.6873
21.76099,1.7523
21.77103,1.85
21.78106,1.9337
21.79108,1.9059
21.80111,1.7313
21.81114,1.4744
21.82117,1.2189
21.8312,1.0779
21.84123,1.0556
21.85126,1.0387
21.86128,1.0336
21.87131,1.0556
21.88134,1.0299
21.89134,1.0176
21.9013,0.9901
21.91126,0.9272
21.92122,0.7978
21.93118,0.6223
21.94115,0.3507
21.95111,0.0238
21.96107,-0.3601
21.97103,-0.7958
21.98099,-1.2128
21.99096,-1.6503
22.00092,-1.9485
22.01088,-2.2651
22.02091,-2.5842
22.03094,-2.8561
22.04097,-3.0746
22.05099,-3.2383
22.06102,-3.322
22.07105,-3.3549
22.08107,-3.3805
22.0911,-3.3363
22.10113,-3.2951
22.11116,-3.3536
22.12118,-3.3659
22.13121,-3.3694
22.14131,-3.3967
22.15145,-3.4349
22.16159,-3.444
22.17172,-3.4095
22.18186,-3.3491
22.192,-3.2588
22.20214,-3.1605
22.21227,-3.0875
22.22241,-3.0827
22.23255,-3.0062
22.24269,-2.8505
22.25282,-2.5429
22.26296,-2.0829
22.27291,-1.3505
22.28285,-0.6076
22.29279,-0.0804
22.30273,0.1423
22.31267,0.2704
22.32261,0.3281
22.33255,0.4479
22.34249,0.678
22.35243,0.9117
22.36238,1.0645
22.37232,1.1588
22.38226,1.2451
22.39223,1.4377
22.40223,1.6906
22.41223,1.9146
22.42223,2.1094
22.43222,2.2149
22.44222,2.1719
22.45222,0.7264
22.46222,0.6485
22.47222,-1.3086
22.48222,-0.7409
22.49221,-1.3745
22.50221,-1.5566
22.51221,-1.4957
22.52218,-1.4662
22.53214,-1.7289
22.54211,-1.9365
22.55207,-0.8608
22.56204,-1.1764
22.572,-1.4707
22.58197,-1.8968
22.59193,-2.6696
22.6019,-3.354
22.61186,-3.7179
22.62182,-3.8143
22.63179,-3.8577
22.64178,-3.7617
22.6518,-3.6652
22.66182,-3.6358
22.67183,-3.6373
22.68185,-3.6964
22.69186,-3.8015
22.70188,-3.8599
22.7119,-3.8498
22.72191,-3.8202
22.73193,-3.8371
22.74194,-3.7855
22.75196,-3.745
22.76198,-3.723
22.77199,-3.6133
22.78199,-3.537
22.792,-3.4805
22.80201,-3.3793
22.81202,-3.3413
22.82202,-3.2752
22.83203,-3.2004
22.84204,-3.1683
22.85205,-3.1525
22.86205,-3.145
22.87206,-3.1118
22.88207,-3.0678
22.89205,-3.0628
22.902,-3.1067
22.91196,-3.1756
22.92192,-3.2792
22.93187,-3.3808
22.94182,-3.503
22.95178,-3.5292
22.96173,-3.4864
22.97169,-3.3966
22.98164,-3.2826
22.9916,-3.2227
23.00155,-3.2516
23.01151,-3.3476
23.02152,-3.4218
23.03152,-3.4198
23.04153,-3.3646
23.05154,-3.2533
23.06155,-3.0563
23.07155,-2.78
23.08156,-2.409
23.09157,-2.1111
23.10158,-1.8842
23.11158,-1.7141
23.12159,-1.3837
23.1316,-0.8419
23.14161,-0.1135
23.15161,0.7207
23.16161,1.433
23.17161,1.8622
23.18161,2.1792
23.19161,2.5844
23.20161,3.2361
23.21161,4.0173
23.22161,4.7286
23.23161,5.5855
23.24161,6.2179
23.25161,6.6863
23.26161,6.815
23.27172,6.7687
23.28183,6.75
23.29193,6.7085
23.30204,6.6273
23.31215,6.5866
23.32226,6.5739
23.33237,6.4175
23.34247,6.2304
23.35258,6.0381
23.36269,5.8902
23.3728,5.7535
23.3829,5.4739
23.39299,5.0941
23.40305,4.5133
23.41311,3.9213
23.42317,3.5267
23.43323,3.203
23.44329,2.9196
23.45335,2.5832
23.46341,2.2087
23.47347,1.7879
23.48353,1.5661
23.49359,1.5107
23.50365,1.6743
23.51371,2.1068
23.52365,2.5865
23.53359,2.8756
23.54353,2.817
23.55347,1.0938
23.56341,1.0323
23.57335,1.1343
23.58329,1.0231
23.59323,1.083
23.60317,1.0392
23.61311,1.0647
23.62304,1.1657
23.63298,1.2638
23.64295,1.1765
23.65294,0.9508
23.66292,0.5669
23.67291,0.0672
23.6829,-0.3449
23.69289,-0.65
23.70287,-0.7829
23.71286,-0.8053
23.72285,-0.7157
23.73283,-0.4803
23.74282,-0.1815
23.75281,0.1716
23.76279,0.4469
23.77288,0.6787
23.78295,0.8364
23.79303,1.0105
23.80311,1.1196
23.81319,1.2023
23.82327,1.3733
23.83334,1.5666
23.84342,1.6601
23.8535,1.6178
23.86358,1.4456
23.87365,1.1629
23.88373,0.8023
23.89377,0.3759
23.90377,-0.0154
23.91377,-0.4012
23.92377,-0.8461
23.93376,-1.2607
23.94376,-1.6889
23.95376,-2.1131
23.96376,-2.4507
23.97375,-2.6788
23.98375,-2.8713
23.99375,-3.0228
24.00375,-3.1787
24.01375,-3.3541
24.02375,-3.5375
24.03374,-3.7368
24.04373,-3.9465
24.05372,-4.1122
24.06371,-4.2294
24.07371,-4.2671
24.0837,-4.2966
24.09369,-4.292
24.10368,-4.3207
24.11368,-4.3202
24.12367,-4.3178
24.13366,-4.3032
24.1436,-4.3436
24.1535,-4.4169
24.16339,-4.4811
24.17328,-4.4893
24.18318,-4.4873
24.19307,-4.4924
24.20296,-4.4975
24.21286,-4.4835
24.22275,-4.419
24.23265,-4.3351
24.24254,-4.2174
24.25243,-4.0561
24.26233,-3.8644
24.27236,-3.7264
24.28239,-3.441
24.29243,-3.2018
24.30246,-2.9485
24.31249,-2.7491
24.32252,-2.2798
24.33255,-1.88
24.34258,-1.5828
24.35262,-1.7761
24.36265,-1.2398
24.37268,-1.3285
24.38271,-0.4152
24.39275,0.3027
24.40279,0.7206
24.41283,1.1156
24.42286,1.4928
24.4329,1.7873
24.44294,1.9114
24.45298,1.941
24.46302,1.7646
24.47305,1.4674
24.48309,1.0816
24.49313,0.6595
24.50317,0.2435
24.51321,-0.1504
24.52321,-0.605
24.53321,-1.1119
24.5432,-1.5945
24.5532,-2.0595
24.5632,-2.4762
24.5732,-2.8118
24.58319,-3.0768
24.59319,-3.3148
24.60319,-3.5299
24.61319,-3.6696
24.62318,-3.8297
24.63318,-4.0067
24.6432,-4.1513
24.65323,-4.2939
24.66327,-4.414
24.6733,-4.5452
24.68334,-4.5906
24.69337,-4.6822
24.70341,-4.6856
24.71344,-4.6475
24.72348,-4.5855
24.73351,-4.5571
24.74355,-4.5509
24.75358,-4.5778
24.76362,-4.6325
24.77366,-4.6898
24.78368,-4.6648
24.7937,-4.6567
24.80373,-4.6329
24.81375,-4.5554
24.82377,-4.4286
24.83379,-4.2676
24.84381,-4.0873
24.85384,-3.9082
24.86386,-3.7375
24.87388,-3.5536
24.88391,-3.3463
24.8939,-3.1043
24.90386,-2.977
24.91381,-2.7614
24.92377,-2.5238
24.93373,-2.4331
24.94368,-2.1822
24.95364,-1.9589
24.9636,-1.4903
24.97355,-0.4727
24.98351,0.2718
24.99347,0.4952
25.00342,0.5446
25.01338,0.5995
25.02339,0.6724
25.03339,0.7297
25.04339,0.7943
25.0534,0.8315
25.0634,0.7385
25.0734,0.5481
25.08341,0.3046
25.09341,0.0196
25.10342,-0.323
25.11342,-0.6666
25.12342,-0.9896
25.13343,-1.2935
25.14342,-1.5672
25.1534,-1.7882
25.16337,-2.025
25.17335,-2.2771
25.18333,-2.5301
25.1933,-2.7881
25.20328,-3.0306
25.21326,-3.2564
25.22323,-3.4225
25.23321,-3.549
25.24319,-3.6797
25.25316,-3.8269
25.26314,-3.9135
25.27312,-4.0201
25.2831,-4.1963
25.29308,-4.34
25.30306,-4.4435
25.31304,-4.5109
25.32301,-4.5973
25.33299,-4.6375
25.34297,-4.663
25.35295,-4.6895
25.36293,-4.6727
25.37291,-4.5845
25.38288,-4.5626
25.39293,-4.4966
25.40303,-4.4234
25.41313,-4.3844
25.42323,-4.3707
25.43333,-4.3455
25.44343,-4.3354
25.45353,-4.3197
25.46363,-4.322
25.47373,-4.3132
25.48383,-4.2803
25.49393,-4.2185
25.50403,-4.1254
25.51413,-4.0151
25.52413,-3.868
25.53412,-3.7033
25.54411,-3.4958
25.55411,-3.3229
25.5641,-3.2371
25.57409,-3.1132
25.58409,-2.9468
25.59408,-2.7368
25.60407,-2.4763
25.61406,-2.2466
25.62406,-1.9717
25.63405,-1.7131
25.64406,-1.3661
25.65407,-1.0639
25.66409,-0.7989
25.6741,-0.6843
25.68412,-0.6702
25.69413,-0.5994
25.70415,-0.4377
25.71416,-0.1706
25.72418,0.1501
25.73419,0.4024
25.74421,0.5601
25.75422,0.5414
25.76424,0.3031
25.77424,-0.0358
25.78424,-0.4724
25.79424,-0.7744
25.80424,-0.9131
25.81424,-0.9774
25.82423,-1.116
25.83423,-1.28
25.84423,-1.4195
25.85423,-1.4929
25.86423,-1.5286
25.87423,-1.5281
25.88423,-1.5172
25.89423,-1.5537
25.90421,-1.6115
25.91419,-1.6468
25.92417,-1.5911
25.93415,-1.5213
25.94414,-1.428
25.95412,-1.3452
25.9641,-1.2939
25.97408,-1.2762
25.98406,-1.3114
25.99405,-1.3703
26.00403,-1.4809
26.01401,-1.6323
26.024,-1.7898
26.03399,-1.9424
26.04397,-2.1156
26.05395,-2.2705
26.06394,-2.4232
26.07392,-2.587
26.0839,-2.7522
26.09389,-2.9066
26.10387,-3.0292
26.11385,-3.158
26.12384,-3.2908
26.13382,-3.3953
26.14382,-3.5377
26.15384,-3.6801
26.16385,-3.8454
26.17387,-4.0204
26.18389,-4.1558
26.1939,-4.2475
26.20392,-4.3371
26.21393,-4.3664
26.22395,-4.3642
26.23396,-4.3584
26.24398,-4.3497
26.254,-4.333
26.26401,-4.3119
26.27402,-4.264
26.28402,-4.226
26.29403,-4.1935
26.30403,-4.2102
26.31404,-4.2263
26.32404,-4.2363
26.33404,-4.2352
26.34405,-4.2197
26.35405,-4.1924
26.36406,-4.1455
26.37406,-4.0944
26.38406,-4.0488
26.39406,-3.994
26.40405,-3.9214
26.41404,-3.8212
26.42403,-3.669
26.43402,-3.4177
26.44401,-3.0796
26.45399,-2.7362
26.46398,-2.3924
26.47397,-2.0884
26.48396,-1.8326
26.49395,-1.6891
26.50394,-1.4625
26.51393,-1.1995
26.52395,-0.9022
26.53395,-0.6388
26.54395,-0.4498
26.55396,-0.3372
26.56396,-0.2909
26.57396,-0.2899
26.58396,-0.27
26.59396,-0.1746
26.60397,-0.0435
26.61397,0.1921
26.62397,0.474
26.63397,0.6717
26.64397,0.7826
26.65394,0.8385
26.66391,0.9215
26.67389,0.9929
26.68386,1.0276
26.69383,1.0282
26.7038,0.9262
26.71378,0.7608
26.72375,0.5879
26.73372,0.4332
26.74369,0.3305
26.75367,0.2671
26.76364,0.1773
26.77373,0.0517
26.7838,-0.1146
26.79387,-0.3465
26.80394,-0.6555
26.81401,-1.0055
26.82408,-1.3668
26.83415,-1.755
26.84422,-2.1527
26.85429,-2.5377
26.86436,-2.8746
26.87443,-3.1527
26.8845,-3.3847
26.89455,-3.5518
26.90457,-3.6929
26.91459,-3.7964
26.92462,-3.8963
26.93464,-3.9781
26.94466,-4.0572
26.95468,-4.1263
26.9647,-4.2103
26.97473,-4.2177
26.98475,-4.2459
26.99477,-4.2309
27.00479,-4.2076
27.01481,-4.2221
27.02482,-4.2544
27.03481,-4.2897
27.04481,-4.3092
27.0548,-4.3052
27.0648,-4.2748
27.07479,-4.2087
27.08479,-4.1523
27.09479,-4.1112
27.10478,-4.0818
27.11478,-4.0602
27.12477,-4.052
27.13477,-4.0662
27.14475,-4.061
27.15472,-4.069
27.16469,-4.0755
27.17466,-4.037
27.18462,-3.9355
27.19459,-3.739
27.20456,-3.452
27.21453,-3.0637
27.22449,-2.6455
27.23446,-2.1846
27.24443,-1.7094
27.2544,-1.2665
27.26436,-0.8535
27.27439,-0.511
27.28442,-0.177
27.29445,0.131
27.30448,0.4103
27.31451,0.6314
27.32454,0.7586
27.33457,0.7901
27.34459,0.6954
27.35462,0.6059
27.36465,0.5841
27.37468,0.6974
27.38471,0.8671
27.39473,1.0564
27.40474,1.2373
27.41474,1.3262
27.42475,1.3211
27.43476,1.3307
27.44476,1.3545
27.45477,1.3851
27.46477,1.4051
27.47478,1.4495
27.48479,1.5191
27.49479,1.5938
27.5048,1.6845
27.5148,1.7
27.52479,1.7707
27.53478,1.7479
27.54476,1.7958
27.55475,1.8104
27.56473,1.7543
27.57472,1.7209
27.5847,1.7027
27.59469,1.7491
27.60468,1.7904
27.61466,1.8457
27.62465,1.8588
27.63463,1.8361
27.64461,1.7099
27.65459,1.4931
27.66456,1.2085
27.67453,0.8488
27.6845,0.4135
27.69448,-0.0615
27.70445,-0.56
27.71442,-1.0786
27.72439,-1.629
27.73437,-2.1043
27.74434,-2.4836
27.75431,-2.7762
27.76428,-3.0311
27.77436,-3.2666
27.78444,-3.5059
27.79452,-3.7068
27.80459,-3.8505
27.81467,-3.9544
27.82474,-4.0279
27.83482,-4.0906
27.8449,-4.1567
27.85497,-4.1218
27.86505,-4.0603
27.87513,-4.0021
27.8852,-4.0582
27.89526,-4.1137
27.90529,-4.1761
27.91532,-4.2125
27.92534,-4.2223
27.93537,-4.2306
27.9454,-4.2312
27.95543,-4.2374
27.96545,-4.2531
27.97548,-4.2644
27.98551,-4.2795
27.99553,-4.2725
28.00556,-4.2803
28.01559,-4.2853
28.0256,-4.2809
28.0356,-4.257
28.04559,-4.2112
28.05559,-4.1573
28.06558,-4.0867
28.07557,-3.995
28.08557,-3.8751
28.09556,-3.7415
28.10556,-3.6462
28.11555,-3.5667
28.12555,-3.3969
28.13554,-3.1696
28.14554,-2.8354
28.15555,-2.5179
28.16555,-2.2193
28.17556,-1.9148
28.18557,-1.6259
28.19557,-1.3106
28.20558,-0.9971
28.21559,-0.7309
28.22559,-0.8281
28.2356,-0.8684
28.24561,-1.2569
28.25561,-1.5306
28.26562,-0.8016
28.27562,-0.6941
28.28561,-1.3295
28.2956,-1.1995
28.3056,-1.0021
28.31559,-0.8928
28.32558,-1.4424
28.33557,-1.3314
28.34557,-1.1207
28.35556,-1.1744
28.36555,-1.2041
28.37554,-1.3101
28.38554,-1.325
28.39551,-1.2847
28.40547,-1.298
28.41542,-1.3921
28.42538,-1.7013
28.43534,-2.1339
28.4453,-2.6534
28.45525,-3.145
28.46521,-3.6061
28.47517,-3.9143
28.48513,-4.1178
28.49508,-4.2504
28.50504,-4.4183
28.515,-4.6076
28.5251,-4.7563
28.5352,-4.8911
28.5453,-4.9727
28.5554,-5.0416
28.56551,-5.072
28.57561,-5.0668
28.58571,-5.0829
28.59581,-5.06
28.60591,-4.9991
28.61601,-4.9663
28.62611,-4.9304
28.63621,-4.9065
28.64621,-4.8841
28.6561,-4.8861
28.66599,-4.8778
28.67587,-4.8273
28.68576,-4.7627
28.69565,-4.7373
28.70554,-4.6945
28.71542,-4.7291
28.72531,-4.7653
28.7352,-4.7923
28.74508,-4.8702
28.75497,-4.9102
28.76486,-4.94
28.77492,-4.96
28.78498,-4.98
28.79504,-5.0017
28.8051,-4.9942
28.81516,-4.9846
28.82521,-4.938
28.83527,-4.9224
28.84533,-4.9169
28.85539,-4.9395
28.86545,-4.9572
28.87551,-4.9301
28.88556,-4.8984
28.89567,-4.8595
28.9058,-4.8526
28.91592,-4.8505
28.92604,-4.8677
28.93617,-4.8813
28.94629,-4.9003
28.95641,-4.9218
28.96654,-4.9548
28.97666,-4.9639
28.98678,-4.9723
28.99691,-4.9713
29.00703,-4.9484
29.01715,-4.9221
29.02708,-4.9154
29.037,-4.9002
29.04692,-4.9134
29.05685,-4.9605
29.06677,-5.0057
29.07669,-5.062
29.08661,-5.106
29.09654,-5.1311
29.10646,-5.1407
29.11638,-5.1095
29.1263,-5.0466
29.13623,-4.9535
29.14619,-4.8525
29.15619,-4.7802
29.16619,-4.7199
29.17618,-4.6608
29.18618,-4.6343
29.19618,-4.6074
29.20617,-4.6002
29.21617,-4.5707
29.22617,-4.5331
29.23617,-4.4965
29.24616,-4.4621
29.25616,-4.4686
29.26616,-4.4785
29.27618,-4.4773
29.2862,-4.468
29.29622,-4.4437
29.30624,-4.3912
29.31626,-4.312
29.32628,-4.2593
29.3363,-4.21
29.34632,-4.2003
29.35634,-4.226
29.36636,-4.2732
29.37638,-4.3308
29.3864,-4.3542
29.39639,-4.3719
29.40637,-4.3632
29.41634,-4.3455
29.42631,-4.3098
29.43629,-4.3076
29.44626,-4.3363
29.45624,-4.3835
29.46621,-4.4447
29.47618,-4.5127
29.48616,-4.5622
29.49613,-4.5819
29.50611,-4.5607
29.51608,-4.5189
29.52608,-4.4637
29.53608,-4.4157
29.54608,-4.3848
29.55608,-4.3827
29.56607,-4.3897
29.57607,-4.3955
29.58607,-4.3899
29.59607,-4.3971
29.60606,-4.4067
29.61606,-4.4008
29.62606,-4.3908
29.63605,-4.3698
29.64604,-4.3457
29.65601,-4.3046
29.66598,-4.2812
29.67595,-4.2658
29.68592,-4.2646
29.69589,-4.287
29.70586,-4.3314
29.71583,-4.3668
29.7258,-4.3872
29.73576,-4.4017
29.74573,-4.4125
29.7557,-4.3796
29.76567,-4.3437
29.7757,-4.3091
29.78572,-4.2984
29.79574,-4.2824
29.80577,-4.253
29.81579,-4.19
29.82581,-4.1167
29.83583,-4.0478
29.84586,-3.8803
29.85588,-3.9262
29.8659,-3.9656
29.87592,-3.9816
29.88595,-4.0023
29.89595,-3.9598
29.90591,-3.8974
29.91588,-3.8074
29.92585,-3.7597
29.93582,-3.7761
29.94579,-3.7501
29.95576,-3.7995
29.96573,-3.8636
29.9757,-3.9642
29.98567,-4.0974
29.99564,-4.1879
30.00561,-4.2132
30.01558,-4.1863
30.0257,-4.1236
30.0358,-4.0116
30.04591,-3.8675
30.05602,-3.7627
30.06612,-3.6893
30.07623,-3.6037
30.08633,-3.5617
30.09644,-3.5034
30.10654,-3.5205
30.11665,-3.4207
30.12675,-3.3091
30.13686,-3.1564
30.14691,-3.1083
30.1569,-3.0375
30.16689,-2.965
30.17688,-2.8854
30.18687,-2.834
30.19686,-2.8609
30.20685,-2.925
30.21684,-2.9939
30.22683,-3.106
30.23682,-3.0948
30.24681,-2.9493
30.25681,-2.7858
30.2668,-2.6109
30.27687,-2.5145
30.28695,-2.4455
30.29702,-2.4359
30.30709,-2.4569
30.31716,-2.4554
30.32723,-2.5043
30.33731,-2.4666
30.34738,-2.4199
30.35745,-2.439
30.36752,-2.4819
30.3776,-2.5484
30.38767,-2.6543
30.39768,-2.7652
30.40765,-2.8699
30.41761,-2.9471
30.42757,-3.0124
30.43753,-3.1053
30.44749,-3.2739
30.45745,-3.4437
30.46742,-3.5992
30.47738,-3.7751
30.48734,-3.8791
30.4973,-3.9155
30.50726,-3.972
30.51723,-4.0428
30.52718,-4.1228
30.53712,-4.1778
30.54706,-4.2453
30.55699,-4.2831
30.56693,-4.3697
30.57686,-4.3947
30.5868,-4.4098
30.59674,-4.42
30.60667,-4.3882
30.61661,-4.328
30.62654,-4.2447
30.63648,-4.112
30.64646,-4.004
30.65648,-3.9385
30.6665,-3.9075
30.67652,-3.8616
30.68653,-3.7813
30.69655,-3.6935
30.70657,-3.5509
30.71659,-3.3284
30.72661,-3.0669
30.73663,-2.7256
30.74664,-2.3536
30.75666,-1.9712
30.76668,-1.6758
30.77669,-1.9195
30.78668,-1.6198
30.79668,-1.3842
30.80667,-1.1388
30.81666,-0.9761
30.82665,-0.8294
30.83665,-0.6511
30.84664,-0.439
30.85663,-0.1945
30.86662,0.018
30.87662,0.076
30.88661,0.0725
30.89661,-0.1721
30.90661,-0.1897
30.91661,-0.3526
30.92661,-0.9366
30.93662,-1.5658
30.94662,-2.1854
30.95662,-2.7584
30.96663,-3.3073
30.97663,-3.8174
30.98663,-4.2206
30.99663,-4.613
31.00664,-4.8402
31.01664,-4.9335
31.02663,-4.9931
31.03662,-5.0542
31.04661,-5.106
31.0566,-5.1668
31.06659,-5.1814
31.07658,-5.2913
31.08657,-5.3778
31.09657,-5.4434
31.10656,-5.5231
31.11655,-5.5547
31.12654,-5.5818
31.13653,-5.6083
31.14657,-5.6306
31.15663,-5.6505
31.16669,-5.6425
31.17674,-5.6339
31.1868,-5.62
31.19686,-5.579
31.20691,-5.5495
31.21697,-5.5338
31.22703,-5.5229
31.23708,-5.5088
31.24714,-5.4735
31.2572,-5.4085
31.26725,-5.2885
31.27735,-5.1509
31.28745,-5.0154
31.29754,-4.8816
31.30763,-4.7289
31.31772,-4.5952
31.32781,-4.5592
31.33791,-4.5444
31.348,-4.5372
31.35809,-4.5072
31.36818,-4.4362
31.37827,-4.348
31.38836,-4.2542
31.39842,-4.1526
31.40841,-4.0043
31.41841,-3.9476
31.42841,-3.91
31.43841,-3.9084
31.44841,-3.9437
31.45841,-3.9962
31.4684,-4.0587
31.4784,-4.114
31.4884,-4.1698
31.4984,-4.2147
31.5084,-4.2466
31.5184,-4.2526
31.52831,-4.2691
31.53823,-4.2795
31.54814,-4.3037
31.55806,-4.3495
31.56797,-4.3697
31.57788,-4.3604
31.5878,-4.349
31.59771,-4.3552
31.60763,-4.3874
31.61754,-4.46
31.62746,-4.4901
31.63737,-4.5983
31.64732,-4.7767
31.65729,-4.9393
31.66726,-5.0814
31.67722,-5.154
31.68719,-5.1998
31.69716,-5.2123
31.70713,-5.1797
31.7171,-5.1584
31.72707,-5.1466
31.73704,-5.1155
31.74701,-5.0855
31.75698,-5.0606
31.76695,-5.0338
31.77698,-5.0283
31.78701,-5.0305
31.79704,-5.0265
31.80707,-5.0135
31.8171,-5.0004
31.82713,-5.0403
31.83716,-5.1197
31.84719,-5.201
31.85723,-5.2388
31.86726,-5.235
31.87729,-5.2252
31.88732,-5.2215
31.89734,-5.1891
31.90736,-5.1157
31.91739,-5.0728
31.9274,-5.0689
31.93743,-5.0442
31.94745,-5.0231
31.95747,-4.9864
31.96749,-4.9208
31.97751,-4.8201
31.98753,-4.6966
31.99755,-4.5555
32.00757,-4.436
32.01759,-4.3406
32.02763,-4.2734
32.03765,-4.2141
32.04768,-4.1179
32.0577,-4.0415
32.06773,-3.9594
32.07775,-3.9122
32.08778,-3.8448
32.09781,-3.8256
32.10783,-3.8146
32.11786,-3.8236
32.12788,-3.8247
32.13791,-3.8644
32.14789,-3.9451
32.1578,-4.067
32.16771,-4.2241
32.17762,-4.3701
32.18753,-4.4925
32.19744,-4.611
32.20735,-4.7337
32.21726,-4.8657
32.22717,-5.0341
32.23708,-5.2221
32.24699,-5.4297
32.2569,-5.575
32.26681,-5.6703
32.27693,-5.7044
32.28705,-5.6984
32.29716,-5.7155
32.30728,-5.7205
32.31739,-5.6593
32.32751,-5.6652
32.33763,-5.6718
32.34774,-5.7092
32.35786,-5.7083
32.36798,-5.6495
32.37809,-5.5649
32.38821,-5.5263
32.3983,-5.5039
32.40836,-5.4492
32.41841,-5.4232
32.42847,-5.4023
32.43852,-5.4214
32.44858,-5.4649
32.45864,-5.4888
32.46869,-5.4451
32.47875,-4.8395
32.4888,-4.5863
32.49886,-4.7311
32.50892,-4.8067
32.51897,-4.7873
32.52891,-4.7573
32.53884,-4.6737
32.54877,-4.6102
32.5587,-4.5273
32.56863,-4.4652
32.57857,-4.3563
32.5885,-4.2579
32.59843,-4.1257
32.60836,-4.003
32.61829,-3.9008
32.62822,-3.7901
32.63815,-3.6675
32.6481,-3.5596
32.65807,-3.5293
32.66803,-3.4918
32.67799,-3.457
32.68795,-3.4579
32.69791,-3.4664
32.70788,-3.4465
32.71784,-3.4052
32.7278,-3.3272
32.73776,-3.2437
32.74773,-3.1568
32.75769,-3.0672
32.76765,-3.0211
32.77766,-3.034
32.78765,-3.0404
32.79765,-3.0737
32.80765,-3.1179
32.81765,-3.1222
32.82765,-3.0722
32.83765,-3.0494
32.84764,-3.2657
32.85764,-3.8524
32.86764,-3.5184
32.87764,-3.5243
32.88764,-3.5068
32.89765,-3.5703
32.90768,-3.662
32.91771,-3.7964
32.92774,-3.9838
32.93777,-4.1548
32.9478,-4.367
32.95783,-4.5813
32.96786,-4.7493
32.97789,-4.8951
32.98792,-5.0162
32.99795,-5.1059
33.00798,-5.1922
33.01801,-5.246
33.02797,-5.2856
33.03793,-5.2773
33.04788,-5.2763
33.05783,-5.2722
33.06779,-5.2453
33.07774,-5.2072
33.0877,-5.1808
33.09765,-5.1559
33.1076,-5.1192
33.11756,-5.0456
33.12751,-4.9921
33.13746,-4.9124
33.14746,-4.8817
33.1575,-4.8629
33.16753,-4.8388
33.17757,-4.8268
33.1876,-4.8286
33.19764,-4.8453
33.20767,-4.8737
33.2177,-4.9161
33.22774,-4.9236
33.23777,-4.9048
33.24781,-4.9024
33.25784,-4.9133
33.26788,-4.9345
33.27787,-4.9548
33.28787,-4.9796
33.29786,-4.9833
33.30785,-5.0126
33.31785,-5.0515
33.32784,-5.1123
33.33784,-5.1678
33.34783,-5.1898
33.35783,-5.2313
33.36782,-5.3382
33.37781,-5.3819
33.38781,-5.39
33.39783,-5.4033
33.40788,-5.5051
33.41793,-5.5666
33.42798,-5.6299
33.43803,-5.6818
33.44807,-5.6971
33.45812,-5.7122
33.46817,-5.7581
33.47822,-5.7621
33.48827,-5.7521
33.49831,-5.7332
33.50836,-5.6699
33.51841,-5.5701
33.52842,-5.4881
33.53841,-5.3811
33.54842,-5.2694
33.55842,-5.165
33.56842,-5.081
33.57842,-5.0213
33.58842,-4.994
33.59842,-4.9066
33.60842,-4.759
33.61842,-4.5451
33.62842,-4.3583
33.63842,-4.1435
33.64843,-4.2216
33.65844,-3.8736
33.66845,-3.7064
33.67846,-3.6051
33.68846,-3.5531
33.69847,-3.5095
33.70847,-3.5256
33.71848,-3.5011
33.72849,-3.4758
33.73849,-3.4659
33.7485,-3.4906
33.75851,-3.5092
33.76852,-3.5558
33.77857,-3.616
33.78862,-3.6606
33.79867,-3.6218
33.80872,-3.5855
33.81878,-3.6345
33.82882,-3.7317
33.83887,-3.8609
33.84893,-4.0618
33.85898,-4.3092
33.86903,-4.4848
33.87908,-4.5333
33.88913,-4.4995
33.89915,-4.4087
33.90914,-4.3771
33.91913,-4.4113
33.92912,-4.5113
33.9391,-4.6038
33.94909,-4.6488
33.95908,-4.6462
33.96906,-4.6294
33.97905,-4.5768
33.98904,-4.4863
33.99903,-4.4479
34.00901,-4.5426
34.019,-4.6914
34.02897,-4.8892
34.03894,-5.028
34.04892,-5.1737
34.05889,-5.308
34.06886,-5.4328
34.07883,-5.525
34.0888,-5.5976
34.09877,-5.6952
34.10875,-5.6562
34.11872,-5.679
34.12869,-5.6991
34.13866,-5.6835
34.14864,-5.6121
34.1586,-5.5689
34.16857,-5.6812
34.17854,-5.8219
34.1885,-5.8946
34.19847,-5.9589
34.20844,-5.9441
34.21841,-5.9385
34.22837,-5.9563
34.23834,-5.8359
34.24831,-5.7929
34.25827,-5.7746
34.26824,-5.8287
34.27831,-5.8422
34.28838,-5.8055
34.29845,-5.7412
34.30852,-5.6666
34.31858,-5.5723
34.32865,-5.4802
34.33872,-5.3964
34.34879,-5.2979
34.35886,-5.1703
34.36892,-5.0549
34.37899,-4.9221
34.38906,-4.7791
34.39909,-4.6527
34.40908,-4.5491
34.41907,-4.5116
34.42906,-4.4985
34.43905,-4.4965
34.44904,-4.4816
34.45903,-4.4621
34.46902,-4.407
34.47902,-4.314
34.489,-4.1519
34.49899,-3.9494
34.50898,-3.7507
34.51897,-3.6422
34.52901,-3.6002
34.53902,-3.5929
34.54904,-3.591
34.55906,-3.575
34.56907,-3.5596
34.57909,-3.4973
34.5891,-3.3464
34.59912,-3.0823
34.60913,-2.7585
34.61915,-2.4484
34.62917,-2.243
34.63918,-2.1213
34.64919,-2.3612
34.65918,-2.3064
34.66917,-2.2759
34.67916,-2.2121
34.68915,-2.1864
34.69914,-2.1748
34.70913,-2.1636
34.71912,-2.0506
34.72911,-1.9323
34.7391,-1.8745
34.74909,-1.8778
34.75908,-1.8939
34.76907,-1.8835
34.7791,-1.7867
34.78912,-1.6253
34.79915,-1.4721
34.80917,-1.3443
34.8192,-1.3255
34.82922,-1.3544
34.83925,-1.4299
34.84927,-1.509
34.8593,-1.6141
34.86932,-1.7629
34.87935,-1.9839
34.88937,-2.2167
34.89937,-2.4488
34.90934,-2.7139
34.91931,-2.9944
34.92928,-3.2634
34.93925,-3.5218
34.94922,-3.7272
34.95919,-3.9179
34.96916,-4.0923
34.97913,-4.2538
34.9891,-4.4128
34.99907,-4.5109
35.00904,-4.5826
35.019,-4.627
35.02901,-4.6593
35.03902,-4.6511
35.04902,-4.6306
35.05902,-4.6035
35.06903,-4.5695
35.07903,-4.5222
35.08904,-4.4879
35.09904,-4.4747
35.10904,-4.4675
35.11905,-4.4797
35.12905,-4.5098
35.13905,-4.5054
35.14905,-4.5035
35.15904,-4.5469
35.16903,-4.5728
35.17902,-4.5834
35.18901,-4.5926
35.199,-4.5788
35.20899,-4.5633
35.21898,-4.5115
35.22897,-4.5006
35.23896,-4.4755
35.24895,-4.4125
35.25895,-4.3676
35.26894,-4.3273
35.27895,-4.2833
35.28896,-4.2363
35.29896,-4.212
35.30897,-4.2106
35.31897,-4.2452
35.32898,-4.2917
35.33899,-4.3522
35.34899,-4.3991
35.359,-4.4426
35.369,-4.4986
35.37901,-4.5638
35.38902,-4.6307
35.39902,-4.7057
35.409,-4.7832
35.41897,-4.8553
35.42895,-4.9263
35.43893,-4.9766
35.4489,-4.9629
35.45888,-4.8921
35.46886,-4.7836
35.47883,-4.6486
35.48881,-4.4966
35.49878,-4.3115
35.50876,-4.1146
35.51874,-3.9106
35.52874,-3.7173
35.53873,-3.5397
35.54873,-3.3683
35.55873,-3.2051
35.56873,-3.003
35.57873,-2.8168
35.58873,-2.6067
35.59872,-2.4464
35.60872,-2.3048
35.61872,-2.1356
35.62872,-1.9395
35.63872,-1.851
35.64876,-1.5745
35.65883,-1.2959
35.66891,-1.0141
35.67899,-0.7404
35.68906,-0.5419
35.69913,-0.4246
35.70921,-0.3532
35.71929,-0.3877
35.72936,-0.5418
35.73944,-0.7838
35.74951,-1.1318
35.75959,-1.5204
35.76966,-1.9098
35.77969,-2.338
35.78972,-2.7699
35.79975,-3.1796
35.80977,-3.5536
35.8198,-3.8887
35.82983,-4.1709
35.83986,-4.3939
35.84988,-4.5881
35.85991,-4.7712
35.86994,-4.9346
35.87996,-5.0794
35.88999,-5.2172
35.89999,-5.3647
35.90995,-5.3928
35.91992,-5.4235
35.92988,-5.3894
35.93985,-5.3766
35.94981,-5.3716
35.95978,-5.1529
35.96975,-5.0189
35.97971,-4.9488
35.98967,-4.8579
35.99964,-4.9365
36.00961,-4.9235
36.01957,-4.8192
36.02961,-4.8288
36.03963,-4.8089
36.04966,-4.7701
36.05968,-4.7236
36.06971,-4.6511
36.07973,-4.5608
36.08976,-4.4706
36.09979,-4.4063
36.10981,-4.3862
36.11984,-4.373
36.12987,-4.3665
36.13989,-4.3205
36.14991,-4.2563
36.1599,-4.1734
36.1699,-4.0539
36.17989,-3.9093
36.18989,-3.6514
36.19988,-3.398
36.20988,-3.3435
36.21988,-3.0315
36.22987,-2.8729
36.23986,-2.6174
36.24986,-2.4465
36.25986,-2.2148
36.26985,-2.0902
36.27986,-1.8377
36.28986,-1.6041
36.29985,-1.4795
36.30986,-1.4218
36.31985,-1.4174
36.32985,-1.418
36.33986,-1.3842
36.34985,-1.3125
36.35985,-1.2326
36.36985,-1.1364
36.37985,-1.0208
36.38985,-0.9787
36.39985,-1.0031
36.40984,-1.0605
36.41984,-1.1989
36.42983,-1.4387
36.43983,-1.7595
36.44982,-2.109
36.45981,-2.4336
36.46981,-2.7294
36.4798,-2.9914
36.4898,-3.2655
36.49979,-3.5167
36.50978,-3.7435
36.51978,-3.9426
36.52975,-4.1007
36.53972,-4.2694
36.54969,-4.4306
36.55965,-4.5937
36.56962,-4.6995
36.57959,-4.8062
36.58955,-4.8514
36.59952,-4.8609
36.60949,-4.9468
36.61945,-4.9316
36.62942,-4.9646
36.63939,-4.9874
36.64937,-4.9683
36.65937,-4.946
36.66937,-4.8768
36.67937,-4.7552
36.68937,-4.6157
36.69938,-4.477
36.70938,-4.3646
36.71938,-4.2772
36.72938,-4.2159
36.73938,-4.145
36.74938,-4.0499
36.75938,-3.8867
36.76938,-3.6303
36.7795,-3.2424
36.78962,-2.7688
36.79974,-2.3392
36.80985,-2.0526
36.81997,-2.4935
36.83009,-2.2178
36.8402,-1.7158
36.85032,-1.4918
36.86044,-1.1672
36.87056,-0.8028
36.88067,-0.4538
36.89079,-0.2098
36.90088,-0.1724
36.91094,-0.3404
36.92101,-0.626
36.93107,-0.8815
36.94113,-1.1058
36.95119,-1.3518
36.96126,-1.5807
36.97132,-1.8155
36.98139,-2.0833
36.99145,-2.3798
37.00151,-2.6869
37.01158,-3.0157
37.02164,-3.3326
37.03161,-3.6148
37.04157,-3.8624
37.05154,-4.072
37.0615,-4.2621
37.07147,-4.4086
37.08144,-4.5388
37.0914,-4.6625
37.10136,-4.7665
37.11133,-4.8784
37.1213,-4.9861
37.13126,-5.0213
37.14123,-5.0953
37.15119,-5.1171
37.16111,-5.1616
37.17104,-5.2005
37.18096,-5.2302
37.19088,-5.2769
37.2008,-5.2384
37.21072,-5.2645
37.22065,-5.2368
37.23057,-5.2277
37.24049,-5.195
37.25041,-5.1997
37.26033,-5.1575
37.27026,-5.1388
37.28027,-5.139
37.29029,-5.1216
37.30032,-5.1001
37.31033,-5.0855
37.32035,-5.0462
37.33037,-5.0023
37.34039,-4.9497
37.35041,-4.8768
37.36043,-4.809
37.37045,-4.7661
37.38047,-4.7116
37.39049,-4.618
37.40053,-4.4796
37.41054,-4.3178
37.42055,-4.0773
37.43056,-3.7626
37.44057,-3.3838
37.45057,-3.0542
37.46058,-3.0862
37.47059,-3.3823
37.4806,-3.2031
37.49061,-2.9065
37.50062,-2.5444
37.51063,-2.2
37.52064,-1.9902
37.53068,-1.8665
37.54071,-1.7973
37.55075,-1.7811
37.56078,-1.839
37.57082,-1.9787
37.58085,-2.1583
37.59089,-2.3524
37.60092,-2.5404
37.61095,-2.7321
37.62099,-2.897
37.63102,-3.0648
37.64106,-3.2364
37.65105,-3.3948
37.66101,-3.5961
37.67097,-3.8159
37.68092,-4.0397
37.69088,-4.221
37.70084,-4.3852
37.71079,-4.5206
37.72075,-4.6218
37.7307,-4.6541
37.74066,-4.7269
37.75061,-4.7943
37.76057,-4.8319
37.77053,-4.8721
37.78049,-4.934
37.79044,-4.9952
37.8004,-5.0666
37.81035,-5.129
37.8203,-5.1138
37.83025,-5.1206
37.84021,-5.0941
37.85016,-5.0892
37.86012,-5.0701
37.87007,-5.0834
37.88002,-5.0787
37.88997,-5.1103
37.90004,-5.1283
37.91023,-5.1771
37.92042,-5.2027
37.93061,-5.1722
37.9408,-5.1344
37.95098,-5.0821
37.96117,-5.0114
37.97136,-4.9483
37.98154,-4.8704
37.99173,-4.79
38.00192,-4.7299
38.01211,-4.6782
38.0223,-4.6341
38.03223,-4.5461
38.04216,-4.4005
38.0521,-4.1908
38.06203,-3.9307
38.07196,-3.611
38.08189,-3.421
38.09182,-3.75
38.10175,-3.5236
38.11168,-3.2569
38.12161,-2.7407
38.13155,-2.2654
38.14148,-1.9969
38.15145,-1.7736
38.16145,-1.6598
38.17146,-1.6631
38.18147,-1.7422
38.19147,-1.8746
38.20148,-2.0156
38.21148,-2.162
38.22149,-2.2942
38.23149,-2.4538
38.2415,-2.6342
38.25151,-2.8222
38.26151,-3.0397
38.27152,-3.2751
38.28154,-3.5244
38.29156,-3.7867
38.30158,-4.0512
38.3116,-4.2905
38.32162,-4.4894
38.33165,-4.6612
38.34167,-4.8199
38.35168,-4.9983
38.36171,-5.1528
38.37173,-5.3014
38.38175,-5.3479
38.39177,-5.4235
38.40174,-5.4816
38.41166,-5.5037
38.42158,-5.5363
38.4315,-5.5692
38.44142,-5.5992
38.45134,-5.5883
38.46127,-5.6155
38.47118,-5.6138
38.48111,-5.6293
38.49102,-5.633
38.50095,-5.6043
38.51086,-5.6088
38.52079,-5.5841
38.53088,-5.5445
38.54097,-5.4826
38.55106,-5.4075
38.56116,-5.3246
38.57125,-5.263
38.58134,-5.2002
38.59143,-5.1412
38.60153,-5.0858
38.61162,-5.0354
38.62172,-4.9997
38.63181,-4.9644
38.6419,-4.8766
38.65193,-4.7271
38.66189,-4.5349
38.67185,-4.446
38.68181,-4.1504
38.69177,-3.9726
38.70173,-3.8653
38.71169,-3.6477
38.72165,-3.4138
38.7316,-3.1625
38.74156,-2.8728
38.75152,-2.6064
38.76148,-2.3954
38.77144,-2.2469
38.78142,-2.1531
38.7914,-2.121
38.80138,-2.0853
38.81136,-2.0146
38.82134,-1.9743
38.83132,-1.9796
38.8413,-2.0127
38.85128,-2.0078
38.86126,-1.9412
38.87123,-1.9083
38.88121,-1.9287
38.89119,-2.002
38.90122,-2.0656
38.91128,-2.1816
38.92135,-2.3483
38.93141,-2.477
38.94147,-2.582
38.95154,-2.6837
38.96161,-2.8063
38.97167,-2.9458
38.98174,-3.1206
38.9918,-3.2956
39.00186,-3.4673
39.01193,-3.659
39.02199,-3.862
39.03199,-4.1221
39.042,-4.3866
39.05199,-4.6125
39.062,-4.7951
39.072,-4.9244
39.082,-5.0276
39.092,-5.1015
39.10201,-5.1721
39.11201,-5.216
39.12201,-5.2554
39.13201,-5.2927
39.14201,-5.3201
39.15202,-5.3285
39.16203,-5.3263
39.17204,-5.2989
39.18204,-5.2728
39.19205,-5.2581
39.20205,-5.2639
39.21206,-5.2636
39.22206,-5.2737
39.23207,-5.2623
39.24208,-5.2471
39.25208,-5.2237
39.26209,-5.1775
39.27209,-5.1145
39.28212,-5.0468
39.29214,-5.0072
39.30216,-4.9845
39.31218,-4.993
39.3222,-5.0232
39.33223,-5.0623
39.34225,-5.1216
39.35227,-5.2286
39.36229,-5.3422
39.37231,-5.3766
39.38233,-5.4083
39.39235,-5.4468
39.40236,-5.4472
39.41236,-5.4905
39.42236,-5.5386
39.43237,-5.6124
39.44237,-5.6437
39.45237,-5.6603
39.46237,-5.6539
39.47237,-5.6289
39.48237,-5.6144
39.49237,-5.6244
39.50237,-5.596
39.51237,-5.5783
39.52237,-5.5356
39.53234,-5.4801
39.5423,-5.4275
39.55227,-5.3447
39.56223,-5.2661
39.5722,-5.176
39.58216,-5.1007
39.59212,-5.0097
39.60209,-4.9346
39.61205,-4.8469
39.62202,-4.7406
39.63198,-4.6193
39.64195,-4.4872
39.65197,-4.3575
39.66203,-4.1915
39.67209,-3.973
39.68216,-3.7296
39.69222,-3.514
39.70229,-3.2511
39.71235,-3.0048
39.72242,-2.8316
39.73248,-2.6639
39.74254,-2.5276
39.75261,-2.4384
39.76267,-2.3866
39.77274,-2.3553
39.78267,-2.3445
39.7926,-2.3303
39.80252,-2.3637
39.81245,-2.4607
39.82238,-2.5746
39.83231,-2.7027
39.84224,-2.8688
39.85217,-3.0833
39.86209,-3.2985
39.87202,-3.499
39.88195,-3.697
39.89188,-3.9241
39.90182,-4.1673
39.91179,-4.4031
39.92176,-4.5895
39.93172,-4.7534
39.94168,-4.8682
39.95165,-4.9572
39.96162,-5.0203
39.97158,-5.0682
39.98154,-5.1152
39.99151,-5.1447
40.00148,-5.1575
40.01144,-5.1695
40.0214,-5.1837
40.03142,-5.2085
40.04143,-5.2261
40.05143,-5.2254
40.06144,-5.2305
40.07145,-5.2371
40.08146,-5.2601
40.09146,-5.2585
40.10147,-5.1987
40.11148,-5.1101
40.12149,-5.0603
40.1315,-5.0479
40.1415,-5.0358
40.15156,-5.063
40.16166,-5.0715
40.17176,-5.0421
40.18186,-5.0143
40.19196,-5.0179
40.20206,-4.9971
40.21216,-4.9702
40.22226,-4.9554
40.23236,-4.9241
40.24247,-4.9336
40.25256,-4.9247
40.26266,-4.9228
40.27277,-4.9043
40.28276,-4.8765
40.29276,-4.8541
40.30276,-4.8571
40.31275,-4.8637
40.32275,-4.8495
40.33274,-4.8218
40.34274,-4.7655
40.35274,-4.6793
40.36273,-4.5602
40.37273,-4.4686
40.38272,-4.4107
40.39272,-4.3545
40.40273,-4.3222
40.41273,-4.282
40.42274,-4.2319
40.43275,-4.1471
40.44276,-3.9992
40.45277,-3.803
40.46278,-3.53
40.47279,-3.1794
40.48279,-2.8166
40.4928,-2.59
40.50281,-2.4605
40.51282,-2.4408
40.52283,-2.3722
40.53283,-2.2454
40.54282,-2.0855
40.55281,-1.928
40.5628,-1.7699
40.57279,-1.6187
40.58278,-1.4171
40.59277,-1.228
40.60276,-1.0846
40.61275,-1.0249
40.62274,-1.0168
40.63273,-1.0453
40.64272,-1.0509
40.65275,-1.0362
40.66282,-0.9843
40.67289,-0.9152
40.68295,-0.8544
40.69302,-0.8018
40.70309,-0.7585
40.71315,-0.7039
40.72322,-0.6744
40.73329,-0.6754
40.74336,-0.7049
40.75343,-0.7907
40.76349,-0.9088
40.77356,-1.0788
40.78344,-1.2562
40.79332,-1.4569
40.8032,-1.7078
40.81308,-2.0052
40.82296,-2.2945
40.83284,-2.5756
40.84272,-2.8301
40.8526,-3.0797
40.86248,-3.288
40.87236,-3.5047
40.88224,-3.6978
40.89212,-3.8661
40.9021,-4.0223
40.91217,-4.144
40.92224,-4.2381
40.93231,-4.3166
40.94238,-4.3876
40.95244,-4.5004
40.96251,-4.6024
40.97258,-4.7167
40.98265,-4.8289
40.99272,-4.9049
41.00278,-4.9457
41.01286,-4.9863
41.02292,-4.996
41.03289,-4.9806
41.04287,-4.9547
41.05283,-4.9648
41.06281,-4.9722
41.07277,-4.9347
41.08274,-4.8804
41.09271,-4.8183
41.10268,-4.7321
41.11266,-4.643
41.12262,-4.5692
41.1326,-4.5004
41.14256,-4.3684
41.15253,-4.0835
41.16249,-3.6441
41.17245,-3.1984
41.18242,-2.8693
41.19238,-2.6956
41.20234,-2.5553
41.2123,-2.4015
41.22226,-2.2168
41.23223,-1.9785
41.24219,-1.6636
41.25215,-1.2653
41.26211,-0.8969
41.27207,-0.5502
41.28217,-0.4314
41.29227,-0.3652
41.30236,-0.3301
41.31246,-0.3128
41.32256,-0.3091
41.33266,-0.4078
41.34275,-0.594
41.35285,-0.8236
41.36295,-0.9878
41.37305,-1.1226
41.38314,-1.275
41.39324,-1.4153
41.40329,-1.5944
41.4133,-1.8557
41.42329,-2.1594
41.43329,-2.4773
41.44329,-2.7766
41.45329,-3.0121
41.46329,-3.2196
41.47329,-3.42
41.48329,-3.5857
41.49329,-3.7769
41.50329,-3.951
41.51329,-4.137
41.52328,-4.2848
41.53329,-4.3948
41.54329,-4.4852
41.5533,-4.5546
41.5633,-4.6157
41.5733,-4.6895
41.58331,-4.7703
41.59331,-4.8428
41.60331,-4.9172
41.61332,-4.9846
41.62332,-5.0247
41.63332,-5.0252
41.64333,-5.0173
41.65333,-5.0088
41.66332,-4.9955
41.67331,-5.0045
41.6833,-4.964
41.69329,-4.9667
41.70328,-4.9405
41.71327,-4.8947
41.72326,-4.8286
41.73325,-4.7753
41.74324,-4.7191
41.75323,-4.696
41.76321,-4.6706
41.7732,-4.6392
41.78318,-4.5589
41.79317,-4.3598
41.80315,-3.9247
41.81313,-3.3609
41.82311,-3.2715
41.83309,-3.3046
41.84307,-2.9815
41.85305,-2.677
41.86303,-2.3188
41.87302,-2.0408
41.883,-2.3245
41.89298,-2.4533
41.90298,-2.1589
41.91299,-2.3547
41.92301,-2.4418
41.93302,-2.2318
41.94304,-2.3229
41.95304,-2.5727
41.96306,-2.7429
41.97307,-2.8715
41.98309,-3.0242
41.9931,-3.1967
42.00311,-3.3798
42.01312,-3.5329
42.02314,-3.6745
42.03314,-3.8157
42.04314,-3.9331
42.05314,-4.0666
42.06314,-4.2178
42.07314,-4.3585
42.08315,-4.4879
42.09315,-4.5933
42.10315,-4.6993
42.11315,-4.8096
42.12315,-4.8892
42.13315,-4.944
42.14315,-4.9524
42.15316,-4.934
42.16315,-4.8974
42.17314,-4.8784
42.18314,-4.8437
42.19313,-4.8095
42.20312,-4.8114
42.21311,-4.8418
42.22311,-4.8499
42.2331,-4.8691
42.24309,-4.9192
42.25308,-4.966
42.26308,-4.9783
42.27307,-4.9974
42.28308,-4.9874
42.29308,-4.9811
42.30309,-4.9692
42.31309,-4.9618
42.32309,-4.9255
42.3331,-4.8767
42.3431,-4.7888
42.3531,-4.6925
42.36311,-4.5722
42.37312,-4.4294
42.38312,-4.2971
42.39312,-4.1841
42.40311,-4.073
42.4131,-3.974
42.42308,-3.8303
42.43306,-3.6572
42.44304,-3.3764
42.45302,-2.974
42.46301,-2.5383
42.47298,-2.1214
42.48297,-1.7794
42.49295,-1.5245
42.50293,-1.2999
42.51291,-1.0015
42.52289,-0.6668
42.53299,-0.2945
42.54307,-0.1478
42.55316,-1.7683
42.56324,0.0596
42.57333,-0.0812
42.58342,-1.1542
42.5935,-0.1215
42.60359,-0.3246
42.61368,-0.7693
42.62376,-1.2203
42.63385,-1.5456
42.64394,-1.7603
42.65396,-1.9305
42.66393,-2.0696
42.67389,-2.2049
42.68385,-2.3031
42.69381,-2.443
42.70378,-2.6332
42.71374,-2.8809
42.7237,-3.1738
42.73367,-3.5127
42.74363,-3.8161
42.75359,-4.1022
42.76355,-4.354
42.77351,-4.584
42.78354,-4.778
42.79357,-4.9436
42.80359,-5.0793
42.81362,-5.1892
42.82365,-5.2902
42.83367,-5.3612
42.8437,-5.4046
42.85372,-5.4503
42.86375,-5.4875
42.87378,-5.5229
42.8838,-5.5504
42.89383,-5.5738
42.90386,-5.6053
42.91387,-5.6672
42.92387,-5.647
42.93388,-5.7032
42.94389,-5.6986
42.95389,-5.7292
42.9639,-5.7289
42.9739,-5.7592
42.98391,-5.7941
42.99391,-5.7859
43.00392,-5.7593
43.01392,-5.7272
43.02393,-5.7121
43.03392,-5.6697
43.04391,-5.6659
43.05389,-5.6698
43.06388,-5.6539
43.07386,-5.6495
43.08385,-5.6319
43.09383,-5.5866
43.10381,-5.5082
43.1138,-5.4239
43.12378,-5.3147
43.13377,-5.1952
43.14375,-5.0857
43.15372,-4.9748
43.16369,-4.7874
43.17366,-4.5396
43.18362,-4.2316
43.19358,-3.965
43.20355,-3.9523
43.21352,-3.9862
43.22348,-3.447
43.23345,-3.1491
43.24341,-2.7941
43.25338,-2.5624
43.26334,-2.3566
43.27331,-2.1843
43.28336,-2.0768
43.2934,-2.051
43.30345,-1.989
43.31349,-1.8757
43.32354,-1.7062
43.33358,-1.6048
43.34362,-1.5112
43.35367,-1.4458
43.36372,-1.3208
43.37376,-1.2153
43.3838,-1.1829
43.39385,-1.1671
43.40386,-1.1866
43.41382,-1.1854
43.42378,-1.2012
43.43374,-1.2642
43.4437,-1.3824
43.45366,-1.4727
43.46362,-1.5498
43.47358,-1.5683
43.48354,-1.5844
43.4935,-1.5828
43.50346,-1.5551
43.51342,-1.5346
43.52338,-1.5014
43.53337,-1.437
43.54337,-1.2985
43.55336,-1.1929
43.56336,-1.1138
43.57335,-1.1106
43.58335,-1.1464
43.59334,-1.2193
43.60334,-1.2802
43.61333,-1.2282
43.62333,-1.1181
43.63332,-0.9344
43.64332,-0.7927
43.65338,-0.7431
43.66349,-0.7666
43.67361,-0.7801
43.68373,-0.7938
43.69384,-0.7926
43.70396,-0.6928
43.71408,-0.6437
43.72419,-0.6478
43.73431,-0.6825
43.74442,-0.7347
43.75454,-0.8222
43.76466,-0.9414
43.77477,-1.0805
43.78473,-1.2748
43.7947,-1.5077
43.80466,-1.7444
43.81462,-1.9387
43.82458,-2.0781
43.83454,-2.2257
43.8445,-2.4056
43.85446,-2.6107
43.86443,-2.7937
43.87439,-2.9747
43.88435,-3.1701
43.89431,-3.3337
43.90431,-3.472
43.91434,-3.6126
43.92438,-3.7227
43.93442,-3.8611
43.94445,-4.0143
43.95449,-4.1846
43.96452,-4.3473
43.97456,-4.4874
43.9846,-4.6081
43.99463,-4.698
44.00467,-4.7746
44.0147,-4.8273
44.02474,-4.8686
44.0347,-4.8975
44.04465,-4.9144
44.05461,-4.9258
44.06457,-4.924
44.07453,-4.8983
44.08448,-4.8396
44.09444,-4.7793
44.1044,-4.6941
44.11436,-4.6146
44.12431,-4.5465
44.13427,-4.5027
44.14423,-4.4459
44.15421,-4.3693
44.16421,-4.1338
44.17421,-3.5919
44.18422,-2.9157
44.19422,-2.5666
44.20422,-2.5934
44.21422,-2.6505
44.22422,-2.5705
44.23422,-2.5461
44.24422,-2.4403
44.25422,-2.1981
44.26422,-1.9375
44.27422,-1.7002
44.28426,-1.5281
44.29428,-1.4484
44.30431,-1.4384
44.31433,-1.4029
44.32436,-1.3359
44.33438,-1.3661
44.3444,-2.7797
44.35443,-1.2786
44.36445,-1.6507
44.37447,-1.8768
44.3845,-1.4425
44.39452,-1.0089
44.40452,-1.4757
44.41449,-1.1362
44.42446,-1.131
44.43443,-1.0783
44.44439,-1.1882
44.45436,-1.4427
44.46433,-1.7292
44.4743,-2.0473
44.48426,-2.3792
44.49423,-2.6835
44.5042,-2.9795
44.51417,-3.2392
44.52414,-3.4855
44.53413,-3.6998
44.54413,-3.9372
44.55413,-4.165
44.56412,-4.4074
44.57412,-4.6325
44.58412,-4.8129
44.59411,-4.9523
44.60411,-5.0298
44.61411,-5.0944
44.6241,-5.1447
44.6341,-5.1724
44.6441,-5.1884
44.65409,-5.2277
44.6641,-5.2707
44.6741,-5.3161
44.68409,-5.3811
44.6941,-5.454
44.70409,-5.5089
44.71409,-5.5525
44.72409,-5.5907
44.73409,-5.6107
44.74409,-5.5992
44.75409,-5.5904
44.76409,-5.5728
44.77409,-5.546
44.78408,-5.5637
44.79408,-5.5379
44.80406,-5.5108
44.81405,-5.5003
44.82404,-5.5054
44.83403,-5.4782
44.84402,-5.4583
44.85401,-5.4207
44.864,-5.4208
44.87399,-5.4331
44.88398,-5.4329
44.89397,-5.3925
44.90402,-5.3759
44.91412,-5.344
44.92423,-5.3361
44.93434,-5.327
44.94444,-5.3215
44.95455,-5.2943
44.96466,-5.2646
44.97476,-5.2185
44.98487,-5.1681
44.99497,-5.1277
45.00508,-5.0819
45.01519,-5.0237
45.02529,-4.9632
45.0353,-4.8636
45.0453,-4.7325
45.05531,-4.5618
45.06531,-4.3904
45.07531,-4.1857
45.08532,-3.9432
45.09532,-3.7553
45.10532,-3.606
45.11533,-3.4694
45.12533,-3.2764
45.13533,-3.0608
45.14534,-2.8279
45.15534,-2.6208
45.16533,-2.4284
45.17532,-2.2942
45.18531,-2.1703
45.1953,-2.049
45.20529,-1.9271
45.21528,-1.8091
45.22527,-1.6805
45.23526,-1.5157
45.24525,-1.4332
45.25524,-1.3997
45.26523,-1.3758
45.27522,-1.3554
45.28522,-1.3327
45.29522,-1.3023
45.30521,-1.2548
45.31521,-1.2392
45.32521,-1.2255
45.3352,-1.2288
45.3452,-1.2398
45.35519,-1.2439
45.36519,-1.2362
45.37519,-1.1957
45.38519,-1.1707
45.39518,-1.1602
45.40518,-1.1468
45.41518,-1.1502
45.42517,-1.1414
45.43517,-1.0814
45.44516,-0.9636
45.45516,-0.8556
45.46515,-0.7897
45.47515,-0.7417
45.48515,-0.759
45.49514,-0.7872
45.50513,-0.792
45.51513,-0.8225
45.52513,-0.8529
45.5351,-0.8634
45.54507,-0.8648
45.55504,-0.8529
45.56501,-0.8028
45.57497,-0.6982
45.58494,-0.6058
45.59491,-0.5316
45.60488,-0.4642
45.61485,-0.3938
45.62482,-0.3096
45.63478,-0.19
45.64475,0.0269
45.65475,0.3088
45.66476,0.625
45.67478,0.8596
45.6848,0.9507
45.69482,0.9419
45.70483,0.7794
45.71485,0.5768
45.72487,0.4468
45.73489,0.438
45.7449,0.5788
45.75492,0.8323
45.76494,1.0947
45.77496,1.3036
45.78496,1.3326
45.79496,1.1937
45.80496,1.0813
45.81496,0.9497
45.82496,0.7663
45.83496,0.5278
45.84496,0.3242
45.85496,0.1995
45.86496,0.1952
45.87496,0.2171
45.88496,0.2928
45.89496,0.3784
45.90499,0.4202
45.91504,0.3589
45.92509,0.2299
45.93513,0.0709
45.94518,-0.1457
45.95523,-0.4534
45.96528,-0.8084
45.97533,-1.2155
45.98537,-1.6502
45.99542,-2.0785
46.00547,-2.4835
46.01551,-2.8279
46.02556,-3.1288
46.03559,-3.3731
46.04563,-3.5091
46.05566,-3.5851
46.06569,-3.6227
46.07572,-3.6216
46.08575,-3.6107
46.09578,-3.5784
46.10581,-3.5493
46.11584,-3.551
46.12587,-3.5634
46.1359,-3.5655
46.14593,-3.5245
46.15595,-3.4989
46.16595,-3.4626
46.17595,-3.4349
46.18595,-3.4232
46.19595,-3.4093
46.20594,-3.4127
46.21594,-3.4659
46.22594,-3.5628
46.23594,-3.6605
46.24594,-3.7535
46.25594,-3.8347
46.26593,-3.8943
46.27593,-3.9253
46.28592,-3.9523
46.29591,-3.998
46.3059,-4.0324
46.31589,-4.091
46.32588,-4.147
46.33587,-4.1738
46.34586,-4.1925
46.35585,-4.1959
46.36584,-4.1783
46.37582,-4.1082
46.38581,-4.0299
46.39581,-3.892
46.40584,-3.7203
46.41591,-3.5178
46.42598,-3.279
46.43606,-3.0526
46.44613,-2.8676
46.4562,-2.663
46.46628,-2.4714
46.47635,-2.2793
46.48642,-2.1023
46.4965,-1.9581
46.50657,-1.8183
46.51664,-1.6746
46.52672,-1.5306
46.53666,-1.3909
46.54659,-1.2533
46.55653,-1.1424
46.56646,-1.0737
46.5764,-1.0389
46.58633,-0.9996
46.59626,-0.9222
46.6062,-0.8494
46.61613,-0.8096
46.62607,-0.8565
46.636,-0.9477
46.64594,-1.0549
46.65588,-1.1537
46.66585,-1.1675
46.67581,-1.161
46.68577,-1.1884
46.69574,-1.189
46.7057,-1.4986
46.71566,-2.1527
46.72562,-1.8594
46.73558,-2.0473
46.74555,-2.0226
46.75551,-2.0006
46.76547,-2.0783
46.77544,-2.1141
46.78544,-2.206
46.79543,-2.1901
46.80543,-2.1976
46.81542,-2.2654
46.82542,-2.4234
46.83541,-2.6449
46.84541,-2.8678
46.8554,-3.0989
46.8654,-3.3437
46.87539,-3.5836
46.88539,-3.7901
46.89538,-3.979
46.90538,-4.1618
46.91539,-4.3556
46.9254,-4.5338
46.93541,-4.6883
46.94542,-4.7962
46.95542,-4.8624
46.96543,-4.8931
46.97544,-4.9028
46.98544,-4.8883
46.99545,-4.8749
47.00546,-4.8607
47.01547,-4.8583
47.02547,-4.878
47.03553,-4.8889
47.04556,-4.8976
47.05559,-4.8995
47.06562,-4.9132
47.07566,-4.9143
47.08569,-4.8978
47.09572,-4.8755
47.10575,-4.8347
47.11578,-4.7755
47.12582,-4.6878
47.13585,-4.6078
47.14588,-4.5796
47.15593,-4.5888
47.16598,-4.6177
47.17603,-4.6542
47.18608,-4.657
47.19613,-4.6198
47.20618,-4.5624
47.21623,-4.4987
47.22628,-4.4538
47.23633,-4.4806
47.24638,-4.5651
47.25644,-4.6217
47.26648,-4.6249
47.27654,-4.6063
47.28655,-4.5776
47.29655,-4.5503
47.30656,-4.5122
47.31657,-4.4784
47.32658,-4.4219
47.33658,-4.397
47.34659,-4.3359
47.3566,-4.2555
47.3666,-4.1836
47.37661,-4.1213
47.38662,-3.9797
47.39663,-3.7274
47.40663,-3.3675
47.41662,-2.978
47.42662,-2.7218
47.43661,-2.6
47.44661,-2.4991
47.4566,-2.4318
47.46659,-2.4155
47.47659,-2.4274
47.48658,-2.4268
47.49658,-2.4083
47.50657,-2.393
47.51657,-2.3237
47.52656,-2.2498
47.53656,-2.2028
47.54656,-2.1375
47.55655,-2.0558
47.56655,-1.9197
47.57655,-1.8012
47.58654,-1.7162
47.59654,-1.6257
47.60654,-1.4838
47.61654,-1.3226
47.62653,-1.1251
47.63653,-0.9171
47.64653,-0.78
47.65652,-0.7607
47.66651,-0.8163
47.6765,-0.8669
47.68649,-0.8652
47.69648,-0.833
47.70647,-0.7891
47.71646,-0.6909
47.72644,-0.5451
47.73643,-0.3429
47.74642,-0.1772
47.75641,-0.1204
47.7664,-0.2151
47.77639,-0.4192
47.78637,-0.5785
47.79634,-0.6414
47.80632,-0.5875
47.81629,-0.5524
47.82627,-0.5211
47.83624,-0.4589
47.84621,-0.3256
47.85619,-0.2216
47.86617,-0.1329
47.87614,-0.1168
47.88611,-0.2138
47.89609,-0.3236
47.90609,-0.4259
47.91611,-0.4413
47.92614,-0.5059
47.93616,-0.5708
47.94619,-0.5792
47.95622,-0.5991
47.96624,-0.5273
47.97627,-0.4471
47.9863,-0.3782
47.99633,-0.2949
48.00635,-0.1817
48.01638,-0.0894
48.02641,-0.0406
48.03641,0.0376
48.04641,0.0943
48.05641,0.0689
48.06641,-0.0502
48.07641,-0.1336
48.08641,-0.2063
48.09641,-0.2019
48.10641,-0.1377
48.11641,-0.1198
48.12641,-0.0685
48.13641,-0.0713
48.1464,-0.0688
48.1564,-0.0451
48.1664,0.0814
48.17639,0.2318
48.18638,0.2831
48.19638,0.2058
48.20637,-0.0366
48.21636,-0.3353
48.22636,-0.5434
48.23635,-0.6176
48.24634,-0.4869
48.25634,-0.2575
48.26633,-0.1131
48.27632,-0.1075
48.2864,-0.2746
48.29649,-0.5172
48.30657,-0.7472
48.31665,-0.8346
48.32674,-0.75
48.33682,-0.5458
48.3469,-0.2564
48.35699,0.0344
48.36707,0.2692
48.37716,0.3788
48.38724,0.3625
48.39732,0.2306
48.40736,0.1004
48.41733,0.0073
48.4273,-0.0342
48.43727,-0.0215
48.44724,-0.0479
48.45721,-0.1199
48.46718,-0.1843
48.47715,-0.2151
48.48713,-0.185
48.4971,0.0126
48.50706,0.2357
48.51704,0.4069
48.52701,0.5212
48.53703,0.5452
48.54705,0.5154
48.55706,0.5632
48.56709,0.6551
48.5771,0.7821
48.58712,0.9926
48.59714,1.2293
48.60716,1.4268
48.61718,1.5897
48.6272,1.6514
48.63721,1.6126
48.64724,1.6539
48.65723,1.6894
48.6672,1.7332
48.67717,1.793
48.68714,1.8333
48.69711,1.8517
48.70708,1.8662
48.71705,1.9665
48.72702,2.0267
48.73699,2.0508
48.74696,1.987
48.75692,1.8353
48.7669,1.585
48.77686,1.245
48.78688,0.8407
48.7969,0.42
48.80691,0.0227
48.81693,-0.3946
48.82694,-0.8137
48.83696,-1.2806
48.84697,-1.7383
48.85699,-2.1227
48.867,-2.3196
48.87701,-2.4166
48.88703,-2.5079
48.89704,-2.5834
48.90706,-2.6726
48.91706,-2.8034
48.92707,-2.9718
48.93708,-3.202
48.94708,-3.4866
48.95709,-3.7872
48.9671,-4.049
48.9771,-4.241
48.98711,-4.3776
48.99712,-4.4514
49.00713,-4.5364
49.01713,-4.6402
49.02714,-4.7633
49.03712,-4.8553
49.04711,-4.9009
49.05709,-4.9004
49.06707,-4.8429
49.07706,-4.7302
49.08704,-4.6036
49.09703,-4.5187
49.10701,-4.4244
49.11699,-4.3654
49.12698,-4.3019
49.13696,-4.2033
49.14694,-4.0304
49.15693,-3.7291
49.16692,-3.3068
49.17691,-2.8711
49.18689,-2.4322
49.19688,-2.0782
49.20687,-1.813
49.21685,-1.6326
49.22684,-1.4282
49.23683,-1.126
49.24681,-0.7146
49.2568,-0.2322
49.26679,0.1766
49.27678,0.5058
49.28678,0.7865
49.29676,1.0794
49.30675,1.2825
49.31674,1.4516
49.32672,1.5895
49.33671,1.5482
49.34669,1.3426
49.35668,1.0823
49.36667,0.8849
49.37665,0.7872
49.38664,0.704
49.39663,0.712
49.40668,0.6343
49.41678,0.5141
49.42689,0.3983
49.437,0.3458
49.4471,0.4378
49.45721,0.6306
49.46732,0.8412
49.47742,0.9205
49.48753,1.0007
49.49763,0.9671
49.50774,0.8643
49.51785,0.7208
49.52795,0.6817
49.53793,0.7621
49.5479,0.8507
49.55787,0.9647
49.56784,0.9821
49.57782,0.9469
49.58779,0.8309
49.59776,0.8349
49.60773,0.9756
49.61771,1.0868
49.62768,1.273
49.63765,1.3565
49.64762,1.3248
49.6576,1.313
49.6676,1.2223
49.67759,1.2075
49.68758,1.4382
49.69758,1.7703
49.70757,2.0829
49.71756,2.3764
49.72756,2.4656
49.73755,2.4504
49.74754,2.3989
49.75754,2.4602
49.76753,2.5918
49.77752,2.7434
49.78757,2.8958
49.79761,2.8939
49.80764,2.8969
49.81767,2.8891
49.8277,2.8102
49.83773,2.7792
49.84776,2.9484
49.8578,3.1315
49.86782,3.4327
49.87786,3.6819
49.88789,3.8802
49.89792,3.9241
49.90793,3.857
49.91791,3.7538
49.92789,3.5892
49.93788,3.3186
49.94786,2.8772
49.95784,2.3021
49.96783,1.629
49.97781,0.844
49.98779,0.0378
49.99778,-0.603
50.00776,-1.1261
50.01774,-1.4581
50.02773,-1.747
50.0377,-2.0102
50.04768,-2.273
50.05765,-2.5064
50.06763,-2.7459
50.0776,-2.9823
50.08757,-3.2319
50.09755,-3.5106
50.10752,-3.7629
50.1175,-3.9492
50.12747,-4.0467
50.13744,-4.1664
50.14742,-4.3045
50.15744,-4.4331
50.1675,-4.5414
50.17756,-4.5808
50.18761,-4.5897
50.19767,-4.5545
50.20773,-4.4851
50.21779,-4.382
50.22785,-4.2485
50.23791,-4.1028
50.24797,-3.9728
50.25803,-3.8488
50.26809,-3.7637
50.27814,-3.6753
50.28809,-3.5063
50.29803,-2.8359
50.30796,-1.7446
50.31789,-0.734
50.32782,-0.4557
50.33776,-0.3549
50.34769,-0.2112
50.35762,-0.0793
50.36756,0.0133
50.37749,0.2691
50.38742,0.4075
50.39736,0.4572
50.4074,0.3961
50.41753,0.2321
50.42767,-0.0589
50.4378,-0.4992
50.44794,-0.9696
50.45807,-1.4537
50.4682,-1.8008
50.47834,-2.2298
50.48847,-2.4987
50.49861,-2.7175
50.50874,-2.893
50.51888,-3.0454
50.52901,-3.1736
50.53895,-3.3172
50.54889,-3.4709
50.55882,-3.6348
50.56876,-3.7828
50.5787,-3.9372
50.58863,-4.1649
50.59857,-4.4175
50.60851,-4.5607
50.61844,-4.6228
50.62838,-4.6799
50.63832,-4.6707
50.64825,-4.5716
50.65824,-4.4453
50.66825,-4.2934
50.67826,-4.113
50.68826,-3.9598
50.69827,-3.8323
50.70827,-3.7241
50.71828,-3.3895
50.72829,-3.2032
50.73829,-1.3759
50.7483,-0.1576
50.7583,-0.3448
50.76831,-1.5107
50.77832,-0.7532
50.78831,-0.7346
50.7983,-0.7234
50.80828,-0.5686
50.81828,-0.6109
50.82826,-0.7473
50.83825,-0.8802
50.84824,-1.1627
50.85823,-1.6072
50.86822,-2.1936
50.87821,-2.768
50.8882,-3.3266
50.89819,-3.8074
50.9082,-4.1025
50.91821,-4.4284
50.92823,-4.6296
50.93825,-4.7801
50.94827,-4.8743
50.95829,-4.8519
50.9683,-4.8051
50.97832,-4.8202
50.98834,-4.8238
50.99836,-4.8419
51.00838,-4.8559
51.0184,-4.8301
51.02842,-4.7965
51.03843,-4.7648
51.04843,-4.7507
51.05843,-4.7724
51.06843,-4.8132
51.07843,-4.8687
51.08843,-4.9269
51.09843,-4.9899
51.10843,-5.0294
51.11843,-5.015
51.12843,-5.0161
51.13844,-5.0517
51.14843,-5.1406
51.15844,-5.2272
51.16843,-5.3085
51.17844,-5.3516
51.18843,-5.3253
51.19843,-5.2314
51.20843,-5.1169
51.21843,-5.0038
51.22843,-4.9272
51.23843,-4.8689
51.24843,-4.8083
51.25843,-4.7011
51.26843,-4.686
51.27843,-4.7243
51.28842,-4.7054
51.29841,-4.7493
51.3084,-4.6994
51.31839,-4.692
51.32838,-4.7372
51.33838,-4.7829
51.34837,-4.8193
51.35836,-4.833
51.36835,-4.8306
51.37834,-4.8333
51.38833,-4.7878
51.39832,-4.7482
51.40832,-4.6814
51.4183,-4.6527
51.42827,-4.6347
51.43825,-4.6283
51.44823,-4.6023
51.45821,-4.5337
51.46819,-4.4171
51.47816,-4.2333
51.48814,-3.923
51.49812,-3.5883
51.5081,-3.2198
51.51807,-2.6259
51.52805,-1.7233
51.53808,-0.5606
51.5481,-0.0076
51.55813,1.9295
51.56815,3.7004
51.57817,4.3168
51.5882,4.2728
51.59822,4.0279
51.60825,3.8478
51.61827,3.3803
51.62829,2.7605
51.63832,2.2966
51.64834,1.99
51.65838,1.6218
51.66844,1.1699
51.67849,0.752
51.68855,0.308
51.6986,-0.2206
51.70865,-0.7184
51.71871,-1.2236
51.72876,-1.7632
51.73882,-2.31
51.74887,-2.8269
51.75893,-3.341
51.76898,-3.7248
51.77903,-3.9983
51.78904,-4.2143
51.79903,-4.4024
51.80904,-4.5266
51.81904,-4.6124
51.82904,-4.6979
51.83904,-4.7803
51.84904,-4.873
51.85904,-5.0073
51.86904,-5.1645
51.87904,-5.3087
51.88904,-5.4379
51.89904,-5.4603
51.90905,-5.4003
51.91905,-5.3555
51.92906,-5.3203
51.93906,-5.2973
51.94907,-5.2557
51.95907,-5.2035
51.96907,-5.1825
51.97908,-5.1528
51.98908,-5.1381
51.99909,-5.117
52.00909,-5.1011
52.0191,-5.0708
52.0291,-5.0501
52.0391,-4.994
52.04909,-4.8571
52.05908,-4.4798
52.06907,-3.7131
52.07905,-3.0352
52.08904,-1.2689
52.09903,-2.9183
52.10902,-2.3462
52.11901,-1.4665
52.12899,-1.9333
52.13898,-1.9775
52.14897,-2.3805
52.15897,-0.9346
52.16899,-1.2162
52.17901,-1.2943
52.18902,-1.1551
52.19904,-1.2147
52.20906,-1.3029
52.21907,-1.4394
52.22909,-1.8269
52.23911,-2.3008
52.24912,-2.7992
52.25914,-3.2281
52.26915,-3.6283
52.27917,-3.9137
52.28916,-4.1357
52.29915,-4.3953
52.30914,-4.6025
52.31913,-4.7876
52.32912,-4.9173
52.33911,-4.9657
52.3491,-5.0415
52.35909,-5.0746
52.36908,-5.0894
52.37907,-5.1022
52.38905,-5.1049
52.39904,-5.1395
52.40906,-5.1954
52.41906,-5.1967
52.42905,-5.2255
52.43905,-5.2193
52.44905,-5.1593
52.45905,-5.1243
52.46905,-5.0254
52.47905,-4.9805
52.48905,-5.0138
52.49905,-5.108
52.50904,-5.2285
52.51904,-5.3204
52.52904,-5.3959
52.53903,-5.4378
52.549,-5.4881
52.55897,-5.5671
52.56894,-5.6766
52.57891,-5.7818
52.58887,-5.8485
52.59885,-5.8477
52.60881,-5.8098
52.61879,-5.7562
52.62875,-5.5998
52.63873,-5.4622
52.64869,-5.3817
52.6587,-5.3575
52.66872,-5.3356
52.67875,-5.3942
52.68877,-5.4841
52.6988,-5.532
52.70883,-5.5063
52.71886,-5.3969
52.72889,-5.2462
52.73891,-5.1116
52.74894,-5.0357
52.75897,-4.9587
52.76899,-4.9451
52.77902,-4.9153
52.7891,-4.9008
52.79918,-4.8798
52.80925,-4.8964
52.81932,-4.905
52.8294,-4.894
52.83947,-4.8234
52.84955,-4.8125
52.85962,-4.8026
52.8697,-4.8295
52.87977,-4.7957
52.88985,-4.6644
52.89992,-4.4689
52.90994,-4.2865
52.91991,-4.1943
52.92987,-4.1932
52.93984,-4.2326
52.94981,-4.3332
52.95977,-4.5078
52.96974,-4.7171
52.97971,-4.9131
52.98967,-5.0388
52.99964,-5.0526
53.00961,-4.9938
53.01957,-4.9413
53.02954,-4.9111
53.03957,-4.8688
53.04959,-4.8635
53.05962,-4.903
53.06965,-4.9196
53.07967,-4.7651
53.0897,-4.5712
53.09972,-4.4824
53.10975,-4.4088
53.11977,-4.355
53.1298,-4.2911
53.13983,-4.2535
53.14985,-4.262
53.15986,-4.2576
53.16985,-4.2747
53.17983,-4.2815
53.18981,-4.2914
53.19979,-4.2597
53.20978,-4.2237
53.21976,-4.1927
53.22975,-4.1806
53.23973,-4.1899
53.24971,-4.2349
53.2597,-4.2613
53.26968,-4.2577
53.27967,-4.2502
53.28964,-4.2172
53.29962,-4.1595
53.30959,-4.0847
53.31956,-4.1186
53.32954,-4.1154
53.33952,-4.0967
53.34949,-4.0844
53.35946,-4.0672
53.36944,-4.0712
53.37941,-4.064
53.38939,-4.0495
53.39936,-4.0534
53.4094,-4.0587
53.41951,-4.0564
53.42961,-4.0971
53.43971,-4.182
53.44982,-4.3243
53.45992,-4.3298
53.47002,-4.345
53.48013,-4.3594
53.49023,-4.3497
53.50033,-4.3597
53.51043,-4.3904
53.52053,-4.4823
53.53064,-4.571
53.54054,-4.602
53.55044,-4.7172
53.56034,-4.8253
53.57024,-4.9167
53.58015,-4.9506
53.59005,-4.8959
53.59995,-4.8015
53.60985,-4.7167
53.61975,-4.6654
53.62965,-4.625
53.63956,-4.5726
53.64946,-4.5555
53.65941,-4.5977
53.66941,-4.6702
53.67941,-4.7394
53.68941,-4.7688
53.69941,-4.721
53.70941,-4.6111
53.71941,-4.5221
53.72941,-4.4529
53.73941,-4.4314
53.7494,-4.4745
53.7594,-4.5665
53.76941,-4.7141
53.7794,-4.8778
53.7894,-4.9908
53.7994,-5.073
53.80939,-5.1582
53.81939,-5.203
53.82938,-5.2379
53.83938,-5.2376
53.84937,-5.2226
53.85937,-5.2012
53.86937,-5.1907
53.87936,-5.1465
53.88935,-5.0423
53.89935,-4.9469
53.90941,-4.8284
53.9195,-4.653
53.92959,-4.5018
53.93968,-4.4051
53.94977,-4.3686
53.95986,-4.3758
53.96995,-4.4176
53.98004,-4.4685
53.99013,-4.5247
54.00022,-4.5952
54.01031,-4.6282
54.0204,-4.646
54.03049,-4.6706
54.04052,-4.6635
54.05053,-4.6375
54.06055,-4.5868
54.07056,-4.5029
54.08058,-4.4021
54.09059,-4.3229
54.10061,-4.2725
54.11062,-4.2634
54.12064,-4.2765
54.13065,-4.3177
54.14067,-4.3779
54.15068,-4.4337
54.16069,-4.4425
54.17065,-4.3579
54.18063,-4.2023
54.19059,-4.1013
54.20057,-4.0061
54.21054,-3.9351
54.2205,-3.8607
54.23048,-3.7675
54.24045,-3.6033
54.25042,-3.4066
54.26039,-3.2657
54.27036,-3.3804
54.28033,-3.2489
54.29042,-2.8808
54.30053,-2.46
54.31062,-2.0244
54.32072,-1.7722
54.33082,-1.7289
54.34092,-1.4599
54.35102,-1.4449
54.36112,-1.5271
54.37122,-1.6983
54.38132,-1.8892
54.39142,-2.0661
54.40152,-2.2324
54.41153,-2.4252
54.42146,-2.653
54.43138,-2.9328
54.44131,-3.225
54.45123,-3.5187
54.46116,-3.7772
54.47108,-3.9932
54.48101,-4.175
54.49094,-4.3171
54.50086,-4.4485
54.51078,-4.5678
54.52071,-4.6751
54.53064,-4.8112
54.54065,-4.9378
54.55064,-5.0529
54.56063,-5.1515
54.57062,-5.1968
54.5806,-5.1766
54.5906,-5.1251
54.60058,-5.0585
54.61057,-4.983
54.62056,-4.9417
54.63055,-4.9167
54.64054,-4.9021
54.65053,-4.9149
54.66053,-4.911
54.67053,-4.8937
54.68053,-4.884
54.69054,-4.8691
54.70054,-4.8505
54.71054,-4.8551
54.72055,-4.8603
54.73055,-4.8726
54.74055,-4.8866
54.75056,-4.8642
54.76056,-4.8253
54.77057,-4.766
54.78057,-4.6838
54.79062,-4.6019
54.80067,-4.5292
54.81073,-4.5091
54.82078,-4.5373
54.83083,-4.581
54.84088,-4.601
54.85093,-4.6159
54.86098,-4.5927
54.87104,-4.5281
54.88109,-4.4643
54.89114,-4.4134
54.90119,-4.4025
54.91117,-4.4417
54.92108,-4.4864
54.93098,-4.5486
54.94088,-4.577
54.95079,-4.5696
54.96069,-4.5329
54.97059,-4.4611
54.9805,-4.3563
54.9904,-4.2332
55.0003,-4.0992
55.0102,-3.9418
55.02011,-3.7742
55.03001,-3.5836
55.0402,-3.368
55.05038,-3.1719
55.06056,-2.9423
55.07074,-2.6806
55.08092,-2.2208
55.09111,-1.8269
55.10129,-1.4894
55.11147,-1.4066
55.12165,-1.2351
55.13183,-1.1684
55.14201,-1.1932
55.15219,-1.2363
55.16229,-1.2859
55.17229,-1.2377
55.18229,-1.2526
55.19228,-1.3888
55.20228,-1.5666
55.21228,-1.6799
55.22228,-1.7225
55.23227,-1.7474
55.24227,-1.8673
55.25227,-2.0037
55.26227,-2.1486
55.27226,-2.3397
55.28226,-2.6122
55.29218,-2.9743
55.30211,-3.3668
55.31203,-3.7259
55.32196,-3.9964
55.33188,-4.2036
55.34181,-4.3905
55.35173,-4.5299
55.36166,-4.6173
55.37158,-4.6732
55.38151,-4.7234
55.39143,-4.7947
55.40136,-4.9055
55.41133,-4.9867
55.42134,-5.0383
55.43135,-5.0602
55.44137,-5.0073
55.45138,-4.9077
55.4614,-4.7999
55.47141,-4.7205
55.48142,-4.6834
55.49144,-4.6901
55.50145,-4.7246
55.51146,-4.7382
55.52147,-4.7189
55.53149,-4.6763
55.54155,-4.5683
55.5516,-4.3977
55.56164,-4.1322
55.57169,-3.7543
55.58173,-3.3309
55.59178,-3.0645
55.60183,-2.8167
55.61187,-2.5809
55.62192,-2.1144
55.63197,-1.4898
55.64201,-0.9754
55.65206,-0.555
55.66205,-0.3337
55.67197,-0.2651
55.6819,-0.3977
55.69183,-0.6562
55.70176,-0.9823
55.71168,-1.2464
55.72161,-1.3771
55.73154,-1.4595
55.74146,-1.5274
55.75139,-1.661
55.76132,-1.8732
55.77124,-2.1958
55.78117,-2.5657
55.79117,-2.9681
55.80117,-3.3599
55.81116,-3.6934
55.82116,-3.9666
55.83115,-4.213
55.84114,-4.4226
55.85114,-4.549
55.86113,-4.6787
55.87113,-4.7704
55.88113,-4.8301
55.89112,-4.8597
55.90112,-4.9081
55.91109,-4.9554
55.92105,-4.9727
55.93102,-4.9941
55.94098,-5.0023
55.95094,-4.9632
55.9609,-4.9673
55.97086,-4.9983
55.98082,-5.0416
55.99078,-5.0461
56.00074,-4.9814
56.0107,-4.8732
56.02066,-4.7498
56.03062,-4.6013
56.04072,-4.4504
56.05083,-4.2969
56.06093,-4.154
56.07104,-4.0079
56.08114,-3.8715
56.09125,-3.7659
56.10135,-3.6939
56.11146,-3.6689
56.12156,-3.65
56.13167,-3.6004
56.14177,-3.4959
56.15188,-3.3628
56.16198,-3.2036
56.17205,-3.0777
56.18213,-2.9273
56.19221,-2.867
56.20228,-2.6762
56.21236,-2.62
56.22243,-2.3627
56.23251,-2.0736
56.24259,-1.7365
56.25267,-1.4186
56.26274,-1.1655
56.27282,-1.0358
56.28289,-1.0578
56.29284,-1.2707
56.30276,-1.6591
56.31268,-2.1202
56.32261,-2.5736
56.33253,-2.9913
56.34245,-3.3728
56.35238,-3.7103
56.3623,-3.9634
56.37222,-4.1512
56.38214,-4.297
56.39207,-4.4637
56.40199,-4.6237
56.41199,-4.7847
56.42206,-4.9166
56.43213,-5.0147
56.4422,-5.0756
56.45227,-5.126
56.46233,-5.1357
56.4724,-5.1698
56.48247,-5.2098
56.49254,-5.2553
56.50261,-5.297
56.51268,-5.326
56.52275,-5.3188
56.53282,-5.275
56.54275,-5.2119
56.55267,-5.1441
56.5626,-5.0672
56.57253,-4.9985
56.58245,-4.9566
56.59237,-4.9449
56.6023,-4.9432
56.61222,-4.9358
56.62215,-4.9464
56.63207,-4.9501
56.64199,-4.9619
56.65192,-5.0174
56.66188,-5.1273
56.67188,-5.2371
56.68187,-5.3216
56.69187,-5.3281
56.70186,-5.2218
56.71186,-5.2362
56.72185,-5.2243
56.73185,-5.2087
56.74184,-5.1921
56.75184,-5.1376
56.76183,-5.0293
56.77183,-4.8906
56.78182,-4.7371
56.79183,-4.6
56.80183,-4.475
56.81184,-4.3597
56.82185,-4.2235
56.83185,-4.0891
56.84185,-3.8585
56.85186,-3.6355
56.86187,-3.6186
56.87187,-3.2047
56.88187,-2.7434
56.89188,-2.3085
56.90189,-1.7022
56.91187,-1.2496
56.92183,-0.9778
56.93178,-0.732
56.94173,-0.5374
56.95169,-0.4194
56.96165,-0.3427
56.9716,-0.301
56.98156,-0.5044
56.99151,-1.5407
57.00147,-1.5599
57.01142,-1.4745
57.02138,-1.3536
57.03133,-1.4531
57.04144,-1.5433
57.05154,-1.6167
57.06164,-1.6637
57.07174,-1.7619
57.08184,-1.9846
57.09194,-2.2821
57.10204,-2.6753
57.11214,-3.1156
57.12225,-3.5117
57.13235,-3.8936
57.14245,-4.2389
57.15255,-4.5604
57.16257,-4.8913
57.17249,-5.2106
57.18239,-5.4751
57.1923,-5.6394
57.20221,-5.7693
57.21212,-5.7921
57.22203,-5.7479
57.23195,-5.7149
57.24186,-5.6496
57.25177,-5.6119
57.26168,-5.5511
57.27159,-5.4787
57.2815,-5.4848
57.29159,-5.4644
57.30169,-5.3995
57.31178,-5.3797
57.32187,-5.3231
57.33196,-5.3545
57.34205,-5.2207
57.35214,-5.195
57.36223,-5.2122
57.37232,-5.1218
57.38242,-5.0584
57.39251,-4.9425
57.4026,-4.8242
57.41265,-4.831
57.42265,-4.8147
57.43264,-4.7541
57.44264,-4.7208
57.45263,-4.6806
57.46263,-4.6531
57.47262,-4.6395
57.48262,-4.6293
57.49261,-4.6599
57.50261,-4.6888
57.5126,-4.7089
57.5226,-4.7347
57.5326,-4.7471
57.5426,-4.7629
57.55261,-4.7181
57.56261,-4.6328
57.57262,-4.5337
57.58263,-4.3634
57.59263,-4.2205
57.60264,-4.1023
57.61265,-3.9728
57.62265,-3.8245
57.63266,-4.0809
57.64267,-3.9934
57.65267,-3.7725
57.66268,-3.5411
57.67267,-3.3287
57.68266,-3.1232
57.69265,-3.1006
57.70264,-3.3938
57.71263,-3.4961
57.72261,-3.1719
57.7326,-2.803
57.7426,-2.5452
57.75259,-2.5414
57.76257,-2.638
57.77256,-2.5893
57.78255,-2.7045
57.79252,-2.9155
57.80247,-2.9162
57.81243,-2.8907
57.82239,-3.0741
57.83234,-3.0971
57.8423,-3.1498
57.85226,-3.253
57.86222,-3.5151
57.87217,-3.8209
57.88213,-4.0795
57.89209,-4.2913
57.90204,-4.4849
57.91201,-4.6573
57.92201,-4.8396
57.932,-5.0171
57.942,-5.1239
57.95199,-5.1195
57.96199,-5.1271
57.97198,-5.1583
57.98198,-5.1723
57.99197,-5.1989
58.00196,-5.2009
58.01196,-5.2381
58.02195,-5.2303
58.03195,-5.246
58.04197,-5.2492
58.05199,-5.2842
58.06201,-5.3111
58.07203,-5.3118
58.08205,-5.2736
58.09207,-5.2531
58.10209,-5.2295
58.11211,-5.2238
58.12213,-5.2318
58.13215,-5.2267
58.14217,-5.2171
58.15219,-5.1786
58.16221,-5.126
58.17223,-5.0708
58.18224,-5.0446
58.19225,-5.0391
58.20227,-5.0607
58.21228,-5.0858
58.2223,-5.1007
58.23231,-5.0966
58.24232,-5.0767
58.25234,-5.0397
58.26235,-4.9689
58.27237,-4.8814
58.28238,-4.8055
58.29238,-4.7502
58.30238,-4.7778
58.31237,-4.8132
58.32237,-4.835
58.33237,-4.8295
58.34236,-4.7743
58.35236,-4.7057
58.36235,-4.6394
58.37235,-4.5923
58.38234,-4.5423
58.39234,-4.503
58.40234,-4.4652
58.41238,-4.4438
58.42246,-4.4367
58.43254,-4.4428
58.44262,-4.4485
58.45271,-4.4366
58.46279,-4.4435
58.47287,-4.4163
58.48295,-4.3849
58.49303,-4.3441
58.50311,-4.3011
58.5132,-4.2545
58.52327,-4.1866
58.53336,-4.104
58.54337,-4.0488
58.55337,-4.0191
58.56338,-4.0028
58.57339,-4.0185
58.5834,-4.0558
58.59341,-4.1235
58.60341,-4.1721
58.61342,-4.1703
58.62343,-4.0885
58.63344,-3.9883
58.64345,-3.8744
58.65345,-3.7598
58.66346,-3.7094
58.67344,-3.6452
58.68342,-3.5713
58.6934,-3.4862
58.70338,-3.4022
58.71336,-3.2737
58.72334,-3.0976
58.73333,-2.8968
58.74331,-2.7384
58.75329,-2.603
58.76327,-2.4926
58.77325,-2.3838
58.78323,-2.2956
58.7933,-2.1973
58.80337,-2.1398
58.81343,-2.1387
58.8235,-2.1784
58.83356,-2.2945
58.84363,-2.3551
58.8537,-2.4393
58.86376,-2.4896
58.87383,-2.4872
58.88389,-2.4508
58.89396,-2.4964
58.90403,-2.6149
58.91404,-2.7025
58.92396,-2.704
58.93389,-2.6269
58.94382,-2.4741
58.95374,-2.2791
58.96367,-2.1034
58.97359,-1.9871
58.98352,-1.9354
58.99345,-1.9196
59.00338,-1.9058
59.0133,-1.8928
59.02323,-1.8972
59.03315,-1.9183
59.04315,-1.9219
59.05314,-1.9187
59.06313,-1.9123
59.07312,-1.9314
59.08311,-1.9999
59.09309,-2.1032
59.10308,-2.2388
59.11308,-2.4203
59.12306,-2.62
59.13305,-2.7964
59.14304,-2.9262
59.15303,-2.9982
59.16302,-3.067
59.173,-3.1732
59.18299,-3.3069
59.19298,-3.4612
59.20296,-3.613
59.21295,-3.7377
59.22294,-3.8295
59.23293,-3.8863
59.24291,-3.9722
59.2529,-4.0719
59.26289,-4.1594
59.27287,-4.2709
59.28286,-4.3881
59.29291,-4.4829
59.30296,-4.5467
59.31301,-4.5451
59.32306,-4.487
59.3331,-4.3953
59.34315,-4.2757
59.3532,-4.1449
59.36324,-4.0032
59.37329,-3.8157
59.38334,-3.4263
59.39338,-2.8153
59.40343,-2.0607
59.41345,-1.603
59.42342,-1.6046
59.43339,-2.1036
59.44336,-2.1183
59.45333,-2.4304
59.4633,-2.591
59.47327,-3.0285
59.48324,-3.4688
59.49321,-3.3367
59.50318,-3.3456
59.51315,-2.6372
59.52312,-1.7939
59.53309,-1.137
59.54308,-0.6896
59.55307,-0.5284
59.56307,-0.7032
59.57306,-1.2484
59.58306,-1.9738
59.59305,-2.6549
59.60304,-3.2361
59.61304,-3.7141
59.62303,-4.0901
59.63303,-4.4006
59.64302,-4.6318
59.65301,-4.7774
59.66305,-4.868
59.67313,-4.927
59.68322,-4.9646
59.6933,-5.0013
59.70339,-5.038
59.71347,-5.0676
59.72355,-5.0357
59.73364,-5.0388
59.74372,-5.0059
59.75381,-4.9703
59.76389,-4.9233
59.77398,-4.8787
59.78406,-4.8597
59.79402,-4.8475
59.80399,-4.8423
59.81395,-4.8533
59.82391,-4.8516
59.83387,-4.8775
59.84383,-4.9008
59.85379,-4.937
59.86375,-4.9551
59.87371,-4.9348
59.88368,-4.9154
59.89364,-4.8689
59.9036,-4.804
59.91358,-4.7221
59.92358,-4.6245
59.93357,-4.5116
59.94357,-4.3951
59.95357,-4.2619
59.96357,-4.0602
59.97356,-3.888
59.98356,-3.6338
59.99356,-3.2883
60.00355,-2.7903
60.01355,-2.2349
60.02354,-1.7298
60.03354,-1.439
60.04361,-1.3141
60.05365,-1.225
60.06369,-1.1212
60.07373,-1.0034
60.08377,-0.9442
60.09382,-0.8407
60.10386,-0.6309
60.1139,-0.5554
60.12395,-0.671
60.13399,-0.9914
60.14403,-1.2573
60.15408,-1.4343
60.1641,-1.5995
60.1741,-1.7627
60.1841,-1.8573
60.19411,-1.8734
60.20411,-1.862
60.21412,-1.8618
60.22412,-1.8717
60.23412,-1.8617
60.24413,-1.7903
60.25413,-1.7485
60.26413,-1.7349
60.27414,-1.7322
60.28414,-1.6985
60.29414,-1.6197
60.30414,-1.464
60.31414,-1.3002
60.32413,-1.1449
60.33413,-1.0726
60.34413,-1.1074
60.35413,-1.1743
60.36412,-1.2249
60.37412,-1.2117
60.38411,-1.1666
60.39411,-1.1663
60.40411,-1.2516
60.41411,-1.4025
60.42411,-1.6068
60.4341,-1.82
60.4441,-2.0044
60.4541,-2.1695
60.4641,-2.2499
60.47409,-2.2495
60.48409,-2.1999
60.49409,-2.182
60.50409,-2.2477
60.51408,-2.3985
60.52408,-2.6047
60.53408,-2.8341
60.54404,-3.0766
60.554,-3.3195
60.56396,-3.5719
60.57391,-3.8205
60.58387,-4.0347
60.59383,-4.2251
60.60378,-4.3959
60.61374,-4.5144
60.6237,-4.5771
60.63365,-4.5779
60.64361,-4.5393
60.65356,-4.5077
60.66354,-4.4555
60.67355,-4.4231
60.68355,-4.4079
60.69355,-4.4075
60.70356,-4.4034
60.71356,-4.4188
60.72356,-4.4568
60.73357,-4.4788
60.74357,-4.5
60.75357,-4.5201
60.76358,-4.5309
60.77358,-4.5418
60.78358,-4.5273
60.79365,-4.5109
60.80371,-4.5035
60.81377,-4.4978
60.82383,-4.4992
60.83389,-4.5229
60.84394,-4.5306
60.854,-4.5149
60.86406,-4.4972
60.87412,-4.4714
60.88418,-4.4709
60.89424,-4.4754
60.9043,-4.5093
60.91434,-4.5549
60.92435,-4.6015
60.93436,-4.6675
60.94437,-4.7283
60.95438,-4.7316
60.96438,-4.6815
60.97439,-4.6231
60.9844,-4.5642
60.99441,-4.531
61.00441,-4.5095
61.01442,-4.4873
61.02443,-4.4777
61.03444,-4.4585
61.04443,-4.4125
61.05441,-4.3641
61.06438,-4.248
61.07436,-4.112
61.08434,-3.936
61.09433,-3.7515
61.10431,-3.6596
61.11428,-3.6275
61.12426,-3.3811
61.13424,-3.2969
61.14423,-3.0575
61.15421,-2.8921
61.16419,-2.7473
61.17418,-2.6315
61.18417,-2.5512
61.19416,-2.3275
61.20415,-2.1842
61.21415,-2.1282
61.22414,-2.1168
61.23413,-2.1796
61.24412,-2.257
61.25411,-2.3301
61.26411,-2.3927
61.2741,-2.4588
61.28409,-2.5717
61.29411,-2.7276
61.30412,-2.9122
61.31413,-3.1392
61.32415,-3.3715
61.33416,-3.6016
61.34417,-3.7829
61.35419,-3.9165
61.3642,-3.9797
61.37421,-4.0023
61.38423,-4.0261
61.39424,-4.0608
61.40425,-4.1144
61.41426,-4.1819
61.42425,-4.2361
61.43424,-4.2972
61.44423,-4.3391
61.45422,-4.3259
61.46421,-4.3104
61.4742,-4.3028
61.48419,-4.2943
61.49418,-4.3274
61.50417,-4.3737
61.51416,-4.4586
61.52415,-4.5199
61.53414,-4.5239
61.54413,-4.504
61.55413,-4.444
61.56412,-4.4024
61.57411,-4.347
61.5841,-4.3102
61.59409,-4.2909
61.60409,-4.2807
61.61408,-4.2875
61.62407,-4.2778
61.63406,-4.244
61.64406,-4.187
61.65405,-4.1146
61.66405,-4.0165
61.67405,-3.9127
61.68405,-3.7937
61.69405,-3.6313
61.70406,-3.4551
61.71406,-3.1964
61.72406,-2.9003
61.73407,-2.5873
61.74407,-2.2442
61.75407,-1.9462
61.76407,-1.6965
61.77407,-1.5322
61.78408,-1.397
61.79418,-1.2651
61.80428,-1.1838
61.81438,-1.1368
61.82448,-1.0752
61.83458,-0.9994
61.84468,-0.8654
61.85478,-0.674
61.86488,-0.4538
61.87498,-0.3104
61.88508,-0.2352
61.89518,-0.1762
61.90528,-0.0891
61.91534,0.048
61.92534,0.2042
61.93535,0.3053
61.94536,0.3033
61.95536,0.2947
61.96537,0.3654
61.97538,0.5649
61.98539,0.7854
61.9954,0.9336
62.0054,0.9599
62.01541,0.856
62.02542,0.7972
62.03542,0.8235
62.04542,0.9484
62.0554,1.1731
62.06537,1.4996
62.07535,1.7735
62.08533,1.979
62.0953,2.0374
62.10528,2.0234
62.11526,1.981
62.12523,1.9839
62.13521,2.0673
62.14518,2.1562
62.15516,0.9848
62.16517,1.3776
62.17522,1.4568
62.18526,1.3546
62.19531,0.7592
62.20535,0.0711
62.2154,-0.6576
62.22544,-1.2716
62.23549,-1.7936
62.24554,-2.1927
62.25558,-2.3966
62.26563,-2.6301
62.27568,-3.0929
62.28572,-3.5253
62.29567,-3.9551
62.30563,-4.3693
62.31557,-4.6957
62.32552,-4.8705
62.33548,-4.9281
62.34542,-4.954
62.35537,-5.0038
62.36533,-5.0917
62.37527,-5.1927
62.38522,-5.2649
62.39518,-5.3028
62.40512,-5.3146
62.41509,-5.2972
62.42506,-5.2784
62.43503,-5.2728
62.445,-5.2739
62.45497,-5.2856
62.46494,-5.3007
62.47491,-5.3584
62.48487,-5.3664
62.49485,-5.3706
62.50481,-5.3588
62.51478,-5.3252
62.52475,-5.2987
62.53472,-5.2887
62.54475,-5.29
62.55478,-5.3075
62.56479,-5.3414
62.57481,-5.341
62.58483,-5.3376
62.59485,-5.3558
62.60487,-5.3478
62.61489,-5.3429
62.6249,-5.2964
62.63492,-5.2883
62.64494,-5.2952
62.65496,-5.3395
62.66499,-5.3867
62.675,-5.4234
62.685,-5.4505
62.695,-5.4518
62.70501,-5.4607
62.71501,-5.4508
62.72502,-5.4264
62.73502,-5.3956
62.74503,-5.3706
62.75503,-5.33
62.76503,-5.2746
62.77504,-5.2014
62.78504,-5.0893
62.79504,-4.9305
62.80503,-4.722
62.81503,-4.4315
62.82502,-4.0555
62.83501,-3.6715
62.84501,-3.249
62.855,-2.819
62.86499,-2.3913
62.87498,-2.0321
62.88498,-1.7834
62.89497,-1.5174
62.90496,-1.1566
62.91498,-0.7413
62.92502,-0.1862
62.93507,0.3457
62.94511,0.8045
62.95516,1.1498
62.9652,1.3521
62.97525,1.4309
62.98529,1.4664
62.99534,1.4982
63.00538,1.4913
63.01543,1.4057
63.02547,1.241
63.03552,1.1359
63.04556,1.155
63.0556,1.2242
63.06564,1.2802
63.07568,1.3239
63.08572,1.2569
63.09575,1.1363
63.10579,1.0762
63.11583,1.0284
63.12587,0.9809
63.13591,0.9244
63.14594,0.8388
63.15598,0.7525
63.16604,0.6548
63.17611,0.6344
63.18616,0.6939
63.19623,0.8699
63.20629,1.0419
63.21635,1.1686
63.22641,1.2199
63.23647,1.1364
63.24653,0.8944
63.2566,0.5905
63.26665,0.4355
63.27672,0.4399
63.28678,0.5983
63.29671,0.7736
63.30664,0.8401
63.31657,0.7424
63.3265,0.5033
63.33643,0.1716
63.34637,-0.1942
63.3563,-0.6167
63.36623,-1.1078
63.37616,-1.681
63.38609,-2.2708
63.39603,-2.8375
63.40596,-3.373
63.4159,-3.8585
63.42585,-4.2923
63.43579,-4.6694
63.44574,-4.9835
63.45568,-5.1916
63.46563,-5.3405
63.47557,-5.4461
63.48552,-5.5348
63.49546,-5.5858
63.50541,-5.6571
63.51535,-5.6826
63.5253,-5.7029
63.53524,-5.7694
63.54534,-5.797
63.55543,-5.7705
63.56552,-5.7192
63.57561,-5.6652
63.5857,-5.6422
63.59579,-5.6118
63.60589,-5.5457
63.61598,-5.4063
63.62607,-5.229
63.63616,-5.0002
63.64625,-4.7255
63.65634,-4.4437
63.6664,-4.0861
63.67641,-3.4714
63.68643,-2.9884
63.69645,-2.6222
63.70647,-2.3443
63.71648,-1.9627
63.7265,-1.4173
63.73652,-0.8357
63.74653,-0.4368
63.75655,-0.2577
63.76656,-0.1954
63.77658,-0.1121
63.7866,0.1394
63.79655,0.6413
63.80649,1.16
63.81643,1.4949
63.82637,1.6884
63.83632,1.766
63.84626,1.7759
63.8562,1.7885
63.86615,1.7625
63.87609,1.6849
63.88604,1.6023
63.89598,1.5454
63.90592,1.4377
63.91596,1.2335
63.92609,0.8825
63.93622,0.642
63.94635,0.4693
63.95648,0.2483
63.96661,0.0336
63.97674,-0.2453
63.98687,-0.6042
63.997,-0.9986
64.00713,-1.3986
64.01726,-1.8078
64.02738,-2.2189
64.03751,-2.673
64.04741,-3.2006
64.0573,-3.7001
64.06719,-4.1442
64.07709,-4.5208
64.08698,-4.8347
64.09687,-5.0897
64.10677,-5.3167
64.11666,-5.5472
64.12655,-5.7365
64.13644,-5.8901
64.14634,-6.0288
64.15623,-6.1182
64.16621,-6.1098
64.17626,-6.1292
64.18632,-6.0852
64.19637,-6.1224
64.20643,-6.1578
64.21648,-6.1944
64.22655,-6.1608
64.2366,-6.2274
64.24666,-6.2252
64.25671,-6.1949
64.26677,-6.149
64.27682,-6.1085
64.28688,-6.0287
64.29686,-5.9497
64.30682,-5.8792
64.3168,-5.861
64.32677,-5.8744
64.33674,-5.9059
64.3467,-5.9016
64.35667,-5.8533
64.36665,-5.7742
64.37661,-5.5215
64.38658,-5.1244
64.39655,-4.3435
64.40652,-3.5787
64.4165,-2.8038
64.4265,-2.7546
64.43649,-3.0814
64.44649,-2.0048
64.45649,-1.8271
64.46648,-1.8655
64.47648,-1.8878
64.48647,-1.8319
64.49647,-1.8448
64.50646,-1.9669
64.51646,-2.1754
64.52646,-2.4595
64.53645,-2.7067
64.54646,-2.9008
64.55646,-3.0713
64.56645,-3.2282
64.57645,-3.4416
64.58645,-3.691
64.59645,-3.9269
64.60645,-4.2082
64.61645,-4.4892
64.62645,-4.7628
64.63644,-5.0367
64.64645,-5.2802
64.65645,-5.4562
64.66646,-5.5986
64.67645,-5.6937
64.68645,-5.7653
64.69644,-5.8248
64.70644,-5.8925
64.71644,-6.0252
64.72643,-6.1609
64.73643,-6.2682
64.74643,-6.3476
64.75642,-6.3609
64.76642,-6.3943
64.77642,-6.3852
64.78642,-6.2596
64.79641,-6.1397
64.80641,-6.1307
64.81641,-6.0608
64.8264,-6.0596
64.8364,-5.9567
64.84639,-5.9475
64.85638,-5.8926
64.86638,-5.8303
64.87638,-5.7698
64.88638,-5.7129
64.89637,-5.6599
64.90636,-5.5748
64.91635,-5.4982
64.92635,-5.4581
64.93633,-5.4497
64.94633,-5.4527
64.95631,-5.4513
64.96631,-5.4591
64.9763,-5.3974
64.98629,-5.317
64.99628,-5.0355
65.00627,-4.5408
65.01626,-4.4992
65.02625,-3.6376
65.03624,-3.2037
65.04621,-2.9852
65.05618,-3.2452
65.06615,-3.1799
65.07613,-2.7228
65.0861,-3.1223
65.09607,-2.5508
65.10604,-2.4136
65.11601,-2.4214
65.12598,-2.5131
65.13596,-2.6704
65.14593,-2.8476
65.1559,-3.0129
65.16594,-3.1746
65.17606,-3.3377
65.18616,-3.5404
65.19628,-3.749
65.2064,-3.96
65.21651,-4.1604
65.22662,-4.3674
65.23674,-4.5682
65.24685,-4.7684
65.25697,-4.9486
65.26708,-5.1061
65.27719,-5.2093
65.28731,-5.2936
65.29732,-5.3578
65.30732,-5.4132
65.31731,-5.4583
65.32732,-5.461
65.33732,-5.4514
65.34731,-5.4632
65.35732,-5.5057
65.36732,-5.524
65.37732,-5.5371
65.38731,-5.6146
65.39732,-5.697
65.40732,-5.7034
65.41731,-5.7572
65.42731,-5.7244
65.4373,-5.7861
65.4473,-5.8242
65.45729,-5.8812
65.46729,-5.8918
65.47728,-5.9589
65.48728,-6.0234
65.49728,-6.0705
65.50727,-6.0865
65.51727,-6.0761
65.52726,-6.0407
65.53725,-6.0115
65.54729,-6.003
65.55732,-6.0213
65.56735,-6.013
65.57738,-5.9921
65.58741,-5.9524
65.59743,-5.8596
65.60747,-5.7005
65.61749,-5.4914
65.62752,-5.3665
65.63755,-4.9689
65.64758,-4.3572
65.65761,-3.9673
65.66762,-3.941
65.6776,-4.1286
65.68758,-4.0046
65.69756,-3.6011
65.70755,-3.4648
65.71754,-3.3628
65.72752,-3.2947
65.7375,-3.2396
65.74749,-3.2521
65.75747,-3.3295
65.76746,-3.4209
65.77744,-3.5084
65.78742,-3.5831
65.79739,-3.6845
65.80735,-3.825
65.81731,-3.9966
65.82727,-4.1838
65.83723,-4.4198
65.8472,-4.693
65.85716,-4.9665
65.86712,-5.1869
65.87708,-5.3844
65.88705,-5.5517
65.897,-5.6727
65.90697,-5.7818
65.91699,-5.8743
65.92706,-5.964
65.93714,-6.0381
65.94722,-6.0855
65.9573,-6.1477
65.96738,-6.2077
65.97746,-6.2737
65.98753,-6.3286
65.99761,-6.3758
66.00768,-6.3751
66.01776,-6.3334
66.02784,-6.2337
66.03792,-6.181
66.04784,-6.1563
66.05772,-6.0956
66.06762,-6.0702
66.07751,-6.0081
66.0874,-5.9048
66.09729,-5.8008
66.10718,-5.7297
66.11707,-5.6638
66.12696,-5.5408
66.13686,-5.4175
66.14674,-5.3095
66.15664,-5.2437
66.16659,-5.1865
66.17659,-5.1348
66.18659,-5.0901
66.19659,-5.044
66.2066,-5.0132
66.2166,-4.9328
66.2266,-4.8231
66.2366,-4.5934
66.24661,-4.3336
66.25661,-4.1861
66.26662,-4.0802
66.27662,-3.9395
66.28662,-4.0471
66.29679,-3.8813
66.30696,-3.757
66.31714,-3.7918
66.32731,-3.7237
66.33748,-3.6852
66.34765,-3.7299
66.35782,-3.8243
66.36799,-3.9352
66.37816,-4.0622
66.38833,-4.2161
66.3985,-4.4027
66.40867,-4.5923
66.41873,-4.7629
66.42866,-4.9046
66.43859,-5.0461
66.44852,-5.148
66.45846,-5.2514
66.46839,-5.361
66.47832,-5.4656
66.48825,-5.5324
66.49818,-5.5815
66.50812,-5.631
66.51804,-5.7
66.52798,-5.7639
66.53791,-5.8154
66.54791,-5.8242
66.55791,-5.8828
66.56791,-5.9509
66.57791,-5.9863
66.58791,-6.0519
66.59791,-6.0975
66.60791,-6.0833
66.6179,-6.1695
66.62791,-6.1219
66.6379,-6.0859
66.6479,-6.0882
66.65791,-6.0726
66.66794,-6.0567
66.67799,-6.0541
66.68805,-6.0489
66.69811,-6.0111
66.70817,-5.9354
66.71822,-5.8533
66.72828,-5.7749
66.73834,-5.6998
66.7484,-5.6257
66.75845,-5.5671
66.76851,-5.4984
66.77857,-5.4265
66.78863,-5.333
66.79856,-5.2021
66.80849,-5.0536
66.81841,-4.8954
66.82835,-4.7435
66.83827,-4.5532
66.8482,-4.4246
66.85812,-4.3032
66.86805,-4.2976
66.87798,-4.2878
66.88791,-4.1623
66.89783,-4.0715
66.90776,-4.1142
66.91771,-4.1913
66.92768,-4.3153
66.93765,-4.4225
66.94762,-4.4865
66.9576,-4.5762
66.96757,-4.6666
66.97754,-4.7352
66.98751,-4.7834
66.99748,-4.8456
67.00745,-4.9376
67.01743,-5.0358
67.0274,-5.1158
67.03737,-5.1835
67.04739,-5.2475
67.0574,-5.2654
67.06741,-5.2599
67.07743,-5.2405
67.08744,-5.2004
67.09746,-5.1661
67.10747,-5.1277
67.11749,-5.185
67.12749,-5.2859
67.13751,-5.3761
67.14752,-5.4339
67.15754,-5.4625
67.16757,-5.4429
67.17757,-5.4414
67.18757,-5.3839
67.19757,-5.3205
67.20757,-5.2967
67.21758,-5.2964
67.22757,-5.2961
67.23757,-5.272
67.24757,-5.2413
67.25758,-5.2293
67.26757,-5.2286
67.27757,-5.1909
67.28757,-5.1652
67.29758,-5.1558
67.30759,-5.1624
67.31759,-5.1704
67.3276,-5.1627
67.3376,-5.125
67.34761,-5.048
67.35762,-4.9663
67.36762,-4.8312
67.37763,-4.6966
67.38763,-4.6441
67.39764,-4.2919
67.40765,-3.9471
67.41769,-3.7434
67.42776,-3.5063
67.43783,-3.2347
67.4479,-2.8552
67.45797,-2.4578
67.46805,-2.0243
67.47812,-1.6985
67.48819,-1.3143
67.49826,-0.9659
67.50833,-0.7449
67.51841,-0.5022
67.52848,-0.1811
67.53855,0.1342
67.54856,0.3091
67.55856,0.3675
67.56857,0.338
67.57857,0.2193
67.58857,0.0439
67.59856,-0.1819
67.60857,-0.4432
67.61857,-0.7289
67.62857,-0.945
67.63857,-1.1445
67.64857,-1.4491
67.65858,-1.829
67.66856,-2.1667
67.67851,-2.3656
67.68847,-2.5445
67.69843,-2.7392
67.70839,-2.9028
67.71835,-3.0847
67.72831,-3.1747
67.73827,-3.2165
67.74823,-3.1088
67.75819,-3.0823
67.76814,-3.0411
67.77811,-2.9911
67.78806,-2.9392
67.7981,-2.8206
67.80813,-2.6719
67.81815,-2.6543
67.82819,-2.4705
67.83822,-2.1345
67.84824,-1.8585
67.85828,-2.4175
67.86831,-1.5591
67.87834,-1.152
67.88837,-2.0244
67.8984,-1.1573
67.90843,-1.7775
67.91845,-1.7748
67.92845,-1.7218
67.93845,-1.8546
67.94845,-2.184
67.95844,-2.4412
67.96844,-2.6273
67.97844,-2.7935
67.98843,-2.9407
67.99843,-3.1616
68.00843,-3.426
68.01842,-3.6921
68.02843,-3.9691
68.03842,-4.2943
68.0484,-4.6388
68.05838,-4.9448
68.06835,-5.2407
68.07833,-5.525
68.08831,-5.7768
68.09829,-5.9933
68.10826,-6.2097
68.11824,-6.3732
68.12822,-6.5223
68.1382,-6.6741
68.14817,-6.7863
68.15815,-6.8325
68.16816,-6.8495
68.17816,-6.8694
68.18817,-6.9013
68.19817,-6.9496
68.20818,-6.9746
68.21819,-7.037
68.2282,-7.0127
68.2382,-7.0529
68.24821,-7.1032
68.25821,-7.0803
68.26822,-7.1103
68.27822,-7.0991
68.28823,-7.1229
68.29826,-7.1212
68.30827,-7.1731
68.31828,-7.1347
68.32829,-7.1422
68.33831,-7.1554
68.34833,-7.1606
68.35834,-7.1595
68.36835,-7.1217
68.37837,-7.0912
68.38838,-7.0785
68.3984,-7.0706
68.40842,-7.0726
68.41842,-7.0798
68.4284,-7.0609
68.43839,-7.0156
68.44836,-6.9654
68.45835,-6.908
68.46834,-6.852
68.47832,-6.7801
68.4883,-6.7162
68.49829,-6.68
68.50827,-6.6352
68.51826,-6.5934
68.52824,-6.5422
68.53822,-6.4859
68.54829,-6.4104
68.55834,-6.3089
68.5684,-6.1776
68.57845,-6.0112
68.58851,-5.8442
68.59856,-5.7284
68.60862,-5.8586
68.61868,-5.6533
68.62873,-5.4884
68.63879,-5.3555
68.64884,-5.2509
68.6589,-5.1157
68.66893,-5.0011
68.67894,-4.9518
68.68896,-4.9206
68.69897,-4.871
68.70898,-4.7414
68.71899,-4.61
68.729,-4.4343
68.73901,-4.2923
68.74902,-4.1932
68.75903,-4.1318
68.76905,-4.0554
68.77906,-3.9479
68.78907,-3.8022
68.79907,-3.6777
68.80907,-3.5405
68.81907,-3.4224
68.82907,-3.368
68.83907,-3.3265
68.84908,-3.2945
68.85908,-3.2666
68.86907,-3.2501
68.87907,-3.2429
68.88908,-3.2359
68.89908,-3.2462
68.90908,-3.2171
68.91911,-3.2486
68.92912,-3.3232
68.93913,-3.4065
68.94913,-3.5024
68.95914,-3.6366
68.96915,-3.7949
68.97916,-3.9899
68.98917,-4.263
68.99918,-4.6145
69.00919,-4.9711
69.0192,-5.306
69.02921,-5.6039
69.03922,-5.8557
69.04958,-6.0434
69.05994,-6.1576
69.07031,-6.2387
69.08067,-6.2816
69.09103,-6.3207
69.10139,-6.3316
69.11176,-6.3553
69.12212,-6.3712
69.13248,-6.3682
69.14285,-6.3565
69.15321,-6.3407
69.16357,-6.3236
69.17357,-6.3019
69.18318,-6.2753
69.19279,-6.236
69.20241,-6.1923
69.21202,-6.1657
69.22163,-6.1364
69.23125,-6.1062
69.24086,-6.0939
69.25047,-6.1091
69.26009,-6.1072
69.2697,-6.1179
69.27931,-6.1046
69.28893,-6.0977
69.29893,-6.0891
69.30895,-6.0938
69.31896,-6.1182
69.32897,-6.1325
69.33899,-6.1296
69.349,-6.0237
69.35901,-5.9381
69.36903,-5.8617
69.37904,-5.7756
69.38905,-5.7311
69.39906,-5.7396
69.40907,-5.7592
69.4191,-5.7875
69.42909,-5.7948
69.43909,-5.7852
69.44908,-5.798
69.45908,-5.8397
69.46907,-5.9143
69.47906,-6.0109
69.48906,-6.1139
69.49905,-6.1915
69.50905,-6.2626
69.51904,-6.3139
69.52904,-6.3464
69.53903,-6.3865
69.54905,-6.3993
69.55906,-6.3801
69.56907,-6.357
69.57908,-6.3372
69.58909,-6.3456
69.5991,-6.3956
69.60911,-6.4181
69.61912,-6.4181
69.62913,-6.4097
69.63914,-6.3795
69.64915,-6.2894
69.65916,-6.177
69.66916,-6.0881
69.67914,-6.012
69.68913,-5.9678
69.6991,-5.989
69.70909,-6.0279
69.71907,-6.0273
69.72906,-5.9804
69.73904,-5.9142
69.74902,-5.8466
69.759,-5.7774
69.76899,-5.6711
69.77897,-5.5538
69.78896,-5.5208
69.79903,-5.558
69.80911,-5.5991
69.81918,-5.6238
69.82926,-5.6382
69.83933,-5.6593
69.84941,-5.6586
69.85949,-5.612
69.86956,-5.5213
69.87964,-5.3935
69.88971,-5.2335
69.89979,-5.0965
69.90987,-4.9728
69.9199,-4.8703
69.92989,-4.7662
69.93987,-4.6485
69.94985,-4.5028
69.95984,-4.298
69.96983,-4.0167
69.97981,-3.6976
69.9898,-3.4463
69.99979,-3.2787
70.00977,-3.1259
70.01975,-3.0282
70.02974,-3.017
70.03973,-3.0576
70.04971,-3.1666
70.05968,-3.2843
70.06966,-3.3688
70.07965,-3.4781
70.08963,-3.6349
70.09961,-3.856
70.1096,-4.1592
70.11958,-4.4511
70.12955,-4.7011
70.13953,-4.8994
70.14952,-5.0761
70.1595,-5.258
70.1695,-5.4548
70.17952,-5.6568
70.18954,-5.8512
70.19956,-6.008
70.20959,-6.1348
70.2196,-6.1529
70.22963,-6.26
70.23965,-6.3287
70.24967,-6.4567
70.25969,-6.5231
70.26971,-6.6313
70.27973,-6.7072
70.28976,-6.747
70.29977,-6.7892
70.30978,-6.8063
70.31978,-6.8168
70.32979,-6.7659
70.33979,-6.7065
70.34979,-6.618
70.3598,-6.4379
70.3698,-6.2678
70.37981,-6.1112
70.38982,-6.0476
70.39982,-6.0541
70.40982,-6.0501
70.41982,-6.0383
70.42979,-6.0132
70.43976,-5.9694
70.44974,-5.9152
70.45971,-5.8593
70.46968,-5.8265
70.47966,-5.862
70.48963,-5.8966
70.49961,-5.8943
70.50958,-5.8706
70.51955,-5.8297
70.52953,-5.7534
70.53951,-5.6981
70.54954,-5.6889
70.55956,-5.709
70.56957,-5.7485
70.57959,-5.7471
70.58961,-5.7063
70.59962,-5.6762
70.60963,-5.6504
70.61965,-5.6318
70.62967,-5.6417
70.63969,-5.6833
70.6497,-5.7308
70.65972,-5.7593
70.66975,-5.7764
70.67975,-5.7638
70.68976,-5.7335
70.69976,-5.6682
70.70976,-5.6351
70.71976,-5.6292
70.72977,-5.6777
70.73977,-5.7272
70.74977,-5.7341
70.75978,-5.7517
70.76978,-5.8098
70.77979,-5.8019
70.78979,-5.7347
70.79976,-5.7459
70.80973,-5.8255
70.8197,-5.8789
70.82967,-5.7861
70.83965,-5.3684
70.84962,-5.1946
70.85959,-5.2971
70.86956,-5.2375
70.87953,-5.156
70.8895,-5.1462
70.89948,-5.1848
70.90945,-5.2314
70.91952,-5.2992
70.92969,-5.3325
70.93986,-5.3064
70.95004,-5.28
70.96021,-5.2808
70.97038,-5.2708
70.98055,-5.2222
70.99072,-5.1745
71.00089,-5.1693
71.01105,-5.2002
71.02122,-5.2358
71.03139,-5.2397
71.04156,-5.2358
71.05158,-5.2355
71.06158,-5.2388
71.07159,-5.2206
71.08158,-5.1806
71.09158,-5.1704
71.10159,-5.1594
71.11158,-5.1773
71.12158,-5.1767
71.13158,-5.1749
71.14158,-5.1757
71.15158,-5.1742
71.16158,-5.1551
71.17155,-5.1611
71.1815,-5.158
71.19144,-5.1588
71.20139,-5.1434
71.21133,-5.1494
71.22127,-5.1552
71.23122,-5.1691
71.24116,-5.1726
71.2511,-5.1976
71.26104,-5.1988
71.27099,-5.1581
71.28093,-5.173
71.29087,-5.1342
71.30085,-5.1622
71.31082,-5.1541
71.3208,-5.1285
71.33078,-5.1345
71.34076,-5.1522
71.35074,-5.1647
71.36072,-5.1832
71.3707,-5.1804
71.38067,-5.2061
71.39065,-5.2193
71.40063,-5.2072
71.41061,-5.2016
71.4206,-5.1903
71.4306,-5.1429
71.4406,-5.1478
71.45059,-5.1449
71.46059,-5.155
71.47059,-5.1626
71.48059,-5.186
71.49059,-5.1949
71.50058,-5.1781
71.51058,-5.1439
71.52058,-5.164
71.53058,-5.1516
71.54057,-5.1435
71.55056,-5.1574
71.56055,-5.156
71.57055,-5.1325
71.58054,-5.1396
71.59053,-5.1249
71.60052,-5.1331
71.61052,-5.1374
71.62051,-5.1517
71.63051,-5.1642
71.6405,-5.1657
71.65049,-5.1593
71.66048,-5.1579
71.6705,-5.1588
71.6805,-5.161
71.69049,-5.1647
71.70049,-5.1486
71.71048,-5.131
71.72047,-5.1179
71.73047,-5.1036
71.74046,-5.1168
71.75047,-5.11
71.76046,-5.1106
71.77045,-5.1262
71.78045,-5.1548
71.79044,-5.1616
71.80045,-5.1717
71.81045,-5.1767
71.82044,-5.1625
71.83044,-5.1432
71.84043,-5.1449
71.85043,-5.1339
71.86042,-5.1458
71.87041,-5.163
71.88041,-5.1674
71.8904,-5.1491
71.9004,-5.1656
71.91039,-5.1479
71.92038,-5.1494
71.93035,-5.1412
71.94032,-5.1338
71.9503,-5.1508
71.96027,-5.1711
71.97025,-5.1661
71.98022,-5.1646
71.99019,-5.1626
72.00016,-5.1771
72.01013,-5.1787
72.0201,-5.1785
72.03008,-5.1867
72.04005,-5.1783
72.05009,-5.1763
72.06013,-5.1789
72.07018,-5.1835
72.08022,-5.1862
72.09026,-5.2106
72.10031,-5.2188
72.11035,-5.2264
72.1204,-5.2121
72.13044,-5.2263
72.14049,-5.21
72.15053,-5.1966
72.16058,-5.2151
72.17064,-5.2462
72.18071,-5.2859
72.19077,-5.3022
72.20084,-5.2925
72.21091,-5.3002
72.22099,-5.2976
72.23105,-5.2761
72.24112,-5.2216
72.25119,-5.2233
72.26126,-5.2397
72.27132,-5.249
72.28139,-5.2527
72.29147,-5.257
72.30145,-5.2476
72.31144,-5.2344
72.32143,-5.2265
72.33142,-5.2212
72.34141,-5.2238
72.3514,-5.2185
72.36139,-5.2104
72.37138,-5.1987
72.38136,-5.2093
72.39136,-5.2035
72.40134,-5.2159
72.41133,-5.2259
72.42133,-5.2381
72.4313,-5.252
72.44128,-5.2455
72.45125,-5.2319
72.46123,-5.2168
72.4712,-5.1974
72.48118,-5.1968
72.49115,-5.186
72.50113,-5.2057
72.5111,-5.2204
72.52108,-5.2339
72.53105,-5.2183
72.54103,-5.221
72.55102,-5.2199
72.561,-5.2225
72.57099,-5.2064
72.58098,-5.2082
72.59097,-5.2192
72.60095,-5.2136
72.61094,-5.2027
72.62093,-5.1935
72.63091,-5.1918
72.6409,-5.1903
72.65089,-5.1879
72.66087,-5.1953
72.67089,-5.2019
72.68093,-5.2196
72.69096,-5.2174
72.701,-5.2126
72.71104,-5.1989
72.72108,-5.1922
72.73112,-5.1888
72.74116,-5.1769
72.75119,-5.1654
72.76123,-5.1657
72.77127,-5.1681
72.7813,-5.1929
72.79134,-5.2097
72.80132,-5.2205
72.81128,-5.223
72.82124,-5.2109
72.83121,-5.1913
72.84117,-5.1784
72.85114,-5.1663
72.8611,-5.1636
72.87106,-5.1631
72.88103,-5.1831
72.89099,-5.189
72.90096,-5.202
72.91092,-5.2048
72.92091,-5.2154
72.93092,-5.2097
72.94094,-5.19
72.95096,-5.1893
72.96098,-5.1804
72.97099,-5.183
72.98101,-5.1773
72.99103,-5.187
73.00105,-5.1896
73.01106,-5.2126
73.02108,-5.2014
73.0311,-5.1917
73.04111,-5.1945
73.05112,-5.1884
73.0611,-5.1875
73.0711,-5.1877
73.08109,-5.1934
73.09109,-5.2064
73.10108,-5.214
73.11108,-5.2076
73.12107,-5.1826
73.13107,-5.1747
73.14106,-5.175
73.15105,-5.1829
73.16105,-5.1901
73.17104,-5.1994
73.18105,-5.2095
73.19104,-5.2083
73.20103,-5.2018
73.21104,-5.1904
73.22103,-5.1849
73.23103,-5.1722
73.24102,-5.1823
73.25102,-5.1926
73.26102,-5.1875
73.27101,-5.1753
73.28101,-5.1772
73.29101,-5.1787
73.3011,-5.1699
73.31118,-5.1599
73.32127,-5.1794
73.33134,-5.1928
73.34143,-5.1998
73.35151,-5.2032
73.3616,-5.2003
73.37167,-5.1738
73.38176,-5.1679
73.39184,-5.1602
73.40192,-5.1636
73.412,-5.1597
73.42204,-5.1664
73.43204,-5.1719
73.44203,-5.182
73.45203,-5.1876
73.46202,-5.194
73.47201,-5.1833
73.482,-5.1632
73.492,-5.1516
73.50199,-5.1572
73.51199,-5.158
73.52197,-5.1589
73.53197,-5.1659
73.54196,-5.175
73.55192,-5.1719
73.56187,-5.1657
73.57183,-5.1589
73.58179,-5.1633
73.59175,-5.1674
73.60171,-5.1704
73.61166,-5.1641
73.62163,-5.1519
73.63158,-5.1636
73.64154,-5.1557
73.6515,-5.1586
73.66145,-5.1548
73.67144,-5.1715
73.68145,-5.1708
73.69145,-5.1715
73.70146,-5.1602
73.71147,-5.162
73.72147,-5.1579
73.73148,-5.1528
73.74149,-5.1585
73.7515,-5.1685
73.76151,-5.1552
73.77151,-5.1479
73.78152,-5.1526
73.79153,-5.1449
73.80153,-5.1486
73.81152,-5.1583
73.82153,-5.1528
73.83152,-5.1558
73.84152,-5.153
73.85152,-5.1621
73.86152,-5.1523
73.87151,-5.1619
73.88151,-5.1606
73.89151,-5.1487
73.9015,-5.1459
73.91151,-5.1399
73.9215,-5.144
73.9315,-5.1521
73.94151,-5.1525
73.9515,-5.1444
73.9615,-5.1291
73.9715,-5.1322
73.9815,-5.1399
73.9915,-5.1432
74.0015,-5.1501
74.0115,-5.1478
74.0215,-5.1474
74.03149,-5.1519
74.0415,-5.1438
74.05154,-5.1342
74.06157,-5.1494
74.0716,-5.1277
74.08163,-5.1335
74.09167,-5.1416
74.1017,-5.1431
74.11173,-5.1563
74.12177,-5.1454
74.1318,-5.1496
74.14183,-5.153
74.15186,-5.1451
74.1619,-5.1511
74.17188,-5.1385
74.18185,-5.1396
74.1918,-5.1424
74.20176,-5.1381
74.21172,-5.136
74.22168,-5.1433
74.23164,-5.148
74.24159,-5.1463
74.25156,-5.1494
74.26151,-5.1396
74.27147,-5.1426
74.28143,-5.1425
74.29139,-5.1422
74.30149,-5.1364
74.31159,-5.126
74.32169,-5.1324
74.33179,-5.1266
74.34189,-5.1221
74.35198,-5.1333
74.36208,-5.1437
74.37218,-5.1537
74.38228,-5.1484
74.39238,-5.1468
74.40248,-5.1482
74.41257,-5.1479
74.42264,-5.1375
74.43264,-5.1318
74.44265,-5.1291
74.45266,-5.1197
74.46266,-5.1282
74.47267,-5.1301
74.48268,-5.1522
74.49269,-5.1503
74.50269,-5.1571
74.5127,-5.1439
74.52271,-5.1317
74.53271,-5.1187
74.54272,-5.1341
74.55272,-5.1138
74.56271,-5.1352
74.5727,-5.1595
74.5827,-5.1597
74.59268,-5.1479
74.60268,-5.1404
74.61266,-5.1291
74.62266,-5.1216
74.63264,-5.1182
74.64264,-5.1263
74.65263,-5.1439
74.66262,-5.1606
74.67262,-5.1662
74.68262,-5.1719
74.69262,-5.1504
74.70262,-5.1433
74.71262,-5.128
74.72262,-5.1149
74.73262,-5.1207
74.74262,-5.1299
74.75262,-5.1666
74.76263,-5.1786
74.77262,-5.1815
74.78262,-5.1577
74.79263,-5.1347
74.80263,-5.1305
74.81262,-5.1273
74.82262,-5.122
74.8326,-5.1165
74.8426,-5.138
74.85259,-5.1434
74.86259,-5.1335
74.87258,-5.1425
74.88258,-5.146
74.89256,-5.1405
74.90256,-5.1565
74.91255,-5.1573
74.92255,-5.1508
74.93255,-5.1427
74.94256,-5.1408
74.95256,-5.1435
74.96256,-5.1324
74.97257,-5.1236
74.98257,-5.1326
74.99258,-5.1308
75.00259,-5.1311
75.01259,-5.1394
75.02259,-5.1433
75.0326,-5.1435
75.0426,-5.1491
75.0526,-5.1707
75.06259,-5.1608
75.07258,-5.1451
75.08257,-5.1477
75.09256,-5.1341
75.10255,-5.1207
75.11254,-5.1099
75.12253,-5.1033
75.13251,-5.1245
75.14251,-5.1389
75.1525,-5.1439
75.16248,-5.1527
75.17247,-5.1625
75.18243,-5.1642
75.19241,-5.1619
75.20238,-5.1471
75.21235,-5.1373
75.22231,-5.1111
75.23228,-5.113
75.24226,-5.1252
75.25222,-5.15
75.26219,-5.1711
75.27216,-5.1845
75.28213,-5.1954
75.2921,-5.1872
75.30213,-5.1911
75.31216,-5.209
75.32219,-5.1911
75.33221,-5.1821
75.34224,-5.179
75.35226,-5.1799
75.3623,-5.1891
75.37232,-5.2049
75.38235,-5.1982
75.39237,-5.2122
75.4024,-5.2123
75.41243,-5.2175
75.42244,-5.1864
75.43244,-5.1786
75.44244,-5.1761
75.45244,-5.1999
75.46243,-5.2033
75.47243,-5.2069
75.48243,-5.2052
75.49243,-5.2016
75.50243,-5.2082
75.51243,-5.2145
75.52242,-5.2058
75.53242,-5.1995
75.54242,-5.2042
75.55246,-5.2056
75.5625,-5.2023
75.57254,-5.2052
75.58258,-5.2163
75.59262,-5.2169
75.60266,-5.2014
75.6127,-5.1952
75.62274,-5.1966
75.63278,-5.1966
75.64282,-5.2067
75.65286,-5.2007
75.6629,-5.197
75.67294,-5.2052
75.68297,-5.2093
75.69299,-5.2081
75.70303,-5.2121
75.71305,-5.2167
75.72308,-5.2106
75.7331,-5.2093
75.74313,-5.1977
75.75316,-5.1936
75.76318,-5.1917
75.77321,-5.2116
75.78324,-5.2079
75.79327,-5.2114
75.80327,-5.2254
75.81327,-5.2145
75.82327,-5.214
75.83327,-5.2088
75.84328,-5.1904
75.85328,-5.2021
75.86328,-5.2031
75.87328,-5.1964
75.88329,-5.2181
75.89329,-5.2221
75.90329,-5.2203
75.91329,-5.225
75.92329,-5.2164
75.93327,-5.209
75.94326,-5.2056
75.95324,-5.2173
75.96323,-5.2163
75.97321,-5.2024
75.9832,-5.2042
75.99318,-5.2008
76.00317,-5.2142
76.01315,-5.2364
76.02314,-5.2231
76.03312,-5.2135
76.04311,-5.1993
76.05312,-5.1889
76.06313,-5.1869
76.07313,-5.1975
76.08314,-5.1996
76.09314,-5.2184
76.10315,-5.2246
76.11315,-5.2302
76.12315,-5.2346
76.13316,-5.2188
76.14317,-5.2034
76.15318,-5.2037
76.16318,-5.1924
76.17317,-5.196
76.18314,-5.2081
76.19311,-5.2214
76.20307,-5.2237
76.21304,-5.2236
76.223,-5.2296
76.23296,-5.2271
76.24293,-5.2283
76.25289,-5.2142
76.26286,-5.2081
76.27283,-5.2102
76.28279,-5.2096
76.29276,-5.2197
76.30276,-5.2131
76.31275,-5.2085
76.32275,-5.2157
76.33273,-5.233
76.34273,-5.2146
76.35272,-5.2013
76.36271,-5.2082
76.3727,-5.201
76.3827,-5.2081
76.39269,-5.203
76.40268,-5.2084
76.41267,-5.2207
76.42269,-5.2234
76.43273,-5.2047
76.44276,-5.2027
76.4528,-5.2057
76.46284,-5.2001
76.47288,-5.2013
76.48292,-5.1961
76.49295,-5.1999
76.50299,-5.209
76.51302,-5.2188
76.52306,-5.2128
76.5331,-5.2062
76.54314,-5.2086
76.55317,-5.1997
76.56319,-5.1947
76.57323,-5.1838
76.58326,-5.1775
76.59329,-5.1983
76.60332,-5.2157
76.61335,-5.2112
76.62338,-5.2191
76.63341,-5.2146
76.64344,-5.2106
76.65347,-5.2037
76.66351,-5.2014
76.67355,-5.1867
76.68359,-5.1845
76.69363,-5.19
76.70366,-5.2096
76.7137,-5.2085
76.72374,-5.1989
76.73378,-5.2079
76.74381,-5.2105
76.75385,-5.2124
76.76389,-5.2033
76.77393,-5.1918
76.78397,-5.1877
76.79401,-5.1897
76.80401,-5.1998
76.814,-5.1985
76.82398,-5.1946
76.83397,-5.1966
76.84396,-5.2075
76.85395,-5.2109
76.86394,-5.1944
76.87392,-5.1984
76.88392,-5.2191
76.89391,-5.2142
76.90389,-5.1991
76.91388,-5.1784
76.9239,-5.1845
76.93392,-5.177
76.94394,-5.1765
76.95396,-5.1699
76.96398,-5.179
76.97401,-5.1742
76.98402,-5.1572
76.99405,-5.1504
77.00407,-5.1377
77.01409,-5.1377
77.02411,-5.1426
77.03413,-5.1388
77.04415,-5.1257
77.05417,-5.1248
77.06416,-5.1339
77.07416,-5.1386
77.08415,-5.135
77.09415,-5.1338
77.10414,-5.1216
77.11413,-5.1337
77.12412,-5.1192
77.13412,-5.1203
77.14411,-5.1203
77.15411,-5.1291
77.1641,-5.1306
77.17406,-5.1237
77.18401,-5.1193
77.19395,-5.1189
77.20389,-5.1223
77.21383,-5.1324
77.22378,-5.1336
77.23372,-5.1335
77.24366,-5.1248
77.2536,-5.1162
77.26354,-5.1105
77.27349,-5.1077
77.28343,-5.1021
77.29337,-5.1065
77.30342,-5.1204
77.31346,-5.1205
77.3235,-5.1164
77.33355,-5.1169
77.34359,-5.1196
77.35363,-5.1131
77.36367,-5.1075
77.37371,-5.1105
77.38375,-5.1084
77.39379,-5.1163
77.40383,-5.1113
77.41387,-5.1013
77.4239,-5.1045
77.43391,-5.1098
77.44393,-5.0973
77.45395,-5.1079
77.46397,-5.1003
77.47398,-5.0995
77.484,-5.1015
77.49402,-5.1181
77.50404,-5.1106
77.51405,-5.1124
77.52407,-5.124
77.53409,-5.1222
77.54411,-5.1184
77.55414,-5.1008
77.56414,-5.1004
77.57414,-5.1
77.58414,-5.0916
77.59415,-5.0918
77.60416,-5.1111
77.61416,-5.1073
77.62416,-5.0991
77.63417,-5.1063
77.64417,-5.1004
77.65417,-5.0949
77.66418,-5.1064
77.67415,-5.1024
77.68408,-5.089
77.69401,-5.0945
77.70394,-5.1039
77.71387,-5.1066
77.7238,-5.1016
77.73373,-5.1016
77.74366,-5.0941
77.75359,-5.0993
77.76352,-5.0967
77.77345,-5.1161
77.78338,-5.0984
77.79331,-5.0907
77.80339,-5.1066
77.81347,-5.1138
77.82354,-5.0968
77.83362,-5.092
77.8437,-5.0951
77.85378,-5.086
77.86385,-5.0837
77.87392,-5.0845
77.884,-5.0921
77.89408,-5.1018
77.90416,-5.1085
77.91424,-5.1028
77.92428,-5.1026
77.93427,-5.1025
77.94427,-5.1028
77.95426,-5.0898
77.96426,-5.0876
77.97426,-5.0928
77.98425,-5.1035
77.99425,-5.0874
78.00424,-5.0988
78.01424,-5.1025
78.02424,-5.0951
78.03423,-5.0906
78.04423,-5.084
78.05424,-5.0873
78.06425,-5.0838
78.07424,-5.0868
78.08424,-5.1112
78.09424,-5.1127
78.10424,-5.0958
78.11424,-5.095
78.12424,-5.0928
78.13424,-5.0901
78.14423,-5.0804
78.15424,-5.0785
78.16424,-5.0833
78.17424,-5.0925
78.18425,-5.0928
78.19426,-5.085
78.20426,-5.0947
78.21427,-5.0978
78.22427,-5.0985
78.23428,-5.0923
78.24429,-5.0827
78.2543,-5.085
78.26431,-5.0852
78.27431,-5.0871
78.28432,-5.0844
78.29433,-5.0836
78.30432,-5.0875
78.31431,-5.0949
78.32429,-5.0907
78.33427,-5.0935
78.34426,-5.1008
78.35424,-5.0906
78.36423,-5.0948
78.37421,-5.0919
78.3842,-5.0803
78.39418,-5.0786
78.40417,-5.0869
78.41415,-5.0866
78.42416,-5.0842
78.43419,-5.0943
78.44421,-5.0978
78.45422,-5.0939
78.46424,-5.0857
78.47426,-5.0772
78.48428,-5.0874
78.4943,-5.0892
78.50432,-5.0943
78.51434,-5.0912
78.52436,-5.0802
78.53438,-5.0907
78.5444,-5.091
78.55437,-5.0764
78.56435,-5.0781
78.57432,-5.075
78.58429,-5.0891
78.59426,-5.0986
78.60423,-5.0836
78.6142,-5.0812
78.62418,-5.0821
78.63415,-5.0828
78.64412,-5.082
78.65409,-5.0794
78.66406,-5.0742
78.67408,-5.0826
78.6841,-5.0966
78.69412,-5.09
78.70414,-5.0745
78.71416,-5.0846
78.72418,-5.0801
78.7342,-5.0899
78.74422,-5.0749
78.75424,-5.0818
78.76427,-5.0817
78.77428,-5.0924
78.78431,-5.0921
78.79433,-5.0755
78.80431,-5.0773
78.81429,-5.0783
78.82428,-5.0804
78.83426,-5.0765
78.84424,-5.0741
78.85422,-5.0821
78.8642,-5.084
78.87418,-5.091
78.88416,-5.0918
78.89414,-5.0854
78.90412,-5.0818
78.9141,-5.0797
78.92419,-5.0797
78.93436,-5.0753
78.94453,-5.0738
78.95469,-5.0789
78.96486,-5.0769
78.97503,-5.0732
78.9852,-5.0777
78.99537,-5.0945
79.00554,-5.096
79.0157,-5.0936
79.02587,-5.0801
79.03604,-5.0626
79.04621,-5.0773
79.05618,-5.072
79.06615,-5.0742
79.07613,-5.0722
79.0861,-5.082
79.09607,-5.0872
79.10604,-5.0852
79.11602,-5.0733
79.12599,-5.0761
79.13596,-5.0799
79.14594,-5.0823
79.15591,-5.0717
79.16588,-5.0687
79.17584,-5.0695
79.18578,-5.0819
79.19572,-5.087
79.20567,-5.0844
79.2156,-5.0917
79.22554,-5.0889
79.23548,-5.0827
79.24541,-5.0834
79.25536,-5.0718
79.2653,-5.0714
79.27524,-5.0751
79.28517,-5.0726
79.29511,-5.0722
79.30512,-5.0745
79.31512,-5.0791
79.32512,-5.082
79.33512,-5.0798
79.34512,-5.0711
79.35513,-5.0814
79.36512,-5.0748
79.37512,-5.0791
79.38512,-5.0726
79.39513,-5.0771
79.40513,-5.0751
79.41513,-5.0735
79.42513,-5.0731
79.43513,-5.0673
79.44514,-5.0578
79.45513,-5.0738
79.46513,-5.0771
79.47514,-5.0744
79.48514,-5.0778
79.49513,-5.0795
79.50513,-5.0877
79.51514,-5.0837
79.52514,-5.0758
79.53513,-5.0695
79.54514,-5.0726
79.55513,-5.075
79.56512,-5.0783
79.57513,-5.0695
79.58512,-5.0807
79.59512,-5.0798
79.60512,-5.0837
79.61511,-5.0719
79.62511,-5.065
79.63511,-5.0682
79.6451,-5.0696
79.6551,-5.083
79.6651,-5.0786
79.67512,-5.0711
79.68513,-5.0822
79.69515,-5.0877
79.70516,-5.0763
79.71518,-5.0591
79.7252,-5.059
79.73521,-5.0683
79.74523,-5.069
79.75525,-5.06
79.76526,-5.0598
79.77528,-5.0956
79.78529,-5.0985
79.79531,-5.0901
79.80528,-5.0778
79.81525,-5.0672
79.82523,-5.0608
79.8352,-5.0725
79.84517,-5.0752
79.85514,-5.0724
79.86511,-5.0636
79.87508,-5.0843
79.88506,-5.0877
79.89503,-5.0802
79.905,-5.0604
79.91497,-5.0635
79.925,-5.0681
79.93507,-5.0732
79.94515,-5.0741
79.95523,-5.0809
79.96531,-5.0791
79.97539,-5.0741
79.98547,-5.0671
79.99555,-5.0672
80.00563,-5.0659
80.01571,-5.0637
80.02579,-5.0602
80.03587,-5.0604
80.04594,-5.0637
80.05597,-5.0706
80.066,-5.0823
80.07603,-5.08
80.08605,-5.0671
80.09608,-5.059
80.10611,-5.0593
80.11613,-5.0521
80.12616,-5.0518
80.13618,-5.0609
80.14621,-5.0739
80.15624,-5.0721
80.16627,-5.0765
80.17625,-5.0714
80.1862,-5.0643
80.19613,-5.0637
80.20607,-5.0652
80.216,-5.0576
80.22594,-5.0605
80.23589,-5.0595
80.24582,-5.0648
80.25576,-5.0638
80.26569,-5.0602
80.27563,-5.0561
80.28557,-5.067
80.29551,-5.0711
80.30561,-5.0623
80.31572,-5.0732
80.32582,-5.0691
80.33593,-5.0645
80.34603,-5.0689
80.35614,-5.0597
80.36624,-5.0636
80.37635,-5.0706
80.38645,-5.0721
80.39656,-5.0732
80.40666,-5.068
80.41677,-5.0629
80.42681,-5.06
80.43678,-5.0664
80.44674,-5.0762
80.4567,-5.0656
80.46666,-5.0761
80.47662,-5.072
80.48659,-5.0681
80.49655,-5.0746
80.50652,-5.0877
80.51647,-5.0641
80.52644,-5.07
80.5364,-5.0718
80.54636,-5.0731
80.55633,-5.0964
80.56629,-5.0932
80.57625,-5.0824
80.58621,-5.0758
80.59617,-5.0669
80.60612,-5.0654
80.61609,-5.0636
80.62605,-5.0713
80.63601,-5.0799
80.64597,-5.0795
80.65593,-5.0844
80.66589,-5.0985
80.67587,-5.1047
80.68586,-5.0926
80.69585,-5.0753
80.70585,-5.0837
80.71584,-5.0721
80.72584,-5.0756
80.73583,-5.0871
80.74583,-5.0988
80.75581,-5.0937
80.76581,-5.0948
80.7758,-5.0806
80.7858,-5.0801
80.79579,-5.0763
80.80579,-5.0883
80.81578,-5.0957
80.82578,-5.0991
80.83577,-5.1003
80.84576,-5.0849
80.85576,-5.079
80.86576,-5.0805
80.87576,-5.0676
80.88575,-5.0676
80.89574,-5.0848
80.90574,-5.0889
80.91573,-5.1033
80.92573,-5.106
80.93572,-5.1069
80.94572,-5.1012
80.95572,-5.0992
80.96572,-5.0917
80.97572,-5.0829
80.98571,-5.0879
80.99571,-5.0845
81.00571,-5.0937
81.01571,-5.0925
81.0257,-5.0969
81.03571,-5.1018
81.0457,-5.1048
81.0557,-5.0968
81.0657,-5.0929
81.07569,-5.1014
81.08569,-5.1014
81.09568,-5.0978
81.10567,-5.091
81.11567,-5.1031
81.12567,-5.1021
81.13567,-5.1062
81.14566,-5.1011
81.15565,-5.0981
81.16565,-5.1042
81.17596,-5.1091
81.18656,-5.1126
81.19717,-5.1064
81.20778,-5.1013
81.21838,-5.0929
81.22899,-5.1016
81.23959,-5.0951
81.25021,-5.0953
81.26081,-5.1049
81.27142,-5.11
81.28202,-5.1187
81.29263,-5.1132
81.30324,-5.1057
81.31268,-5.1075
81.32211,-5.1122
81.33154,-5.1068
81.34097,-5.1054
81.3504,-5.0983
81.35983,-5.1057
81.36926,-5.1171
81.37869,-5.1127
81.38812,-5.1114
81.39755,-5.1046
81.40699,-5.1115
81.41642,-5.1008
81.42616,-5.0989
81.4362,-5.1078
81.44623,-5.1076
81.45627,-5.1082
81.46631,-5.1132
81.47634,-5.1101
81.48638,-5.1073
81.49642,-5.103
81.50645,-5.1122
81.51649,-5.1112
81.52654,-5.1089
81.53657,-5.1098
81.54661,-5.1114
