time_s,measured_value
0.00994,-2.3554
0.01989,-2.3554
0.02983,-2.3409
0.03978,-2.3275
0.04972,-2.3395
0.05967,-2.3508
0.06961,-2.3534
0.07956,-2.3423
0.0895,-2.3407
0.09945,-2.3462
0.10939,-2.3543
0.11934,-2.3441
0.12931,-2.3383
0.13931,-2.3407
0.14931,-2.3575
0.15931,-2.3474
0.16931,-2.3314
0.17931,-2.3402
0.18931,-2.3432
0.19931,-2.3564
0.20931,-2.3399
0.21931,-2.3355
0.22931,-2.3445
0.23931,-2.3549
0.24931,-2.3405
0.25932,-2.3285
0.26933,-2.3349
0.27934,-2.3414
0.28935,-2.3523
0.29936,-2.3438
0.30937,-2.3409
0.31938,-2.3446
0.32939,-2.3442
0.3394,-2.3355
0.34941,-2.3292
0.35942,-2.3363
0.36943,-2.3423
0.37942,-2.34
0.38938,-2.3443
0.39934,-2.339
0.4093,-2.3492
0.41926,-2.3514
0.42922,-2.3446
0.43918,-2.3432
0.44914,-2.3408
0.4591,-2.3323
0.46906,-2.334
0.47902,-2.34
0.48898,-2.3339
0.49894,-2.3407
0.50894,-2.341
0.51894,-2.345
0.52894,-2.3502
0.53894,-2.3406
0.54894,-2.3331
0.55894,-2.343
0.56894,-2.3457
0.57894,-2.3492
0.58894,-2.3401
0.59894,-2.3426
0.60893,-2.349
0.61893,-2.3429
0.62895,-2.3369
0.63899,-2.3324
0.64902,-2.3375
0.65906,-2.3461
0.66909,-2.3325
0.67913,-2.3339
0.68916,-2.3276
0.6992,-2.3458
0.70924,-2.3448
0.71927,-2.3412
0.72931,-2.3336
0.73934,-2.3385
0.74938,-2.3467
0.75934,-2.3531
0.76929,-2.3348
0.77925,-2.3356
0.78921,-2.3348
0.79917,-2.3464
0.80912,-2.3425
0.81908,-2.3366
0.82904,-2.3291
0.83899,-2.3472
0.84895,-2.3433
0.85891,-2.3385
0.86887,-2.3403
0.87886,-2.336
0.88885,-2.3416
0.89884,-2.3374
0.90883,-2.3339
0.91882,-2.3311
0.92881,-2.3341
0.9388,-2.3456
0.94879,-2.3389
0.95878,-2.3313
0.96877,-2.3232
0.97876,-2.3324
0.98875,-2.3435
0.99874,-2.3362
1.00873,-2.3214
1.01872,-2.3324
1.02871,-2.3434
1.0387,-2.3374
1.04869,-2.3273
1.05869,-2.3286
1.06868,-2.3371
1.07867,-2.3308
1.08866,-2.3255
1.09865,-2.3197
1.10864,-2.328
1.11863,-2.3439
1.12868,-2.341
1.1388,-2.3401
1.14891,-2.3294
1.15903,-2.3402
1.16914,-2.3463
1.17925,-2.3326
1.18937,-2.3225
1.19948,-2.3237
1.20959,-2.329
1.21971,-2.3296
1.22982,-2.327
1.23994,-2.3328
1.25005,-2.3329
1.26005,-2.3435
1.27004,-2.3356
1.28004,-2.3297
1.29004,-2.3306
1.30003,-2.3318
1.31003,-2.3375
1.32003,-2.3279
1.33002,-2.3159
1.34002,-2.3239
1.35002,-2.3338
1.36001,-2.3338
1.37001,-2.3252
1.38001,-2.3235
1.39,-2.3381
1.39999,-2.3407
1.40999,-2.3267
1.41998,-2.3212
1.42997,-2.3266
1.43997,-2.3432
1.44996,-2.3495
1.45995,-2.3303
1.46994,-2.3255
1.47994,-2.3375
1.48993,-2.3448
1.49992,-2.3298
1.50993,-2.3261
1.51992,-2.3331
1.52992,-2.3356
1.53992,-2.3476
1.54992,-2.3292
1.55992,-2.3386
1.56992,-2.346
1.57992,-2.3522
1.58992,-2.3449
1.59992,-2.342
1.60992,-2.3525
1.61991,-2.3399
1.62991,-2.3414
1.6399,-2.3355
1.64989,-2.3283
1.65988,-2.3368
1.66986,-2.3277
1.67985,-2.3357
1.68984,-2.3347
1.69983,-2.3312
1.70982,-2.3362
1.71981,-2.3453
1.72979,-2.3367
1.73978,-2.3288
1.74977,-2.3373
1.75978,-2.341
1.76979,-2.3432
1.7798,-2.3268
1.78981,-2.3282
1.79982,-2.3252
1.80983,-2.3401
1.81984,-2.3349
1.82985,-2.328
1.83985,-2.3238
1.84986,-2.3467
1.85987,-2.3373
1.86988,-2.3402
1.87987,-2.3291
1.88984,-2.3327
1.8998,-2.3304
1.90977,-2.326
1.91973,-2.3322
1.9297,-2.3347
1.93966,-2.3264
1.94963,-2.3305
1.95959,-2.329
1.96956,-2.3211
1.97952,-2.3266
1.98949,-2.3349
1.99945,-2.3382
2.00946,-2.3308
2.01947,-2.3296
2.02947,-2.3396
2.03948,-2.3362
2.04948,-2.3305
2.05949,-2.3363
2.06949,-2.3329
2.07949,-2.3337
2.0895,-2.3255
2.0995,-2.3275
2.10951,-2.3251
2.11951,-2.329
2.12952,-2.3308
2.13951,-2.3347
2.14951,-2.3374
2.1595,-2.3357
2.1695,-2.3499
2.17949,-2.3497
2.18949,-2.3326
2.19948,-2.3274
2.20948,-2.3293
2.21947,-2.3328
2.22947,-2.3318
2.23947,-2.3262
2.24946,-2.3304
2.25946,-2.3434
2.26946,-2.3507
2.27946,-2.3421
2.28945,-2.3352
2.29945,-2.3393
2.30945,-2.3495
2.31945,-2.3457
2.32944,-2.331
2.33944,-2.3274
2.34944,-2.3347
2.35943,-2.3403
2.36943,-2.3362
2.37949,-2.337
2.38961,-2.3404
2.39972,-2.3495
2.40984,-2.3521
2.41995,-2.3365
2.43007,-2.3351
2.44018,-2.3311
2.4503,-2.3352
2.46041,-2.327
2.47053,-2.3319
2.48064,-2.3285
2.49076,-2.3419
2.50087,-2.3538
2.51087,-2.3425
2.52086,-2.3372
2.53086,-2.338
2.54085,-2.3356
2.55085,-2.338
2.56084,-2.3232
2.57084,-2.326
2.58083,-2.3281
2.59083,-2.3447
2.60082,-2.3435
2.61082,-2.3354
2.62081,-2.3377
2.6308,-2.3402
2.64077,-2.3408
2.65074,-2.3152
2.66071,-2.3208
2.67068,-2.321
2.68065,-2.3309
2.69061,-2.3359
2.70058,-2.3307
2.71055,-2.3342
2.72052,-2.345
2.73049,-2.3462
2.74046,-2.3304
2.75043,-2.3235
2.76045,-2.3224
2.77047,-2.3257
2.78048,-2.3305
2.7905,-2.3259
2.80051,-2.3152
2.81053,-2.3277
2.82054,-2.3362
2.83056,-2.3321
2.84057,-2.3318
2.85059,-2.3288
2.8606,-2.3336
2.87062,-2.3403
2.88061,-2.3305
2.89057,-2.3218
2.90053,-2.3271
2.91049,-2.3324
2.92045,-2.3324
2.93041,-2.33
2.94037,-2.3196
2.95033,-2.3352
2.96029,-2.3373
2.97025,-2.3349
2.98021,-2.3258
2.99017,-2.3252
3.00013,-2.3296
3.01013,-2.3257
3.02012,-2.3224
3.03012,-2.3243
3.04012,-2.3301
3.05012,-2.3397
3.06012,-2.3347
3.07011,-2.3267
3.08011,-2.3282
3.09011,-2.3336
3.10011,-2.3416
3.11011,-2.3324
3.12011,-2.3271
3.13011,-2.3283
3.14011,-2.3343
3.15011,-2.3394
3.16012,-2.334
3.17012,-2.3324
3.18012,-2.3346
3.19012,-2.3349
3.20012,-2.3292
3.21013,-2.3257
3.22013,-2.3156
3.23013,-2.3251
3.24013,-2.3328
3.25013,-2.3246
3.26016,-2.3286
3.27018,-2.3271
3.2802,-2.3318
3.29022,-2.3318
3.30025,-2.3261
3.31027,-2.3235
3.32029,-2.3277
3.33031,-2.3392
3.34033,-2.3253
3.35035,-2.3191
3.36038,-2.3206
3.3704,-2.3289
3.38041,-2.3345
3.39041,-2.3257
3.4004,-2.3318
3.4104,-2.3248
3.4204,-2.3388
3.4304,-2.3306
3.44039,-2.3162
3.45039,-2.3168
3.46039,-2.3269
3.47039,-2.3285
3.48038,-2.3301
3.49038,-2.3332
3.50038,-2.3292
3.51046,-2.3377
3.52054,-2.3299
3.53063,-2.322
3.54071,-2.3222
3.55079,-2.3292
3.56087,-2.3253
3.57096,-2.3171
3.58104,-2.3172
3.59112,-2.3254
3.6012,-2.3302
3.61128,-2.3337
3.62137,-2.3294
3.63141,-2.3223
3.6414,-2.3172
3.6514,-2.3318
3.66139,-2.3246
3.67139,-2.314
3.68138,-2.3121
3.69137,-2.322
3.70137,-2.3357
3.71136,-2.3222
3.72135,-2.3191
3.73135,-2.3189
3.74134,-2.3261
3.75133,-2.3191
3.76135,-2.315
3.77135,-2.3079
3.78135,-2.3087
3.79134,-2.3244
3.80134,-2.3267
3.81134,-2.3272
3.82134,-2.3308
3.83133,-2.3363
3.84133,-2.3323
3.85133,-2.3205
3.86133,-2.3134
3.87133,-2.3132
3.88131,-2.3292
3.89129,-2.3271
3.90126,-2.3205
3.91123,-2.327
3.92121,-2.3285
3.93118,-2.3407
3.94116,-2.3166
3.95113,-2.3197
3.9611,-2.3238
3.97108,-2.331
3.98105,-2.3405
3.99102,-2.3176
4.001,-2.3215
4.01102,-2.3263
4.02103,-2.3221
4.03105,-2.3165
4.04106,-2.3115
4.05108,-2.3121
4.06109,-2.3248
4.07111,-2.3287
4.08112,-2.332
4.09114,-2.3241
4.10115,-2.3143
4.11117,-2.3164
4.12118,-2.3213
4.13119,-2.3148
4.14119,-2.313
4.15119,-2.3164
4.16119,-2.3286
4.17119,-2.3236
4.18119,-2.3108
4.19119,-2.3229
4.20118,-2.3352
4.21118,-2.3248
4.22118,-2.3242
4.23118,-2.3225
4.24118,-2.3192
4.25118,-2.3268
4.2612,-2.3212
4.2712,-2.3128
4.2812,-2.3178
4.29119,-2.3291
4.30119,-2.3331
4.31119,-2.3266
4.32119,-2.3153
4.33119,-2.3153
4.34119,-2.3228
4.35119,-2.3229
4.36119,-2.3184
4.37119,-2.3174
4.38117,-2.3163
4.39114,-2.3261
4.4011,-2.3306
4.41106,-2.3241
4.42102,-2.3188
4.43099,-2.3257
4.44095,-2.3183
4.45091,-2.3159
4.46087,-2.309
4.47084,-2.3194
4.4808,-2.3325
4.49076,-2.3273
4.50072,-2.3307
4.51083,-2.3269
4.52094,-2.3343
4.53104,-2.3181
4.54115,-2.313
4.55125,-2.3141
4.56136,-2.3158
4.57146,-2.3218
4.58157,-2.3241
4.59167,-2.321
4.60178,-2.3196
4.61188,-2.3273
4.62199,-2.3328
4.63205,-2.3236
4.64206,-2.3132
4.65208,-2.3161
4.66209,-2.3203
4.67211,-2.321
4.68212,-2.3136
4.69214,-2.3081
4.70216,-2.3237
4.71217,-2.3343
4.72219,-2.3242
4.7322,-2.313
4.74222,-2.3115
4.75223,-2.3162
4.76223,-2.3304
4.77222,-2.3181
4.78222,-2.3113
4.79221,-2.3138
4.8022,-2.3227
4.8122,-2.3249
4.82219,-2.31
4.83219,-2.3118
4.84218,-2.308
4.85218,-2.3267
4.86217,-2.3183
4.87216,-2.3114
4.88216,-2.3179
4.89215,-2.3171
4.90215,-2.3175
4.91214,-2.3129
4.92214,-2.3077
4.93213,-2.3104
4.94212,-2.318
4.95212,-2.3136
4.96211,-2.3139
4.97211,-2.316
4.9821,-2.3217
4.99209,-2.3293
5.00209,-2.32
5.01205,-2.3155
5.02201,-2.3145
5.03196,-2.3201
5.04192,-2.3181
5.05188,-2.3089
5.06184,-2.3095
5.0718,-2.3253
5.08176,-2.3242
5.09171,-2.3131
5.10167,-2.3108
5.11163,-2.309
5.12159,-2.3184
5.13158,-2.3133
5.14158,-2.3115
5.15157,-2.3112
5.16157,-2.317
5.17156,-2.3237
5.18156,-2.3218
5.19155,-2.3107
5.20155,-2.3165
5.21154,-2.3106
5.22154,-2.321
5.23153,-2.3218
5.24153,-2.3187
5.25152,-2.3311
5.26157,-2.3257
5.27161,-2.3262
5.28165,-2.3107
5.29169,-2.3041
5.30173,-2.3007
5.31177,-2.3078
5.32182,-2.3178
5.33186,-2.3118
5.3419,-2.31
5.35194,-2.3208
5.36198,-2.3282
5.37202,-2.3294
5.38203,-2.3184
5.39201,-2.3228
5.40198,-2.3267
5.41196,-2.3246
5.42193,-2.3085
5.43191,-2.3098
5.44188,-2.3122
5.45185,-2.3212
5.46183,-2.3168
5.4718,-2.3216
5.48178,-2.3209
5.49175,-2.3348
5.50173,-2.3384
5.51181,-2.3205
5.5219,-2.3153
5.53198,-2.3247
5.54206,-2.3229
5.55214,-2.3198
5.56222,-2.3156
5.57231,-2.311
5.58239,-2.3164
5.59247,-2.3218
5.60255,-2.3118
5.61264,-2.3066
5.62272,-2.3211
5.63273,-2.3187
5.64267,-2.3195
5.65261,-2.3097
5.66255,-2.3119
5.67249,-2.3102
5.68242,-2.3165
5.69236,-2.3232
5.7023,-2.317
5.71224,-2.3099
5.72218,-2.3248
5.73211,-2.3273
5.74205,-2.3272
5.75199,-2.3176
5.76203,-2.3025
5.77207,-2.3208
5.7821,-2.3244
5.79214,-2.3148
5.80217,-2.3058
5.81221,-2.3197
5.82225,-2.3282
5.83228,-2.3261
5.84232,-2.3144
5.85236,-2.3054
5.86239,-2.3137
5.87243,-2.3181
5.88249,-2.3092
5.89256,-2.3015
5.90263,-2.302
5.91271,-2.3117
5.92278,-2.3122
5.93286,-2.3039
5.94293,-2.2971
5.953,-2.3029
5.96308,-2.3221
5.97315,-2.3111
5.98322,-2.3042
5.9933,-2.3243
6.00337,-2.3221
6.01332,-2.3159
6.02327,-2.3075
6.03322,-2.3041
6.04316,-2.3074
6.05311,-2.3176
6.06306,-2.3136
6.07301,-2.3086
6.08295,-2.3049
6.0929,-2.3266
6.10285,-2.3262
6.1128,-2.3173
6.12274,-2.3174
6.13273,-2.3269
6.14273,-2.3232
6.15272,-2.3165
6.16272,-2.3104
6.17271,-2.3157
6.18271,-2.3147
6.1927,-2.3196
6.20269,-2.312
6.21269,-2.3175
6.22268,-2.3193
6.23268,-2.3255
6.24267,-2.3256
6.25267,-2.3231
6.26267,-2.3152
6.27266,-2.3163
6.28266,-2.3153
6.29265,-2.3184
6.30265,-2.3087
6.31264,-2.3032
6.32264,-2.323
6.33264,-2.3271
6.34263,-2.3246
6.35263,-2.3176
6.36262,-2.316
6.37262,-2.3301
6.3826,-2.3151
6.39256,-2.3022
6.40253,-2.3039
6.41249,-2.3094
6.42245,-2.3094
6.43242,-2.3178
6.44238,-2.3185
6.45234,-2.3177
6.46231,-2.3316
6.47227,-2.3276
6.48223,-2.3156
6.4922,-2.3082
6.50216,-2.3153
6.51227,-2.3181
6.52237,-2.3145
6.53247,-2.3132
6.54258,-2.3192
6.55268,-2.3205
6.56278,-2.3214
6.57289,-2.322
6.58299,-2.3128
6.59309,-2.3145
6.6032,-2.3167
6.6133,-2.3181
6.6234,-2.3169
6.63343,-2.3197
6.64339,-2.3204
6.65335,-2.3213
6.6633,-2.3218
6.67326,-2.3188
6.68322,-2.3099
6.69317,-2.3173
6.70313,-2.3142
6.71309,-2.3072
6.72304,-2.304
6.733,-2.3091
6.74295,-2.315
6.75291,-2.3148
6.76289,-2.3168
6.77286,-2.318
6.78284,-2.3175
6.79281,-2.336
6.80279,-2.3202
6.81276,-2.3084
6.82274,-2.3071
6.83271,-2.3145
6.84269,-2.318
6.85266,-2.3107
6.86264,-2.3083
6.87261,-2.3208
6.8826,-2.3262
6.89258,-2.3152
6.90257,-2.308
6.91256,-2.3229
6.92255,-2.3184
6.93254,-2.316
6.94252,-2.3089
6.95251,-2.314
6.9625,-2.3238
6.97249,-2.324
6.98247,-2.3161
6.99246,-2.3089
7.00245,-2.3168
7.01258,-2.309
7.0227,-2.3117
7.03283,-2.3129
7.04296,-2.3125
7.05308,-2.3116
7.06321,-2.3202
7.07333,-2.3118
7.08346,-2.3057
7.09359,-2.3085
7.10371,-2.3052
7.11384,-2.3024
7.12396,-2.3196
7.13403,-2.307
7.144,-2.308
7.15397,-2.3189
7.16394,-2.3173
7.17391,-2.3103
7.18388,-2.303
7.19385,-2.3083
7.20382,-2.3207
7.21378,-2.3108
7.22375,-2.3031
7.23372,-2.3118
7.24369,-2.3115
7.25366,-2.3183
7.26371,-2.3038
7.27375,-2.3076
7.2838,-2.3115
7.29384,-2.3158
7.30389,-2.3162
7.31393,-2.3144
7.32397,-2.3072
7.33402,-2.3058
7.34406,-2.3045
7.35411,-2.3158
7.36415,-2.3056
7.3742,-2.313
7.38417,-2.3092
7.39408,-2.3181
7.40399,-2.3206
7.41389,-2.3178
7.4238,-2.3087
7.4337,-2.3111
7.44361,-2.3115
7.45351,-2.3109
7.46342,-2.3115
7.47333,-2.3051
7.48323,-2.3131
7.49314,-2.3135
7.50304,-2.317
7.51307,-2.3197
7.52309,-2.3179
7.53311,-2.3174
7.54313,-2.3176
7.55315,-2.315
7.56317,-2.3086
7.57319,-2.3141
7.58321,-2.317
7.59323,-2.3102
7.60325,-2.3032
7.61327,-2.311
7.62329,-2.3195
7.63331,-2.316
7.64332,-2.3051
7.65333,-2.3115
7.66335,-2.3231
7.67336,-2.3169
7.68337,-2.305
7.69338,-2.2918
7.7034,-2.3083
7.71341,-2.3094
7.72342,-2.3049
7.73344,-2.3062
7.74345,-2.2965
7.75346,-2.3153
7.76344,-2.312
7.77342,-2.3031
7.7834,-2.3052
7.79338,-2.3107
7.80336,-2.3129
7.81334,-2.302
7.82332,-2.299
7.83329,-2.2991
7.84327,-2.3125
7.85325,-2.311
7.86323,-2.3029
7.87321,-2.3
7.88321,-2.31
7.89322,-2.3145
7.90323,-2.3113
7.91324,-2.3027
7.92326,-2.2971
7.93327,-2.3136
7.94328,-2.3124
7.95329,-2.3121
7.96331,-2.3165
7.97332,-2.3246
7.98333,-2.3257
7.99334,-2.3288
8.00335,-2.3063
8.01341,-2.3037
8.02346,-2.3039
8.0335,-2.3183
8.04355,-2.3073
8.0536,-2.3
8.06365,-2.3142
8.0737,-2.3178
8.08375,-2.3257
8.0938,-2.3147
8.10385,-2.306
8.1139,-2.3122
8.12395,-2.3082
8.13396,-2.3032
8.14393,-2.2984
8.1539,-2.3074
8.16387,-2.3164
8.17384,-2.3174
8.18382,-2.3123
8.19379,-2.3156
8.20376,-2.3192
8.21373,-2.3197
8.2237,-2.3163
8.23367,-2.3106
8.24364,-2.3082
8.25361,-2.2961
8.26368,-2.3162
8.27374,-2.3128
8.28381,-2.3103
8.29387,-2.3151
8.30394,-2.317
8.314,-2.3284
8.32406,-2.3192
8.33413,-2.312
8.34419,-2.3135
8.35426,-2.3142
8.36432,-2.3104
8.37438,-2.3023
8.3844,-2.3083
8.39433,-2.3144
8.40425,-2.3201
8.41418,-2.3112
8.42411,-2.2977
8.43404,-2.3097
8.44396,-2.3175
8.45389,-2.3081
8.46382,-2.3017
8.47375,-2.3057
8.48368,-2.3084
8.4936,-2.3161
8.50353,-2.3115
8.51356,-2.3019
8.52358,-2.3033
8.53361,-2.3112
8.54363,-2.3178
8.55366,-2.3159
8.56368,-2.3063
8.57371,-2.3123
8.58373,-2.3096
8.59376,-2.3015
8.60378,-2.2998
8.61381,-2.308
8.62383,-2.3152
8.63384,-2.3208
8.64384,-2.317
8.65384,-2.3107
8.66384,-2.3147
8.67384,-2.3084
8.68384,-2.3096
8.69384,-2.3177
8.70384,-2.3079
8.71384,-2.3115
8.72384,-2.3121
8.73384,-2.3145
8.74384,-2.3173
8.75384,-2.3008
8.76381,-2.3092
8.77378,-2.3253
8.78375,-2.3137
8.79372,-2.2987
8.80369,-2.3084
8.81366,-2.3202
8.82362,-2.3168
8.83359,-2.3125
8.84356,-2.3041
8.85353,-2.3118
8.8635,-2.3195
8.87347,-2.3194
8.88348,-2.313
8.89354,-2.3085
8.90359,-2.3056
8.91364,-2.322
8.9237,-2.3102
8.93375,-2.3
8.94381,-2.3115
8.95386,-2.329
8.96391,-2.3167
8.97397,-2.3109
8.98402,-2.3096
8.99408,-2.3215
9.00413,-2.3221
9.0141,-2.3056
9.02406,-2.3038
9.03403,-2.3043
9.04399,-2.3145
9.05395,-2.3082
9.06392,-2.3082
9.07388,-2.3136
9.08384,-2.3209
9.09381,-2.325
9.10377,-2.3174
9.11373,-2.306
9.12369,-2.3033
9.13372,-2.3051
9.14378,-2.3094
9.15384,-2.3062
9.16389,-2.299
9.17395,-2.3117
9.184,-2.3152
9.19406,-2.3119
9.20412,-2.3046
9.21417,-2.3075
9.22423,-2.3136
9.23429,-2.322
9.24434,-2.3098
9.2544,-2.3043
9.2644,-2.3075
9.27441,-2.3193
9.28441,-2.315
9.29441,-2.3016
9.30442,-2.3056
9.31442,-2.3091
9.32442,-2.3093
9.33442,-2.3188
9.34443,-2.3057
9.35443,-2.3112
9.36443,-2.3171
9.37444,-2.317
9.38444,-2.3102
9.39443,-2.3042
9.40442,-2.3085
9.41441,-2.3234
9.42441,-2.3164
9.4344,-2.3003
9.44439,-2.308
9.45439,-2.3183
9.46438,-2.3153
9.47437,-2.3057
9.48437,-2.3117
9.49436,-2.3214
9.50435,-2.3129
9.51436,-2.303
9.52438,-2.3081
9.53439,-2.3152
9.5444,-2.3173
9.55441,-2.318
9.56442,-2.3166
9.57443,-2.3196
9.58444,-2.3188
9.59445,-2.31
9.60447,-2.3155
9.61448,-2.3073
9.62449,-2.3046
9.63452,-2.3137
9.64457,-2.3124
9.65461,-2.32
9.66465,-2.3199
9.67469,-2.3083
9.68473,-2.3134
9.69477,-2.3127
9.70481,-2.3105
9.71485,-2.3044
9.72489,-2.2958
9.73493,-2.3127
9.74498,-2.3194
9.75502,-2.3116
9.76495,-2.3047
9.77489,-2.3042
9.78482,-2.3123
9.79475,-2.313
9.80469,-2.2971
9.81462,-2.3035
9.82455,-2.3115
9.83449,-2.3041
9.84442,-2.3044
9.85436,-2.2982
9.86429,-2.3025
9.87422,-2.3062
9.8842,-2.3068
9.8942,-2.3072
9.9042,-2.3022
9.91421,-2.31
9.92421,-2.3073
9.93422,-2.3014
9.94422,-2.3011
9.95422,-2.3023
9.96423,-2.3071
9.97423,-2.3122
9.98423,-2.3111
9.99424,-2.3027
10.00424,-2.3085
10.01426,-2.3063
10.02428,-2.3143
10.0343,-2.3003
10.04432,-2.2887
10.05434,-2.3091
10.06436,-2.3163
10.07438,-2.3082
10.0844,-2.307
10.09441,-2.3061
10.10443,-2.3068
10.11445,-2.3128
10.12447,-2.3073
10.13448,-2.296
10.14448,-2.3027
10.15448,-2.3062
10.16448,-2.3107
10.17449,-2.2992
10.18449,-2.2978
10.19449,-2.309
10.20449,-2.3137
10.21449,-2.3027
10.22449,-2.3006
10.23449,-2.2988
10.24449,-2.3006
10.25449,-2.3147
10.2645,-2.3056
10.2745,-2.3055
10.28449,-2.3032
10.29448,-2.3151
10.30448,-2.3122
10.31447,-2.3044
10.32447,-2.2963
10.33446,-2.3074
10.34445,-2.3111
10.35445,-2.3025
10.36444,-2.286
10.37444,-2.3047
10.38448,-2.2947
10.39455,-2.3077
10.40461,-2.2917
10.41467,-2.2716
10.42474,-2.2782
10.4348,-2.2848
10.44486,-2.2919
10.45492,-2.2873
10.46499,-2.2983
10.47505,-2.3145
10.48511,-2.3253
10.49518,-2.3168
10.50524,-2.2733
10.51523,-2.2504
10.52521,-2.2452
10.53519,-2.245
10.54517,-2.2465
10.55515,-2.2444
10.56512,-2.2609
10.5751,-2.2745
10.58508,-2.2939
10.59506,-2.3207
10.60503,-2.3231
10.61501,-2.3113
10.62499,-2.3036
10.63499,-2.2879
10.64501,-2.2771
10.65503,-2.2777
10.66505,-2.3038
10.67507,-2.3308
10.68509,-2.3367
10.6951,-2.3345
10.70512,-2.3042
10.71514,-2.2834
10.72516,-2.2741
10.73518,-2.2716
10.7452,-2.2521
10.75522,-2.2477
10.76519,-2.243
10.77516,-2.2486
10.78513,-2.254
10.7951,-2.2681
10.80508,-2.2806
10.81505,-2.2979
10.82502,-2.3067
10.83499,-2.2981
10.84496,-2.2929
10.85493,-2.2881
10.86491,-2.285
10.87488,-2.3064
10.88488,-2.3039
10.89487,-2.3075
10.90487,-2.3155
10.91486,-2.3243
10.92486,-2.3138
10.93485,-2.3106
10.94484,-2.3029
10.95484,-2.308
10.96483,-2.3049
10.97483,-2.2823
10.98482,-2.2834
10.99481,-2.2697
11.00481,-2.2794
11.01481,-2.2783
11.02481,-2.2868
11.0348,-2.2987
11.0448,-2.3248
11.05479,-2.3307
11.06479,-2.3192
11.07479,-2.3203
11.08478,-2.3221
11.09478,-2.3103
11.10477,-2.2989
11.11477,-2.2846
11.12477,-2.2775
11.13476,-2.2673
11.14475,-2.2705
11.15474,-2.2762
11.16473,-2.2987
11.17471,-2.296
11.1847,-2.2933
11.19469,-2.3012
11.20468,-2.2938
11.21466,-2.2949
11.22465,-2.2973
11.23464,-2.3054
11.24463,-2.3167
11.25461,-2.3147
11.26465,-2.2934
11.27468,-2.2873
11.28471,-2.2936
11.29475,-2.2954
11.30478,-2.2959
11.31481,-2.3145
11.32484,-2.3363
11.33487,-2.3491
11.3449,-2.3502
11.35494,-2.3322
11.36497,-2.3301
11.375,-2.3164
11.38501,-2.2921
11.39499,-2.2815
11.40497,-2.2875
11.41494,-2.2926
11.42492,-2.2972
11.4349,-2.307
11.44488,-2.2995
11.45486,-2.2979
11.46484,-2.3022
11.47482,-2.2958
11.48479,-2.2734
11.49477,-2.2878
11.50475,-2.3133
11.51486,-2.3211
11.52497,-2.3409
11.53508,-2.3602
11.54519,-2.3487
11.55531,-2.3332
11.56542,-2.334
11.57553,-2.3357
11.58564,-2.334
11.59575,-2.3286
11.60586,-2.3232
11.61597,-2.3368
11.62608,-2.3575
11.63617,-2.3691
11.64623,-2.3793
11.65629,-2.3758
11.66635,-2.3754
11.67641,-2.389
11.68647,-2.3921
11.69652,-2.3893
11.70658,-2.3728
11.71664,-2.321
11.7267,-2.3078
11.73676,-2.3341
11.74682,-2.3662
11.75688,-2.3912
11.7668,-2.3938
11.7767,-2.3929
11.78661,-2.3944
11.79652,-2.3889
11.80643,-2.3835
11.81634,-2.3736
11.82625,-2.3435
11.83616,-2.294
11.84607,-2.2592
11.85598,-2.287
11.86589,-2.3562
11.8758,-2.4108
11.88576,-2.4321
11.89576,-2.3961
11.90577,-2.3821
11.91577,-2.373
11.92578,-2.3561
11.93578,-2.323
11.94579,-2.3282
11.95579,-2.3559
11.9658,-2.3912
11.9758,-2.3934
11.98581,-2.377
11.99581,-2.3875
12.00582,-2.4155
12.01582,-2.3472
12.02583,-2.2526
12.03583,-2.3499
12.04584,-2.3587
12.05584,-2.346
12.06585,-2.3194
12.07585,-2.2895
12.08586,-2.266
12.09586,-2.2631
12.10586,-2.2435
12.11587,-2.2043
12.12587,-2.1656
12.1359,-2.1591
12.14595,-2.1892
12.15599,-2.2021
12.16604,-2.1998
12.17608,-2.1739
12.18613,-2.1637
12.19618,-2.1605
12.20622,-2.1623
12.21627,-2.1667
12.22631,-2.1601
12.23636,-2.1823
12.24641,-2.198
12.25645,-2.2266
12.26641,-2.2656
12.27636,-2.2837
12.28632,-2.2937
12.29627,-2.303
12.30622,-2.3173
12.31618,-2.3318
12.32613,-2.3444
12.33608,-2.3363
12.34604,-2.3249
12.35599,-2.3167
12.36594,-2.3107
12.37589,-2.2805
12.38588,-2.2566
12.39586,-2.2344
12.40584,-2.2125
12.41583,-2.2129
12.42581,-2.2439
12.43579,-2.2576
12.44577,-2.2637
12.45575,-2.2612
12.46573,-2.2983
12.47572,-2.3376
12.4857,-2.3882
12.49568,-2.4064
12.50566,-2.4039
12.51571,-2.4108
12.52575,-2.4189
12.5358,-2.439
12.54584,-2.4428
12.55589,-2.4376
12.56593,-2.447
12.57597,-2.4348
12.58602,-2.4232
12.59606,-2.398
12.60611,-2.3743
12.61615,-2.3637
12.62619,-2.3594
12.63627,-2.3481
12.64633,-2.3237
12.65639,-2.3039
12.66646,-2.2984
12.67652,-2.3298
12.68659,-2.3023
12.69665,-2.306
12.70671,-2.3888
12.71678,-2.4415
12.72684,-2.4383
12.73691,-2.3933
12.74697,-2.4087
12.75703,-2.3965
12.76697,-2.3535
12.77691,-2.3412
12.78685,-2.3054
12.79679,-2.3307
12.80673,-2.3136
12.81667,-2.3072
12.82661,-2.2525
12.83655,-2.2364
12.84649,-2.1817
12.85643,-2.0993
12.86637,-2.0054
12.87631,-1.9099
12.8863,-1.7528
12.89632,-1.5021
12.90634,-1.4157
12.91636,-1.1747
12.92639,-1.0084
12.93641,-0.8694
12.94643,-0.658
12.95646,-0.6294
12.96648,-0.5005
12.9765,-0.4985
12.98652,-0.5592
12.99655,-0.6264
13.00657,-0.6854
13.01657,-0.7821
13.02657,-0.9156
13.03657,-1.0405
13.04657,-1.1461
13.05657,-1.2359
13.06657,-1.2776
13.07656,-1.3133
13.08656,-1.3622
13.09656,-1.3751
13.10656,-1.3998
13.11656,-1.4742
13.12656,-1.5373
13.13656,-1.563
13.14655,-1.5421
13.15655,-1.4624
13.16654,-1.3452
13.17653,-1.1902
13.18653,-1.0334
13.19652,-0.8872
13.20652,-0.7417
13.21651,-0.6086
13.2265,-0.4631
13.2365,-0.2523
13.24649,0.0662
13.25648,0.387
13.26648,0.7576
13.27647,1.5049
13.28647,2.133
13.29646,2.7208
13.30645,3.156
13.31645,3.4957
13.32644,3.703
13.33643,3.7633
13.34643,3.7267
13.35642,3.634
13.36641,3.7577
13.37641,3.9874
13.3864,4.171
13.39638,4.3087
13.40636,4.3852
13.41635,4.4702
13.42633,4.5429
13.43631,4.5521
13.44629,4.5206
13.45628,4.4562
13.46626,4.404
13.47624,4.4215
13.48623,4.5009
13.49621,4.5826
13.50619,4.6223
13.5162,4.5503
13.52621,4.4023
13.53622,4.2967
13.54623,4.2449
13.55624,4.1432
13.56625,3.9691
13.57625,3.7705
13.58626,3.6276
13.59627,3.6044
13.60628,3.6598
13.61629,3.6962
13.6263,3.6722
13.6363,3.4831
13.64631,3.0866
13.65631,2.4131
13.66631,1.5924
13.67631,0.8147
13.68631,0.1639
13.69632,-0.3855
13.70632,-0.8479
13.71632,-1.2171
13.72632,-1.5271
13.73633,-1.8026
13.74633,-2.0277
13.75633,-2.1556
13.76641,-2.2538
13.77649,-2.3212
13.78657,-2.3725
13.79665,-2.4013
13.80673,-2.4473
13.81681,-2.4814
13.82689,-2.5773
13.83697,-2.6533
13.84705,-2.6861
13.85713,-2.7189
13.86721,-2.7483
13.87729,-2.7494
13.88733,-2.7546
13.89732,-2.7472
13.90732,-2.7364
13.91731,-2.7223
13.92731,-2.6996
13.9373,-2.682
13.9473,-2.645
13.95729,-2.6085
13.96729,-2.5647
13.97728,-2.5283
13.98728,-2.5148
13.99727,-2.4806
14.00727,-2.4566
14.01726,-2.4401
14.02725,-2.3828
14.03725,-2.2666
14.04724,-2.0836
14.05723,-1.9196
14.06722,-1.8131
14.07722,-1.739
14.08721,-1.6374
14.0972,-1.5756
14.10719,-1.4
14.11719,-1.3349
14.12718,-1.0816
14.13717,-0.7493
14.14714,-0.2982
14.15712,-0.2674
14.16709,-0.0516
14.17707,0.1395
14.18705,0.2741
14.19702,0.2711
14.207,0.138
14.21697,-0.0068
14.22695,-0.0622
14.23692,-0.0022
14.2469,0.1429
14.25687,0.24
14.26687,0.2533
14.27687,0.209
14.28687,0.1452
14.29686,0.09
14.30686,0.0822
14.31685,0.1287
14.32685,0.2
14.33685,0.195
14.34684,0.0861
14.35684,-0.1807
14.36684,-0.4315
14.37683,-0.6962
14.38685,-1.0807
14.39687,-1.5493
14.40689,-2.0175
14.41691,-2.4268
14.42694,-2.5572
14.43696,-2.6364
14.44698,-2.6966
14.457,-2.7897
14.46703,-2.8014
14.47705,-2.776
14.48707,-2.7421
14.49709,-2.6372
14.50712,-2.6051
14.5171,-2.5744
14.52709,-2.5382
14.53708,-2.4998
14.54706,-2.5509
14.55705,-2.436
14.56704,-2.3573
14.57703,-2.2691
14.58701,-2.2034
14.597,-2.1332
14.60699,-2.0663
14.61697,-2.0145
14.62696,-1.9912
14.63695,-2.0095
14.64695,-2.062
14.65694,-2.1092
14.66694,-2.1228
14.67693,-2.1332
14.68692,-2.1094
14.69692,-2.0488
14.70691,-2.0035
14.71691,-1.9692
14.7269,-1.9327
14.7369,-1.876
14.74689,-1.8053
14.75688,-1.7749
14.7669,-1.8163
14.77691,-1.9001
14.78691,-1.9863
14.79692,-1.9896
14.80693,-1.9558
14.81694,-1.9366
14.82695,-1.9238
14.83695,-1.8132
14.84696,-1.6881
14.85697,-1.5424
14.86698,-1.3646
14.87698,-1.199
14.88703,-1.0496
14.8971,-0.9311
14.90718,-0.8382
14.91726,-0.7856
14.92733,-0.7775
14.93741,-0.7502
14.94748,-0.6813
14.95756,-0.5775
14.96764,-0.4473
14.97771,-0.2967
14.98779,-0.1241
14.99787,0.0149
15.00794,0.116
15.01795,0.1989
15.02795,0.284
15.03795,0.4099
15.04795,0.572
15.05795,0.7644
15.06795,0.9582
15.07796,1.1255
15.08796,1.2936
15.09796,1.4576
15.10796,1.6087
15.11796,1.7625
15.12796,1.905
15.13797,2.0137
15.14796,2.0928
15.15796,2.2067
15.16796,2.3846
15.17796,2.5635
15.18796,2.9556
15.19796,3.4112
15.20795,3.8958
15.21795,4.3264
15.22795,4.5771
15.23795,4.6812
15.24795,4.7043
15.25794,4.7994
15.26798,4.9176
15.27802,5.2072
15.28806,5.6068
15.29809,5.9219
15.30813,6.1302
15.31816,6.1334
15.3282,5.7264
15.33824,4.8972
15.34827,3.7104
15.35831,2.5494
15.36834,1.6949
15.37838,1.1217
15.38842,0.6641
15.39844,0.2628
15.40847,-0.1124
15.41849,-0.4614
15.42852,-0.8096
15.43854,-1.1332
15.44857,-1.3678
15.45859,-1.5321
15.46862,-1.6436
15.47864,-1.7372
15.48867,-1.8351
15.49869,-1.9227
15.50872,-1.9988
15.51863,-2.0572
15.52855,-2.0919
15.53847,-2.0845
15.54838,-2.0788
15.5583,-2.0743
15.56822,-2.0741
15.57813,-2.0678
15.58805,-2.045
15.59797,-2.0051
15.60788,-1.95
15.6178,-1.8782
15.62771,-1.7745
15.63766,-1.5949
15.64763,-1.3018
15.65761,-0.9093
15.66758,-0.4363
15.67755,0.0402
15.68752,0.532
15.69749,0.9215
15.70747,1.1891
15.71744,1.3962
15.72741,1.5858
15.73738,1.7897
15.74736,2.1034
15.75733,2.5374
15.76735,2.9795
15.77736,3.328
15.78738,3.5726
15.7974,3.6598
15.80742,3.7195
15.81743,3.8263
15.82745,3.9684
15.83747,4.1897
15.84749,4.3989
15.8575,4.6507
15.86752,4.8842
15.87754,5.1032
15.88753,5.2882
15.8975,5.4303
15.90747,5.6511
15.91743,6.0407
15.9274,6.4549
15.93737,6.7746
15.94733,7.0397
15.9573,7.1827
15.96727,7.3197
15.97723,7.6059
15.9872,8.0747
15.99717,8.6742
16.00713,9.2824
16.01725,9.4242
16.02736,5.5362
16.03748,6.2642
16.04759,6.0745
16.0577,4.2193
16.06782,3.0794
16.07793,1.5624
16.08804,0.6995
16.09816,0.9682
16.10827,1.0702
16.11838,1.6346
16.1285,1.7671
16.13857,1.526
16.14856,0.6845
16.15855,-0.3888
16.16854,-1.1218
16.17853,-1.2402
16.18852,-1.5441
16.19851,-1.6104
16.2085,-1.4684
16.21849,-1.2864
16.22848,-1.4235
16.23847,-1.8139
16.24846,-2.2308
16.25845,-2.5301
16.26847,-2.6818
16.27849,-2.7341
16.28851,-2.7573
16.29853,-2.7054
16.30855,-2.597
16.31857,-2.4445
16.32858,-2.3097
16.3386,-2.2273
16.34862,-2.168
16.35864,-2.1107
16.36866,-2.0169
16.37868,-1.8445
16.38868,-1.6588
16.39867,-1.5501
16.40866,-1.5054
16.41864,-1.5237
16.42863,-1.5571
16.43861,-1.6296
16.4486,-1.7489
16.45859,-1.8968
16.46857,-2.0188
16.47856,-2.0919
16.48855,-2.1151
16.49853,-2.0898
16.50852,-2.0786
16.51851,-2.0739
16.5285,-2.1276
16.53848,-2.223
16.54847,-2.3206
16.55846,-2.3882
16.56844,-2.4043
16.57843,-2.3795
16.58842,-2.2473
16.5984,-2.0694
16.60839,-1.9624
16.61837,-2.0041
16.62836,-2.1272
16.63834,-2.2476
16.6483,-2.3171
16.65826,-2.3081
16.66823,-2.1725
16.67819,-1.8865
16.68815,-1.5191
16.69811,-1.1602
16.70808,-1.0185
16.71804,-1.0495
16.728,-1.1943
16.73797,-1.4296
16.74793,-1.5821
16.75789,-1.5879
16.76799,-1.4017
16.77809,-1.0067
16.78819,-0.5001
16.79828,-0.0038
16.80838,0.4067
16.81848,0.746
16.82858,0.9769
16.83867,1.0862
16.84877,1.1612
16.85887,1.2716
16.86896,1.4569
16.87906,1.7005
16.88909,1.8929
16.89902,2.1259
16.90896,2.5985
16.91889,3.0377
16.92882,3.3145
16.93876,3.8811
16.94869,3.8515
16.95862,4.1019
16.96855,4.469
16.97849,4.733
16.98842,5.4227
16.99835,6.1121
17.00829,6.6715
17.01827,7.0635
17.02824,7.5257
17.03822,7.1918
17.0482,7.0834
17.05817,7.0331
17.06815,7.0493
17.07813,7.1994
17.0881,7.2084
17.09808,7.0227
17.10806,6.7271
17.11803,6.2953
17.12801,5.9681
17.13807,5.7951
17.14819,5.629
17.1583,5.381
17.16841,4.9443
17.17852,4.4536
17.18863,3.9526
17.19874,3.5213
17.20885,3.1686
17.21896,2.7773
17.22907,2.3488
17.23918,1.8913
17.24929,1.418
17.25941,0.9858
17.26943,0.5638
17.27943,0.2
17.28944,0.0358
17.29944,-0.0153
17.30945,-0.1138
17.31945,-0.2641
17.32945,-0.4807
17.33946,-0.7432
17.34946,-0.9018
17.35947,-0.978
17.36947,-1.0677
17.37948,-1.2036
17.38948,-1.3274
17.39947,-1.3611
17.40946,-1.3528
17.41945,-1.3221
17.42945,-1.2975
17.43944,-1.4259
17.44943,-1.6151
17.45942,-1.8005
17.46941,-1.891
17.4794,-1.8668
17.4894,-1.7671
17.49939,-1.5655
17.50938,-1.2852
17.51932,-0.9583
17.52926,-0.5661
17.53919,-0.1089
17.54913,0.3486
17.55907,0.7377
17.569,0.9969
17.57894,1.0468
17.58888,0.9629
17.59881,0.8865
17.60875,0.9169
17.61869,1.0419
17.62862,1.2773
17.63861,1.6634
17.64864,1.5137
17.65867,2.4859
17.66871,3.8861
17.67874,4.25
17.68877,4.374
17.6988,4.0295
17.70884,3.4861
17.71887,3.1694
17.7289,3.0202
17.73893,3.289
17.74896,3.5998
17.759,4.0114
17.769,4.5284
17.77901,5.159
17.78901,5.8325
17.79901,6.4833
17.80902,7.0329
17.81902,7.4212
17.82902,7.5791
17.83903,7.5769
17.84903,7.4984
17.85904,7.4161
17.86904,7.4208
17.87904,7.5433
17.88905,7.7499
17.89901,8.264
17.90898,8.6852
17.91894,8.9447
17.92891,8.8503
17.93887,8.552
17.94884,8.288
17.9588,8.3211
17.96877,8.7114
17.97873,9.3303
17.9887,9.9801
17.99866,10.5859
18.00863,11.0655
18.01861,11.3036
18.02859,11.1632
18.03858,10.6727
18.04856,9.9627
18.05854,9.2775
18.06852,8.8515
18.07851,8.5729
18.08849,8.2899
18.09847,7.9143
18.10845,7.2505
18.11843,6.2756
18.12842,5.0799
18.13844,3.7448
18.1485,2.4347
18.15856,1.2957
18.16862,0.3798
18.17868,-0.2373
18.18874,-0.5444
18.1988,-0.5981
18.20886,-0.5646
18.21892,-0.575
18.22898,-0.6424
18.23904,-0.7668
18.2491,-0.8592
18.25916,-0.8534
18.26924,-0.7982
18.27929,-0.7537
18.28934,-0.7391
18.2994,-0.7221
18.30945,-0.6941
18.31951,-0.6879
18.32957,-0.6912
18.33962,-0.7249
18.34967,-0.7932
18.35973,-0.6875
18.36978,-0.4468
18.37984,-0.2304
18.38985,-0.1423
18.39982,-0.2191
18.40979,-0.3932
18.41975,-0.626
18.42972,-0.8719
18.43969,-1.066
18.44966,-1.2031
18.45962,-1.2929
18.46959,-1.422
18.47956,-1.5909
18.48953,-1.7752
18.49949,-1.9376
18.50946,-2.0156
18.51945,-2.0394
18.52944,-1.9705
18.53943,-1.8292
18.54942,-1.6444
18.55941,-1.4844
18.5694,-1.2416
18.57938,-0.9677
18.58937,-0.7731
18.59936,-0.6301
18.60935,-0.4936
18.61934,-0.303
18.62933,0.0231
18.63932,0.4456
18.64932,0.9232
18.65932,1.3755
18.66932,1.8926
18.67932,2.2506
18.68932,2.9517
18.69932,3.6297
18.70932,3.7253
18.71932,4.154
18.72932,4.7423
18.73932,5.3766
18.74932,5.6992
18.75932,5.6755
18.76933,5.83
18.77933,5.8597
18.78934,5.7468
18.79934,5.4055
18.80935,5.6356
18.81935,5.6572
18.82936,5.6579
18.83937,5.7801
18.84937,6.0996
18.85938,6.2465
18.86938,6.2861
18.87938,6.1931
18.88939,6.0384
18.89939,5.9292
18.90939,5.8969
18.91939,5.922
18.92939,5.9227
18.93939,5.8856
18.9494,5.8328
18.9594,5.6916
18.9694,5.4343
18.9794,4.9482
18.9894,4.4267
18.9994,3.967
19.0094,3.6925
19.01942,3.3983
19.02941,3.0869
19.03941,2.8429
19.0494,2.6396
19.0594,2.3957
19.06939,2.1897
19.07939,2.0365
19.08938,1.9113
19.09937,1.787
19.10937,1.7257
19.11937,1.8452
19.12936,1.9275
19.13935,1.9813
19.14934,1.9772
19.15932,1.7949
19.16931,1.7656
19.1793,1.7219
19.18928,1.5544
19.19927,1.5523
19.20925,1.6076
19.21924,1.7658
19.22923,2.08
19.23921,2.5986
19.2492,3.332
19.25918,4.2668
19.26921,5.2458
19.27923,6.3157
19.28925,7.5919
19.29927,8.8319
19.30929,8.0599
19.31931,9.5618
19.32933,11.3852
19.33935,13.3964
19.34937,15.2526
19.35939,16.6297
19.36941,17.6702
19.37943,18.1229
19.38952,17.8118
19.39968,17.07
19.40984,16.4649
19.41999,16.3616
19.43015,16.7219
19.44031,17.1588
19.45046,17.4055
19.46062,17.4705
19.47078,17.2102
19.48093,16.4999
19.49109,15.4341
19.50125,14.1263
19.5114,12.8666
19.5213,11.8216
19.53119,10.8576
19.54109,9.9783
19.55098,9.3339
19.56088,8.7787
19.57077,8.2648
19.58067,7.7329
19.59056,7.0456
19.60045,6.2961
19.61035,5.496
19.62024,4.6572
19.63014,3.7498
19.64009,2.8188
19.65008,1.9715
19.66008,1.3239
19.67007,0.7757
19.68007,0.3144
19.69006,-0.0857
19.70006,-0.4318
19.71005,-0.6962
19.72005,-0.9263
19.73004,-1.1319
19.74004,-1.3306
19.75003,-1.4763
19.76003,-1.5504
19.77002,-1.5443
19.78001,-1.4916
19.79001,-1.4134
19.8,-1.3134
19.80999,-1.2051
19.81998,-1.1113
19.82997,-1.0278
19.83996,-0.9342
19.84995,-0.8337
19.85995,-0.7521
19.86994,-0.6129
19.87993,-0.4917
19.88993,-0.3368
19.89993,-0.1688
19.90993,0.0246
19.91992,0.2335
19.92992,0.4743
19.93992,0.6689
19.94991,0.8187
19.95991,0.904
19.96991,1.0293
19.97991,1.2098
19.98991,1.4013
19.9999,1.5299
20.0099,1.5632
20.01993,1.5026
20.02995,1.429
20.03997,1.3947
20.04999,1.4638
20.06001,1.5459
20.07004,1.5836
20.08006,1.5299
20.09008,1.3076
20.1001,0.9633
20.11012,0.6323
20.12014,0.4198
20.13017,0.3508
20.14017,0.4492
20.15015,0.6195
20.16013,0.8057
20.17011,0.9767
20.18009,1.1319
20.19007,1.2481
20.20005,1.318
20.21003,1.3683
20.22001,1.5185
20.22999,1.8606
20.23997,2.4193
20.24995,3.1269
20.25993,4.0698
20.26995,5.1184
20.27996,5.9684
20.28998,6.5232
20.29999,6.8459
20.31001,7.2813
20.32002,7.8546
20.33004,8.6161
20.34006,9.3844
20.35007,10.0783
20.36009,10.5807
20.3701,10.7971
20.38012,10.7791
20.39013,10.6209
20.40013,10.3739
20.41013,10.2625
20.42013,10.2841
20.43013,10.3118
20.44012,10.211
20.45012,10.0066
20.46012,9.7587
20.47012,9.4442
20.48012,9.1695
20.49012,8.9639
20.50012,8.9172
20.51012,8.9504
20.52017,8.9099
20.53021,8.751
20.54025,8.3574
20.55029,7.6551
20.56034,6.6398
20.57038,5.4182
20.58043,4.066
20.59047,2.73
20.60051,1.544
20.61055,0.6221
20.6206,-0.0566
20.63064,-0.5671
20.64069,-0.9913
20.65075,-1.3931
20.6608,-1.7338
20.67085,-2.0978
20.68091,-2.3922
20.69096,-2.618
20.70102,-2.7656
20.71107,-2.851
20.72113,-2.8803
20.73118,-2.8555
20.74124,-2.7555
20.75129,-2.6607
20.76135,-2.582
20.7714,-2.5644
20.78145,-2.6097
20.7915,-2.6915
20.80155,-2.7899
20.8116,-2.8882
20.82165,-2.9262
20.8317,-2.9344
20.84175,-2.8809
20.8518,-2.8412
20.86185,-2.8282
20.8719,-2.8995
20.88195,-2.9408
20.89194,-2.9234
20.90187,-2.8869
20.91178,-2.835
20.9217,-2.7821
20.93162,-2.6868
20.94154,-2.5375
20.95146,-2.3758
20.96138,-2.1505
20.9713,-1.8999
20.98122,-1.5965
20.99113,-1.2507
21.00105,-0.7407
21.01097,0.0291
21.02098,1.1108
21.03099,2.1157
21.04099,2.7273
21.051,2.9232
21.061,3.6905
21.07101,4.4782
21.08101,5.5204
21.09102,6.671
21.10102,7.7882
21.11103,8.6662
21.12103,9.137
21.13104,9.1665
21.14104,8.8727
21.15103,8.5095
21.16103,8.4798
21.17102,8.7303
21.18102,9.0184
21.19101,9.2015
21.201,9.3643
21.211,9.5746
21.22099,9.7525
21.23099,9.8481
21.24098,9.9873
21.25097,10.083
21.26097,10.0499
21.27092,10.1029
21.28087,10.2684
21.29082,10.4621
21.30077,10.6429
21.31072,10.8612
21.32067,10.8593
21.33062,10.5497
21.34057,10.0988
21.35052,9.5598
21.36048,8.9314
21.37043,8.2613
21.38038,7.8423
21.39037,7.5014
21.40041,7.2079
21.41044,6.9802
21.42047,6.7387
21.43051,6.5635
21.44054,6.4855
21.45057,6.419
21.46061,6.2895
21.47064,6.0828
21.48068,5.8724
21.49071,5.4762
21.50075,4.9268
21.51078,4.1281
21.52075,3.247
21.53072,2.3725
21.54069,1.5931
21.55066,0.9792
21.56063,0.5246
21.5706,0.1325
21.58057,-0.2422
21.59054,-0.6608
21.60051,-1.1359
21.61048,-1.6271
21.62045,-2.0452
21.63042,-2.376
21.64044,-2.6297
21.65051,-2.7638
21.66058,-2.7866
21.67065,-2.6886
21.68072,-2.472
21.69079,-2.3038
21.70086,-2.1895
21.71093,-2.0847
21.721,-2.0564
21.73107,-2.106
21.74113,-2.2157
21.7512,-2.3019
21.76127,-2.2423
21.77128,-2.0148
21.78129,-1.6396
21.79129,-1.0858
21.8013,-0.3796
21.81131,0.3889
21.82131,1.1686
21.83132,2.5093
21.84133,3.7808
21.85133,4.268
21.86134,4.4823
21.87135,4.6899
21.88135,4.9735
21.89137,5.2181
21.9014,5.2243
21.91143,5.1147
21.92146,5.0484
21.93149,4.9728
21.94152,4.7952
21.95155,4.4798
21.96158,4.0572
21.97161,3.5911
21.98164,2.9869
21.99167,1.8648
22.0017,0.5661
22.01173,-0.5703
22.02169,-1.1798
22.03164,-1.543
22.0416,-1.8543
22.05155,-2.0929
22.06151,-2.3077
22.07146,-2.478
22.08142,-2.5826
22.09138,-2.6457
22.10133,-2.7424
22.11128,-2.9064
22.12124,-3.0943
22.1312,-3.235
22.14118,-3.321
22.15117,-3.1958
22.16117,-3.2576
22.17117,-3.2635
22.18117,-3.2446
22.19117,-3.2182
22.20116,-3.2137
22.21116,-3.1947
22.22116,-3.1511
22.23116,-3.1549
22.24115,-3.1768
22.25115,-3.1997
22.26115,-3.1789
22.27126,-3.1409
22.28136,-3.0553
22.29147,-2.9114
22.30157,-2.7006
22.31168,-2.5136
22.32178,-2.1462
22.33188,-1.5749
22.34199,-1.6166
22.35209,0.6306
22.3622,-1.0293
22.3723,1.2937
22.3824,3.4268
22.39244,4.4218
22.40241,4.5562
22.41238,4.548
22.42234,4.5399
22.43231,4.4578
22.44228,4.1541
22.45225,3.6701
22.46221,3.202
22.47218,2.7981
22.48215,2.4892
22.49211,2.1467
22.50208,1.6049
22.51205,0.9973
22.52198,0.3512
22.5319,-0.2757
22.54181,-0.8254
22.55173,-1.2799
22.56165,-1.6724
22.57156,-1.9642
22.58148,-2.1709
22.59139,-2.3571
22.60131,-2.4827
22.61123,-2.487
22.62114,-2.4942
22.63106,-2.5486
22.64104,-2.5658
22.65106,-2.5447
22.66109,-2.5532
22.67112,-2.5459
22.68115,-2.581
22.69118,-2.6702
22.70121,-2.8161
22.71124,-2.8612
22.72126,-2.8377
22.73129,-2.7954
22.74132,-2.6541
22.75135,-2.4374
22.76138,-2.245
22.77153,-2.0546
22.78169,-1.8694
22.79184,-1.6581
22.80199,-1.3078
22.81214,-0.8071
22.82229,-0.2576
22.83244,0.1565
22.8426,-0.1684
22.85275,-0.0019
22.8629,0.4455
22.87305,1.6217
22.8832,2.0618
22.89327,3.0925
22.90325,2.5796
22.91323,2.8828
22.92321,3.6358
22.93319,3.2828
22.94317,2.393
22.95315,1.5023
22.96313,0.8363
22.9731,0.4233
22.98308,0.0273
22.99306,-0.4371
23.00304,-0.785
23.01302,-1.0308
23.02297,-1.1808
23.03291,-1.2583
23.04286,-1.2968
23.0528,-1.2374
23.06275,-1.1267
23.07269,-1.0611
23.08263,-1.046
23.09258,-1.0433
23.10252,-1.1289
23.11247,-1.1665
23.12241,-1.1638
23.13235,-1.173
23.14232,-1.1581
23.15229,-1.1474
23.16225,-1.1459
23.17221,-1.1302
23.18217,-1.1589
23.19213,-1.2268
23.20209,-1.3376
23.21205,-1.4935
23.22201,-1.6165
23.23197,-1.7717
23.24193,-1.7585
23.25189,-1.7298
23.26185,-1.645
23.27195,-1.5292
23.28205,-1.384
23.29214,-1.3113
23.30224,-1.307
23.31234,-1.3187
23.32243,-1.2344
23.33253,-1.0903
23.34262,-0.9111
23.35272,-0.6977
23.36282,-0.4586
23.37291,-0.0883
23.38301,0.4393
23.39307,1.0646
23.40307,1.832
23.41306,2.6846
23.42305,3.2197
23.43305,3.7669
23.44304,3.1229
23.45303,3.8389
23.46303,6.1824
23.47302,7.091
23.48302,7.4561
23.49301,7.584
23.503,7.7143
23.51299,7.7766
23.52293,7.7099
23.53286,7.5581
23.54279,7.3171
23.55272,7.0488
23.56266,6.8149
23.57259,6.51
23.58252,5.9519
23.59245,5.2412
23.60238,4.4984
23.61231,3.8029
23.62225,3.2002
23.63218,2.5873
23.64215,1.8453
23.65215,1.0055
23.66214,0.208
23.67214,-0.4162
23.68214,-0.8158
23.69214,-1.0849
23.70214,-1.3069
23.71214,-1.5461
23.72214,-1.8446
23.73214,-2.2068
23.74213,-2.624
23.75213,-3.032
23.76213,-3.1868
23.77212,-3.3477
23.78211,-3.4088
23.7921,-3.5372
23.80208,-3.4821
23.81207,-3.515
23.82206,-3.5295
23.83204,-3.5068
23.84203,-3.5
23.85202,-3.4641
23.86201,-3.461
23.87199,-3.4553
23.88198,-3.4516
23.89196,-3.4767
23.90194,-3.4945
23.91192,-3.5031
23.9219,-3.4779
23.93188,-3.4309
23.94185,-3.3256
23.95183,-3.1596
23.96181,-2.9722
23.97179,-2.7286
23.98177,-2.3904
23.99174,-1.9979
24.00172,-1.6415
24.0117,-1.8802
24.02181,-1.8768
24.03191,-0.7255
24.04201,0.0987
24.05211,-0.1458
24.06221,0.3898
24.07232,0.0691
24.08242,0.6414
24.09252,0.5744
24.10262,0.2099
24.11272,-0.0548
24.12282,-0.2892
24.13292,-0.4609
24.14301,-0.5171
24.15308,-0.6465
24.16316,-0.8813
24.17323,-1.1537
24.18331,-1.4372
24.19338,-1.7076
24.20345,-1.9444
24.21353,-2.1564
24.2236,-2.2781
24.23367,-2.5441
24.24375,-2.7929
24.25382,-3.2025
24.2639,-3.4209
24.2739,-3.562
24.28389,-3.7091
24.29389,-3.8047
24.30389,-3.8382
24.31389,-3.8478
24.32389,-3.8616
24.33389,-3.962
24.34388,-4
24.35388,-3.9861
24.36388,-3.9808
24.37388,-3.941
24.38388,-3.8587
24.39385,-3.7598
24.40378,-3.7302
24.41371,-3.7526
24.42364,-3.7348
24.43357,-3.7091
24.44351,-3.6862
24.45344,-3.665
24.46337,-3.6388
24.4733,-3.6012
24.48323,-3.5948
24.49316,-3.6145
24.5031,-3.6521
24.51303,-3.6313
24.52302,-3.5996
24.533,-3.5753
24.54299,-3.5426
24.55297,-3.4837
24.56296,-3.3927
24.57294,-3.3323
24.58293,-3.3044
24.59291,-3.2786
24.6029,-3.2511
24.61288,-3.236
24.62287,-3.2199
24.63285,-3.2494
24.64285,-3.2382
24.65284,-3.209
24.66284,-3.1731
24.67283,-3.1459
24.68283,-3.1438
24.69283,-3.1446
24.70282,-3.1488
24.71282,-3.176
24.72281,-3.1796
24.73281,-3.2097
24.74281,-3.2299
24.7528,-3.2629
24.7628,-3.3152
24.7728,-3.3407
24.78281,-3.3476
24.79281,-3.3121
24.80281,-3.3076
24.81281,-3.3106
24.82281,-3.3259
24.83282,-3.3323
24.84282,-3.3391
24.85282,-3.3548
24.86282,-3.4074
24.87282,-3.4496
24.88282,-3.47
24.89282,-3.4657
24.90281,-3.4148
24.91281,-3.3586
24.9228,-3.3114
24.93279,-3.2957
24.94278,-3.2823
24.95278,-3.2653
24.96277,-3.268
24.97276,-3.2535
24.98275,-3.1647
24.99274,-3.015
25.00274,-2.8266
25.01273,-2.5725
25.02282,-2.2263
25.0329,-1.897
25.04298,-1.4429
25.05306,-0.8093
25.06315,-0.2687
25.07323,0.015
25.08331,0.3098
25.0934,0.8837
25.10348,1.3559
25.11356,1.7509
25.12364,2.0401
25.13372,2.2305
25.14376,2.429
25.15376,2.5763
25.16375,2.8665
25.17374,3.0371
25.18373,3.0278
25.19372,2.873
25.20371,2.6111
25.21371,2.4087
25.2237,2.3272
25.23369,2.2727
25.24368,2.1774
25.25367,1.8896
25.26367,1.2191
25.27367,0.3697
25.28367,-0.4348
25.29368,-1.1379
25.30368,-1.7761
25.31368,-2.3186
25.32368,-2.6936
25.33369,-2.9543
25.34369,-3.1574
25.35369,-3.2816
25.3637,-3.3404
25.3737,-3.3807
25.3837,-3.4286
25.39371,-3.5117
25.4037,-3.5632
25.41369,-3.6085
25.42369,-3.6372
25.43368,-3.6551
25.44367,-3.6472
25.45367,-3.6567
25.46366,-3.6627
25.47365,-3.6672
25.48365,-3.6629
25.49364,-3.6485
25.50363,-3.6472
25.51363,-3.6594
25.52363,-3.6731
25.53362,-3.6819
25.54362,-3.6704
25.55362,-3.6046
25.56361,-3.5256
25.57361,-3.4684
25.58361,-3.3866
25.59361,-3.1495
25.6036,-2.6713
25.6136,-1.832
25.62359,-1.0082
25.63359,-0.433
25.64359,-0.0536
25.65359,0.1135
25.66359,0.1873
25.67359,0.2738
25.68358,0.4952
25.69358,0.8134
25.70358,1.0155
25.71357,1.0146
25.72357,0.8057
25.73357,0.5578
25.74356,0.4082
25.75356,0.3021
25.76356,0.241
25.77353,0.1888
25.7835,0.017
25.79347,-0.2926
25.80344,-0.6806
25.81341,-1.1633
25.82338,-1.6418
25.83335,-2.0588
25.84332,-2.3773
25.85328,-2.6487
25.86325,-2.8496
25.87322,-3.0062
25.88319,-3.1422
25.89319,-3.2225
25.90322,-3.2642
25.91325,-3.3073
25.92327,-3.353
25.9333,-3.4006
25.94333,-3.4365
25.95335,-3.4995
25.96338,-3.5501
25.97341,-3.5461
25.98343,-3.4943
25.99346,-3.4361
26.00349,-3.4217
26.01352,-3.4113
26.02349,-3.3909
26.03345,-3.3779
26.04342,-3.3929
26.05339,-3.4316
26.06335,-3.4661
26.07332,-3.4694
26.08329,-3.4017
26.09325,-3.3387
26.10322,-3.227
26.11319,-2.9468
26.12315,-2.2811
26.13312,-1.4081
26.14314,-1.8958
26.15323,-1.2739
26.16331,-2.1197
26.1734,-1.8079
26.18348,-1.1789
26.19357,-0.7156
26.20365,-0.7087
26.21374,-0.6482
26.22382,-0.6789
26.23391,-0.7912
26.24399,-1.038
26.25407,-1.2475
26.26416,-1.6464
26.27419,-1.7741
26.28421,-1.9181
26.29423,-2.0466
26.30425,-2.2845
26.31427,-2.4665
26.3243,-2.5009
26.33432,-2.4178
26.34434,-2.2698
26.35436,-2.219
26.36438,-2.2731
26.3744,-2.3355
26.38443,-2.4248
26.39443,-2.5064
26.40442,-2.5145
26.41441,-2.4112
26.4244,-2.2178
26.43439,-2.0781
26.44437,-2.1044
26.45436,-2.1373
26.46435,-2.2084
26.47434,-2.3608
26.48433,-2.51
26.49431,-2.6047
26.5043,-2.6358
26.51429,-2.5893
26.52428,-2.5577
26.53427,-2.4966
26.54426,-2.4214
26.55425,-2.4339
26.56424,-2.4649
26.57423,-2.485
26.58422,-2.4829
26.59421,-2.4087
26.6042,-2.2687
26.61419,-2.0405
26.62418,-1.787
26.63417,-1.4571
26.64417,-1.0603
26.65418,-0.6146
26.66419,-0.0588
26.6742,0.5675
26.68421,1.3309
26.69422,2.3743
26.70423,3.7088
26.71424,4.8065
26.72425,5.6399
26.73426,5.8356
26.74426,6.3787
26.75427,6.7549
26.76428,7.0478
26.77429,7.1043
26.78428,7.1905
26.79427,6.846
26.80425,6.5496
26.81424,6.1772
26.82423,5.6175
26.83422,5.1761
26.84421,4.8313
26.8542,4.5331
26.86419,4.3402
26.87418,3.926
26.88416,3.4552
26.89416,3.0472
26.90416,2.7206
26.91416,2.5076
26.92416,2.3457
26.93416,2.1554
26.94416,1.9009
26.95416,1.5989
26.96416,1.268
26.97416,1.0711
26.98416,0.9406
26.99416,0.6911
27.00416,0.4016
27.01416,0.2126
27.02419,-0.0522
27.03421,-0.3137
27.04423,-0.4375
27.05425,-0.5339
27.06427,-0.6127
27.07429,-0.6889
27.08431,-0.7757
27.09433,-0.8825
27.10435,-0.9566
27.11437,-0.979
27.12439,-1.0384
27.13441,-1.0961
27.14442,-1.1236
27.1544,-1.2073
27.16437,-1.2902
27.17434,-1.3115
27.18431,-1.2689
27.19429,-1.2462
27.20426,-1.2307
27.21423,-1.2585
27.22421,-1.2984
27.23418,-1.2725
27.24415,-1.2255
27.25412,-1.183
27.2641,-1.1151
27.27411,-1.0419
27.2841,-0.9556
27.2941,-0.8426
27.30409,-0.6991
27.31409,-0.5571
27.32409,-0.4551
27.33408,-0.3666
27.34408,-0.1763
27.35408,0.204
27.36407,0.7785
27.37407,1.537
27.38407,2.4516
27.39405,3.3841
27.40402,4.1764
27.41399,4.8457
27.42397,5.2507
27.43394,5.6501
27.44391,6.1184
27.45388,6.7818
27.46385,7.6217
27.47382,8.2014
27.48379,7.9758
27.49376,6.9745
27.50373,7.7295
27.51371,7.6804
27.52382,7.0264
27.53392,6.1246
27.54402,5.1618
27.55413,4.3255
27.56423,3.7141
27.57434,2.8175
27.58444,2.3163
27.59455,1.9911
27.60465,1.8633
27.61476,1.8245
27.62486,1.8883
27.63496,1.9912
27.645,2.0136
27.65496,1.9589
27.66493,1.7889
27.67489,1.6035
27.68485,1.4544
27.69482,1.4022
27.70478,1.396
27.71474,1.3228
27.72471,1.2631
27.73467,1.1799
27.74463,1.1048
27.7546,0.9276
27.76456,0.6881
27.77458,0.465
27.78459,0.24
27.7946,0.0264
27.8046,-0.0968
27.81461,-0.1139
27.82461,-0.1668
27.83462,-0.3012
27.84462,-0.6561
27.85463,-0.9619
27.86463,-1.2342
27.87464,-1.4644
27.88465,-1.6549
27.89466,-1.7036
27.90467,-1.6613
27.91468,-1.5113
27.9247,-1.2784
27.93471,-1.0121
27.94472,-0.8409
27.95473,-0.673
27.96474,-0.5154
27.97475,-0.2818
27.98476,-0.1035
27.99477,0.0402
28.00478,0.1476
28.01479,0.634
28.02477,1.2325
28.03473,1.1281
28.0447,1.4109
28.05467,2.9058
28.06464,4.1476
28.0746,5.0617
28.08457,5.0346
28.09454,4.8244
28.10451,4.955
28.11447,4.9085
28.12444,4.6352
28.13441,4.1058
28.1444,3.7115
28.1544,3.3785
28.16441,3.0343
28.17441,2.6289
28.18442,2.2256
28.19442,1.8379
28.20442,1.447
28.21443,1.0619
28.22443,0.6906
28.23444,0.3359
28.24444,-0.0224
28.25445,-0.335
28.26445,-0.6085
28.27445,-0.8198
28.28444,-0.9433
28.29444,-1.0669
28.30444,-1.1666
28.31443,-1.2664
28.32443,-1.4005
28.33442,-1.5895
28.34442,-1.8363
28.35441,-2.1088
28.36441,-2.4256
28.3744,-2.7037
28.3844,-2.8561
28.39439,-3.0783
28.40439,-3.2118
28.41439,-3.295
28.42438,-3.3688
28.43438,-3.4479
28.44438,-3.5939
28.45437,-3.7192
28.46437,-3.7458
28.47436,-3.787
28.48436,-3.8127
28.49436,-3.817
28.50435,-3.8184
28.51435,-3.808
28.52448,-3.7942
28.53461,-3.7681
28.54474,-3.7638
28.55487,-3.7632
28.565,-3.7577
28.57513,-3.7515
28.58526,-3.7457
28.59539,-3.7356
28.60552,-3.716
28.61565,-3.7009
28.62578,-3.6892
28.63591,-3.6796
28.64595,-3.6657
28.65592,-3.6525
28.66589,-3.6443
28.67586,-3.6112
28.68583,-3.5344
28.69579,-3.4219
28.70576,-3.3095
28.71573,-3.2649
28.72569,-3.3052
28.73566,-3.3799
28.74563,-3.4592
28.7556,-3.5458
28.76556,-3.6366
28.77559,-3.7287
28.78562,-3.7889
28.79564,-3.84
28.80566,-3.8972
28.81568,-3.9404
28.82571,-3.9786
28.83573,-3.979
28.84575,-3.964
28.85577,-3.8735
28.8658,-3.8593
28.87582,-3.8864
28.88584,-3.9111
28.89583,-3.9506
28.90579,-3.9761
28.91574,-3.9846
28.9257,-3.9419
28.93565,-3.9412
28.9456,-3.9387
28.95556,-3.9439
28.96551,-3.9742
28.97547,-3.9506
28.98542,-3.8963
28.99537,-3.8622
29.00533,-3.8435
29.01528,-3.8671
29.02533,-3.9104
29.03538,-3.949
29.04543,-3.9589
29.05548,-3.9102
29.06553,-3.8887
29.07557,-3.8596
29.08562,-3.8306
29.09567,-3.8181
29.10572,-3.8162
29.11577,-3.8111
29.12582,-3.8198
29.13587,-3.8241
29.14586,-3.8234
29.1558,-3.7983
29.16573,-3.7884
29.17567,-3.8122
29.1856,-3.8136
29.19554,-3.8077
29.20547,-3.806
29.21541,-3.7917
29.22535,-3.7408
29.23528,-3.6776
29.24522,-3.6738
29.25516,-3.6612
29.26509,-3.6805
29.2751,-3.7136
29.2851,-3.7737
29.29511,-3.8191
29.30511,-3.8243
29.31512,-3.8253
29.32512,-3.7942
29.33513,-3.7515
29.34513,-3.7196
29.35514,-3.714
29.36514,-3.7094
29.37515,-3.7259
29.38515,-3.764
29.39517,-3.8108
29.40518,-3.8235
29.41519,-3.8267
29.42521,-3.8178
29.43522,-3.7892
29.44523,-3.7633
29.45524,-3.7528
29.46526,-3.7511
29.47527,-3.7242
29.48528,-3.7176
29.49529,-3.7036
29.50531,-3.6746
29.51532,-3.6012
29.52532,-3.5491
29.53532,-3.5947
29.54532,-3.5248
29.55532,-3.4796
29.56532,-3.37
29.57532,-3.1921
29.58532,-3.0225
29.59532,-2.8378
29.60532,-2.6307
29.61532,-2.5202
29.62532,-2.4139
29.63532,-2.3634
29.64532,-2.3716
29.65532,-2.3933
29.66531,-2.3942
29.67531,-2.3727
29.68531,-2.3447
29.6953,-2.3029
29.7053,-2.236
29.71529,-2.1515
29.72529,-2.0799
29.73529,-2.0542
29.74528,-2.0469
29.75528,-2.0447
29.76527,-2.0521
29.77537,-2.0496
29.78545,-2.0829
29.79553,-2.1835
29.80561,-2.344
29.81569,-2.5789
29.82578,-2.8304
29.83586,-3.0784
29.84594,-3.2679
29.85602,-3.4164
29.8661,-3.539
29.87619,-3.6384
29.88627,-3.7184
29.89631,-3.7797
29.9063,-3.8454
29.91629,-3.9296
29.92629,-4.0047
29.93628,-4.0526
29.94627,-4.0581
29.95627,-4.0358
29.96626,-3.9938
29.97626,-3.9821
29.98625,-3.9906
29.99624,-4.0054
30.00624,-4.0142
30.01623,-4.0307
30.02623,-4.0084
30.03623,-3.9856
30.04623,-3.9208
30.05623,-3.8632
30.06623,-3.8042
30.07623,-3.7701
30.08623,-3.7436
30.09623,-3.7486
30.10623,-3.7597
30.11623,-3.7643
30.12623,-3.7336
30.13623,-3.6788
30.14627,-3.6104
30.15634,-3.6431
30.16641,-3.5339
30.17648,-3.2831
30.18655,-2.9209
30.19662,-2.8707
30.20669,-2.0596
30.21675,-1.6501
30.22683,-1.3976
30.23689,-1.1756
30.24696,-0.8915
30.25703,-0.6018
30.2671,-0.2334
30.27701,0.0167
30.28691,0.1054
30.29681,0.0928
30.30671,-0.0008
30.31661,-0.1356
30.32651,-0.2642
30.33641,-0.4446
30.34631,-0.704
30.35621,-1.0434
30.36611,-1.4472
30.37601,-1.8769
30.38591,-2.2977
30.39587,-2.6847
30.40589,-3.0181
30.41591,-3.2775
30.42593,-3.4416
30.43595,-3.5629
30.44597,-3.6597
30.45599,-3.7537
30.46601,-3.8674
30.47603,-3.9359
30.48605,-3.9823
30.49607,-3.9449
30.50609,-3.96
30.51612,-3.9463
30.52608,-3.9597
30.53605,-3.9529
30.54601,-3.9485
30.55597,-3.9363
30.56593,-3.9262
30.57589,-3.9236
30.58586,-3.911
30.59582,-3.8687
30.60578,-3.8092
30.61574,-3.7633
30.6257,-3.7446
30.63567,-3.7503
30.64565,-3.7339
30.65566,-3.6975
30.66567,-3.6229
30.67568,-3.4394
30.68569,-3.1303
30.6957,-2.7298
30.70571,-2.2662
30.71572,-1.8346
30.72573,-1.5416
30.73574,-1.3278
30.74575,-1.17
30.75576,-0.9406
30.76577,-0.6024
30.77586,-0.2647
30.78594,-0.0356
30.79603,0.0626
30.80611,0.0795
30.8162,0.1127
30.82628,0.2025
30.83637,0.2577
30.84645,0.2729
30.85654,0.2927
30.86662,0.3901
30.87671,0.5175
30.88679,0.6498
30.89684,0.7616
30.90685,0.8736
30.91686,0.9568
30.92687,1.0447
30.93689,1.1045
30.9469,1.1024
30.95691,1.0231
30.96692,0.8996
30.97693,0.7969
30.98694,0.7413
30.99695,0.744
31.00696,0.8054
31.01698,0.8576
31.02694,0.9105
31.03691,0.9281
31.04687,0.8918
31.05684,0.7615
31.0668,0.5862
31.07677,0.361
31.08673,0.0572
31.0967,-0.349
31.10666,-0.8574
31.11663,-1.394
31.12659,-1.887
31.13656,-2.2767
31.14654,-2.6037
31.15653,-2.8563
31.16652,-3.062
31.17651,-3.2241
31.1865,-3.3317
31.19649,-3.4143
31.20648,-3.4784
31.21647,-3.5368
31.22647,-3.6117
31.23646,-3.6735
31.24644,-3.7232
31.25644,-3.7572
31.26643,-3.7774
31.27645,-3.7904
31.28648,-3.8121
31.29651,-3.8185
31.30654,-3.8287
31.31656,-3.8494
31.32659,-3.8717
31.33662,-3.8839
31.34664,-3.8753
31.35667,-3.8713
31.3667,-3.8525
31.37672,-3.8119
31.38675,-3.7678
31.39675,-3.7485
31.4067,-3.7465
31.41666,-3.7163
31.42661,-3.6843
31.43657,-3.6355
31.44653,-3.502
31.45648,-3.0769
31.46644,-2.4197
31.47639,-1.6401
31.48635,-0.9349
31.49631,-0.3375
31.50626,0.0176
31.51622,0.0604
31.52626,-0.0047
31.5363,0.1384
31.54634,0.3657
31.55638,0.5911
31.56642,0.75
31.57646,0.7944
31.5865,0.7476
31.59654,0.6956
31.60658,0.6701
31.61662,0.742
31.62667,0.9223
31.63671,1.1727
31.64672,1.3195
31.65668,1.3209
31.66666,1.2732
31.67663,1.257
31.6866,1.249
31.69657,1.2518
31.70654,1.3248
31.71651,1.3994
31.72648,1.4763
31.73645,1.5596
31.74642,1.6619
31.75639,1.8009
31.76637,1.9228
31.77636,2.0692
31.78634,2.2359
31.79633,2.3765
31.80632,2.4603
31.81631,2.5421
31.8263,2.6076
31.83629,2.6992
31.84628,2.8076
31.85627,2.9787
31.86626,3.1989
31.87625,3.2977
31.88624,3.261
31.89627,3.0619
31.90633,2.6802
31.91639,2.1871
31.92645,1.5934
31.93651,0.9437
31.94658,0.3045
31.95664,-0.3128
31.9667,-0.895
31.97676,-1.4507
31.98683,-1.9729
31.99689,-2.4022
32.00695,-2.7286
32.01701,-2.9751
32.02713,-3.1662
32.03725,-3.3179
32.04736,-3.4081
32.05748,-3.4509
32.06759,-3.4547
32.07771,-3.4896
32.08782,-3.5347
32.09793,-3.5859
32.10805,-3.656
32.11816,-3.7266
32.12828,-3.8122
32.13839,-3.8735
32.14842,-3.8895
32.15834,-3.8974
32.16826,-3.8909
32.17818,-3.8952
32.18811,-3.9026
32.19803,-3.902
32.20795,-3.9065
32.21788,-3.9136
32.2278,-3.9334
32.23772,-3.9464
32.24765,-3.9318
32.25757,-3.9379
32.26749,-3.955
32.2775,-3.9576
32.28749,-3.9507
32.29749,-3.9468
32.30749,-3.9238
32.31749,-3.887
32.32748,-3.8322
32.33748,-3.7648
32.34748,-3.6835
32.35748,-3.6284
32.36747,-3.5365
32.37747,-3.3353
32.38747,-2.8974
32.39745,-2.032
32.40743,-0.685
32.4174,0.4234
32.42738,0.9315
32.43735,1.1344
32.44733,1.2005
32.4573,1.2539
32.46727,1.3331
32.47725,1.4276
32.48722,1.4528
32.4972,1.3574
32.50717,1.0907
32.51715,0.6993
32.52714,0.3097
32.53712,-0.0811
32.5471,-0.4527
32.55709,-0.8378
32.56707,-1.2386
32.57706,-1.6486
32.58704,-2.0621
32.59703,-2.4486
32.60701,-2.7967
32.617,-3.0682
32.62698,-3.2716
32.63696,-3.4187
32.64697,-3.5368
32.65699,-3.6345
32.66702,-3.7211
32.67704,-3.8064
32.68707,-3.8817
32.69709,-3.9594
32.70712,-3.9683
32.71714,-3.9688
32.72717,-3.9354
32.73719,-3.9427
32.74722,-3.9987
32.75724,-4.0325
32.76727,-4.0041
32.77729,-3.9716
32.78729,-3.9456
32.7973,-3.922
32.8073,-3.9444
32.81731,-3.9888
32.82731,-3.9853
32.83731,-3.9718
32.84732,-3.9385
32.85732,-3.8804
32.86733,-3.7509
32.87733,-3.17
32.88734,-1.7698
32.89734,-0.9907
32.90733,-0.9013
32.91732,-0.8877
32.92731,-1.5949
32.9373,-2.46
32.94729,-2.2985
32.95728,-2.1981
32.96727,-2.2246
32.97726,-2.0886
32.98726,-2.1218
32.99725,-1.9895
33.00724,-1.6481
33.01723,-1.4391
33.02723,-1.2472
33.03724,-1.3237
33.04724,-1.5629
33.05724,-1.8056
33.06724,-2.0374
33.07724,-2.2697
33.08725,-2.4738
33.09725,-2.6577
33.10725,-2.7752
33.11725,-2.8525
33.12725,-2.9337
33.13726,-3.0449
33.14734,-3.2221
33.15747,-3.3937
33.16762,-3.5516
33.17776,-3.5992
33.1879,-3.5934
33.19804,-3.5175
33.20818,-3.3442
33.21832,-3.1753
33.22847,-2.9971
33.23861,-2.8894
33.24875,-2.8205
33.25889,-2.7776
33.26903,-2.758
33.27893,-2.7528
33.28883,-2.7394
33.29872,-2.7044
33.30861,-2.7142
33.3185,-2.7173
33.32839,-2.75
33.33829,-2.8645
33.34818,-3.0122
33.35807,-3.1068
33.36796,-3.2388
33.37785,-3.2445
33.38774,-3.2061
33.39771,-3.0338
33.40775,-2.8449
33.41778,-2.7066
33.42781,-2.5782
33.43785,-2.3986
33.44788,-2.2557
33.45792,-2.2227
33.46795,-2.2839
33.47799,-2.4547
33.48802,-2.647
33.49805,-2.7066
33.50809,-2.6283
33.51812,-2.3773
33.52812,-1.9454
33.53811,-1.2469
33.5481,-0.2681
33.55809,0.7439
33.56808,1.654
33.57808,2.1703
33.58807,2.1822
33.59806,1.8671
33.60805,1.4555
33.61804,1.194
33.62803,1.167
33.63802,1.1519
33.64801,1.0364
33.65798,0.6125
33.66795,0.1449
33.67793,-0.3353
33.6879,-0.8591
33.69787,-1.3482
33.70784,-1.8942
33.71781,-2.3164
33.72778,-2.6209
33.73775,-2.8548
33.74773,-3.0281
33.7577,-3.1888
33.76767,-3.3198
33.7777,-3.4167
33.78773,-3.4913
33.79776,-3.5472
33.80779,-3.5884
33.81782,-3.613
33.82785,-3.626
33.83788,-3.6166
33.8479,-3.5937
33.85793,-3.5644
33.86796,-3.5642
33.87799,-3.5744
33.88802,-3.6056
33.89804,-3.6602
33.90803,-3.6862
33.91803,-3.6996
33.92802,-3.6998
33.93801,-3.6778
33.94801,-3.6399
33.958,-3.5993
33.96799,-3.5668
33.97799,-3.5547
33.98798,-3.5337
33.99797,-3.4905
34.00797,-3.4254
34.01796,-3.359
34.02796,-3.2498
34.03796,-3.1495
34.04795,-3.0887
34.05795,-3.0587
34.06794,-3.0577
34.07794,-3.0498
34.08794,-3.0298
34.09793,-3.0439
34.10793,-3.0703
34.11792,-3.1288
34.12792,-3.2186
34.13792,-3.2987
34.14792,-3.3955
34.15792,-3.4884
34.16793,-3.5183
34.17793,-3.5276
34.18793,-3.5139
34.19794,-3.5192
34.20794,-3.5399
34.21795,-3.5664
34.22795,-3.6178
34.23795,-3.6339
34.24796,-3.6391
34.25796,-3.5891
34.26796,-3.5133
34.27792,-3.4016
34.28788,-3.2144
34.29783,-2.755
34.30779,-1.7307
34.31775,-0.2436
34.32771,0.9321
34.33766,1.3821
34.34762,1.3529
34.35757,1.25
34.36753,1.2834
34.37749,1.4843
34.38745,1.6973
34.39748,1.777
34.40757,1.6426
34.41767,1.3686
34.42776,0.9665
34.43786,0.5043
34.44795,0.015
34.45805,-0.4452
34.46814,-0.8091
34.47824,-1.0806
34.48833,-1.3968
34.49843,-1.7485
34.50853,-2.0877
34.51862,-2.4074
34.52866,-2.7013
34.53868,-2.9896
34.54871,-3.2163
34.55873,-3.382
34.56876,-3.5062
34.57879,-3.6101
34.58881,-3.7029
34.59884,-3.777
34.60887,-3.8384
34.6189,-3.8981
34.62892,-3.9576
34.63895,-3.9839
34.64896,-4.0106
34.65895,-4.016
34.66895,-4.0035
34.67894,-3.9741
34.68893,-3.9397
34.69892,-3.9092
34.70891,-3.883
34.7189,-3.8003
34.72889,-3.6351
34.73888,-3.2382
34.74887,-1.8463
34.75887,0.4985
34.76886,1.9043
34.77886,2.2074
34.78886,2.3319
34.79885,2.2969
34.80885,2.2069
34.81885,1.9849
34.82885,1.7482
34.83885,1.5095
34.84885,1.2932
34.85884,1.0335
34.86884,0.7354
34.87884,0.4015
34.88884,0.1859
34.89883,-0.0913
34.90882,-0.4587
34.91881,-1.2751
34.9288,-2.2676
34.93879,-2.9861
34.94878,-3.3739
34.95876,-3.5615
34.96875,-3.6751
34.97874,-3.7758
34.98873,-3.8747
34.99872,-3.9431
35.00871,-4.0029
35.0187,-4.011
35.02869,-4.0007
35.03869,-3.974
35.04869,-3.9413
35.05868,-3.9047
35.06868,-3.874
35.07867,-3.8423
35.08867,-3.7983
35.09867,-3.6684
35.10866,-3.3747
35.11866,-2.2959
35.12865,0.0502
35.13865,2.2551
35.14865,3.813
35.15862,4.6481
35.16858,5.0045
35.17855,4.0939
35.18852,2.6223
35.19849,1.3728
35.20846,0.4728
35.21843,0.2364
35.22839,0.1972
35.23836,0.2327
35.24833,0.3199
35.2583,0.4285
35.26826,0.5157
35.27829,0.4352
35.28831,0.3529
35.29833,0.1758
35.30835,-0.3577
35.31837,-0.9706
35.3284,-1.5329
35.33842,-2.0227
35.34844,-2.364
35.35846,-2.6362
35.36848,-2.8531
35.3785,-3.0189
35.38852,-3.1678
35.39857,-3.3168
35.40864,-3.4897
35.41871,-3.6584
35.42878,-3.7735
35.43885,-3.8339
35.44891,-3.8636
35.45898,-3.895
35.46905,-3.8743
35.47912,-3.8603
35.48919,-3.8113
35.49926,-3.7807
35.50933,-3.7955
35.51939,-3.7713
35.52939,-3.7216
35.53936,-3.5491
35.54934,-3.1452
35.55931,-1.8793
35.56929,-1.6339
35.57927,-2.2985
35.58924,-0.3258
35.59922,-1.4525
35.60919,-1.7097
35.61917,-1.4161
35.62914,-1.2745
35.63912,-1.3046
35.64913,-1.4321
35.65915,-1.5096
35.66916,-1.5298
35.67917,-1.4438
35.68918,-1.7041
35.69919,-1.8337
35.7092,-1.9717
35.71922,-2.2582
35.72923,-2.5398
35.73924,-2.7475
35.74925,-2.8182
35.75926,-2.8291
35.76927,-2.8652
35.77928,-2.8908
35.78929,-2.9452
35.7993,-2.97
35.8093,-2.9872
35.81931,-3.0248
35.82932,-3.0037
35.83932,-2.9237
35.84933,-2.7938
35.85934,-2.6372
35.86935,-2.4452
35.87936,-2.242
35.88936,-2.0614
35.89937,-2.0367
35.90937,-2.1099
35.91936,-2.2275
35.92936,-2.274
35.93936,-2.2767
35.94936,-2.2225
35.95935,-2.0844
35.96935,-1.8758
35.97935,-1.6042
35.98935,-1.4484
35.99934,-1.4249
36.00934,-1.5798
36.01934,-1.8318
36.02934,-2.0454
36.03933,-2.2481
36.04933,-2.5077
36.05932,-2.6645
36.06932,-2.6089
36.07931,-2.3622
36.08931,-2.0626
36.0993,-1.926
36.10929,-1.9527
36.11929,-2.0538
36.12928,-2.2404
36.13927,-2.4244
36.14926,-2.5514
36.15922,-2.5612
36.16918,-2.4299
36.17914,-2.1957
36.1891,-1.9082
36.19906,-1.6056
36.20902,-1.2858
36.21898,-0.8448
36.22894,-0.547
36.23891,-0.0963
36.24887,0.0542
36.25883,0.2147
36.26879,0.2664
36.27884,0.5444
36.28889,0.5025
36.29894,0.3547
36.30899,0.5966
36.31903,0.4853
36.32909,0.4372
36.33913,0.2995
36.34918,0.038
36.35923,-0.1682
36.36928,-0.3184
36.37933,-0.4968
36.38938,-0.7238
36.3994,-0.9684
36.4094,-1.2399
36.4194,-1.5765
36.4294,-1.931
36.4394,-2.3107
36.4494,-2.6692
36.4594,-3.0065
36.4694,-3.253
36.4794,-3.3725
36.4894,-3.3812
36.4994,-3.3366
36.5094,-3.2494
36.5194,-3.1681
36.52946,-3.1174
36.53953,-3.115
36.54959,-3.137
36.55965,-3.1477
36.56972,-3.0601
36.57978,-2.8895
36.58985,-2.701
36.59991,-2.5051
36.60997,-2.2561
36.62004,-1.9211
36.6301,-1.4779
36.64016,-0.9749
36.65019,-0.4699
36.66017,-0.0298
36.67015,0.3117
36.68014,0.5791
36.69012,-0.1002
36.7001,0.066
36.71008,0.2172
36.72006,0.4445
36.73005,0.645
36.74002,0.6127
36.75001,0.3705
36.75999,-0.0571
36.76997,-0.6072
36.77998,-1.2357
36.78998,-1.8948
36.79998,-2.3221
36.80999,-2.6379
36.81999,-2.9557
36.82999,-3.2114
36.84,-3.4485
36.85,-3.7022
36.86,-3.9184
36.87,-4.0789
36.88001,-4.2258
36.89001,-4.2999
36.90001,-4.337
36.90999,-4.3882
36.91998,-4.4231
36.92996,-4.4244
36.93995,-4.4054
36.94993,-4.3943
36.95992,-4.3432
36.9699,-4.2867
36.97989,-4.2648
36.98987,-4.2673
36.99986,-4.248
37.00984,-4.219
37.01983,-4.1748
37.02984,-4.1287
37.03983,-4.0839
37.04982,-4.0516
37.0598,-4.0397
37.06979,-4.0501
37.07978,-4.0441
37.08977,-4.0404
37.09975,-4.0178
37.10974,-3.9869
37.11973,-3.945
37.12972,-3.8951
37.13971,-3.8641
37.14969,-3.8718
37.15968,-3.8717
37.16966,-3.9063
37.17965,-3.9499
37.18964,-3.9871
37.19962,-4.0095
37.20961,-4.0409
37.21959,-4.0547
37.22958,-4.0393
37.23956,-4.0333
37.24955,-4.0313
37.25953,-4.0747
37.26952,-4.1384
37.27953,-4.2161
37.28952,-4.2501
37.29952,-4.2703
37.30952,-4.2748
37.31952,-4.3087
37.32951,-4.3326
37.33951,-4.3636
37.34951,-4.3875
37.3595,-4.4062
37.3695,-4.4223
37.3795,-4.4535
37.3895,-4.4643
37.39951,-4.4535
37.40953,-4.4226
37.41956,-4.3873
37.42958,-4.3584
37.43961,-4.3326
37.44963,-4.3459
37.45966,-4.3863
37.46968,-4.439
37.47971,-4.4274
37.48973,-4.3939
37.49976,-4.2968
37.50978,-4.252
37.51981,-4.2123
37.52978,-4.2185
37.53974,-4.2179
37.54971,-4.2067
37.55967,-4.2227
37.56964,-4.2242
37.57961,-4.2026
37.58957,-4.147
37.59954,-4.0793
37.6095,-3.9777
37.61947,-3.9084
37.62943,-3.8199
37.6394,-3.7475
37.64943,-3.5516
37.65954,-3.2458
37.66964,-2.9081
37.67974,-3.0029
37.68985,-3.1057
37.69995,-2.9005
37.71005,-2.3543
37.72015,-1.9549
37.73026,-1.7521
37.74036,-1.7916
37.75046,-1.9237
37.76057,-2.0826
37.77067,-2.2594
37.7807,-2.4209
37.79074,-2.5991
37.80077,-2.7671
37.8108,-2.9432
37.82084,-3.1271
37.83087,-3.3257
37.8409,-3.5332
37.85094,-3.7145
37.86097,-3.8559
37.871,-3.9566
37.88103,-4.0365
37.89107,-4.0916
37.90106,-4.1118
37.911,-4.1164
37.92094,-4.118
37.93088,-4.1096
37.94082,-4.1247
37.95076,-4.1409
37.9607,-4.1577
37.97064,-4.197
37.98058,-4.2412
37.99052,-4.2704
38.00047,-4.2852
38.01041,-4.2987
38.02035,-4.287
38.03038,-4.2442
38.04042,-4.2151
38.05045,-4.2026
38.06048,-4.1989
38.07051,-4.1921
38.08054,-4.2014
38.09058,-4.2243
38.10061,-4.2396
38.11064,-4.2521
38.12067,-4.251
38.13071,-4.2182
38.14074,-4.1689
38.15076,-4.134
38.16075,-4.1066
38.17074,-4.0884
38.18073,-4.0637
38.19073,-4.0399
38.20072,-4.0096
38.21071,-3.9788
38.2207,-3.9575
38.23069,-3.9437
38.24069,-3.9045
38.25068,-3.8549
38.26067,-3.774
38.27066,-3.6521
38.2807,-3.5157
38.29074,-3.4184
38.30079,-3.2431
38.31083,-2.993
38.32087,-2.8163
38.33091,-2.9926
38.34095,-2.7944
38.35099,-2.5621
38.36103,-2.3593
38.37107,-2.1159
38.38111,-1.9324
38.39115,-1.8108
38.40116,-1.7311
38.41114,-1.718
38.42113,-1.7468
38.43111,-1.7522
38.44109,-1.7568
38.45108,-1.7622
38.46106,-1.814
38.47104,-1.9328
38.48103,-2.1346
38.49101,-2.399
38.501,-2.6698
38.51098,-2.9521
38.52096,-3.1709
38.53093,-3.4139
38.5409,-3.6275
38.55087,-3.7868
38.56083,-3.9014
38.5708,-4.0164
38.58076,-4.144
38.59072,-4.2109
38.60069,-4.2492
38.61066,-4.2797
38.62062,-4.3022
38.63059,-4.3378
38.64055,-4.3931
38.6506,-4.4379
38.66072,-4.4693
38.67085,-4.4811
38.68097,-4.48
38.69109,-4.4838
38.70122,-4.4335
38.71134,-4.3847
38.72146,-4.305
38.73159,-4.246
38.74171,-4.1883
38.75183,-4.1507
38.76196,-4.0686
38.77208,-3.9973
38.78192,-3.9261
38.79176,-3.8352
38.80159,-3.7041
38.81142,-3.5435
38.82125,-3.4183
38.83109,-3.0631
38.84092,-2.4435
38.85075,-2.3931
38.86058,-1.8194
38.87041,-1.1824
38.88025,-0.6764
38.89008,-0.3559
38.90006,-0.1338
38.91019,0.2556
38.92031,0.5665
38.93044,0.7673
38.94056,0.7779
38.95069,0.5824
38.96081,0.2848
38.97094,-0.0751
38.98106,-0.4693
38.99119,-0.9213
39.00131,-1.601
39.01144,-2.3336
39.02156,-2.9745
39.03156,-3.4411
39.04155,-3.7138
39.05154,-3.8782
39.06152,-4.0099
39.07151,-4.1586
39.0815,-4.2835
39.09149,-4.3322
39.10148,-4.3641
39.11147,-4.3548
39.12146,-4.375
39.13144,-4.3939
39.14143,-4.3974
39.15144,-4.3938
39.16142,-4.4228
39.17141,-4.4092
39.18139,-4.3864
39.19138,-4.3704
39.20137,-4.3558
39.21135,-4.3597
39.22134,-4.366
39.23132,-4.3912
39.24131,-4.3826
39.25129,-4.3617
39.26128,-4.3184
39.27126,-4.253
39.28127,-4.1829
39.29128,-4.06
39.30129,-3.8964
39.3113,-3.6936
39.3213,-3.419
39.33131,-3.1521
39.34132,-2.9341
39.35133,-2.3752
39.36134,-2.2011
39.37134,-1.4583
39.38135,-0.8022
39.39136,-0.459
39.40137,-0.0533
39.41137,0.2887
39.42138,0.6074
39.43138,0.9471
39.44138,1.3211
39.45139,1.6287
39.46139,1.7903
39.4714,1.7823
39.4814,1.5921
39.49141,1.2766
39.50141,0.8644
39.51141,0.4368
39.52142,0.04
39.53139,-0.2941
39.54137,-0.5888
39.55134,-0.8718
39.56132,-1.2103
39.57129,-1.6488
39.58127,-2.1035
39.59124,-2.486
39.60122,-2.7883
39.61119,-3.0016
39.62117,-3.1535
39.63115,-3.3172
39.64112,-3.479
39.65109,-3.6768
39.66107,-3.8323
39.67105,-3.9724
39.68102,-4.0612
39.691,-4.1231
39.70097,-4.1596
39.71095,-4.162
39.72092,-4.1733
39.7309,-4.1812
39.74088,-4.2022
39.75085,-4.1919
39.76083,-4.2044
39.7708,-4.1689
39.7809,-4.0517
39.791,-3.9083
39.80109,-3.7414
39.81119,-3.5411
39.82129,-3.2634
39.83138,-2.8806
39.84148,-2.5015
39.85157,-2.2346
39.86167,-1.9103
39.87177,-0.9767
39.88186,-0.0579
39.89196,0.9498
39.90198,1.801
39.91192,2.2312
39.92186,2.4913
39.9318,2.5741
39.94174,2.4425
39.95168,2.3001
39.96162,2.1081
39.97156,1.9656
39.9815,1.6778
39.99144,1.4898
40.00138,1.2082
40.01132,0.743
40.02126,0.2138
40.03141,-0.3913
40.04155,-1.0601
40.05169,-1.6718
40.06183,-2.2023
40.07197,-2.5913
40.08212,-2.8979
40.09225,-3.1266
40.1024,-3.2345
40.11254,-3.2993
40.12268,-3.3662
40.13282,-3.429
40.14296,-3.462
40.15303,-3.4946
40.16302,-3.4976
40.173,-3.5126
40.18299,-3.6074
40.19298,-3.6634
40.20297,-3.6909
40.21296,-3.7258
40.22295,-3.7526
40.23294,-3.7597
40.24293,-3.7624
40.25291,-3.7495
40.26291,-3.6994
40.27289,-3.6128
40.28283,-3.5257
40.29277,-3.4538
40.30271,-3.3522
40.31264,-3.2816
40.32258,-3.2083
40.33252,-3.1099
40.34246,-2.9707
40.3524,-2.7744
40.36234,-2.4642
40.37227,-1.9513
40.38221,-1.3097
40.39215,-0.3029
40.40211,1.2017
40.4121,1.5159
40.42209,2.3636
40.43208,3.3127
40.44206,4.2192
40.45205,5.1918
40.46204,5.7239
40.47203,6.0778
40.48201,6.2292
40.492,6.1291
40.50199,5.8596
40.51197,5.4892
40.52196,5.0644
40.53195,4.6625
40.54193,4.2076
40.55191,3.6332
40.5619,2.9481
40.57188,2.1867
40.58186,1.2473
40.59185,0.2015
40.60183,-0.7047
40.61181,-1.4634
40.6218,-2.0941
40.63178,-2.5697
40.64176,-2.9408
40.65177,-3.2182
40.66178,-3.4422
40.67178,-3.5528
40.68179,-3.617
40.6918,-3.7001
40.70181,-3.7702
40.71182,-3.8846
40.72183,-3.9779
40.73184,-4.0146
40.74185,-3.9523
40.75185,-3.8669
40.76186,-3.8027
40.77187,-3.7761
40.78187,-3.7764
40.79187,-3.7877
40.80186,-3.7924
40.81186,-3.7839
40.82186,-3.7785
40.83185,-3.7459
40.84185,-3.6953
40.85184,-3.5905
40.86184,-3.4417
40.87184,-3.2888
40.88183,-3.0787
40.89183,-2.7841
40.90186,-2.4118
40.91188,-1.9197
40.92189,-1.4193
40.93191,-0.8926
40.94193,-0.5041
40.95195,1.1967
40.96196,2.8728
40.97198,3.9488
40.982,4.1593
40.99202,4.1893
41.00204,4.1127
41.01205,3.9961
41.02207,3.8314
41.03205,3.6514
41.04203,3.2801
41.05201,3.0334
41.06198,2.769
41.07196,2.3764
41.08194,1.8583
41.09192,1.3
41.10189,0.6471
41.11187,-0.1373
41.12185,-0.8824
41.13182,-1.5296
41.1418,-2.0708
41.15184,-2.4368
41.16191,-2.7641
41.172,-3.0435
41.18208,-3.2743
41.19216,-3.4419
41.20224,-3.5409
41.21232,-3.5998
41.2224,-3.5891
41.23248,-3.5941
41.24257,-3.6404
41.25265,-3.6919
41.26273,-3.7553
41.27281,-3.7683
41.28279,-3.7563
41.29276,-3.7568
41.30274,-3.8381
41.31272,-3.9548
41.32269,-4.0797
41.33267,-4.1567
41.34265,-4.2384
41.35263,-4.2945
41.3626,-4.3367
41.37258,-4.3743
41.38256,-4.3803
41.39253,-4.3451
41.40254,-4.3046
41.41257,-4.229
41.42261,-4.1688
41.43264,-4.1681
41.44268,-4.2065
41.45271,-4.2713
41.46274,-4.3018
41.47278,-4.3162
41.48281,-4.3084
41.49284,-4.2885
41.50288,-4.2247
41.51291,-4.1672
41.52295,-4.1357
41.53289,-4.1388
41.54283,-4.1601
41.55276,-4.2294
41.56271,-4.2809
41.57264,-4.3125
41.58258,-4.3139
41.59252,-4.283
41.60246,-4.2399
41.6124,-4.1853
41.62234,-4.1915
41.63228,-4.1964
41.64222,-4.2068
41.65222,-4.2345
41.66228,-4.2676
41.67234,-4.3091
41.6824,-4.3669
41.69246,-4.4003
41.70252,-4.4195
41.71259,-4.4355
41.72264,-4.4533
41.7327,-4.46
41.74277,-4.4532
41.75283,-4.4364
41.76289,-4.425
41.77295,-4.3923
41.78293,-4.3509
41.7929,-4.2908
41.80288,-4.2117
41.81285,-4.113
41.82283,-4.0343
41.8328,-3.9236
41.84278,-3.7614
41.85275,-3.5234
41.86273,-3.1928
41.8727,-2.7582
41.88268,-2.4116
41.89265,-2.7395
41.90264,-2.4246
41.91263,-2.0583
41.92262,-1.3498
41.93261,-0.9374
41.94259,-0.6125
41.95258,-0.2788
41.96257,0.0111
41.97256,0.0587
41.98255,0.0298
41.99254,-0.0755
42.00253,-0.2669
42.01252,-0.5384
42.0225,-0.8809
42.03251,-1.3357
42.04251,-1.7749
42.05252,-2.1193
42.06253,-2.3936
42.07253,-2.6257
42.08254,-2.8517
42.09254,-3.0587
42.10255,-3.3598
42.11256,-3.6447
42.12256,-3.9037
42.13257,-4.0724
42.14257,-4.2209
42.15258,-4.3455
42.16257,-4.3581
42.17256,-4.4444
42.18255,-4.4618
42.19254,-4.5291
42.20253,-4.5671
42.21252,-4.5998
42.22251,-4.6497
42.2325,-4.6931
42.24249,-4.7585
42.25248,-4.7881
42.26247,-4.8113
42.27246,-4.8434
42.28247,-4.8508
42.29248,-4.8725
42.3025,-4.9314
42.31251,-4.9435
42.32252,-4.9973
42.33253,-5.0189
42.34254,-4.9704
42.35255,-4.9669
42.36256,-5.0011
42.37257,-5.0139
42.38258,-5.0551
42.3926,-5.1141
42.40264,-5.1298
42.4127,-5.1487
42.42276,-5.1336
42.43282,-5.0947
42.44289,-5.0612
42.45295,-5.0198
42.46301,-5.0146
42.47308,-5.0126
42.48314,-5.0298
42.4932,-5.0729
42.50326,-5.1409
42.51332,-5.1793
42.52339,-5.2007
42.53339,-5.2143
42.54338,-5.2225
42.55338,-5.2485
42.56337,-5.2919
42.57336,-5.292
42.58336,-5.2818
42.59335,-5.2742
42.60335,-5.2904
42.61335,-5.3348
42.62334,-5.3927
42.63334,-5.4196
42.64333,-5.3827
42.65333,-5.2962
42.66333,-5.1841
42.67334,-5.0603
42.68333,-4.8973
42.69334,-4.7385
42.70334,-4.6182
42.71334,-4.5661
42.72334,-4.5118
42.73334,-4.4575
42.74334,-4.3916
42.75334,-4.3115
42.76334,-4.1912
42.77334,-4.056
42.78331,-3.9316
42.79327,-3.8016
42.80323,-3.6757
42.8132,-3.5439
42.82316,-3.4201
42.83313,-3.2397
42.84309,-3.0547
42.85306,-3.2534
42.86302,-2.9404
42.87299,-2.8932
42.88295,-2.8634
42.89291,-2.9441
42.90293,-2.7685
42.91296,-2.6337
42.923,-2.7618
42.93303,-2.6555
42.94306,-2.5298
42.95309,-2.5676
42.96312,-2.4945
42.97315,-2.4247
42.98318,-2.4739
42.99322,-2.6726
43.00325,-2.751
43.01328,-2.7584
43.02331,-2.6841
43.03327,-2.6812
43.04322,-2.4924
43.05318,-2.0162
43.06313,-1.6147
43.07309,-1.2049
43.08304,-0.7914
43.09299,-0.3476
43.10295,0.0761
43.1129,0.3488
43.12286,0.5618
43.13281,0.6833
43.14276,0.6935
43.15276,0.5659
43.16278,0.3436
43.17281,0.1032
43.18284,-0.1507
43.19287,-0.4247
43.2029,-0.789
43.21293,-1.2022
43.22295,-1.5727
43.23298,-1.8707
43.24301,-2.0932
43.25304,-2.2604
43.26307,-2.3888
43.2731,-2.4638
43.2831,-2.5125
43.29311,-2.551
43.30312,-2.5973
43.31312,-2.6897
43.32312,-2.7184
43.33313,-2.9789
43.34313,-3.1768
43.35314,-3.3266
43.36314,-3.514
43.37315,-3.7644
43.38315,-4.0525
43.39316,-4.2757
43.40316,-4.51
43.41315,-4.6847
43.42315,-4.8363
43.43314,-4.905
43.44313,-4.9116
43.45313,-4.9306
43.46312,-4.9256
43.47312,-4.9375
43.48311,-4.9665
43.49311,-4.9568
43.5031,-4.9232
43.51309,-4.8351
43.52309,-4.6941
43.53317,-4.5504
43.54325,-4.3609
43.55333,-4.0885
43.56341,-3.856
43.57349,-3.6568
43.58357,-3.474
43.59365,-3.2728
43.60373,-3.0431
43.61381,-2.7839
43.62389,-2.508
43.63397,-2.2263
43.64405,-1.9345
43.65407,-1.6204
43.66402,-1.2912
43.67398,-0.9899
43.68394,-1.6091
43.6939,-1.2226
43.70386,-0.9772
43.71382,-0.8189
43.72378,-0.7191
43.73374,-0.4237
43.74369,-0.1567
43.75365,0.0969
43.76361,0.0183
43.77357,0.1944
43.78359,0.4527
43.7936,0.6305
43.80362,0.5712
43.81363,0.553
43.82364,0.6295
43.83366,0.8579
43.84367,0.8291
43.85368,0.6183
43.8637,0.3415
43.87371,0.0915
43.88372,-0.122
43.89374,-0.3384
43.90375,-0.5625
43.91376,-0.7982
43.92378,-1.0495
43.93379,-1.2977
43.9438,-1.5406
43.95382,-1.7271
43.96383,-1.9354
43.97384,-2.1248
43.98385,-2.2494
43.99387,-2.3257
44.00388,-2.3554
44.01389,-2.3965
44.0239,-2.5154
44.03391,-2.5923
44.04391,-2.7695
44.05391,-2.9273
44.06391,-3.1079
44.07391,-3.3439
44.08391,-3.5104
44.09391,-3.7448
44.10391,-3.8982
44.11391,-4.0602
44.12391,-4.1307
44.13391,-4.1768
44.14391,-4.1729
44.1539,-4.1661
44.16386,-4.1028
44.17382,-4.0477
44.18378,-3.9856
44.19374,-3.8977
44.20371,-3.8494
44.21367,-3.796
44.22363,-3.676
44.23359,-3.5072
44.24356,-3.3098
44.25352,-3.1178
44.26348,-2.9417
44.27344,-2.7944
44.28344,-2.7168
44.29343,-2.6763
44.30342,-2.6138
44.31342,-2.5073
44.32341,-2.3711
44.3334,-2.2234
44.3434,-2.0324
44.35339,-1.5812
44.36338,-1.0327
44.37337,-0.7011
44.38337,-0.3619
44.39336,-0.1643
44.40336,-0.032
44.41336,0.0561
44.42336,0.1517
44.43336,0.3152
44.44336,0.5137
44.45336,0.6517
44.46336,0.7051
44.47336,0.6429
44.48336,0.5318
44.49336,0.385
44.50336,0.2387
44.51336,0.1303
44.52336,0.0299
44.5334,-0.0926
44.54343,-0.2239
44.55346,-0.4078
44.56349,-0.7264
44.57352,-1.0901
44.58355,-1.5344
44.59358,-1.9415
44.60361,-2.3246
44.61364,-2.6294
44.62367,-2.8803
44.6337,-3.0629
44.64373,-3.1754
44.65378,-3.2477
44.66385,-3.3015
44.67392,-3.3408
44.68399,-3.3542
44.69406,-3.3784
44.70413,-3.4097
44.7142,-3.4582
44.72427,-3.5397
44.73434,-3.63
44.7444,-3.7183
44.75447,-3.7774
44.76454,-3.7855
44.77461,-3.7868
44.78463,-3.7577
44.79464,-3.7344
44.80464,-3.7398
44.81464,-3.7506
44.82465,-3.7279
44.83465,-3.7108
44.84465,-3.7185
44.85465,-3.7623
44.86465,-3.8232
44.87466,-3.8306
44.88466,-3.7225
44.89466,-3.6479
44.90466,-3.6262
44.91463,-3.6709
44.92461,-3.7234
44.93458,-3.7696
44.94455,-3.7792
44.95453,-3.7731
44.9645,-3.8076
44.97448,-3.8653
44.98445,-3.8948
44.99443,-3.9938
45.0044,-4.0139
45.01437,-3.9899
45.02435,-3.9535
45.03436,-3.8544
45.04436,-3.7559
45.05436,-3.6543
45.06437,-3.5339
45.07437,-3.3563
45.08437,-3.136
45.09437,-2.8863
45.10437,-2.6549
45.11438,-2.4072
45.12438,-2.0687
45.13438,-1.8415
45.14439,-1.6904
45.1544,-1.5247
45.16441,-1.1102
45.17442,-0.6212
45.18444,-0.2684
45.19445,0.021
45.20447,0.5951
45.21448,0.7017
45.22449,0.8844
45.23451,1.2409
45.24452,1.48
45.25454,1.556
45.26455,1.7402
45.27456,1.792
45.28455,1.8528
45.29454,1.7894
45.30453,1.5047
45.31453,1.2254
45.32452,0.9862
45.33451,0.7707
45.3445,0.6309
45.35449,0.5262
45.36448,0.3827
45.37447,0.233
45.38446,0.0673
45.39445,-0.1153
45.40446,-0.3128
45.41446,-0.5395
45.42445,-0.7707
45.43444,-0.895
45.44443,-0.9748
45.45442,-0.9809
45.46441,-0.9785
45.4744,-0.9923
45.4844,-1.0493
45.49439,-1.1686
45.50438,-1.2476
45.51437,-1.349
45.52436,-1.3544
45.53436,-1.3864
45.54436,-1.4666
45.55435,-1.4915
45.56435,-1.443
45.57434,-1.4237
45.58434,-1.3732
45.59433,-1.3891
45.60432,-1.4335
45.61432,-1.4835
45.62431,-1.5074
45.63431,-1.5017
45.6443,-1.4281
45.6543,-1.2645
45.66431,-1.0733
45.67432,-0.8209
45.68433,-0.5005
45.69434,-0.0235
45.70435,0.4768
45.71436,1.066
45.72437,1.4644
45.73438,1.3506
45.74439,1.482
45.7544,2.0181
45.76441,2.9096
45.77442,3.7993
45.78455,4.4351
45.79467,5.2275
45.8048,5.1195
45.81492,5.1228
45.82505,5.5688
45.83517,5.7466
45.8453,5.6555
45.85542,5.2901
45.86555,5.2224
45.87568,5.1153
45.8858,4.7652
45.89592,4.2979
45.90596,3.6903
45.91592,3.0829
45.92587,2.5529
45.93582,2.1106
45.94577,1.6982
45.95573,1.2606
45.96568,0.8474
45.97563,0.4027
45.98558,-0.1035
45.99554,-0.589
46.00549,-0.8678
46.01544,-1.2696
46.02539,-1.6036
46.03546,-1.9008
46.04553,-2.0745
46.05559,-2.2846
46.06566,-2.4943
46.07572,-2.7191
46.08579,-2.9147
46.09585,-3.0704
46.10592,-3.2398
46.11598,-3.467
46.12605,-3.6605
46.13611,-3.9052
46.14618,-4.0773
46.15617,-4.1885
46.1661,-4.2177
46.17601,-4.2177
46.18593,-4.255
46.19585,-4.3004
46.20577,-4.3359
46.21569,-4.3977
46.22561,-4.5387
46.23553,-4.577
46.24545,-4.5635
46.25537,-4.5487
46.26529,-4.5303
46.27521,-4.4955
46.28521,-4.4435
46.2952,-4.3678
46.30519,-4.2619
46.31519,-4.0899
46.32518,-3.8283
46.33518,-3.5062
46.34517,-3.1898
46.35517,-2.9208
46.36516,-2.6352
46.37516,-2.483
46.38515,-2.3444
46.39515,-2.2837
46.40514,-2.2897
46.41511,-2.3483
46.42508,-2.4733
46.43505,-2.6165
46.44502,-2.8716
46.45499,-3.1064
46.46496,-3.2437
46.47493,-3.3688
46.48489,-3.5111
46.49487,-3.6304
46.50483,-3.7205
46.5148,-3.7542
46.52477,-3.7104
46.53477,-3.6189
46.54477,-3.5417
46.55476,-3.4805
46.56476,-3.4328
46.57475,-3.4179
46.58475,-3.3978
46.59475,-3.3987
46.60474,-3.4183
46.61473,-3.4414
46.62473,-3.475
46.63473,-3.4902
46.64472,-3.5096
46.65472,-3.5465
46.66473,-3.6167
46.67473,-3.5719
46.68474,-3.4682
46.69474,-3.3826
46.70475,-3.3418
46.71475,-3.3476
46.72476,-3.3734
46.73476,-3.4355
46.74477,-3.5293
46.75477,-3.6377
46.76477,-3.7516
46.77478,-3.8165
46.78477,-3.836
46.79477,-3.7779
46.80476,-3.6301
46.81475,-3.4307
46.82474,-3.2307
46.83473,-3.0863
46.84472,-2.9706
46.85471,-2.806
46.8647,-2.5274
46.87469,-2.1132
46.88468,-1.6395
46.89467,-1.1883
46.90467,-0.7506
46.91468,-0.3796
46.92469,0.0356
46.9347,0.4184
46.9447,0.731
46.95471,1.011
46.96472,0.9207
46.97472,1.1778
46.98473,1.7592
46.99474,2.2438
47.00475,2.4497
47.01476,2.4524
47.02476,2.3997
47.03487,2.1821
47.04496,1.8812
47.05507,1.5347
47.06516,1.187
47.07526,0.8301
47.08536,0.4793
47.09546,0.0894
47.10556,-0.1461
47.11566,-0.7085
47.12576,-1.4208
47.13586,-2.0566
47.14596,-2.5973
47.156,-3.01
47.16598,-3.3262
47.17596,-3.5551
47.18594,-3.8075
47.19592,-4.027
47.20589,-4.2387
47.21587,-4.3857
47.22585,-4.5435
47.23583,-4.6667
47.24581,-4.7676
47.25578,-4.8206
47.26576,-4.8273
47.27574,-4.8475
47.28576,-4.8395
47.29577,-4.8336
47.30578,-4.805
47.3158,-4.794
47.32581,-4.8193
47.33583,-4.8397
47.34584,-4.8583
47.35585,-4.8871
47.36587,-4.8769
47.37588,-4.8695
47.38589,-4.8591
47.39591,-4.8285
47.40592,-4.788
47.41592,-4.7314
47.42591,-4.6776
47.43591,-4.6448
47.4459,-4.584
47.4559,-4.48
47.4659,-4.3625
47.47589,-4.13
47.48589,-3.9045
47.49588,-3.5137
47.50588,-3.3235
47.51588,-2.8696
47.52587,-2.0537
47.53587,-1.2337
47.54586,-0.8852
47.55585,-0.7378
47.56584,-0.5874
47.57584,-0.1931
47.58583,0.3537
47.59582,0.7477
47.60581,0.9846
47.6158,1.1702
47.6258,1.1307
47.63579,1.0894
47.64578,0.9665
47.65577,0.7422
47.66577,0.5368
47.67577,0.2994
47.68576,0.0517
47.69576,-0.1696
47.70576,-0.3971
47.71575,-0.6238
47.72575,-1.0298
47.73574,-1.6282
47.74574,-2.2325
47.75574,-2.7917
47.76574,-3.2527
47.77573,-3.6819
47.78573,-4.0797
47.79573,-4.4706
47.80573,-4.6863
47.81572,-4.7903
47.82571,-4.8788
47.83571,-4.8963
47.84571,-4.91
47.8557,-4.9208
47.8657,-4.9591
47.87569,-4.9935
47.88569,-4.9846
47.89569,-4.9568
47.90569,-4.9505
47.91569,-4.936
47.92569,-4.9132
47.93569,-4.8937
47.9457,-4.8703
47.9557,-4.8205
47.9657,-4.7686
47.9757,-4.7312
47.98571,-4.6813
47.99571,-4.6101
48.00571,-4.4947
48.01571,-4.3422
48.02571,-4.0183
48.0358,-3.7919
48.04588,-3.4567
48.05596,-2.9504
48.06604,-2.7718
48.07612,-2.8562
48.0862,-1.9516
48.09628,-1.2788
48.10637,-0.9673
48.11645,-0.8308
48.12653,-0.7412
48.13661,-0.6635
48.14669,-0.584
48.15672,-0.5903
48.16668,-0.749
48.17665,-1.004
48.18661,-1.1589
48.19658,-1.5155
48.20654,-1.7844
48.21651,-2.1158
48.22647,-2.4467
48.23644,-2.7023
48.2464,-2.8859
48.25637,-3.0416
48.26633,-3.2408
48.2763,-3.4866
48.28633,-3.6779
48.29636,-3.8938
48.3064,-4.0726
48.31643,-4.2653
48.32647,-4.4514
48.3365,-4.5091
48.34653,-4.5248
48.35656,-4.5057
48.3666,-4.5264
48.37663,-4.5683
48.38667,-4.6028
48.3967,-4.6609
48.40675,-4.6829
48.41682,-4.6778
48.42688,-4.7092
48.43695,-4.6936
48.44701,-4.6832
48.45708,-4.6424
48.46714,-4.6
48.4772,-4.5489
48.48727,-4.4697
48.49733,-4.3576
48.5074,-4.1405
48.51746,-3.7413
48.52752,-3.0444
48.53753,-2.3307
48.54752,-0.8974
48.55752,-0.1613
48.56752,-0.0032
48.57752,0.1184
48.58752,0.4201
48.59752,1.1152
48.60752,1.8848
48.61752,2.4017
48.62751,2.6692
48.63751,2.7115
48.64751,2.5025
48.6575,2.1179
48.66746,1.7507
48.67742,1.2693
48.68737,0.8028
48.69733,0.167
48.70729,-0.8484
48.71725,-2.0096
48.72721,-3.0549
48.73717,-3.598
48.74714,-3.9347
48.7571,-4.1313
48.76706,-4.2603
48.77702,-4.3476
48.78697,-4.4107
48.79693,-4.457
48.80688,-4.5012
48.81684,-4.5369
48.8268,-4.581
48.83675,-4.6204
48.84671,-4.6429
48.85666,-4.6604
48.86662,-4.6568
48.87658,-4.6615
48.88653,-4.6412
48.89649,-4.5826
48.90644,-4.5581
48.9164,-4.5515
48.92636,-4.5668
48.93632,-4.5665
48.94628,-4.5423
48.95624,-4.4977
48.9662,-4.4667
48.97615,-4.4425
48.98611,-4.4043
48.99607,-4.3244
49.00603,-4.1348
49.01599,-3.9272
49.02595,-4.1289
49.03606,-3.5881
49.04617,-3.0649
49.05628,-2.5195
49.06639,-2.4045
49.0765,-2.5797
49.08661,-2.2356
49.09671,-1.748
49.10682,-1.5572
49.11693,-1.4543
49.12704,-1.5129
49.13715,-1.7102
49.14725,-1.9897
49.1573,-2.2839
49.16726,-2.6446
49.17722,-2.988
49.18718,-3.2334
49.19715,-3.4108
49.20711,-3.5995
49.21707,-3.8156
49.22704,-4.0418
49.237,-4.2254
49.24696,-4.3921
49.25692,-4.5071
49.26689,-4.6078
49.27685,-4.653
49.28686,-4.7281
49.29686,-4.7313
49.30687,-4.7399
49.31687,-4.6904
49.32688,-4.5601
49.33688,-4.4155
49.34689,-4.2592
49.35689,-4.1023
49.3669,-4.0149
49.3769,-3.9879
49.38691,-4.0069
49.39691,-4.0277
49.40691,-4.0113
49.41691,-3.8742
49.42691,-3.5611
49.4369,-3.0661
49.4469,-2.2212
49.45689,-0.8983
49.46688,0.3315
49.47688,0.8451
49.48687,0.9467
49.49687,1.0754
49.50686,1.5091
49.51686,1.9744
49.52685,2.2359
49.53685,2.2471
49.54686,2.0618
49.55686,1.7817
49.56686,1.3143
49.57687,0.6393
49.58687,-0.1271
49.59687,-0.8761
49.60688,-1.6658
49.61688,-2.4322
49.62688,-3.1815
49.63689,-3.7923
49.64689,-4.1183
49.65689,-4.2625
49.66689,-4.3459
49.67688,-4.3973
49.68687,-4.441
49.69687,-4.4725
49.70686,-4.4876
49.71685,-4.5151
49.72685,-4.5278
49.73684,-4.548
49.74683,-4.5573
49.75683,-4.5593
49.76682,-4.5542
49.77682,-4.5837
49.78684,-4.5541
49.79686,-4.4725
49.80689,-4.3932
49.81691,-4.3008
49.82693,-4.2287
49.83696,-4.2315
49.84698,-4.2873
49.857,-4.392
49.86702,-4.5122
49.87704,-4.5914
49.88707,-4.624
49.89709,-4.5864
49.9071,-4.4902
49.91708,-4.3393
49.92707,-4.0035
49.93706,-3.578
49.94705,-2.8995
49.95704,-1.8193
49.96703,-0.8703
49.97702,-0.0747
49.98701,0.5237
49.99699,0.8768
50.00698,1.1307
50.01697,1.4617
50.02696,1.5769
50.03698,1.6443
50.047,1.5203
50.05701,1.2175
50.06702,0.8569
50.07704,0.3964
50.08705,-0.1979
50.09707,-0.9297
50.10708,-1.7773
50.1171,-2.6351
50.12711,-3.4487
50.13712,-4.1012
50.14714,-4.5704
50.15714,-4.7516
50.1671,-4.8337
50.17707,-4.8379
50.18703,-4.8364
50.197,-4.8158
50.20697,-4.789
50.21693,-4.7728
50.2269,-4.75
50.23687,-4.6533
50.24684,-4.4508
50.2568,-4.081
50.26677,-3.3621
50.27674,-2.4132
50.28677,-1.5374
50.29679,-0.7904
50.30682,-0.5435
50.31684,-2.817
50.32687,-0.48
50.33689,1.2257
50.34692,-1.7642
50.35695,-0.0246
50.36698,1.6997
50.377,1.8386
50.38703,-0.1434
50.39706,-0.3765
50.40707,-0.378
50.41707,-0.3057
50.42706,-0.5157
50.43706,-1.0016
50.44706,-1.3644
50.45705,-1.5574
50.46704,-1.7303
50.47704,-1.8363
50.48703,-1.824
50.49703,-1.7129
50.50703,-1.5784
50.51702,-1.4776
50.52702,-1.3751
50.53712,-1.3257
50.54723,-1.3244
50.55733,-1.3317
50.56744,-1.2989
50.57755,-1.4423
50.58765,-1.5649
50.59776,-1.6155
50.60786,-1.6409
50.61797,-1.6803
50.62807,-1.7445
50.63818,-1.7857
50.64828,-1.8568
50.65833,-1.8843
50.66833,-1.8627
50.67832,-1.9446
50.68831,-2.0329
50.69831,-2.1371
50.7083,-2.1802
50.71829,-2.1373
50.72828,-2.0268
50.73828,-1.96
50.74827,-1.8756
50.75826,-1.7608
50.76825,-1.5823
50.77825,-1.4149
50.78822,-1.1659
50.79819,-0.8385
50.80816,-0.5088
50.81813,-0.1052
50.8281,0.3153
50.83807,1.106
50.84805,2.1761
50.85802,3.0509
50.86799,3.2287
50.87796,3.6324
50.88793,5.1122
50.8979,6.1061
50.90788,6.7951
50.91785,7.1826
50.92783,7.449
50.93781,7.484
50.94778,7.3248
50.95776,7.0538
50.96774,6.8363
50.97771,6.655
50.98769,6.3854
50.99767,5.9419
51.00764,5.2708
51.01762,4.4302
51.02759,3.4896
51.03761,2.409
51.04763,1.3956
51.05765,0.7363
51.06767,0.3748
51.07768,0.135
51.0877,-0.1574
51.09772,-0.5611
51.10773,-0.9662
51.11775,-1.287
51.12777,-1.4957
51.13778,-1.5346
51.1478,-1.4833
51.15781,-1.3547
51.16781,-1.2593
51.1778,-1.178
51.1878,-1.0946
51.1978,-1.1035
51.2078,-1.1855
51.2178,-1.2785
51.22779,-1.3333
51.23779,-1.2604
51.24779,-1.0751
51.25779,-0.8322
51.26778,-0.4952
51.27778,-0.1296
51.28779,0.3724
51.29779,1.3961
51.30779,2.1886
51.31779,2.7393
51.32779,3.0681
51.33779,3.3931
51.34779,3.7927
51.35779,4.3667
51.36779,4.7961
51.37779,5.0276
51.38779,4.972
51.39779,4.7401
51.40781,4.4267
51.41784,4.108
51.42786,3.8532
51.43789,3.6369
51.44792,3.3862
51.45795,3.0607
51.46797,2.7047
51.478,2.2825
51.48803,1.5197
51.49805,0.6468
51.50808,-0.1125
51.51811,-0.725
51.52813,-1.1335
51.53817,-1.3952
51.54819,-1.6055
51.55822,-1.7658
51.56824,-1.8559
51.57827,-1.8583
51.58829,-1.8391
51.59832,-1.8314
51.60834,-1.8686
51.61837,-1.9262
51.6284,-1.9834
51.63842,-2.0717
51.64845,-2.1613
51.65845,-2.2158
51.66843,-2.2216
51.67841,-2.1664
51.68838,-2.0675
51.69836,-1.9228
51.70834,-1.7605
51.71832,-1.5971
51.7283,-1.5014
51.73828,-1.404
51.74825,-1.2373
51.75823,-0.9454
51.76821,-0.5524
51.77819,-0.0686
51.78819,0.9566
51.79819,2.044
51.80819,2.6782
51.81819,3.0351
51.82818,3.4794
51.83818,4.1557
51.84818,4.442
51.85818,4.4996
51.86818,4.3892
51.87817,4.1979
51.88817,3.9712
51.89817,3.6435
51.90821,3.241
51.91827,2.7212
51.92834,2.1248
51.93842,1.507
51.94849,0.8904
51.95856,0.34
51.96862,-0.1172
51.97869,-0.5673
51.98877,-1.019
51.99884,-1.3535
52.0089,-1.5818
52.01897,-1.7738
52.02905,-1.9871
52.03901,-2.2402
52.04898,-2.4791
52.05895,-2.7235
52.06892,-3.0374
52.07888,-3.3214
52.08885,-3.4877
52.09882,-3.6226
52.10879,-3.708
52.11876,-3.6718
52.12872,-3.5994
52.13869,-3.4357
52.14866,-3.2047
52.15865,-2.9508
52.16865,-2.7076
52.17865,-2.4293
52.18866,-2.0695
52.19866,-1.641
52.20867,-1.2042
52.21867,-0.5869
52.22868,0.2352
52.23868,1.1848
52.24868,1.3422
52.25869,2.524
52.26869,3.4139
52.27869,3.8713
52.28866,4.2348
52.29863,4.5673
52.3086,4.8278
52.31856,4.9305
52.32853,4.9673
52.33849,4.9471
52.34846,4.9122
52.35843,4.7958
52.36839,4.522
52.37836,4.1074
52.38832,3.593
52.39829,3.0732
52.40829,2.5999
52.41832,2.0008
52.42834,1.2937
52.43837,0.6304
52.4484,0.0217
52.45842,-0.5007
52.46845,-0.9465
52.47848,-1.2142
52.4885,-1.3567
52.49853,-1.4346
52.50855,-1.4513
52.51858,-1.4024
52.52861,-1.3857
52.53856,-1.4305
52.54851,-1.4793
52.55846,-1.5485
52.56841,-1.6385
52.57837,-1.752
52.58831,-1.759
52.59827,-1.7609
52.60822,-1.6981
52.61817,-1.6004
52.62812,-1.3748
52.63807,-1.0847
52.64803,-0.7173
52.65802,-0.2806
52.66805,0.2156
52.67808,1.0344
52.68811,2.015
52.69814,2.9465
52.70816,3.5407
52.71819,4.5626
52.72822,2.4753
52.73825,4.301
52.74828,5.0424
52.75831,5.7853
52.76834,5.154
52.77837,5.5409
52.78844,4.9665
52.79852,4.8242
52.80859,4.3287
52.81867,3.5614
52.82874,2.8122
52.83882,2.1556
52.84889,1.4384
52.85897,0.8887
52.86905,0.5308
52.87912,0.2449
52.88919,-0.0379
52.89927,-0.2901
52.9093,-0.5899
52.91928,-0.9035
52.92926,-1.1123
52.93924,-1.2439
52.94921,-1.3373
52.95919,-1.4626
52.96917,-1.6735
52.97915,-1.7563
52.98912,-1.8584
52.9991,-1.9509
53.00908,-2.0202
53.01906,-2.2049
53.02904,-2.3586
53.03902,-2.4779
53.049,-2.456
53.05898,-2.4404
53.06896,-2.3784
53.07894,-2.3615
53.08892,-2.422
53.0989,-2.545
53.10888,-2.6899
53.11886,-2.7167
53.12884,-2.7328
53.13882,-2.74
53.1488,-2.7005
53.15882,-2.6313
53.16887,-2.4788
53.17892,-2.283
53.18897,-2.0505
53.19902,-1.781
53.20906,-1.4429
53.21911,-0.9965
53.22916,-0.4172
53.23921,0.1981
53.24926,0.8554
53.25931,1.4283
53.26936,2.0055
53.2794,2.7168
53.28941,3.6563
53.29941,4.3439
53.30941,5.0655
53.31942,6.2155
53.32942,6.0531
53.33942,6.6921
53.34942,5.2607
53.35942,5.2883
53.36943,5.5786
53.37943,5.5863
53.38943,5.1489
53.39943,4.6549
53.40944,4.2274
53.41943,3.8993
53.42943,3.6304
53.43942,3.3247
53.44942,2.9329
53.45941,2.483
53.46941,1.969
53.4794,1.4412
53.4894,1.0784
53.49939,0.7863
53.50939,0.6214
53.51939,0.3995
53.52938,0.1465
53.53939,-0.1013
53.5494,-0.332
53.55941,-0.5264
53.56942,-0.6985
53.57943,-0.864
53.58943,-1.0012
53.59944,-1.1096
53.60945,-1.2067
53.61946,-1.364
53.62946,-1.5
53.63947,-1.652
53.64948,-1.8939
53.65947,-2.0864
53.66943,-2.3068
53.6794,-2.4606
53.68937,-2.5801
53.69933,-2.7715
53.70929,-2.97
53.71926,-3.1129
53.72923,-3.2044
53.73919,-3.3957
53.74916,-3.6816
53.75912,-3.8537
53.76909,-3.8841
53.77905,-3.8599
53.78902,-3.8459
53.79899,-3.8482
53.80896,-3.8644
53.81893,-3.9076
53.8289,-3.9165
53.83886,-3.883
53.84883,-3.7681
53.8588,-3.5708
53.86877,-3.358
53.87873,-3.2257
53.8887,-3.1544
53.89867,-3.0586
53.90866,-2.885
53.91866,-2.7813
53.92865,-2.7561
53.93865,-2.8905
53.94865,-3.0878
53.95865,-3.1782
53.96865,-3.3489
53.97865,-3.4253
53.98865,-3.4612
53.99865,-3.5638
54.00865,-3.7441
54.01865,-3.9942
54.02864,-4.2088
54.03875,-4.3176
54.04885,-4.3671
54.05896,-4.3602
54.06906,-4.3689
54.07916,-4.3997
54.08926,-4.4396
54.09936,-4.4631
54.10946,-4.4465
54.11956,-4.4432
54.12967,-4.4774
54.13977,-4.5265
54.14987,-4.5834
54.15992,-4.6535
54.16992,-4.7685
54.17992,-4.8591
54.18992,-4.8958
54.19992,-4.9186
54.20992,-4.9325
54.21991,-4.9323
54.22992,-4.903
54.23991,-4.8588
54.24991,-4.8095
54.25991,-4.7555
54.26991,-4.7256
54.27991,-4.67
54.28993,-4.6588
54.29995,-4.7018
54.30996,-4.754
54.31997,-4.7462
54.32999,-4.7365
54.34,-4.7083
54.35002,-4.6513
54.36003,-4.5693
54.37004,-4.5048
54.38006,-4.4067
54.39007,-4.3066
54.40009,-4.1202
54.41011,-3.9873
54.42009,-3.8557
54.43007,-3.7724
54.44004,-3.7141
54.45002,-3.4026
54.46,-2.6079
54.46998,-2.3057
54.47996,-1.3297
54.48994,-0.673
54.49992,-0.5312
54.5099,0.142
54.51988,0.7655
54.52986,1.0906
54.53983,1.2342
54.5498,1.1963
54.55976,1.0802
54.56973,0.9184
54.5797,0.6955
54.58967,0.4328
54.59964,0.1812
54.60961,-0.0899
54.61958,-0.3573
54.62955,-0.5903
54.63951,-0.9063
54.64948,-1.241
54.65947,-1.5152
54.66948,-1.7552
54.67948,-1.9696
54.68948,-2.197
54.69948,-2.5261
54.70948,-2.8638
54.71949,-3.1127
54.72948,-3.263
54.73949,-3.4136
54.74949,-3.5362
54.75949,-3.6141
54.76949,-3.6395
54.7795,-3.6302
54.78949,-3.6011
54.79949,-3.5558
54.80948,-3.4648
54.81947,-3.3753
54.82946,-3.291
54.83945,-3.1595
54.84945,-2.9684
54.85944,-2.714
54.86943,-2.3405
54.87943,-1.8724
54.88942,-1.262
54.89941,-1.0218
54.9094,-0.7043
54.9194,0.0831
54.9294,0.7949
54.9394,1.2817
54.94939,1.6798
54.95939,2.0343
54.96939,2.3473
54.97939,2.5377
54.98939,2.5692
54.99938,2.4871
55.00938,2.3526
55.01938,2.1344
55.02938,1.8003
55.03938,1.3481
55.04938,0.8069
55.05937,0.2461
55.06937,-0.336
55.07937,-1.2138
55.08937,-2.1045
55.09937,-2.899
55.10936,-3.4609
55.11936,-3.7755
55.12936,-3.9385
55.13935,-4.0276
55.14935,-4.1356
55.15941,-4.2915
55.16953,-4.4055
55.17965,-4.4829
55.18977,-4.5194
55.19989,-4.5583
55.21001,-4.6878
55.22014,-4.7717
55.23026,-4.897
55.24038,-5.01
55.2505,-5.1058
55.26062,-5.1696
55.27074,-5.2329
55.28086,-5.2737
55.29086,-5.3318
55.30085,-5.3689
55.31083,-5.3428
55.32082,-5.4278
55.33081,-5.4805
55.3408,-5.4874
55.35078,-5.4537
55.36077,-5.4461
55.37076,-5.4536
55.38075,-5.4271
55.39074,-5.3818
55.40073,-5.3365
55.41072,-5.2336
55.42072,-5.0988
55.43072,-4.9681
55.44071,-4.7911
55.45071,-4.579
55.46071,-4.3201
55.47071,-3.9977
55.4807,-3.6326
55.4907,-3.2732
55.5007,-2.9424
55.5107,-2.5006
55.52069,-1.8521
55.53069,-1.4609
55.54066,-2.1615
55.55061,-1.2259
55.56057,-0.2453
55.57053,0.1223
55.58049,-0.4452
55.59045,-0.2434
55.60041,-0.1641
55.61037,-0.0881
55.62033,-0.2752
55.63029,-0.4432
55.64025,-0.5852
55.65021,-0.6743
55.66019,-0.7975
55.67019,-0.9535
55.68018,-1.1549
55.69017,-1.3825
55.70016,-1.6366
55.71016,-1.8563
55.72015,-2.0437
55.73015,-2.2164
55.74014,-2.2938
55.75013,-2.3347
55.76013,-2.4417
55.77012,-2.6293
55.78012,-2.844
55.79015,-3.0571
55.80019,-3.2139
55.81023,-3.364
55.82026,-3.5185
55.8303,-3.5568
55.84034,-3.5186
55.85037,-3.5281
55.86041,-3.5305
55.87045,-3.5421
55.88048,-3.5685
55.89052,-3.6389
55.90055,-3.7319
55.91057,-3.7745
55.92056,-3.7749
55.93055,-3.7464
55.94053,-3.6761
55.95052,-3.5691
55.96051,-3.3941
55.97049,-3.1676
55.98048,-2.9096
55.99047,-2.6312
56.00046,-2.274
56.01044,-1.8624
56.02043,-1.4639
56.03042,-1.0065
56.04049,-0.6197
56.05056,-0.2557
56.06062,0.0812
56.07069,0.571
56.08076,0.9574
56.09082,1.2846
56.10089,1.4379
56.11096,1.4988
56.12103,1.5008
56.13109,1.4664
56.14116,1.4669
56.15123,1.4608
56.16122,1.4021
56.17113,1.2448
56.18104,1.0405
56.19095,0.83
56.20086,0.6227
56.21078,0.3692
56.22069,0.1468
56.2306,-0.1145
56.24051,-0.4045
56.25042,-0.751
56.26033,-1.1176
56.27025,-1.4777
56.28016,-1.7968
56.29016,-2.0431
56.30014,-2.2114
56.31013,-2.3614
56.32012,-2.4498
56.33011,-2.4869
56.3401,-2.5639
56.35009,-2.6907
56.36008,-2.8874
56.37007,-3.0897
56.38006,-3.2102
56.39005,-3.2608
56.40004,-3.2535
56.41005,-3.1587
56.42007,-3.0157
56.43009,-2.8652
56.44011,-2.7082
56.45013,-2.5553
56.46016,-2.4629
56.47018,-2.4072
56.4802,-2.3362
56.49022,-2.0326
56.50024,-1.3785
56.51027,-0.6734
56.52029,0.1036
56.53031,0.6999
56.54036,-0.0542
56.55041,1.0222
56.56046,1.5124
56.57051,1.7365
56.58055,1.8088
56.5906,1.9189
56.60065,2.0191
56.61069,2.0572
56.62074,1.9251
56.63079,1.6249
56.64084,1.2799
56.65089,0.957
56.66091,0.6067
56.67091,0.214
56.6809,-0.2811
56.69089,-0.8646
56.70088,-1.4071
56.71088,-1.8394
56.72087,-2.1457
56.73086,-2.3508
56.74086,-2.5187
56.75085,-2.7302
56.76084,-2.9591
56.77083,-3.2352
56.78083,-3.5373
56.79082,-3.6602
56.80083,-3.668
56.81083,-3.8342
56.82083,-4.0077
56.83083,-4.079
56.84083,-4.101
56.85083,-4.1093
56.86083,-4.0631
56.87083,-4.0138
56.88083,-4.0423
56.89083,-4.0436
56.90083,-4.0829
56.91088,-4.1381
56.92099,-4.1262
56.9311,-4.0319
56.9412,-3.8985
56.9513,-3.7755
56.96141,-3.6733
56.97151,-3.5522
56.98161,-3.3757
56.99172,-3.0631
57.00182,-2.5523
57.01193,-1.8604
57.02203,-1.1518
57.03214,-0.3339
57.04203,0.4148
57.05193,0.9613
57.06182,1.5017
57.07172,2.1849
57.08161,2.6757
57.0915,3.0254
57.1014,3.1678
57.11129,3.0724
57.12119,2.8726
57.13108,2.6812
57.14098,2.6129
57.15087,2.6803
57.16082,2.7596
57.17081,2.7317
57.18079,2.6226
57.19078,2.4719
57.20078,2.395
57.21077,2.3834
57.22076,2.4221
57.23075,2.3929
57.24074,2.2237
57.25072,1.9643
57.26072,1.6539
57.27071,1.2681
57.2807,0.7941
57.29072,0.2814
57.30075,-0.1883
57.31078,-0.613
57.3208,-0.9716
57.33083,-1.241
57.34085,-1.4361
57.35088,-1.5369
57.36091,-1.5996
57.37094,-1.6386
57.38096,-1.7077
57.39099,-1.8227
57.40102,-1.9331
57.41103,-2.0413
57.42102,-2.1338
57.43101,-2.1807
57.441,-2.2263
57.45099,-2.2162
57.46098,-2.0706
57.47097,-1.9836
57.48095,-1.8744
57.49094,-1.7798
57.50093,-1.6737
57.51092,-1.5485
57.52091,-1.3483
57.5309,-0.9283
57.541,-0.2588
57.55108,0.7255
57.56116,1.5493
57.57124,2.1775
57.58133,2.6631
57.59141,3.0032
57.60149,3.4083
57.61157,3.8758
57.62165,4.4202
57.63174,4.9608
57.64182,5.2727
57.6519,5.3262
57.66198,5.1941
57.67206,5.0564
57.68214,4.9372
57.69222,4.7826
57.70229,4.6177
57.71237,4.4304
57.72245,4.1721
57.73252,3.6989
57.7426,3.0021
57.75268,2.2359
57.76276,1.5625
57.77283,1.0246
57.78291,0.5932
57.79292,0.2164
57.80291,-0.1795
57.81291,-0.5871
57.82291,-0.9742
57.83291,-1.3352
57.84291,-1.6599
57.85291,-1.9634
57.8629,-2.2096
57.8729,-2.3958
57.8829,-2.5569
57.8929,-2.7564
57.9029,-2.9404
57.91286,-2.9064
57.92279,-2.9622
57.93271,-2.9608
57.94263,-2.9781
57.95256,-2.9996
57.96248,-2.9743
57.9724,-2.8713
57.98233,-2.7769
57.99225,-2.6965
58.00217,-2.592
58.0121,-2.4882
58.02202,-2.3913
58.03194,-2.2422
58.04192,-1.9333
58.05189,-1.5549
58.06186,-0.9797
58.07183,-0.2289
58.0818,0.5007
58.09177,1.3419
58.10175,2.1171
58.11172,2.842
58.12169,3.3422
58.13166,2.9009
58.14164,3.6189
58.15161,3.9959
58.1616,3.2361
58.17162,3.1531
58.18165,3.4124
58.19167,3.4878
58.20169,3.497
58.21171,3.2335
58.22174,2.9517
58.23176,2.6005
58.24178,2.0201
58.2518,1.2379
58.26183,0.5627
58.27185,0.0009
58.28187,-0.465
58.29194,-0.8465
58.30201,-1.1414
58.31208,-1.3871
58.32215,-1.6454
58.33222,-1.8558
58.34229,-2.0851
58.35236,-2.3345
58.36243,-2.6558
58.37251,-2.7966
58.38257,-3.0419
58.39264,-3.2314
58.40271,-3.3363
58.4127,-3.3973
58.42259,-3.4492
58.43249,-3.5046
58.44238,-3.6121
58.45227,-3.5919
58.46217,-3.6243
58.47206,-3.7008
58.48196,-3.704
58.49185,-3.7243
58.50175,-3.7768
58.51164,-3.8101
58.52153,-3.8314
58.53143,-3.8135
58.54146,-3.7649
58.55148,-3.6961
58.56151,-3.5905
58.57154,-3.4444
58.58156,-3.2511
58.59159,-2.9733
58.60162,-2.5546
58.61164,-2.1161
58.62167,-1.7756
58.63169,-1.3215
58.64172,-0.328
58.65175,-0.13
58.66176,0.3252
58.67175,1.697
58.68174,2.7016
58.69173,3.4729
58.70171,3.2763
58.7117,4.0308
58.72169,4.0814
58.73168,3.9934
58.74167,3.7958
58.75166,3.5343
58.76164,3.2034
58.77163,2.8208
58.78162,2.3597
58.79171,1.8024
58.80179,1.13
58.81188,0.4674
58.82196,-0.1004
58.83205,-0.578
58.84214,-0.9419
58.85222,-1.2395
58.8623,-1.5209
58.87239,-1.8385
58.88248,-2.189
58.89256,-2.4397
58.90265,-2.7125
58.91268,-2.9194
58.92265,-3.0655
58.93262,-3.2345
58.94259,-3.3714
58.95256,-3.4791
58.96254,-3.5938
58.9725,-3.8373
58.98248,-4.0944
58.99244,-4.2466
59.00241,-4.3922
59.01239,-4.5527
59.02235,-4.6263
59.03233,-4.5453
59.04236,-4.5166
59.05238,-4.4997
59.06241,-4.4635
59.07244,-4.4596
59.08247,-4.4846
59.09249,-4.497
59.10252,-4.4918
59.11255,-4.4315
59.12257,-4.3257
59.1326,-4.1666
59.14262,-3.9116
59.15265,-3.6203
59.16267,-3.328
59.1727,-2.915
59.18272,-2.2845
59.19274,-1.3776
59.20276,-0.6137
59.21279,-0.1276
59.22281,0.7311
59.23283,1.4568
59.24286,1.5464
59.25288,1.1099
59.2629,1.5595
59.27292,1.9573
59.28294,2.3032
59.29299,2.5174
59.30303,2.5934
59.31307,2.5727
59.32311,2.4324
59.33315,2.1861
59.3432,1.9169
59.35324,1.6253
59.36328,1.2808
59.37332,0.8499
59.38336,0.3912
59.3934,-0.0013
59.40344,-0.369
59.41344,-0.7341
59.4234,-1.0194
59.43335,-1.2252
59.44331,-1.4413
59.45326,-1.6948
59.46321,-1.9245
59.47316,-2.2401
59.48312,-2.5944
59.49307,-2.9114
59.50303,-3.1276
59.51298,-3.1938
59.52293,-3.1558
59.53288,-3.0295
59.54284,-2.8534
59.55277,-2.77
59.56271,-2.7855
59.57265,-2.8001
59.58258,-2.7807
59.59252,-2.7199
59.60246,-2.5982
59.6124,-2.4051
59.62233,-2.1472
59.63227,-1.8023
59.64221,-1.3883
59.65215,-0.9417
59.66216,-0.3254
59.67226,0.1639
59.68236,0.2342
59.69246,0.9025
59.70255,1.5477
59.71265,2.5941
59.72275,4.2355
59.73285,5.4664
59.74295,5.7395
59.75304,5.8133
59.76315,5.6709
59.77324,5.455
59.78334,5.2106
59.79334,4.9219
59.80334,4.6526
59.81334,4.4225
59.82333,4.2346
59.83333,4.0543
59.84333,3.7861
59.85332,3.3479
59.86332,2.8483
59.87332,2.3485
59.88331,1.9495
59.89331,1.6124
59.90331,1.2597
59.91327,0.9042
59.92318,0.6424
59.9331,0.3384
59.94301,0.0331
59.95293,-0.2437
59.96284,-0.5301
59.97276,-0.7291
59.98267,-0.876
59.99259,-0.9866
60.0025,-1.1195
60.01242,-1.1987
60.02234,-1.3027
60.03225,-1.4142
60.0424,-1.5061
60.05255,-1.5828
60.0627,-1.5987
60.07285,-1.5397
60.08299,-1.4146
60.09314,-1.1611
60.10329,-0.6903
60.11344,-0.0089
60.12358,0.9171
60.13373,2.0048
60.14388,3.1458
60.15403,4.1847
60.1641,5.1064
60.17406,5.9662
60.18402,7.0248
60.19398,9.4606
60.20395,10.7796
60.21391,11.6192
60.22387,12.1492
60.23383,12.4458
60.24379,12.7847
60.25375,12.5828
60.26371,12.2581
60.27367,11.9357
60.28363,11.611
60.29366,11.1042
60.30368,10.2547
60.31371,9.024
60.32374,7.5306
60.33377,5.9665
60.34379,4.5281
60.35382,3.2402
60.36385,2.2396
60.37387,1.5161
60.3839,0.9706
60.39392,0.4643
60.40395,-0.0431
60.41394,-0.5025
60.42387,-0.9185
60.43381,-1.2572
60.44374,-1.4983
60.45368,-1.6496
60.46362,-1.7679
60.47355,-1.8107
60.48349,-1.7805
60.49342,-1.8574
60.50336,-1.8627
60.51329,-1.9017
60.52323,-1.9348
60.53316,-1.9778
60.54317,-1.982
60.55317,-1.9381
60.56316,-1.8752
60.57316,-1.83
60.58315,-1.7971
60.59315,-1.7676
60.60314,-1.7769
60.61314,-1.8279
60.62313,-1.8563
60.63313,-1.8798
60.64313,-1.87
60.65312,-1.851
60.66311,-1.8796
60.67309,-1.928
60.68306,-1.937
60.69304,-1.9339
60.70302,-1.9133
60.713,-1.8344
60.72297,-1.7547
60.73295,-1.6735
60.74293,-1.5586
60.75291,-1.398
60.76288,-1.2098
60.77286,-0.9726
60.78284,-0.8436
60.79293,-0.4598
60.80301,0.1284
60.8131,0.7262
60.82319,1.2028
60.83327,1.6551
60.84336,1.9389
60.85345,2.1479
60.86354,2.3345
60.87362,2.5156
60.88371,2.7729
60.8938,3.1121
60.90388,3.3559
60.91392,3.4297
60.92386,3.3343
60.93381,3.0952
60.94375,2.7623
60.9537,2.3942
60.96364,1.9969
60.97359,1.5466
60.98354,1.088
60.99348,0.6347
61.00343,0.1796
61.01337,-0.283
61.02332,-0.6577
61.03326,-0.9501
61.04324,-1.2066
61.0532,-1.4298
61.06316,-1.6736
61.07312,-1.8956
61.08308,-2.0744
61.09304,-2.2409
61.10299,-2.3612
61.11295,-2.4481
61.12291,-2.5081
61.13287,-2.5607
61.14283,-2.5949
61.15279,-2.5804
61.16284,-2.5852
61.17294,-2.5882
61.18304,-2.5807
61.19314,-2.5361
61.20324,-2.5166
61.21334,-2.5135
61.22345,-2.5129
61.23355,-2.52
61.24365,-2.5152
61.25375,-2.4418
61.26385,-2.2348
61.27395,-1.7958
61.28405,-1.061
61.29404,-0.2326
61.30402,0.4051
61.314,0.7438
61.32399,0.7325
61.33397,1.0415
61.34395,1.4158
61.35394,1.8832
61.36392,2.2169
61.3739,2.3513
61.38388,2.3088
61.39387,2.0625
61.40385,1.7143
61.41385,1.2779
61.42384,0.7669
61.43384,0.2222
61.44384,-0.2826
61.45384,-0.6859
61.46384,-1.0378
61.47384,-1.3591
61.48384,-1.6922
61.49384,-2.0148
61.50383,-2.2929
61.51383,-2.5333
61.52383,-2.7304
61.53383,-2.8955
61.54383,-3.1472
61.55382,-3.3328
61.56382,-3.5074
61.57381,-3.6655
61.58381,-3.7816
61.5938,-3.8755
61.60379,-3.9388
61.61378,-3.9818
61.62378,-4.0347
61.63377,-4.0937
61.64377,-4.1822
61.65376,-4.2496
61.66376,-4.2804
61.67377,-4.2819
61.68378,-4.2639
61.69379,-4.2132
61.7038,-4.188
61.71382,-4.1683
61.72383,-4.1422
61.73384,-4.0712
61.74385,-3.9642
61.75386,-3.8256
61.76387,-3.6995
61.77388,-3.5677
61.78389,-3.4091
61.79385,-3.0882
61.80379,-2.473
61.81374,-1.6723
61.82369,-1.0113
61.83363,-0.051
61.84358,0.5155
61.85353,0.6626
61.86348,0.0151
61.87342,0.5477
61.88337,1.4597
61.89332,2.2435
61.90326,2.14
61.91326,1.8212
61.9233,1.4554
61.93334,1.1155
61.94337,0.8238
61.95341,0.5103
61.96345,0.1696
61.97349,-0.1999
61.98353,-0.6009
61.99357,-0.9795
62.0036,-1.3383
62.01365,-1.6984
62.02368,-2.0509
62.03372,-2.3796
62.04372,-2.6854
62.05372,-2.9193
62.06372,-3.075
62.07372,-3.2164
62.08372,-3.3506
62.09373,-3.4876
62.10373,-3.6468
62.11373,-3.8102
62.12373,-3.9639
62.13373,-4.1174
62.14373,-4.2195
62.15373,-4.2913
62.16377,-4.3049
62.17383,-4.29
62.18388,-4.2486
62.19394,-4.1907
62.204,-4.1642
62.21406,-4.1341
62.22412,-4.0157
62.23418,-3.8914
62.24423,-3.7361
62.25429,-3.5801
62.26435,-3.4644
62.27441,-3.3663
62.28447,-3.3092
62.29445,-3.2933
62.30444,-3.2934
62.31443,-3.3006
62.32441,-3.2839
62.3344,-3.1811
62.34438,-3.0534
62.35437,-2.9462
62.36436,-2.7404
62.37434,-2.7075
62.38433,-2.7969
62.39432,-2.9189
62.4043,-3.0483
62.41431,-3.1063
62.42432,-3.1158
62.43433,-3.0896
62.44434,-3.0729
62.45435,-3.1132
62.46436,-3.2085
62.47437,-3.3109
62.48438,-3.4227
62.49438,-3.5891
62.50439,-3.839
62.5144,-4.0258
62.52441,-4.1523
62.53442,-4.1418
62.54443,-4.1395
62.55443,-4.1368
62.56443,-4.149
62.57443,-4.213
62.58443,-4.3044
62.59443,-4.3961
62.60443,-4.4617
62.61443,-4.4599
62.62443,-4.4089
62.63443,-4.3342
62.64444,-4.2614
62.65443,-4.2361
62.66443,-4.2084
62.67442,-4.2302
62.68442,-4.2571
62.69441,-4.2219
62.7044,-4.1093
62.71439,-3.9718
62.72438,-3.8381
62.73438,-3.7554
62.74437,-3.7794
62.75436,-3.895
62.76435,-4.0551
62.77435,-4.1912
62.78434,-4.3044
62.79435,-4.3547
62.80435,-4.3733
62.81435,-4.3914
62.82435,-4.2948
62.83435,-4.2953
62.84435,-4.3626
62.85435,-4.2341
62.86436,-4.3145
62.87436,-4.3634
62.88436,-4.488
62.89436,-4.6054
62.90436,-4.5945
62.91436,-4.5707
62.92435,-4.5901
62.93435,-4.6591
62.94434,-4.7829
62.95434,-4.8723
62.96433,-4.8955
62.97432,-4.9262
62.98432,-4.9709
62.99431,-4.9638
63.00431,-5.0705
63.0143,-5.1016
63.02429,-5.126
63.03429,-5.1701
63.04428,-5.1913
63.05428,-5.1754
63.06427,-5.1923
63.07426,-5.1724
63.08426,-5.1519
63.09425,-5.1696
63.10425,-5.1965
63.11424,-5.2163
63.12424,-5.2341
63.13423,-5.239
63.14423,-5.2406
63.15422,-5.2533
63.16423,-5.27
63.17423,-5.2973
63.18424,-5.3162
63.19424,-5.3171
63.20425,-5.318
63.21425,-5.3001
63.22426,-5.2794
63.23426,-5.2555
63.24427,-5.272
63.25427,-5.3026
63.26428,-5.3616
63.27428,-5.3951
63.28429,-5.4076
63.2943,-5.4126
63.30432,-5.434
63.31433,-5.455
63.32435,-5.4754
63.33436,-5.4883
63.34438,-5.4738
63.35439,-5.4476
63.3644,-5.4273
63.37442,-5.4127
63.38443,-5.3545
63.39444,-5.297
63.40446,-5.2547
63.41451,-5.2076
63.42459,-5.1492
63.43467,-5.0944
63.44476,-5.0295
63.45483,-4.9726
63.46492,-5.0111
63.47499,-5.0507
63.48508,-4.9887
63.49516,-4.9417
63.50524,-4.8321
63.51532,-4.7255
63.5254,-4.6517
63.53548,-4.5861
63.54546,-4.5763
63.55544,-4.7165
63.56542,-4.4706
63.5754,-4.1779
63.58538,-3.8843
63.59536,-3.5844
63.60534,-3.4452
63.61532,-3.498
63.6253,-3.5632
63.63528,-3.6413
63.64526,-3.6239
63.65524,-3.6448
63.66523,-3.554
63.67523,-3.7331
63.68523,-3.6637
63.69522,-3.4537
63.70522,-3.3118
63.71522,-3.3398
63.72522,-3.4683
63.73521,-3.6976
63.74521,-3.8114
63.75521,-3.8653
63.76521,-3.8706
63.7752,-3.8699
63.7852,-3.9709
63.79519,-4.0772
63.80518,-4.1444
63.81516,-4.1372
63.82515,-4.0843
63.83514,-3.9876
63.84512,-3.8965
63.85511,-3.9108
63.86509,-3.9986
63.87508,-4.0918
63.88507,-4.1411
63.89505,-4.1427
63.90504,-4.1136
63.91504,-4.09
63.92501,-4.0745
63.93499,-4.0232
63.94495,-3.9006
63.95493,-3.773
63.9649,-3.6766
63.97487,-3.7017
63.98484,-3.7751
63.99481,-3.8236
64.00478,-3.8159
64.01475,-3.7497
64.02472,-3.5972
64.03469,-3.3894
64.04469,-3.1766
64.0547,-2.9569
64.0647,-2.7089
64.07471,-2.5594
64.08471,-2.4768
64.09471,-2.5092
64.10471,-2.6269
64.11472,-2.6932
64.12473,-2.6882
64.13473,-2.5396
64.14473,-2.239
64.15473,-1.8278
64.16475,-1.2596
64.17477,-0.6042
64.18478,-0.004
64.1948,0.2658
64.20481,0.2446
64.21483,-0.5836
64.22485,-1.3009
64.23486,-1.7269
64.24488,-1.2935
64.2549,-0.847
64.26491,-0.1769
64.27493,0.2812
64.28494,0.1642
64.29495,0.305
64.30495,0.1908
64.31496,-0.0426
64.32497,-0.0204
64.33498,0.031
64.34499,0.1697
64.355,0.2782
64.365,0.2529
64.37501,0.0366
64.38502,-0.2761
64.39502,-0.5688
64.40503,-0.794
64.41503,-0.9127
64.425,-1.0071
64.43498,-0.9972
64.44495,-1.0147
64.45493,-1.2045
64.46491,-1.3996
64.47488,-1.7243
64.48486,-2.0089
64.49484,-2.1088
64.50481,-2.1121
64.51479,-2.0117
64.52477,-1.9133
64.53474,-1.8871
64.54477,-1.9235
64.55479,-2.0161
64.56481,-2.1413
64.57483,-2.2167
64.58485,-2.1508
64.59487,-1.9706
64.60489,-1.7219
64.61491,-1.4749
64.62493,-1.1647
64.63496,-0.7774
64.64497,-0.3341
64.65499,0.1084
64.66504,0.5299
64.67511,0.9177
64.68518,1.2198
64.69525,1.2718
64.70532,1.3464
64.71539,1.8999
64.72546,2.4552
64.73553,2.1665
64.7456,2.3838
64.75567,2.9249
64.76574,3.2708
64.77581,3.5447
64.78588,3.2157
64.79588,2.4379
64.80587,2.4346
64.81586,2.4152
64.82585,2.2863
64.83585,2.2106
64.84584,2.1926
64.85583,2.1496
64.86582,2.0321
64.87582,1.8212
64.88581,1.5804
64.8958,1.3526
64.90579,1.0733
64.91579,0.7898
64.92577,0.5207
64.93575,0.2475
64.94574,0.0564
64.95572,-0.1554
64.96571,-0.4174
64.97569,-0.5394
64.98567,-0.812
64.99566,-1.1232
65.00564,-1.255
65.01563,-1.2154
65.0256,-1.1362
65.03559,-1.0657
65.04561,-1.0025
65.05562,-0.9357
65.06564,-0.8462
65.07565,-0.7075
65.08566,-0.5318
65.09567,-0.39
65.10568,-0.2716
65.1157,-0.0406
65.12571,0.306
65.13573,0.8403
65.14574,1.4626
65.15575,2.2011
65.16576,2.9862
65.17576,3.4444
65.18576,3.9983
65.19576,4.5146
65.20575,4.9558
65.21574,5.589
65.22574,5.753
65.23573,5.1106
65.24573,5.5692
65.25572,5.1571
65.26572,4.6155
65.27571,4.6358
65.28571,4.6329
65.29571,4.7464
65.3057,5.0065
65.3157,5.2147
65.32571,5.3304
65.3357,5.4928
65.3457,5.4972
65.3557,5.4584
65.3657,5.1565
65.3757,4.6594
65.3857,4.2299
65.3957,3.7683
65.4057,3.2622
65.4157,2.6275
65.4257,1.9393
65.43569,1.3346
65.44569,0.7842
65.45569,0.3554
65.46569,-0.0109
65.47569,-0.2889
65.48568,-0.5167
65.49568,-0.6079
65.50568,-0.5611
65.51567,-0.3854
65.52567,-0.1568
65.53567,-0.0363
65.54571,-0.0675
65.55575,-0.1038
65.56578,-0.0479
65.57582,0.0038
65.58586,0.0331
65.59589,0.0273
65.60593,0.0265
65.61597,0.0534
65.62601,0.1066
65.63605,0.1394
65.64609,0.1875
65.65612,0.2761
65.66611,0.3971
65.67606,0.5106
65.68602,0.5984
65.69597,0.6872
65.70592,0.8396
65.71587,1.0694
65.72581,1.2842
65.73576,1.6394
65.74571,1.9799
65.75567,2.2276
65.76562,2.4165
65.77557,2.4408
65.78551,2.3577
65.7956,2.289
65.80568,2.2311
65.81576,2.1416
65.82584,1.9922
65.83591,1.68
65.84599,1.215
65.85607,0.653
65.86615,0.0538
65.87623,-0.4617
65.88631,-0.8372
65.89639,-1.0203
65.90646,-1.0722
65.9165,-1.134
65.92648,-1.3377
65.93645,-1.6823
65.94643,-2.1134
65.95641,-2.5206
65.96639,-2.9119
65.97637,-3.1987
65.98635,-3.3472
65.99632,-3.361
66.0063,-3.3899
66.01628,-3.2993
66.02626,-3.211
66.03624,-3.2335
66.04625,-3.2116
66.05627,-3.2321
66.06628,-3.261
66.0763,-3.2731
66.08631,-3.256
66.09633,-3.3013
66.10635,-3.2269
66.11636,-3.1616
66.12637,-3.1498
66.13639,-3.0704
66.14641,-2.9437
66.15643,-2.8668
66.16644,-2.7583
66.17643,-2.735
66.18643,-2.5516
66.19643,-2.3203
66.20642,-2.2109
66.21642,-2.0216
66.22642,-1.7216
66.23641,-1.3729
66.24641,-1.108
66.2564,-0.9678
66.2664,-0.9051
66.2764,-0.8265
66.28639,-0.6653
66.29639,-0.3945
66.30639,-0.0727
66.31638,0.1744
66.32638,0.3127
66.33638,0.3935
66.34637,0.4262
66.35637,0.5924
66.36637,0.6542
66.37637,0.6668
66.38636,0.7364
66.39636,0.663
66.40636,0.4008
66.41634,-0.0232
66.42632,-0.5546
66.43629,-1.0704
66.44627,-1.4865
66.45624,-1.7238
66.46621,-1.8695
66.47619,-2.0366
66.48616,-2.2573
66.49613,-2.4367
66.5061,-2.5801
66.51608,-2.6819
66.52605,-2.7635
66.53603,-2.7844
66.54605,-2.7483
66.55607,-2.6551
66.56609,-2.4877
66.57611,-2.3495
66.58613,-2.2197
66.59615,-2.1346
66.60616,-2.0893
66.61618,-2.0008
66.6262,-1.8656
66.63622,-1.6819
66.64623,-1.5256
66.65625,-1.3367
66.66627,-1.121
66.67626,-0.9353
66.68626,-0.707
66.69626,-0.523
66.70626,-0.4666
66.71626,-0.5086
66.72626,-0.5672
66.73625,-0.7211
66.74625,-0.9109
66.75625,-1.0016
66.76625,-1.0198
66.77625,-1.1025
66.78625,-1.3202
66.79621,-1.696
66.80618,-2.1105
66.81614,-2.4788
66.8261,-2.7691
66.83607,-3.0226
66.84602,-3.1553
66.85599,-3.2228
66.86595,-3.2471
66.87592,-3.2613
66.88588,-3.286
66.89584,-3.322
66.90581,-3.3698
66.91585,-3.4084
66.92595,-3.4335
66.93605,-3.3628
66.94616,-3.2145
66.95626,-3.0435
66.96636,-2.7865
66.97646,-2.462
66.98657,-2.1303
66.99667,-1.7613
67.00677,-1.4319
67.01688,-1.1434
67.02699,-0.8021
67.03709,-0.3074
67.04708,0.338
67.05708,1.0762
67.06708,1.7687
67.07707,2.423
67.08707,3.2472
67.09707,3.7974
67.10706,4.4635
67.11706,4.722
67.12705,4.9322
67.13705,5.5317
67.14705,5.917
67.15704,6.2925
67.16708,5.9188
67.17716,6.2209
67.18724,6.2811
67.19732,6.2372
67.2074,6.2397
67.21748,5.7904
67.22755,5.2541
67.23763,4.8757
67.24771,4.5077
67.25779,3.9529
67.26787,3.2993
67.27795,2.6358
67.28802,2.0177
67.29795,1.4484
67.30787,1.0071
67.31779,0.7274
67.32771,0.4928
67.33762,0.2056
67.34754,-0.0074
67.35746,-0.3257
67.36738,-0.7334
67.3773,-1.1159
67.38722,-1.4352
67.39714,-1.686
67.40706,-1.8205
67.41702,-1.8095
67.42702,-1.7073
67.43702,-1.8204
67.44702,-1.7556
67.45702,-1.8578
67.46702,-1.937
67.47702,-1.9331
67.48702,-1.9919
67.49702,-1.8764
67.50703,-1.6319
67.51703,-1.4276
67.52703,-1.0626
67.53703,-0.677
67.54704,-0.3171
67.55703,0.1359
67.56702,0.6645
67.57701,1.1922
67.58701,1.7451
67.597,2.5576
67.60699,3.661
67.61698,4.2619
67.62697,4.8177
67.63696,5.9198
67.64696,6.758
67.65694,7.3648
67.66693,8.2073
67.67693,8.6569
67.68693,8.7733
67.69692,8.6796
67.70692,8.3131
67.71692,7.882
67.72691,7.5187
67.73691,7.2114
67.74691,6.9094
67.7569,6.5582
67.7669,6.123
67.7769,5.5399
67.7869,4.8016
67.79687,4.0153
67.80684,3.2869
67.8168,2.6093
67.82677,1.9775
67.83674,1.3696
67.84671,0.7274
67.85667,0.0441
67.86665,-0.6699
67.87661,-1.3094
67.88658,-1.8156
67.89655,-2.1378
67.90652,-2.3348
67.9165,-2.41
67.9265,-2.4628
67.93649,-2.4765
67.9465,-2.5279
67.9565,-2.5887
67.96649,-2.6368
67.97649,-2.744
67.98649,-2.7542
67.99649,-2.7646
68.00648,-2.7356
68.01649,-2.7127
68.02648,-2.7062
68.03648,-2.6619
68.04659,-2.651
68.0567,-2.6445
68.0668,-2.6213
68.0769,-2.6316
68.08701,-2.568
68.09711,-2.4358
68.10721,-2.2786
68.11731,-2.0938
68.12742,-1.9483
68.13752,-1.8501
68.14762,-1.7351
68.15772,-1.5761
68.16778,-1.3326
68.17777,-1.0594
68.18777,-0.7052
68.19778,-0.3105
68.20777,-0.0323
68.21777,0.1813
68.22778,0.5224
68.23777,1.1175
68.24777,1.453
68.25777,2.2492
68.26778,2.9902
68.27777,3.4754
68.28777,3.8828
68.29778,4.1986
68.30778,4.3295
68.31777,4.3448
68.32777,4.2391
68.33777,4.0218
68.34777,3.7631
68.35777,3.4118
68.36777,2.9842
68.37776,2.5533
68.38776,2.1854
68.39776,1.8343
68.40776,1.4437
68.41776,1.0662
68.42776,0.7028
68.43776,0.3936
68.44775,0.1027
68.45776,-0.1913
68.46775,-0.4915
68.47775,-0.8
68.48775,-1.0442
68.49775,-1.1869
68.50774,-1.3278
68.51775,-1.4866
68.52774,-1.5853
68.53774,-1.7186
68.54774,-1.7757
68.55774,-1.8466
68.56773,-1.9642
68.57773,-2.0932
68.58772,-2.2333
68.59772,-2.2697
68.60771,-2.2737
68.61771,-2.2561
68.62771,-2.1679
68.6377,-2.0582
68.6477,-1.9391
68.65769,-1.7581
68.66769,-1.5019
68.67769,-1.1279
68.68768,-0.6224
68.69768,-0.0003
68.70766,0.7179
68.71766,1.4612
68.72765,2.2112
68.73765,2.8232
68.74764,2.2464
68.75764,2.5873
68.76762,3.4633
68.77762,3.9918
68.78761,5.3772
68.79761,6.0474
68.8076,6.2507
68.8176,6.2665
68.8276,6.1375
68.83759,5.823
68.84759,5.3593
68.85758,4.8708
68.86758,4.4272
68.87757,4.0445
68.88757,3.6739
68.89757,3.2274
68.90756,2.5376
68.91756,1.876
68.92754,1.3166
68.93752,0.8055
68.94749,0.3056
68.95747,-0.1725
68.96745,-0.6051
68.97742,-0.9988
68.9874,-1.3923
68.99738,-1.7813
69.00735,-2.1247
69.01733,-2.2679
69.02731,-2.4549
69.03728,-2.581
69.0473,-2.7438
69.05732,-2.8694
69.06733,-2.937
69.07735,-2.997
69.08736,-3.0288
69.09737,-2.9625
69.10738,-2.9911
69.11739,-2.8887
69.12741,-2.777
69.13742,-2.6422
69.14743,-2.4901
69.15745,-2.3211
69.16751,-2.2702
69.17759,-2.2228
69.18768,-2.0973
69.19775,-1.8451
69.20784,-1.4858
69.21792,-0.9853
69.228,-0.3309
69.23808,0.2868
69.24816,0.7727
69.25825,0.9991
69.26833,1.2743
69.27841,1.3588
69.28849,2.893
69.29848,4.2835
69.30847,4.847
69.31846,5.0873
69.32845,5.2593
69.33844,5.455
69.34843,5.6336
69.35841,5.6513
69.3684,5.4251
69.37839,4.9795
69.38837,4.4453
69.39836,3.9833
69.40835,3.6241
69.41834,3.3257
69.42834,2.8549
69.43835,2.2487
69.44835,1.5897
69.45834,0.9365
69.46835,0.3061
69.47835,-0.2525
69.48835,-0.7169
69.49835,-1.1216
69.50835,-1.4787
69.51835,-1.8311
69.52835,-2.1594
69.53835,-2.4458
69.54834,-2.6049
69.55833,-2.6987
69.56831,-2.8735
69.57829,-2.9419
69.58827,-2.9497
69.59825,-2.9534
69.60824,-2.9015
69.61822,-2.8422
69.6282,-2.7337
69.63818,-2.4562
69.64816,-2.1618
69.65815,-1.8845
69.66814,-1.6101
69.67816,-1.4221
69.68818,-1.2682
69.6982,-1.1623
69.70821,-1.0499
69.71822,-0.8635
69.72824,-0.4751
69.73825,0.1345
69.74827,0.9224
69.75829,1.3056
69.7683,1.6911
69.77831,2.1076
69.78833,2.7356
69.79834,4.161
69.80834,5.3295
69.81834,5.6288
69.82835,5.6146
69.83836,5.3182
69.84836,5.0548
69.85836,4.7801
69.86836,4.4089
69.87836,3.8914
69.88837,3.3089
69.89837,2.7284
69.90837,2.1831
69.91837,1.7027
69.92835,1.2549
69.93834,0.9392
69.94832,0.7004
69.95831,0.4731
69.96829,0.2206
69.97828,-0.1073
69.98827,-0.4686
69.99825,-0.8211
70.00823,-1.0782
70.01822,-1.1836
70.02821,-1.2704
70.03819,-1.4166
70.0482,-1.543
70.0582,-1.6931
70.06821,-1.9092
70.07821,-2.2522
70.08821,-2.7039
70.09821,-3.1782
70.10822,-3.7642
70.11822,-3.876
70.12822,-3.683
70.13822,-3.5401
70.14822,-3.6622
70.15823,-4.0115
70.16822,-4.2714
70.17822,-4.2709
70.18821,-4.4668
70.1982,-4.6777
70.20819,-4.6147
70.21819,-4.4633
70.22818,-4.371
70.23817,-4.4112
70.24817,-4.6201
70.25816,-4.7055
70.26815,-4.7851
70.27814,-4.7093
70.28814,-4.4637
70.29815,-4.9389
70.30815,-5.3142
70.31815,-5.3594
70.32816,-5.2398
70.33816,-5.3879
70.34816,-5.4741
70.35816,-5.4799
70.36816,-5.4292
70.37817,-5.4276
70.38817,-5.4286
70.39817,-5.3903
70.40817,-5.334
70.41822,-5.287
70.4283,-5.3096
70.43838,-5.3393
70.44846,-5.3854
70.45853,-5.4475
70.46861,-5.4731
70.47869,-5.5176
70.48876,-5.5346
70.49884,-5.5188
70.50892,-5.4686
70.519,-5.4357
70.52908,-5.4232
70.53915,-5.4208
70.54916,-5.4338
70.55915,-5.4734
70.56915,-5.5172
70.57914,-5.5468
70.58913,-5.5659
70.59913,-5.5909
70.60912,-5.5808
70.61911,-5.544
70.6291,-5.5107
70.6391,-5.5084
70.64909,-5.4953
70.65909,-5.4626
70.66907,-5.4611
70.67902,-5.486
70.68899,-5.5224
70.69894,-5.553
70.70891,-5.581
70.71886,-5.5668
70.72883,-5.5301
70.73878,-5.509
70.74875,-5.4868
70.75871,-5.477
70.76867,-5.466
70.77863,-5.4581
70.78859,-5.4773
70.79862,-5.4978
70.80865,-5.5029
70.81869,-5.4992
70.82872,-5.4839
70.83875,-5.4749
70.84879,-5.4673
70.85883,-5.4545
70.86886,-5.4679
70.87889,-5.5087
70.88892,-5.5205
70.89896,-5.521
70.90899,-5.5087
70.91901,-5.505
70.92901,-5.5071
70.939,-5.5009
70.94901,-5.5102
70.959,-5.5098
70.969,-5.4907
70.979,-5.4704
70.98899,-5.4519
70.99899,-5.5245
71.00899,-5.5108
71.01898,-5.4685
71.02898,-5.4492
71.03898,-5.4724
71.049,-5.4816
71.059,-5.4783
71.06899,-5.4669
71.07899,-5.4621
71.08899,-5.4736
71.09898,-5.4618
71.10899,-5.462
71.11898,-5.471
71.12898,-5.466
71.13898,-5.4484
71.14897,-5.4464
71.15897,-5.4553
71.16898,-5.4559
71.17897,-5.4538
71.18896,-5.4792
71.19895,-5.487
71.20894,-5.4893
71.21893,-5.4986
71.22892,-5.4764
71.23891,-5.4932
71.2489,-5.5112
71.2589,-5.5069
71.26888,-5.5046
71.27888,-5.4958
71.28886,-5.4946
71.29886,-5.4858
71.30885,-5.494
71.31885,-5.4979
71.32884,-5.5051
71.33884,-5.5087
71.34882,-5.5099
71.35882,-5.4949
71.36881,-5.493
71.37881,-5.482
71.3888,-5.4803
71.39879,-5.4883
71.40878,-5.5017
71.41879,-5.5241
71.42879,-5.5312
71.4388,-5.5065
71.44881,-5.4957
71.45882,-5.5164
71.46882,-5.5162
71.47883,-5.5091
71.48884,-5.5007
71.49884,-5.4898
71.50885,-5.4996
71.51886,-5.5164
71.52886,-5.5041
71.53887,-5.5131
71.54894,-5.5064
71.55901,-5.5141
71.56908,-5.5196
71.57915,-5.507
71.58923,-5.5124
71.5993,-5.5342
71.60938,-5.5337
71.61945,-5.5367
71.62952,-5.5267
71.63959,-5.5271
71.64966,-5.5449
71.65973,-5.5478
71.66975,-5.5154
71.67972,-5.5147
71.68969,-5.5197
71.69965,-5.5285
71.70963,-5.5194
71.71959,-5.5061
71.72955,-5.5056
71.73952,-5.5151
71.74949,-5.5248
71.75946,-5.5209
71.76942,-5.5225
71.7794,-5.5385
71.78936,-5.5503
71.79936,-5.5405
71.80937,-5.531
71.81937,-5.5285
71.82938,-5.5377
71.83938,-5.5329
71.84938,-5.5149
71.85938,-5.5276
71.86939,-5.5407
71.87939,-5.5461
71.8894,-5.5396
71.8994,-5.5186
71.9094,-5.5163
71.91941,-5.5144
71.92939,-5.5254
71.93938,-5.5051
71.94936,-5.5114
71.95934,-5.5181
71.96931,-5.5422
71.9793,-5.5505
71.98928,-5.5528
71.99926,-5.5446
72.00924,-5.5365
72.01923,-5.5449
72.02921,-5.5462
72.03918,-5.5234
72.04921,-5.5087
72.05923,-5.524
72.06925,-5.5303
72.07927,-5.5339
72.08929,-5.5258
72.09931,-5.5327
72.10934,-5.5422
72.11935,-5.5492
72.12938,-5.5473
72.1394,-5.5295
72.14942,-5.5274
72.15944,-5.5302
72.16945,-5.5317
72.17943,-5.5185
72.18941,-5.5348
72.19939,-5.544
72.20937,-5.5476
72.21935,-5.5496
72.22932,-5.5386
72.2393,-5.5268
72.24928,-5.5334
72.25926,-5.5412
72.26924,-5.5316
72.27922,-5.5277
72.2892,-5.5271
72.29921,-5.534
72.30923,-5.5522
72.31924,-5.5415
72.32925,-5.5367
72.33927,-5.5426
72.34929,-5.5464
72.3593,-5.5444
72.36932,-5.5366
72.37933,-5.5391
72.38934,-5.5498
72.39936,-5.5599
72.40938,-5.5473
72.41941,-5.5382
72.42942,-5.5441
72.43943,-5.5596
72.44944,-5.5569
72.45945,-5.54
72.46946,-5.5364
72.47947,-5.539
72.48948,-5.5504
72.49949,-5.5441
72.5095,-5.5404
72.51951,-5.5381
72.52952,-5.5494
72.53953,-5.5524
72.54954,-5.5526
72.55954,-5.5424
72.56953,-5.545
72.57953,-5.5475
72.58952,-5.5494
72.59952,-5.5462
72.60951,-5.5382
72.61951,-5.5429
72.62951,-5.5553
72.6395,-5.5462
72.6495,-5.5338
72.65949,-5.5396
72.66953,-5.5488
72.67961,-5.5603
72.68968,-5.5525
72.69976,-5.5409
72.70983,-5.5556
72.71991,-5.5698
72.72999,-5.5674
72.74006,-5.5477
72.75014,-5.5265
72.76021,-5.548
72.77029,-5.5583
72.78036,-5.5426
72.79044,-5.5267
72.80043,-5.5328
72.81042,-5.5544
72.82041,-5.5669
72.83041,-5.5577
72.8404,-5.5515
72.8504,-5.5609
72.86039,-5.5737
72.87038,-5.5713
72.88038,-5.5462
72.89037,-5.5444
72.90037,-5.5469
72.91036,-5.552
72.92035,-5.5406
72.93032,-5.5359
72.94028,-5.5325
72.95026,-5.5441
72.96022,-5.5545
72.97019,-5.5474
72.98016,-5.5267
72.99013,-5.5495
73.0001,-5.5645
73.01006,-5.5635
73.02003,-5.5484
73.03,-5.548
73.03997,-5.5609
73.05,-5.5557
73.06004,-5.5507
73.07006,-5.5386
73.08009,-5.5256
73.09012,-5.5388
73.10015,-5.5505
73.11018,-5.5458
73.12021,-5.5493
73.13023,-5.558
73.14027,-5.5747
73.15029,-5.5624
73.16032,-5.5484
73.17034,-5.541
73.18034,-5.5443
73.19035,-5.5617
73.20035,-5.5309
73.21035,-5.5299
73.22035,-5.5434
73.23035,-5.5636
73.24035,-5.5699
73.25035,-5.5559
73.26035,-5.55
73.27036,-5.5534
73.28036,-5.5636
73.29036,-5.5576
73.30034,-5.547
73.31031,-5.5348
73.32029,-5.5402
73.33026,-5.5523
73.34023,-5.5509
73.3502,-5.5496
73.36018,-5.5454
73.37015,-5.5673
73.38012,-5.5684
73.39009,-5.5627
73.40006,-5.5541
73.41003,-5.5444
73.42003,-5.5694
73.43005,-5.5558
73.44006,-5.5423
73.45008,-5.542
73.4601,-5.5632
73.47012,-5.5785
73.48013,-5.5622
73.49014,-5.5507
73.50016,-5.5538
73.51018,-5.5544
73.5202,-5.5457
73.53021,-5.5461
73.54023,-5.5479
73.5502,-5.5584
73.56017,-5.5731
73.57014,-5.5688
73.5801,-5.5503
73.59007,-5.5502
73.60004,-5.5697
73.61,-5.5578
73.61996,-5.5509
73.62994,-5.5464
73.6399,-5.5569
73.64986,-5.5751
73.65984,-5.5568
73.66983,-5.5554
73.67986,-5.5448
73.6899,-5.5615
73.69992,-5.5688
73.70995,-5.5633
73.71998,-5.5464
73.73001,-5.5498
73.74004,-5.573
73.75007,-5.569
73.76009,-5.5477
73.77013,-5.5296
73.78015,-5.5467
73.79018,-5.5561
73.80017,-5.5578
73.81016,-5.5492
73.82014,-5.5477
73.83013,-5.5617
73.84012,-5.5668
73.8501,-5.5556
73.86008,-5.5381
73.87007,-5.5289
73.88006,-5.5511
73.89005,-5.5568
73.90003,-5.5519
73.91002,-5.5454
73.92005,-5.5644
73.93014,-5.5719
73.94022,-5.5692
73.9503,-5.5486
73.96038,-5.5389
73.97047,-5.5395
73.98055,-5.5471
73.99063,-5.5427
74.00071,-5.5357
74.0108,-5.5432
74.02087,-5.5674
74.03096,-5.5769
74.04104,-5.551
74.05106,-5.5453
74.06106,-5.5549
74.07106,-5.568
74.08106,-5.5553
74.09106,-5.5363
74.10106,-5.5361
74.11106,-5.5593
74.12106,-5.5621
74.13106,-5.5544
74.14106,-5.5382
74.15106,-5.5487
74.16106,-5.5621
74.17107,-5.5527
74.18111,-5.5435
74.19114,-5.5396
74.20116,-5.5565
74.2112,-5.5692
74.22123,-5.5674
74.23125,-5.5462
74.24129,-5.5413
74.25131,-5.5472
74.26134,-5.5562
74.27138,-5.5545
74.2814,-5.5407
74.29144,-5.5476
74.3014,-5.5691
74.31136,-5.5709
74.32132,-5.5467
74.33128,-5.5513
74.34124,-5.552
74.3512,-5.5561
74.36116,-5.556
74.37112,-5.5332
74.38108,-5.5371
74.39104,-5.5555
74.401,-5.563
74.41096,-5.5543
74.42094,-5.5414
74.43092,-5.5559
74.4409,-5.5726
74.45089,-5.5711
74.46087,-5.5469
74.47086,-5.5388
74.48083,-5.5517
74.49082,-5.5528
74.50081,-5.555
74.51079,-5.548
74.52077,-5.5419
74.53075,-5.5579
74.54074,-5.5691
74.55075,-5.5509
74.56076,-5.541
74.57077,-5.5466
74.58079,-5.5604
74.5908,-5.5619
74.60081,-5.5446
74.61082,-5.5526
74.62083,-5.5616
74.63084,-5.5712
74.64085,-5.555
74.65086,-5.552
74.66087,-5.5502
74.6709,-5.5565
74.68093,-5.5684
74.69096,-5.5495
74.701,-5.5483
74.71102,-5.5558
74.72105,-5.5724
74.73109,-5.5668
74.74111,-5.549
74.75114,-5.5475
74.76118,-5.5592
74.77121,-5.5631
74.78123,-5.5525
74.79127,-5.54
74.80123,-5.5419
74.8112,-5.5617
74.82115,-5.5695
74.83111,-5.5623
74.84107,-5.5491
74.85103,-5.5527
74.86099,-5.5664
74.87095,-5.5544
74.88091,-5.5277
74.89087,-5.529
74.90083,-5.5357
74.91079,-5.5615
74.92078,-5.5532
74.93078,-5.5382
74.94078,-5.5518
74.95078,-5.5703
74.96078,-5.5709
74.97078,-5.5624
74.98077,-5.545
74.99078,-5.5415
75.00077,-5.5505
75.01077,-5.5519
75.02077,-5.5321
75.03077,-5.5331
75.04077,-5.5511
75.05084,-5.5649
75.06091,-5.549
75.07098,-5.5438
75.08106,-5.5578
75.09113,-5.5579
75.1012,-5.549
75.11127,-5.5504
75.12135,-5.5493
75.13142,-5.542
75.14149,-5.554
75.15157,-5.5509
75.16164,-5.5397
75.17165,-5.5402
75.18162,-5.5418
75.19158,-5.5517
75.20155,-5.5564
75.21152,-5.5486
75.22148,-5.5381
75.23145,-5.5595
75.24142,-5.5598
75.25138,-5.548
75.26134,-5.5452
75.27131,-5.551
75.28128,-5.5565
75.29124,-5.5415
75.30126,-5.5318
75.31127,-5.5319
75.32128,-5.5542
75.33129,-5.5715
75.3413,-5.5505
75.35131,-5.5332
75.36132,-5.546
75.37133,-5.5492
75.38133,-5.5508
75.39134,-5.5276
75.40135,-5.5178
75.41136,-5.5419
75.42139,-5.5569
75.43142,-5.5414
75.44144,-5.5395
75.45146,-5.5652
75.46149,-5.5697
75.47151,-5.566
75.48154,-5.5525
75.49156,-5.5485
75.50159,-5.5396
75.5116,-5.5387
75.52163,-5.5461
75.53165,-5.5394
75.54168,-5.5391
75.55164,-5.5571
75.5616,-5.5645
75.57156,-5.5739
75.58152,-5.5633
75.59148,-5.558
75.60144,-5.559
75.6114,-5.569
75.62136,-5.5555
75.63132,-5.5365
75.64128,-5.5466
75.65125,-5.5322
75.6612,-5.5606
75.67122,-5.5873
75.6813,-5.579
75.69137,-5.548
75.70144,-5.5644
75.71152,-5.5554
75.72159,-5.5404
75.73167,-5.5534
75.74174,-5.5689
75.75181,-5.5597
75.76189,-5.5429
75.77196,-5.5418
75.78204,-5.5578
75.79211,-5.5721
75.80208,-5.5742
75.81203,-5.5528
75.82198,-5.5563
75.83192,-5.5626
75.84187,-5.5691
75.85182,-5.5592
75.86177,-5.549
75.87172,-5.5457
75.88167,-5.5659
75.89162,-5.5727
75.90157,-5.5477
75.91151,-5.5461
75.9215,-5.5565
75.93149,-5.575
75.94147,-5.573
75.95147,-5.5643
75.96146,-5.5555
75.97144,-5.5678
75.98143,-5.5823
75.99142,-5.5685
76.0014,-5.549
76.01139,-5.5401
76.02138,-5.5553
76.03136,-5.5792
76.04135,-5.5597
76.05135,-5.5547
76.06135,-5.5588
76.07135,-5.5842
76.08135,-5.5775
76.09135,-5.5666
76.10136,-5.556
76.11136,-5.5668
76.12135,-5.5731
76.13136,-5.5613
76.14136,-5.5514
76.15136,-5.5551
76.16136,-5.5665
76.1714,-5.5699
76.18147,-5.5644
76.19155,-5.5534
76.20162,-5.5533
76.2117,-5.5606
76.22178,-5.5638
76.23185,-5.5543
76.24193,-5.5444
76.25201,-5.5576
76.26208,-5.5713
76.27216,-5.5573
76.28223,-5.5534
76.2923,-5.5506
76.30233,-5.5603
76.31236,-5.5658
76.32237,-5.5402
76.3324,-5.5448
76.34242,-5.5556
76.35244,-5.5686
76.36246,-5.5638
76.37248,-5.5492
76.38251,-5.5563
76.39252,-5.5546
76.40255,-5.5601
76.41257,-5.5522
76.42258,-5.5271
76.43256,-5.547
76.44254,-5.5659
76.45251,-5.5709
76.46249,-5.5593
76.47248,-5.5518
76.48246,-5.5702
76.49244,-5.5787
76.50242,-5.5715
76.5124,-5.5441
76.52238,-5.537
76.53236,-5.5708
76.54234,-5.5659
76.5523,-5.547
76.56226,-5.5402
76.57221,-5.5554
76.58217,-5.5722
76.59212,-5.5681
76.60208,-5.5569
76.61204,-5.5536
76.62199,-5.5786
76.63195,-5.5842
76.64191,-5.5715
76.65186,-5.5552
76.66182,-5.557
76.67182,-5.5687
76.68185,-5.5598
76.69187,-5.5511
76.7019,-5.5476
76.71193,-5.5568
76.72195,-5.5662
76.73198,-5.5659
76.742,-5.5646
76.75203,-5.5606
76.76205,-5.5627
76.77209,-5.5814
76.78211,-5.5622
76.79214,-5.5421
76.80214,-5.5572
76.81214,-5.5595
76.82214,-5.568
76.83214,-5.5525
76.84214,-5.546
76.85214,-5.5635
76.86214,-5.5706
76.87214,-5.5636
76.88214,-5.5483
76.89214,-5.5492
76.90215,-5.5691
76.91215,-5.5802
76.92216,-5.5621
76.93217,-5.5509
76.94218,-5.5575
76.95219,-5.5736
76.9622,-5.5632
76.97221,-5.5381
76.98222,-5.5439
76.99223,-5.5672
77.00224,-5.5732
77.01225,-5.5603
77.02225,-5.5507
77.03226,-5.5499
77.04227,-5.5684
77.05223,-5.5764
77.06219,-5.5576
77.07214,-5.5453
77.0821,-5.5558
77.09206,-5.5696
77.10201,-5.5633
77.11197,-5.5501
77.12193,-5.5399
77.13188,-5.5487
77.14184,-5.5692
77.15179,-5.5705
77.16175,-5.5573
77.17176,-5.5549
77.18181,-5.5632
77.19186,-5.5697
77.2019,-5.5585
77.21194,-5.5498
77.22198,-5.5495
77.23203,-5.5601
77.24207,-5.561
77.25212,-5.5412
77.26216,-5.5497
77.27221,-5.558
77.28225,-5.5716
77.2923,-5.5574
77.30244,-5.5533
77.31258,-5.5607
77.32272,-5.5615
77.33286,-5.5658
77.343,-5.553
77.35314,-5.5387
77.36328,-5.5496
77.37342,-5.5585
77.38356,-5.5584
77.3937,-5.5505
77.40384,-5.5547
77.41398,-5.5645
77.42402,-5.5685
77.43397,-5.5553
77.44392,-5.5603
77.45387,-5.5546
77.46381,-5.5599
77.47375,-5.5642
77.4837,-5.5529
77.49365,-5.5471
77.5036,-5.5584
77.51355,-5.559
77.52349,-5.5554
77.53344,-5.5338
77.54339,-5.5416
77.55336,-5.5625
77.56332,-5.5693
77.57329,-5.5536
77.58326,-5.5362
77.59322,-5.5573
77.60319,-5.5747
77.61315,-5.5674
77.62312,-5.5414
77.63308,-5.5438
77.64305,-5.5706
77.65302,-5.5759
77.66298,-5.5637
77.67297,-5.5419
77.68297,-5.549
77.69297,-5.5563
77.70297,-5.5619
77.71297,-5.5436
77.72297,-5.5325
77.73297,-5.5507
77.74297,-5.5723
77.75298,-5.5777
77.76298,-5.5689
77.77297,-5.5603
77.78297,-5.5683
77.79298,-5.5686
77.80295,-5.5531
77.81292,-5.5281
77.82289,-5.5431
77.83286,-5.5543
77.84283,-5.5724
77.85281,-5.5668
77.86278,-5.5606
77.87275,-5.5709
77.88272,-5.5828
77.89269,-5.5779
77.90266,-5.5584
77.91264,-5.5477
77.92263,-5.5495
77.93262,-5.5687
77.94261,-5.5567
77.9526,-5.5455
77.96259,-5.5605
77.97258,-5.5826
77.98257,-5.5841
77.99256,-5.5674
78.00255,-5.5419
78.01254,-5.5447
78.02253,-5.5637
78.03252,-5.5639
78.04251,-5.5535
78.05251,-5.5521
78.0625,-5.5731
78.07249,-5.5839
78.08248,-5.569
78.09248,-5.5443
78.10247,-5.5457
78.11246,-5.5581
78.12245,-5.5663
78.13245,-5.55
78.14244,-5.5421
78.15243,-5.5521
78.16242,-5.5706
78.17243,-5.5687
78.18244,-5.5538
78.19244,-5.553
78.20245,-5.5576
78.21246,-5.567
78.22247,-5.556
78.23248,-5.5382
78.24249,-5.5399
78.25249,-5.5699
78.2625,-5.5727
78.27251,-5.5541
78.28252,-5.5457
78.29253,-5.5545
78.30253,-5.5569
78.31253,-5.56
78.32253,-5.5397
78.33253,-5.5338
78.34254,-5.5516
78.35254,-5.5637
78.36254,-5.5596
78.37254,-5.5461
78.38255,-5.5535
78.39255,-5.5704
78.40255,-5.5654
78.41255,-5.546
78.42254,-5.5389
78.43253,-5.5497
78.4425,-5.5602
78.45248,-5.5669
78.46247,-5.5412
78.47245,-5.5368
78.48244,-5.5612
78.49242,-5.5731
78.5024,-5.5538
78.51238,-5.5424
78.52236,-5.5603
78.53235,-5.5701
78.54233,-5.5681
78.55244,-5.5451
78.56255,-5.54
78.57265,-5.5469
78.58276,-5.5515
78.59287,-5.5524
78.60298,-5.5448
78.61308,-5.54
78.62319,-5.5684
78.6333,-5.5713
78.64341,-5.5579
78.65352,-5.5445
78.66363,-5.5593
78.67368,-5.5788
78.68369,-5.5753
78.6937,-5.539
78.7037,-5.5365
78.71371,-5.5559
78.72371,-5.5746
78.73371,-5.5599
78.74372,-5.5488
78.75372,-5.5496
78.76373,-5.5664
78.77374,-5.5806
78.78374,-5.5514
78.79375,-5.535
78.8038,-5.5482
78.81385,-5.5645
78.82389,-5.566
78.83394,-5.5478
78.84399,-5.5458
78.85403,-5.5647
78.86408,-5.5742
78.87412,-5.5704
78.88417,-5.5436
78.89422,-5.5533
78.90427,-5.5643
78.91431,-5.5714
78.92429,-5.5582
78.9342,-5.5405
78.94411,-5.5413
78.95401,-5.5656
78.96392,-5.5583
78.97383,-5.5419
78.98373,-5.5467
78.99364,-5.5581
79.00356,-5.571
79.01346,-5.5573
79.02337,-5.5516
79.03327,-5.5533
79.04318,-5.5566
79.05318,-5.5639
79.06318,-5.5495
79.07318,-5.5346
79.08318,-5.5608
79.09318,-5.5757
79.10317,-5.5755
79.11317,-5.5512
79.12318,-5.5596
79.13317,-5.5564
79.14317,-5.5668
79.15317,-5.5487
79.16317,-5.5349
79.17318,-5.545
79.1832,-5.5734
79.19324,-5.5817
79.20326,-5.5567
79.21329,-5.5585
79.22331,-5.5751
79.23334,-5.5755
79.24336,-5.5556
79.25339,-5.5337
79.26342,-5.5435
79.27345,-5.5611
79.28347,-5.5697
79.2935,-5.5633
79.30357,-5.5534
79.31361,-5.5612
79.32365,-5.5783
79.3337,-5.5714
79.34374,-5.548
79.35379,-5.5439
79.36384,-5.5465
79.37389,-5.5614
79.38393,-5.5582
79.39397,-5.5432
79.40402,-5.5505
79.41407,-5.5694
79.4241,-5.5675
79.4341,-5.551
79.44411,-5.5434
79.45412,-5.5577
79.46412,-5.5646
79.47413,-5.5559
79.48413,-5.5392
79.49414,-5.5589
79.50414,-5.5633
79.51415,-5.5746
79.52415,-5.5532
79.53416,-5.5438
79.54417,-5.5543
79.55415,-5.5638
79.56413,-5.5656
79.57412,-5.548
79.5841,-5.5455
79.59409,-5.5596
79.60407,-5.5715
79.61406,-5.562
79.62405,-5.5477
79.63403,-5.548
79.64401,-5.5532
79.654,-5.5688
79.66399,-5.5588
79.674,-5.5427
79.68404,-5.5589
79.69407,-5.5755
79.7041,-5.5637
79.71413,-5.5454
79.72417,-5.5455
79.7342,-5.5553
79.74423,-5.5701
79.75427,-5.5571
79.76431,-5.5391
79.77434,-5.5495
79.78437,-5.5703
79.7944,-5.5763
79.80438,-5.5646
79.81436,-5.5376
79.82434,-5.5529
79.83432,-5.5686
79.84429,-5.5661
79.85427,-5.5476
79.86425,-5.5451
79.87423,-5.5619
79.88421,-5.5752
79.89418,-5.5701
79.90416,-5.5511
79.91414,-5.555
79.92414,-5.5591
79.93414,-5.5626
79.94413,-5.5501
79.95412,-5.5462
79.96411,-5.5553
79.97411,-5.5694
79.9841,-5.5687
79.99409,-5.5537
80.00409,-5.554
80.01408,-5.5617
80.02407,-5.5626
80.03407,-5.5428
80.04406,-5.5308
80.05405,-5.5411
80.06404,-5.5506
80.07403,-5.5556
80.08401,-5.5419
80.09401,-5.5361
80.104,-5.5481
80.11399,-5.5674
80.12398,-5.5576
80.13396,-5.5497
80.14396,-5.548
80.15395,-5.5632
80.16393,-5.5643
80.17395,-5.5534
80.18397,-5.5337
80.19398,-5.5366
80.204,-5.5513
80.21402,-5.553
80.22404,-5.5343
80.23405,-5.5391
80.24407,-5.5567
80.25409,-5.5713
80.26411,-5.571
80.27412,-5.5453
80.28414,-5.5361
80.29416,-5.5548
80.30416,-5.5553
80.31416,-5.5301
80.32417,-5.5285
80.33417,-5.5436
80.34417,-5.5667
80.35417,-5.5684
80.36417,-5.5557
80.37418,-5.5415
80.38418,-5.553
80.39418,-5.5638
80.40418,-5.5451
80.41418,-5.526
80.42421,-5.539
80.43423,-5.5689
80.44425,-5.5783
80.45428,-5.5596
80.4643,-5.5468
80.47432,-5.5606
80.48434,-5.5706
80.49437,-5.5621
80.50439,-5.541
80.51442,-5.5344
80.52444,-5.5513
80.53446,-5.5821
80.54449,-5.5727
80.55448,-5.5594
80.56447,-5.5586
80.57446,-5.5846
80.58446,-5.5838
80.59444,-5.5623
80.60444,-5.5474
80.61443,-5.5558
80.62442,-5.5752
80.63441,-5.5769
80.64441,-5.5675
80.6544,-5.574
80.66439,-5.5807
80.67439,-5.5928
80.6844,-5.5772
80.6944,-5.5544
80.70441,-5.5618
80.71442,-5.5719
80.72443,-5.5818
80.73444,-5.5607
80.74445,-5.5564
80.75446,-5.5664
80.76447,-5.5756
80.77447,-5.5775
80.78448,-5.5521
80.79449,-5.5483
80.8045,-5.5697
80.81451,-5.5865
80.82452,-5.5826
80.83453,-5.5679
80.84454,-5.5735
80.85454,-5.5918
80.86455,-5.5851
80.87456,-5.5586
80.88456,-5.5404
80.89457,-5.5568
80.90458,-5.5659
80.91458,-5.5616
80.9246,-5.556
80.93462,-5.5603
80.94465,-5.5809
80.95467,-5.5884
80.9647,-5.5701
80.97472,-5.562
80.98475,-5.5508
80.99477,-5.568
81.0048,-5.5705
81.01482,-5.5649
81.02485,-5.5527
81.03487,-5.565
81.0449,-5.5801
81.05487,-5.58
81.06483,-5.5546
81.07481,-5.5528
81.08478,-5.5624
81.09474,-5.574
81.10471,-5.5589
81.11468,-5.5376
81.12465,-5.5466
81.13462,-5.5601
81.14458,-5.561
81.15456,-5.5497
81.16453,-5.5403
81.17452,-5.5575
81.18451,-5.5571
81.19449,-5.5579
81.20447,-5.548
81.21445,-5.5472
81.22443,-5.5572
81.23442,-5.5543
81.2444,-5.542
81.25438,-5.5334
81.26437,-5.5452
81.27435,-5.5581
81.28433,-5.5549
81.29431,-5.5409
