time_s,measured_value
0.00989,-1.451
0.01978,-1.4413
0.02967,-1.4227
0.03957,-1.424
0.04946,-1.3949
0.05935,-1.3887
0.06924,-1.3913
0.07913,-1.4232
0.08902,-1.436
0.09892,-1.4094
0.10881,-1.3972
0.1187,-1.3828
0.12871,-1.3807
0.13883,-1.3818
0.14896,-1.3923
0.15908,-1.37
0.1692,-1.3986
0.17933,-1.3962
0.18945,-1.3636
0.19958,-1.379
0.2097,-1.3812
0.21982,-1.3763
0.22995,-1.3972
0.24007,-1.4052
0.2502,-1.3709
0.26015,-1.3881
0.2701,-1.424
0.28005,-1.4102
0.29,-1.3735
0.29995,-1.3585
0.3099,-1.39
0.31985,-1.3841
0.3298,-1.3781
0.33975,-1.3882
0.3497,-1.3935
0.35965,-1.3887
0.3696,-1.4065
0.37958,-1.4227
0.38957,-1.4247
0.39955,-1.437
0.40954,-1.4557
0.41953,-1.4625
0.42952,-1.4482
0.43951,-1.4249
0.4495,-1.418
0.45949,-1.4245
0.46948,-1.4192
0.47947,-1.4024
0.48945,-1.4118
0.49944,-1.4438
0.50947,-1.4447
0.51949,-1.4452
0.52952,-1.4391
0.53954,-1.4278
0.54957,-1.4435
0.55959,-1.4492
0.56962,-1.4385
0.57964,-1.4339
0.58967,-1.4427
0.59969,-1.4374
0.60971,-1.4256
0.61974,-1.4115
0.62977,-1.42
0.63982,-1.4585
0.64986,-1.4675
0.65991,-1.4522
0.66995,-1.436
0.67999,-1.4304
0.69004,-1.4419
0.70008,-1.4407
0.71012,-1.4197
0.72017,-1.4099
0.73021,-1.4069
0.74025,-1.4259
0.7503,-1.4315
0.76027,-1.4261
0.77023,-1.4438
0.7802,-1.4417
0.79016,-1.4285
0.80013,-1.4386
0.81009,-1.4487
0.82006,-1.4707
0.83003,-1.4574
0.83999,-1.4389
0.84996,-1.4279
0.85992,-1.4194
0.86989,-1.4188
0.87987,-1.4122
0.88986,-1.4006
0.89985,-1.4019
0.90984,-1.4271
0.91983,-1.4254
0.92982,-1.4294
0.93981,-1.4375
0.9498,-1.4281
0.95979,-1.4303
0.96978,-1.4424
0.97977,-1.4291
0.98976,-1.4094
0.99975,-1.4162
1.00971,-1.4315
1.01967,-1.4254
1.02963,-1.4273
1.03958,-1.4267
1.04954,-1.4363
1.0595,-1.4334
1.06946,-1.4469
1.07941,-1.4316
1.08937,-1.4286
1.09933,-1.4351
1.10929,-1.4403
1.11925,-1.4296
1.12924,-1.4192
1.13925,-1.4255
1.14927,-1.4233
1.15928,-1.419
1.1693,-1.4226
1.17931,-1.4196
1.18933,-1.4198
1.19935,-1.4319
1.20936,-1.4193
1.21938,-1.4153
1.22939,-1.4211
1.23941,-1.4429
1.24942,-1.4416
1.25941,-1.4193
1.2694,-1.4114
1.27938,-1.426
1.28937,-1.4291
1.29935,-1.4102
1.30934,-1.4108
1.31932,-1.4125
1.32931,-1.4228
1.33929,-1.4107
1.34927,-1.4108
1.35926,-1.4015
1.36924,-1.4115
1.37929,-1.4267
1.3894,-1.429
1.39951,-1.4313
1.40962,-1.4162
1.41972,-1.4265
1.42983,-1.4319
1.43994,-1.4253
1.45005,-1.4095
1.46015,-1.421
1.47026,-1.429
1.48037,-1.4347
1.49048,-1.4248
1.50058,-1.4199
1.51066,-1.4253
1.52072,-1.439
1.53077,-1.4497
1.54083,-1.4265
1.55089,-1.4395
1.56094,-1.4436
1.571,-1.4226
1.58106,-1.4219
1.59111,-1.4277
1.60117,-1.4245
1.61123,-1.432
1.62128,-1.4155
1.6313,-1.4104
1.64124,-1.4231
1.65118,-1.4404
1.66111,-1.4356
1.67105,-1.4278
1.68099,-1.4125
1.69093,-1.4245
1.70087,-1.4297
1.7108,-1.4214
1.72074,-1.4265
1.73068,-1.4331
1.74062,-1.4299
1.75056,-1.4277
1.76056,-1.426
1.77055,-1.4203
1.78054,-1.4179
1.79054,-1.4368
1.80053,-1.43
1.81053,-1.4146
1.82052,-1.4202
1.83052,-1.4293
1.84051,-1.4274
1.8505,-1.4264
1.8605,-1.409
1.87049,-1.4069
1.88049,-1.4298
1.89049,-1.4346
1.90049,-1.4263
1.91048,-1.431
1.92048,-1.43
1.93048,-1.4193
1.94048,-1.4152
1.95047,-1.4111
1.96047,-1.4154
1.97047,-1.4291
1.98047,-1.4399
1.99046,-1.4367
2.00046,-1.4215
2.01047,-1.419
2.02047,-1.4351
2.03047,-1.425
2.04047,-1.4189
2.05047,-1.4201
2.06047,-1.4227
2.07047,-1.42
2.08047,-1.4227
2.09047,-1.4286
2.10047,-1.4166
2.11047,-1.4318
2.12047,-1.4417
2.13046,-1.4324
2.14042,-1.4237
2.15038,-1.4162
2.16035,-1.418
2.17031,-1.4071
2.18027,-1.4169
2.19023,-1.403
2.2002,-1.4283
2.21016,-1.4411
2.22012,-1.447
2.23009,-1.4297
2.24005,-1.4246
2.25001,-1.4408
2.26001,-1.4319
2.27001,-1.4085
2.28001,-1.4083
2.29001,-1.4134
2.30001,-1.426
2.31,-1.4254
2.32,-1.4202
2.33,-1.4152
2.34,-1.4349
2.35,-1.44
2.35999,-1.4314
2.36999,-1.4205
2.38005,-1.4189
2.39015,-1.4342
2.40026,-1.4402
2.41036,-1.4339
2.42047,-1.4281
2.43057,-1.4254
2.44068,-1.427
2.45078,-1.4313
2.46089,-1.4174
2.47099,-1.4283
2.4811,-1.4426
2.4912,-1.448
2.50131,-1.43
2.51128,-1.4271
2.52124,-1.4224
2.53121,-1.4389
2.54117,-1.4397
2.55113,-1.4337
2.5611,-1.4232
2.57106,-1.4317
2.58103,-1.4416
2.59099,-1.4378
2.60096,-1.4293
2.61092,-1.441
2.62089,-1.4493
2.63089,-1.433
2.64092,-1.4294
2.65096,-1.4314
2.66099,-1.4363
2.67103,-1.4437
2.68106,-1.4259
2.6911,-1.4186
2.70113,-1.4214
2.71117,-1.4393
2.7212,-1.4414
2.73124,-1.4479
2.74127,-1.4353
2.75131,-1.4405
2.7613,-1.4484
2.7713,-1.4394
2.78129,-1.4252
2.79128,-1.4253
2.80127,-1.4225
2.81127,-1.4399
2.82126,-1.4372
2.83125,-1.427
2.84124,-1.4273
2.85124,-1.4392
2.86123,-1.4402
2.87122,-1.4284
2.8812,-1.433
2.89116,-1.4341
2.90112,-1.4431
2.91107,-1.4425
2.92103,-1.4329
2.93099,-1.4245
2.94095,-1.4453
2.9509,-1.4527
2.96086,-1.4496
2.97082,-1.4385
2.98078,-1.4318
2.99074,-1.4488
3.00069,-1.4505
3.01069,-1.4402
3.02069,-1.4277
3.03069,-1.4295
3.04068,-1.4395
3.05068,-1.4439
3.06068,-1.4479
3.07068,-1.4442
3.08067,-1.4412
3.09067,-1.4509
3.10067,-1.4404
3.11066,-1.415
3.12066,-1.4152
3.13066,-1.4141
3.14066,-1.4164
3.15065,-1.4315
3.16065,-1.4346
3.17064,-1.4304
3.18064,-1.4358
3.19064,-1.4384
3.20063,-1.409
3.21063,-1.4172
3.22062,-1.4353
3.23062,-1.4278
3.24061,-1.4355
3.25061,-1.4344
3.26069,-1.4282
3.27077,-1.4331
3.28084,-1.4401
3.29091,-1.4293
3.30099,-1.4222
3.31106,-1.4332
3.32114,-1.433
3.33121,-1.4349
3.34129,-1.4399
3.35136,-1.4214
3.36143,-1.4373
3.37151,-1.4406
3.38153,-1.4306
3.39149,-1.4271
3.40145,-1.4268
3.4114,-1.4273
3.42136,-1.4261
3.43132,-1.4054
3.44128,-1.4183
3.45124,-1.4269
3.4612,-1.4429
3.47116,-1.4395
3.48112,-1.4336
3.49108,-1.4238
3.50103,-1.4367
3.51104,-1.4387
3.52105,-1.4142
3.53105,-1.4102
3.54106,-1.4312
3.55107,-1.4482
3.56107,-1.4349
3.57108,-1.4235
3.58109,-1.4253
3.59109,-1.4406
3.6011,-1.4514
3.6111,-1.4311
3.62111,-1.4271
3.63117,-1.4357
3.64122,-1.4318
3.65128,-1.4401
3.66134,-1.4339
3.67139,-1.4265
3.68145,-1.4304
3.69151,-1.4409
3.70157,-1.436
3.71162,-1.4276
3.72168,-1.4406
3.73174,-1.4439
3.74179,-1.4538
3.75185,-1.448
3.76184,-1.4366
3.77181,-1.4358
3.78179,-1.4632
3.79177,-1.4534
3.80175,-1.4324
3.81173,-1.4263
3.82171,-1.4292
3.83168,-1.4524
3.84166,-1.4501
3.85164,-1.4692
3.86162,-1.4581
3.8716,-1.4576
3.8816,-1.4705
3.89159,-1.4671
3.90159,-1.4524
3.91159,-1.4505
3.92158,-1.4748
3.93158,-1.4786
3.94157,-1.4668
3.95157,-1.4677
3.96157,-1.4899
3.97156,-1.5077
3.98156,-1.4996
3.99155,-1.4893
4.00155,-1.4777
4.01155,-1.5137
4.02154,-1.5462
4.03153,-1.4483
4.04152,-1.4288
4.05151,-1.5037
4.06151,-1.5021
4.0715,-1.4729
4.08149,-1.4876
4.09148,-1.4939
4.10147,-1.4848
4.11147,-1.4938
4.12146,-1.4987
4.13146,-1.5052
4.14147,-1.5161
4.15148,-1.5179
4.16149,-1.4086
4.1715,-1.2959
4.1815,-1.6098
4.19151,-1.5896
4.20152,-1.6345
4.21153,-1.605
4.22154,-1.5882
4.23155,-1.5979
4.24156,-1.6146
4.25157,-1.616
4.26157,-1.6316
4.27156,-1.6426
4.28156,-1.6348
4.29156,-1.6466
4.30155,-1.6695
4.31155,-1.6605
4.32155,-1.653
4.33154,-1.661
4.34154,-1.6529
4.35154,-1.6782
4.36154,-1.6844
4.37153,-1.6426
4.38152,-1.6696
4.3915,-1.6925
4.40147,-1.7163
4.41144,-1.7278
4.42142,-1.6067
4.43139,-1.6517
4.44137,-1.6936
4.45134,-1.693
4.46132,-1.6674
4.47129,-1.6644
4.48127,-1.6509
4.49124,-1.642
4.50122,-1.6545
4.51122,-1.6624
4.52122,-1.6831
4.53121,-1.6832
4.54121,-1.6727
4.55121,-1.6552
4.56121,-1.6681
4.57121,-1.6701
4.58121,-1.6639
4.59121,-1.6811
4.60121,-1.6418
4.6112,-1.6618
4.6212,-1.6518
4.6313,-1.664
4.64149,-1.6535
4.65168,-1.6475
4.66187,-1.669
4.67206,-1.6805
4.68225,-1.6937
4.69243,-1.6649
4.70262,-1.6636
4.71281,-1.6749
4.723,-1.6769
4.73319,-1.6718
4.74338,-1.6856
4.75357,-1.6824
4.76347,-1.6909
4.77336,-1.6645
4.78326,-1.6592
4.79316,-1.6356
4.80305,-1.6606
4.81295,-1.6838
4.82285,-1.6486
4.83274,-1.6361
4.84264,-1.6604
4.85254,-1.663
4.86243,-1.6904
4.87233,-1.6567
4.88229,-1.6591
4.89231,-1.6662
4.90233,-1.6723
4.91235,-1.6681
4.92237,-1.6809
4.93239,-1.7126
4.94241,-1.7077
4.95243,-1.7031
4.96245,-1.681
4.97247,-1.6663
4.98249,-1.6418
4.99251,-1.6426
5.00253,-1.6569
5.01253,-1.6901
5.02252,-1.6923
5.03252,-1.7083
5.04251,-1.7232
5.05251,-1.6814
5.0625,-1.6519
5.0725,-1.6334
5.08249,-1.6404
5.09249,-1.6647
5.10248,-1.6762
5.11248,-1.682
5.12247,-1.6922
5.13247,-1.6922
5.14247,-1.6968
5.15246,-1.667
5.16246,-1.6434
5.17246,-1.6322
5.18245,-1.6622
5.19245,-1.6733
5.20244,-1.665
5.21244,-1.6786
5.22244,-1.6937
5.23243,-1.687
5.24243,-1.6598
5.25242,-1.6442
5.26243,-1.6371
5.27243,-1.6617
5.28243,-1.6602
5.29244,-1.6644
5.30244,-1.6685
5.31244,-1.6819
5.32244,-1.6932
5.33244,-1.6873
5.34245,-1.669
5.35245,-1.6538
5.36245,-1.661
5.37245,-1.6683
5.38245,-1.6675
5.39245,-1.6672
5.40245,-1.6649
5.41244,-1.7128
5.42244,-1.7052
5.43244,-1.6759
5.44243,-1.6536
5.45243,-1.6664
5.46242,-1.6756
5.47242,-1.664
5.48242,-1.6785
5.49241,-1.6818
5.50241,-1.6707
5.51241,-1.6895
5.5224,-1.6661
5.53239,-1.6595
5.54239,-1.6754
5.55238,-1.6852
5.56237,-1.6794
5.57237,-1.6563
5.58236,-1.6629
5.59235,-1.6711
5.60235,-1.6818
5.61234,-1.6847
5.62234,-1.6695
5.63233,-1.6732
5.64233,-1.6759
5.65233,-1.6777
5.66233,-1.6674
5.67233,-1.6619
5.68233,-1.6816
5.69233,-1.6888
5.70233,-1.6861
5.71233,-1.6737
5.72233,-1.6746
5.73232,-1.6739
5.74232,-1.6879
5.75232,-1.6668
5.76243,-1.6557
5.77253,-1.6556
5.78263,-1.6715
5.79273,-1.6945
5.80283,-1.6934
5.81293,-1.6819
5.82303,-1.6803
5.83313,-1.678
5.84323,-1.676
5.85333,-1.6568
5.86343,-1.6641
5.87353,-1.6609
5.88357,-1.6813
5.89355,-1.6914
5.90352,-1.6842
5.9135,-1.6818
5.92347,-1.6861
5.93345,-1.6861
5.94342,-1.6683
5.9534,-1.6654
5.96337,-1.6758
5.97335,-1.6911
5.98333,-1.6836
5.9933,-1.6749
6.00328,-1.6729
6.01326,-1.6824
6.02324,-1.6853
6.03322,-1.6888
6.0432,-1.6875
6.05317,-1.6662
6.06315,-1.6857
6.07313,-1.6726
6.08311,-1.6683
6.09309,-1.6538
6.10307,-1.6723
6.11305,-1.6792
6.12303,-1.6928
6.13301,-1.6693
6.143,-1.6568
6.15298,-1.6679
6.16297,-1.6705
6.17295,-1.6827
6.18294,-1.6845
6.19292,-1.7044
6.2029,-1.7181
6.21289,-1.6935
6.22287,-1.6772
6.23286,-1.6712
6.24284,-1.6891
6.25283,-1.6694
6.26283,-1.6862
6.27282,-1.7068
6.28282,-1.6685
6.29282,-1.6941
6.30281,-1.7155
6.31281,-1.7114
6.3228,-1.6877
6.3328,-1.6772
6.3428,-1.7022
6.35279,-1.6976
6.36279,-1.7016
6.37279,-1.7026
6.3828,-1.7005
6.39283,-1.7128
6.40285,-1.7249
6.41288,-1.7353
6.42291,-1.7157
6.43294,-1.7217
6.44297,-1.7272
6.45299,-1.7323
6.46302,-1.7229
6.47305,-1.7498
6.48308,-1.7469
6.4931,-1.7543
6.50313,-1.749
6.5132,-1.7538
6.52328,-1.7384
6.53335,-1.7309
6.54342,-1.723
6.55349,-1.7316
6.56356,-1.737
6.57363,-1.7497
6.5837,-1.7476
6.59377,-1.732
6.60384,-1.723
6.61391,-1.7296
6.62398,-1.7335
6.63402,-1.7287
6.64402,-1.728
6.65401,-1.7241
6.66401,-1.7103
6.67401,-1.6731
6.68401,-1.6745
6.69401,-1.6822
6.704,-1.6834
6.714,-1.7024
6.724,-1.6854
6.734,-1.646
6.74399,-1.6965
6.75399,-1.7191
6.76394,-1.6851
6.77388,-1.6328
6.78382,-1.622
6.79376,-1.6228
6.8037,-1.6292
6.81364,-1.6195
6.82358,-1.6222
6.83352,-1.6043
6.84346,-1.5992
6.8534,-1.5796
6.86334,-1.561
6.87328,-1.5657
6.88329,-1.5614
6.89336,-1.5674
6.90344,-1.5724
6.91351,-1.5532
6.92358,-1.54
6.93365,-1.552
6.94372,-1.5545
6.95379,-1.5634
6.96387,-1.5644
6.97394,-1.5379
6.98401,-1.565
6.99408,-1.5729
7.00415,-1.5725
7.01414,-1.5635
7.02413,-1.5569
7.03411,-1.5735
7.0441,-1.5912
7.05408,-1.5879
7.06407,-1.5937
7.07406,-1.5813
7.08404,-1.5823
7.09403,-1.5832
7.10401,-1.5972
7.114,-1.5876
7.12398,-1.5753
7.134,-1.585
7.14402,-1.601
7.15405,-1.5955
7.16407,-1.605
7.1741,-1.6037
7.18412,-1.615
7.19415,-1.6177
7.20418,-1.6025
7.2142,-1.6206
7.22423,-1.632
7.23425,-1.6189
7.24428,-1.6055
7.2543,-1.6134
7.26427,-1.6176
7.27423,-1.6101
7.28419,-1.6125
7.29415,-1.5978
7.30411,-1.5974
7.31408,-1.6004
7.32404,-1.6237
7.334,-1.6084
7.34396,-1.5897
7.35392,-1.5835
7.36388,-1.5821
7.37385,-1.5821
7.38382,-1.598
7.39378,-1.5843
7.40375,-1.5843
7.41372,-1.5887
7.42369,-1.5742
7.43366,-1.5715
7.44362,-1.5753
7.45359,-1.5667
7.46356,-1.557
7.47353,-1.5597
7.4835,-1.5502
7.49346,-1.525
7.50343,-1.5441
7.51344,-1.5621
7.52344,-1.5489
7.53344,-1.5237
7.54345,-1.5141
7.55345,-1.5216
7.56345,-1.5711
7.57346,-1.5654
7.58346,-1.5268
7.59346,-1.5308
7.60347,-1.5662
7.61347,-1.5499
7.62347,-1.542
7.63349,-1.5518
7.64352,-1.5391
7.65354,-1.515
7.66357,-1.5035
7.6736,-1.5084
7.68362,-1.5224
7.69365,-1.5575
7.70368,-1.5622
7.7137,-1.5504
7.72373,-1.5491
7.73376,-1.5382
7.74378,-1.5369
7.75381,-1.5295
7.76377,-1.5342
7.77373,-1.5289
7.78368,-1.5299
7.79364,-1.5276
7.8036,-1.5307
7.81355,-1.5476
7.82351,-1.5397
7.83346,-1.5325
7.84342,-1.5387
7.85338,-1.5208
7.86333,-1.5296
7.87329,-1.5391
7.88329,-1.5371
7.89332,-1.5156
7.90335,-1.5251
7.91338,-1.5231
7.92342,-1.5027
7.93345,-1.4818
7.94348,-1.5072
7.95351,-1.5114
7.96355,-1.5175
7.97358,-1.5261
7.98361,-1.5369
7.99364,-1.5122
8.00368,-1.4864
8.01381,-1.5012
8.02393,-1.5029
8.03406,-1.4854
8.04419,-1.4945
8.05431,-1.4963
8.06444,-1.513
8.07457,-1.5006
8.0847,-1.4881
8.09482,-1.4771
8.10495,-1.4919
8.11508,-1.4981
8.1252,-1.4974
8.13525,-1.488
8.14522,-1.4758
8.15518,-1.4766
8.16515,-1.482
8.17511,-1.4577
8.18508,-1.4513
8.19504,-1.4661
8.20501,-1.4897
8.21498,-1.4941
8.22494,-1.4826
8.23491,-1.4721
8.24487,-1.4728
8.25484,-1.4732
8.26482,-1.4863
8.2748,-1.4621
8.28478,-1.4611
8.29476,-1.4704
8.30474,-1.4774
8.31472,-1.4888
8.3247,-1.4928
8.33468,-1.4836
8.34466,-1.4588
8.35464,-1.4696
8.36462,-1.4679
8.3746,-1.4772
8.38458,-1.4873
8.39455,-1.4715
8.40452,-1.428
8.41448,-1.4114
8.42445,-1.4467
8.43442,-1.475
8.44438,-1.4728
8.45435,-1.4784
8.46432,-1.4687
8.47428,-1.4675
8.48425,-1.4705
8.49422,-1.4644
8.50419,-1.4622
8.51424,-1.459
8.52427,-1.4593
8.53431,-1.4687
8.54434,-1.4611
8.55437,-1.4503
8.5644,-1.4501
8.57444,-1.4649
8.58447,-1.4797
8.5945,-1.4711
8.60454,-1.4658
8.61457,-1.4793
8.6246,-1.4814
8.63462,-1.4723
8.64461,-1.4551
8.6546,-1.4493
8.66459,-1.4708
8.67458,-1.4739
8.68457,-1.4732
8.69456,-1.4727
8.70455,-1.4738
8.71454,-1.4693
8.72453,-1.4785
8.73452,-1.4718
8.74451,-1.4619
8.7545,-1.4652
8.76451,-1.4801
8.77451,-1.4639
8.78451,-1.467
8.79451,-1.4653
8.80451,-1.4757
8.81451,-1.4717
8.8245,-1.468
8.8345,-1.4722
8.8445,-1.4723
8.8545,-1.4728
8.8645,-1.476
8.8745,-1.4599
8.88453,-1.4468
8.89458,-1.4677
8.90464,-1.4828
8.91469,-1.4805
8.92474,-1.4699
8.93479,-1.4671
8.94485,-1.4705
8.9549,-1.4759
8.96495,-1.4716
8.97501,-1.4629
8.98506,-1.4619
8.99511,-1.4578
9.00517,-1.4766
9.01509,-1.4731
9.02502,-1.4704
9.03494,-1.4714
9.04487,-1.4731
9.05479,-1.4663
9.06472,-1.4617
9.07464,-1.4579
9.08457,-1.4662
9.09449,-1.468
9.10442,-1.4617
9.11434,-1.4699
9.12427,-1.4737
9.13428,-1.4708
9.14436,-1.4717
9.15445,-1.4485
9.16453,-1.4634
9.17462,-1.4789
9.18471,-1.4765
9.19479,-1.4608
9.20488,-1.4487
9.21497,-1.4513
9.22505,-1.4702
9.23514,-1.4715
9.24522,-1.4676
9.25531,-1.459
9.26531,-1.4523
9.27531,-1.4539
9.28531,-1.4583
9.2953,-1.447
9.3053,-1.4448
9.3153,-1.4673
9.3253,-1.471
9.3353,-1.4703
9.3453,-1.4626
9.35529,-1.4592
9.36529,-1.4684
9.37529,-1.4635
9.38529,-1.4574
9.39528,-1.443
9.40528,-1.4293
9.41527,-1.4411
9.42526,-1.4452
9.43526,-1.4404
9.44525,-1.4375
9.45525,-1.4586
9.46524,-1.4495
9.47523,-1.4339
9.48523,-1.4307
9.49522,-1.4458
9.50522,-1.4483
9.51522,-1.4588
9.52522,-1.4533
9.53523,-1.4493
9.54523,-1.4604
9.55523,-1.4496
9.56524,-1.4335
9.57524,-1.4035
9.58524,-1.3978
9.59525,-1.4145
9.60525,-1.4342
9.61525,-1.4319
9.62526,-1.4229
9.63526,-1.4515
9.64525,-1.4681
9.65525,-1.4551
9.66524,-1.4321
9.67524,-1.411
9.68523,-1.41
9.69523,-1.4155
9.70522,-1.4269
9.71521,-1.4324
9.72521,-1.4425
9.7352,-1.4524
9.7452,-1.444
9.75519,-1.4105
9.76519,-1.3966
9.77518,-1.4076
9.78518,-1.4372
9.79517,-1.4318
9.80517,-1.4385
9.81516,-1.4299
9.82515,-1.4308
9.83515,-1.4335
9.84514,-1.4411
9.85514,-1.4385
9.86513,-1.4431
9.87512,-1.4425
9.88512,-1.4402
9.89512,-1.4233
9.90512,-1.4179
9.91512,-1.4257
9.92512,-1.4467
9.93512,-1.4377
9.94511,-1.4242
9.95511,-1.4173
9.96511,-1.4461
9.97511,-1.4528
9.98511,-1.4578
9.99511,-1.4508
10.0051,-1.4498
10.0151,-1.4436
10.0251,-1.429
10.0351,-1.4167
10.04509,-1.4111
10.05509,-1.4353
10.06508,-1.4459
10.07508,-1.439
10.08507,-1.4353
10.09507,-1.4433
10.10507,-1.4449
10.11506,-1.4466
10.12506,-1.4361
10.13505,-1.432
10.14502,-1.4278
10.155,-1.4219
10.16497,-1.4322
10.17495,-1.4338
10.18492,-1.4202
10.1949,-1.4366
10.20487,-1.4403
10.21484,-1.434
10.22482,-1.4257
10.23479,-1.4404
10.24477,-1.441
10.25474,-1.4367
10.26481,-1.4172
10.27487,-1.3994
10.28492,-1.4125
10.29498,-1.4202
10.30504,-1.4222
10.3151,-1.4416
10.32516,-1.4566
10.33522,-1.4425
10.34528,-1.4092
10.35534,-1.3874
10.36539,-1.3736
10.37545,-1.369
10.38549,-1.3927
10.39551,-1.4297
10.40553,-1.4235
10.41555,-1.3878
10.42557,-1.3689
10.43559,-1.3874
10.4456,-1.3839
10.45562,-1.3915
10.46564,-1.4016
10.47566,-1.4006
10.48568,-1.4074
10.4957,-1.4251
10.50571,-1.3996
10.51573,-1.3784
10.52574,-1.3899
10.53576,-1.3765
10.54577,-1.3512
10.55578,-1.3377
10.56579,-1.3631
10.57581,-1.3968
10.58582,-1.4149
10.59583,-1.4319
10.60585,-1.4388
10.61586,-1.3816
10.62587,-1.3449
10.63591,-1.3217
10.64597,-1.3376
10.65602,-1.3715
10.66607,-1.4316
10.67613,-1.4785
10.68618,-1.4831
10.69624,-1.4653
10.70629,-1.4551
10.71635,-1.4735
10.7264,-1.4883
10.73645,-1.4624
10.74651,-1.4145
10.75656,-1.3293
10.76656,-1.2566
10.77656,-1.2101
10.78655,-1.1982
10.79655,-1.213
10.80654,-1.2539
10.81654,-1.302
10.82653,-1.3155
10.83653,-1.2663
10.84652,-1.215
10.85652,-1.1815
10.86651,-1.1745
10.87651,-1.1864
10.8865,-1.3451
10.89649,-1.2972
10.90647,-1.3359
10.91646,-1.3709
10.92644,-1.3619
10.93643,-1.3492
10.94641,-1.382
10.9564,-1.4308
10.96638,-1.4748
10.97637,-1.5241
10.98636,-1.4754
10.99634,-1.4102
11.00633,-1.3503
11.01629,-1.3362
11.02626,-1.358
11.03622,-1.409
11.04618,-1.4318
11.05614,-1.4099
11.06611,-1.3923
11.07607,-1.3889
11.08603,-1.3667
11.09599,-1.367
11.10596,-1.3631
11.11592,-1.331
11.12588,-1.3437
11.13589,-1.37
11.14594,-1.4166
11.15599,-1.4135
11.16604,-1.3712
11.17609,-1.3154
11.18614,-1.2834
11.19619,-1.2547
11.20625,-1.2953
11.2163,-1.3411
11.22635,-1.3698
11.2364,-1.4085
11.24645,-1.4171
11.2565,-1.3988
11.2665,-1.3587
11.27651,-1.3342
11.28651,-1.3417
11.29651,-1.3454
11.30652,-1.3911
11.31652,-1.4125
11.32652,-1.4054
11.33652,-1.4155
11.34653,-1.4384
11.35653,-1.4399
11.36653,-1.4151
11.37654,-1.3786
11.38653,-1.3672
11.3965,-1.3536
11.40647,-1.3472
11.41644,-1.2449
11.4264,-0.9337
11.43637,-0.9482
11.44634,-0.9794
11.45631,-1.0636
11.46628,-1.1325
11.47625,-1.1993
11.48622,-1.4666
11.49619,-1.372
11.50616,-1.3088
11.51618,-1.1958
11.52617,-1.0763
11.53617,-0.9542
11.54616,-0.8753
11.55616,-0.8812
11.56615,-0.8626
11.57615,-0.8491
11.58614,-0.8579
11.59614,-0.9038
11.60613,-0.9757
11.61613,-1.0453
11.62613,-1.0464
11.63614,-0.9475
11.64618,-0.8009
11.65621,-0.7339
11.66625,-0.7446
11.67628,-0.7791
11.68631,-0.8497
11.69635,-0.9121
11.70638,-0.9519
11.71642,-0.8989
11.72645,-0.7705
11.73649,-0.6605
11.74652,-0.6351
11.75655,-0.6959
11.76656,-0.817
11.77656,-0.9389
11.78655,-0.9965
11.79655,-1.0058
11.80655,-1.0092
11.81655,-0.9028
11.82655,-0.7089
11.83655,-0.5026
11.84655,-0.4229
11.85655,-0.4726
11.86655,-0.6848
11.87655,-0.931
11.88655,-1.0932
11.89655,-1.0881
11.90655,-0.9283
11.91656,-0.7671
11.92656,-0.6612
11.93656,-0.6274
11.94656,-0.5765
11.95656,-0.5148
11.96657,-0.4398
11.97657,-0.3808
11.98657,-0.3339
11.99657,-0.3118
12.00657,-0.2957
12.01657,-0.3322
12.02657,-0.4987
12.03657,-0.6775
12.04657,-0.81
12.05657,-0.8571
12.06656,-0.8121
12.07656,-0.5929
12.08656,-0.4001
12.09656,-0.3183
12.10655,-0.3865
12.11655,-0.6188
12.12655,-0.838
12.13655,-0.9741
12.14654,-1.0469
12.15653,-1.064
12.16652,-1.0143
12.17652,-0.8569
12.18651,-0.6807
12.1965,-0.5661
12.20649,-0.5855
12.21649,-0.77
12.22648,-0.9677
12.23647,-1.0672
12.24646,-1.1067
12.25646,-1.1123
12.26649,-1.1176
12.27649,-1.1106
12.2865,-1.0919
12.29651,-1.0361
12.30652,-1.017
12.31652,-1.0538
12.32653,-1.1162
12.33654,-1.1649
12.34655,-1.206
12.35655,-1.2499
12.36656,-1.3001
12.37657,-1.3073
12.38662,-1.2199
12.39672,-1.1292
12.40681,-1.1136
12.41691,-1.1066
12.427,-1.0828
12.4371,-1.0512
12.4472,-1.1097
12.45729,-1.171
12.46739,-1.2932
12.47748,-1.3371
12.48758,-1.2946
12.49767,-1.2184
12.50777,-1.1273
12.51773,-0.9929
12.5277,-0.9617
12.53766,-1.0325
12.54762,-1.2482
12.55759,-1.3825
12.56755,-1.4999
12.57751,-1.5793
12.58748,-1.6327
12.59744,-1.6552
12.6074,-1.8097
12.61737,-1.9379
12.62733,-2.0302
12.63731,-2.0871
12.64729,-2.1351
12.65728,-2.1563
12.66727,-2.2067
12.67726,-2.2653
12.68724,-2.3728
12.69723,-2.4726
12.70722,-2.5747
12.7172,-2.6787
12.72719,-2.7954
12.73718,-2.8733
12.74716,-2.946
12.75715,-2.9867
12.76712,-3.0119
12.77709,-3.0661
12.78706,-3.1568
12.79702,-3.2582
12.80699,-3.414
12.81696,-3.5233
12.82693,-3.5855
12.83689,-3.638
12.84686,-3.6667
12.85683,-3.6862
12.8668,-3.7048
12.87676,-3.7071
12.88676,-3.7349
12.89679,-3.7468
12.90682,-3.6558
12.91684,-3.4492
12.92687,-3.3629
12.9369,-3.3326
12.94692,-3.2706
12.95695,-3.2133
12.96698,-3.2037
12.977,-3.2341
12.98703,-3.267
12.99706,-3.1997
13.00708,-3.1516
13.01709,-3.1179
13.02709,-3.089
13.0371,-3.078
13.0471,-3.0949
13.05711,-3.1099
13.06711,-3.0903
13.07712,-3.0474
13.08712,-3.0007
13.09713,-2.8814
13.10713,-2.8131
13.11714,-2.6846
13.12714,-2.5227
13.13716,-2.3969
13.14715,-2.3142
13.15714,-2.3224
13.16714,-2.3387
13.17713,-2.343
13.18713,-2.3472
13.19712,-2.3386
13.20711,-2.3343
13.21711,-2.3143
13.2271,-2.3443
13.23709,-2.4219
13.24709,-2.4601
13.25708,-2.4447
13.26705,-2.3749
13.27702,-2.2918
13.28699,-2.2321
13.29696,-2.1334
13.30693,-2.105
13.3169,-2.0967
13.32687,-2.0988
13.33684,-2.066
13.34681,-2.0125
13.35678,-1.9621
13.36675,-1.9293
13.37671,-1.9102
13.3867,-1.9045
13.39669,-1.9292
13.40669,-1.9882
13.41668,-2.0824
13.42668,-2.1762
13.43667,-2.2496
13.44667,-2.2926
13.45666,-2.2899
13.46666,-2.2918
13.47665,-2.3254
13.48665,-2.3858
13.49664,-2.4702
13.50664,-2.5489
13.51674,-2.5698
13.52684,-2.5647
13.53694,-2.5456
13.54704,-2.5098
13.55714,-2.467
13.56724,-2.4232
13.57734,-2.351
13.58744,-2.3054
13.59754,-2.2744
13.60764,-2.2547
13.61774,-2.2279
13.62784,-2.1991
13.63789,-2.1745
13.64789,-2.1557
13.65789,-2.1376
13.66789,-2.1115
13.67789,-2.0892
13.6879,-2.0511
13.6979,-2.0281
13.7079,-2.0047
13.7179,-1.9853
13.7279,-1.9641
13.7379,-1.9131
13.7479,-1.8834
13.75791,-1.8951
13.7679,-1.9041
13.7779,-1.9436
13.78789,-2.0188
13.79789,-2.0711
13.80788,-2.086
13.81787,-2.0912
13.82787,-2.0812
13.83786,-2.078
13.84786,-2.1145
13.85785,-2.1873
13.86785,-2.255
13.87784,-2.3157
13.88789,-2.3509
13.89797,-2.3737
13.90804,-2.3972
13.91811,-2.3975
13.92818,-2.3988
13.93825,-2.3908
13.94833,-2.3539
13.9584,-2.3065
13.96847,-2.2644
13.97854,-2.2017
13.98861,-2.2135
13.99868,-2.2099
14.00876,-2.2003
14.01868,-2.1815
14.02861,-2.1457
14.03853,-2.1204
14.04845,-2.069
14.05838,-1.9583
14.0683,-1.838
14.07822,-1.7958
14.08814,-1.8265
14.09807,-1.8812
14.10799,-1.8797
14.11791,-1.8593
14.12784,-1.8316
14.13779,-1.7825
14.14776,-1.7285
14.15774,-1.7164
14.16771,-1.7319
14.17769,-1.8119
14.18766,-1.9062
14.19764,-1.9661
14.20762,-2.0139
14.21759,-2.0885
14.22757,-2.0069
14.23754,-1.9589
14.24752,-1.9258
14.25749,-1.9781
14.26748,-2.0805
14.27747,-2.1719
14.28746,-2.2292
14.29745,-2.2676
14.30744,-2.2899
14.31743,-2.2736
14.32742,-2.2621
14.33741,-2.2815
14.3474,-2.2891
14.35739,-2.2842
14.36737,-2.3064
14.37736,-2.3341
14.38741,-2.3325
14.3975,-2.3486
14.40758,-2.3633
14.41767,-2.3809
14.42776,-2.3799
14.43785,-2.3027
14.44794,-2.2376
14.45803,-2.1688
14.46812,-2.0743
14.47821,-2.0209
14.4883,-1.9719
14.49839,-1.9551
14.50848,-1.9695
14.51845,-2.0121
14.52842,-2.1114
14.53839,-2.2375
14.54837,-2.3274
14.55834,-2.374
14.56831,-2.3513
14.57828,-2.2547
14.58825,-2.1283
14.59823,-2.0343
14.6082,-1.9611
14.61817,-1.9301
14.62814,-1.9602
14.63815,-1.9847
14.64818,-1.9841
14.65821,-1.9396
14.66825,-1.8789
14.67828,-1.9003
14.68832,-1.9949
14.69835,-1.8954
14.70838,-1.7477
14.71842,-1.6794
14.72845,-1.4468
14.73849,-1.2408
14.74852,-1.089
14.75856,-0.9503
14.76856,-0.8552
14.77855,-0.7252
14.78855,-0.4489
14.79855,-0.1232
14.80855,0.0577
14.81854,0.1613
14.82854,0.1645
14.83854,0.1703
14.84854,0.1511
14.85854,0.151
14.86853,0.1594
14.87853,0.1876
14.88853,0.236
14.89853,0.2777
14.90853,0.2832
14.91853,0.0707
14.92853,-0.1076
14.93853,-0.2241
14.94853,-0.3135
14.95853,-0.387
14.96853,-0.4934
14.97853,-0.6265
14.98853,-0.7486
14.99853,-0.8394
15.00853,-0.8248
15.01853,-0.8303
15.02852,-0.8493
15.03852,-0.8711
15.04851,-0.8972
15.05851,-0.952
15.0685,-1.0245
15.07849,-1.0382
15.08849,-0.9911
15.09848,-0.9101
15.10848,-0.8653
15.11847,-0.8972
15.12846,-0.8909
15.13846,-0.9437
15.14845,-1.0308
15.15845,-1.1364
15.16844,-1.223
15.17844,-1.3243
15.18843,-1.4704
15.19842,-1.6192
15.20842,-1.5968
15.21841,-1.5083
15.2284,-1.3853
15.2384,-1.3038
15.24839,-1.2441
15.25838,-1.2414
15.2684,-1.2487
15.27842,-1.2448
15.28843,-1.1531
15.29844,-0.9849
15.30845,-0.8035
15.31847,-0.6458
15.32848,-0.4571
15.33849,-0.2566
15.3485,-0.0633
15.35852,0.1289
15.36853,0.4073
15.37854,0.7645
15.38854,0.9406
15.39853,1.0513
15.40851,0.8454
15.4185,0.0468
15.42848,0.3777
15.43847,0.6258
15.44845,0.6839
15.45844,0.306
15.46842,-0.131
15.47841,-0.0194
15.48839,0.2649
15.49838,0.2925
15.50836,0.197
15.51836,-0.077
15.52836,-0.4004
15.53836,-0.7013
15.54835,-0.8974
15.55835,-0.9842
15.56835,-1.0233
15.57834,-1.0389
15.58834,-1.0702
15.59834,-1.093
15.60833,-1.0648
15.61833,-1.0083
15.62833,-1.0021
15.63833,-1.1486
15.64833,-1.2194
15.65834,-1.258
15.66834,-1.271
15.67834,-1.302
15.68835,-1.3134
15.69835,-1.3136
15.70835,-1.3142
15.71836,-1.333
15.72836,-1.3692
15.73836,-1.386
15.74837,-1.4148
15.75837,-1.4381
15.76845,-1.4439
15.77851,-1.4416
15.78858,-1.4242
15.79865,-1.4629
15.80872,-1.5052
15.81879,-1.5207
15.82886,-1.4869
15.83893,-1.4441
15.849,-1.3774
15.85907,-1.2388
15.86914,-1.2144
15.87921,-1.1461
15.88925,-0.9587
15.89925,-0.8313
15.90925,-0.8004
15.91926,-0.674
15.92926,-0.6052
15.93926,-0.567
15.94926,-0.5196
15.95926,-0.3203
15.96926,-0.2122
15.97927,-0.1719
15.98927,-0.1666
15.99927,-0.2193
16.00927,-0.3418
16.01928,-0.5506
16.02927,-0.7672
16.03927,-0.9794
16.04927,-1.159
16.05927,-1.3116
16.06927,-1.4598
16.07927,-1.5607
16.08927,-1.6577
16.09926,-1.7448
16.10926,-1.8161
16.11926,-1.8634
16.12926,-1.9049
16.13926,-2.0206
16.14925,-2.1743
16.15924,-2.2997
16.16924,-2.4748
16.17923,-2.54
16.18922,-2.6072
16.19922,-2.6584
16.20921,-2.7482
16.21921,-2.7537
16.2292,-2.7696
16.23919,-2.7513
16.24919,-2.7411
16.25918,-2.721
16.26916,-2.7098
16.27913,-2.7261
16.28911,-2.6934
16.29908,-2.607
16.30906,-2.5239
16.31903,-2.4303
16.32901,-2.2732
16.33898,-2.0436
16.34896,-1.7787
16.35893,-1.5018
16.36891,-1.3271
16.37888,-1.2103
16.38887,-1.1438
16.39888,-0.9561
16.40888,-0.822
16.41889,-0.7113
16.42889,-0.6141
16.4389,-0.681
16.4489,-0.6269
16.45891,-0.6041
16.46891,-0.6081
16.47891,-0.6588
16.48892,-0.7689
16.49892,-0.8391
16.50893,-0.9926
16.51896,-1.2237
16.52898,-1.5045
16.53901,-1.633
16.54903,-1.7138
16.55905,-1.897
16.56908,-2.0724
16.5791,-2.2327
16.58913,-2.3586
16.59915,-2.5287
16.60918,-2.6033
16.6192,-2.6699
16.62923,-2.7754
16.63923,-2.8973
16.64922,-2.9151
16.65921,-2.8953
16.66919,-2.9143
16.67918,-2.9754
16.68917,-2.9491
16.69915,-2.9644
16.70914,-2.9188
16.71912,-2.8957
16.72911,-2.887
16.7391,-2.8342
16.74908,-2.6774
16.75907,-2.5459
16.76916,-2.4203
16.77922,-2.2867
16.78929,-2.1313
16.79936,-2.0202
16.80943,-1.9487
16.8195,-1.8333
16.82957,-1.5967
16.83963,-1.2398
16.8497,-1.3537
16.85977,-1.2211
16.86984,-1.4488
16.87991,-1.3697
16.88996,-1.4033
16.89998,-1.3531
16.91001,-1.2732
16.92004,-1.1862
16.93007,-1.0174
16.94009,-0.9152
16.95012,-0.9857
16.96015,-1.1012
16.97017,-1.3514
16.9802,-1.6475
16.99023,-1.8079
17.00025,-1.8508
17.01028,-1.8971
17.02026,-1.9757
17.03024,-2.0818
17.04022,-2.1722
17.0502,-2.2441
17.06017,-2.2851
17.07015,-2.3561
17.08013,-2.4415
17.09011,-2.5029
17.10009,-2.5343
17.11007,-2.553
17.12005,-2.6737
17.13002,-2.6051
17.14004,-2.6636
17.1501,-2.6772
17.16015,-2.7074
17.17021,-2.6821
17.18027,-2.6318
17.19032,-2.6217
17.20038,-2.6861
17.21043,-2.7036
17.22049,-2.6999
17.23055,-2.5771
17.2406,-2.3981
17.25066,-2.2274
17.26071,-2.0325
17.27061,-1.8387
17.28051,-1.6776
17.2904,-1.5944
17.30029,-1.4758
17.31019,-1.409
17.32008,-1.261
17.32998,-1.0782
17.33987,-1.137
17.34977,-1.3173
17.35966,-1.3619
17.36955,-0.7557
17.37945,-0.2951
17.38939,0.0365
17.39939,0.1272
17.40938,-0.0327
17.41937,-0.3677
17.42936,-0.5663
17.43935,-0.5808
17.44934,-0.6565
17.45933,-0.8563
17.46932,-1.1491
17.47931,-1.4781
17.48931,-1.7994
17.4993,-2.0865
17.50929,-2.3148
17.51932,-2.4809
17.52936,-2.6246
17.53939,-2.7451
17.54942,-2.8466
17.55945,-2.9241
17.56948,-2.961
17.57952,-2.9743
17.58955,-3.0181
17.59958,-3.0188
17.60961,-3.0396
17.61964,-3.0617
17.62968,-3.0305
17.63973,-2.9588
17.64981,-2.8433
17.65988,-2.7582
17.66996,-2.7386
17.68003,-2.7559
17.69011,-2.688
17.70018,-2.5369
17.71026,-2.3245
17.72033,-1.9547
17.73041,-1.5383
17.74048,-1.0229
17.75056,-0.5666
17.76063,-0.2693
17.77063,-0.1554
17.78063,-0.1409
17.79062,-0.3049
17.80062,-0.2014
17.81061,-0.0325
17.82061,0.2073
17.83061,0.343
17.8406,0.4555
17.8506,0.4185
17.8606,0.2798
17.87059,0.1364
17.88059,-0.1309
17.89059,-0.3172
17.90059,-0.4233
17.91059,-0.563
17.92059,-0.7667
17.93059,-1.0373
17.94058,-1.325
17.95058,-1.584
17.96058,-1.7961
17.97058,-1.9556
17.98058,-2.0885
17.99058,-2.1771
18.00058,-2.2593
18.01058,-2.3027
18.02063,-2.3505
18.03068,-2.4031
18.04072,-2.4129
18.05077,-2.4029
18.06082,-2.3612
18.07086,-2.3325
18.08091,-2.3119
18.09095,-2.2779
18.101,-2.2045
18.11105,-2.1442
18.12109,-2.131
18.13114,-2.061
18.14114,-1.9769
18.15109,-1.7785
18.16104,-1.5493
18.17099,-1.2889
18.18094,-0.9746
18.19089,-0.7092
18.20084,-0.4703
18.21078,-0.2202
18.22073,-0.0242
18.23068,0.028
18.24063,0.0061
18.25058,0.1185
18.26053,-0.0791
18.2706,-0.2348
18.28066,-0.1013
18.29072,-0.1469
18.30079,0.1369
18.31085,0.4451
18.32091,0.3963
18.33097,-0.6119
18.34104,-0.5248
18.3511,-0.1699
18.36116,0.0134
18.37122,-0.1511
18.38128,-0.5949
18.39127,-0.9698
18.40117,-1.1907
18.41106,-1.3058
18.42096,-1.4615
18.43086,-1.679
18.44076,-1.9082
18.45065,-2.1281
18.46055,-2.2942
18.47045,-2.3385
18.48035,-2.3477
18.49024,-2.3646
18.50014,-2.314
18.51004,-2.2694
18.52009,-2.1523
18.53013,-2.0684
18.54018,-2.0841
18.55023,-2.1849
18.56027,-2.2163
18.57032,-2.2244
18.58037,-2.212
18.59041,-2.19
18.60046,-2.1292
18.61051,-1.9997
18.62055,-1.8466
18.6306,-1.7066
18.64063,-1.5939
18.65062,-1.3911
18.66062,-1.1635
18.67062,-0.924
18.68062,-0.632
18.69062,-0.3212
18.70062,-0.0979
18.71062,-0.0183
18.72061,0.1168
18.73061,-0.04
18.74061,-0.0894
18.75061,-0.1063
18.76061,-0.2564
18.77059,-0.244
18.78058,0.0561
18.79056,0.1975
18.80054,0.3125
18.81053,0.4211
18.82051,0.3432
18.83049,0.192
18.84048,0.1151
18.85046,-0.0767
18.86045,-0.2848
18.87043,-0.4616
18.88041,-0.5641
18.89041,-0.7022
18.9004,-0.8716
18.9104,-1.0823
18.9204,-1.2744
18.9304,-1.4818
18.9404,-1.6326
18.9504,-1.6958
18.9604,-1.7518
18.9704,-1.7945
18.9804,-1.8631
18.9904,-1.923
19.0004,-1.9541
19.0104,-1.9547
19.02044,-1.9428
19.03049,-1.9756
19.04054,-2.0417
19.05059,-2.0648
19.06063,-1.9887
19.07068,-1.9587
19.08073,-1.9273
19.09078,-1.8427
19.10082,-1.7751
19.11087,-1.7092
19.12092,-1.5656
19.13097,-1.347
19.14101,-1.1432
19.15103,-0.9704
19.16106,-0.9573
19.17108,-0.822
19.18111,-1.3887
19.19113,-1.2999
19.20116,-1.1676
19.21118,-0.843
19.22121,-0.5402
19.23123,-0.2205
19.24126,0.0548
19.25128,0.2074
19.26131,0.2225
19.27131,0.153
19.28131,0.0251
19.29131,-0.1136
19.3013,-0.1804
19.3113,-0.3295
19.3213,-0.5753
19.3313,-0.9502
19.34129,-1.3336
19.35129,-1.6352
19.36129,-1.8677
19.37129,-2.0133
19.38128,-2.1502
19.39129,-2.2121
19.40128,-2.2714
19.41127,-2.3748
19.42126,-2.4443
19.43125,-2.494
19.44124,-2.4727
19.45123,-2.4568
19.46122,-2.4239
19.47121,-2.411
19.4812,-2.3173
19.4912,-2.2484
19.50118,-2.2408
19.51118,-2.2228
19.52118,-2.178
19.53119,-2.1488
19.54119,-2.0921
19.55119,-1.9994
19.56119,-1.8985
19.57119,-1.6571
19.58119,-1.2887
19.59119,-0.8985
19.60119,-0.7416
19.6112,-0.8467
19.6212,-0.8668
19.6312,-0.9077
19.6412,-0.6921
19.65121,-0.432
19.66121,-0.4005
19.67122,-0.5194
19.68122,-0.4177
19.69123,-0.1854
19.70123,-0.2353
19.71124,-0.6435
19.72125,-1.0267
19.73125,-1.2571
19.74126,-1.4227
19.75126,-1.5006
19.76127,-1.5839
19.77125,-1.7119
19.78123,-1.9065
19.7912,-2.1665
19.80118,-2.4159
19.81116,-2.4923
19.82114,-2.4882
19.83112,-2.5042
19.8411,-2.4828
19.85108,-2.4307
19.86105,-2.3583
19.87103,-2.2596
19.88101,-2.1798
19.891,-2.0701
19.90101,-1.8599
19.91101,-1.596
19.92102,-1.3433
19.93102,-1.0238
19.94103,-0.6407
19.95103,-0.3295
19.96104,-0.0627
19.97104,0.1675
19.98105,0.404
19.99105,0.6425
20.00106,0.9809
20.01106,1.3689
20.02111,1.6588
20.03116,1.8552
20.0412,2.103
20.05125,1.5434
20.06129,1.6039
20.07134,2.5847
20.08138,3.5189
20.09143,3.8535
20.10147,3.4215
20.11152,2.9094
20.12156,2.4515
20.13161,2.117
20.14166,1.8958
20.15169,1.6401
20.16172,1.2537
20.17174,0.8017
20.18177,0.3951
20.19179,0.0278
20.20182,-0.2637
20.21184,-0.4652
20.22187,-0.597
20.23189,-0.7183
20.24192,-0.8089
20.25195,-0.8703
20.26197,-0.9054
20.27194,-0.913
20.2819,-0.7935
20.29187,-0.5094
20.30183,-0.1655
20.3118,0.1999
20.32176,0.4575
20.33173,0.7593
20.34169,1.0074
20.35166,1.1888
20.36162,1.2968
20.37159,1.4384
20.38156,1.7214
20.39154,2.0943
20.40154,2.552
20.41154,2.9763
20.42154,3.1077
20.43154,3.0312
20.44154,3.0589
20.45154,3.3706
20.46154,3.8917
20.47154,3.9764
20.48154,3.3075
20.49154,3.1301
20.50154,2.9205
20.51155,2.7768
20.52154,2.7137
20.53153,2.4684
20.54152,1.965
20.55151,1.729
20.56151,1.4578
20.5715,1.1753
20.58149,1.0479
20.59148,0.9985
20.60147,0.9701
20.61147,0.9427
20.62146,0.8954
20.63145,0.8108
20.64146,0.8533
20.65147,0.9
20.66148,0.9263
20.67148,1.0231
20.68149,1.1162
20.69149,1.2661
20.7015,1.373
20.7115,1.5927
20.72151,1.7913
20.73151,2.0894
20.74152,2.4157
20.75152,2.6062
20.76153,2.7473
20.77153,2.9099
20.78152,3.0331
20.79151,3.0515
20.80151,3.0011
20.8115,2.9683
20.82149,3.0836
20.83149,3.3552
20.84148,3.5021
20.85147,3.3847
20.86147,3.2156
20.87146,3.247
20.88145,3.2536
20.89147,3.5061
20.90148,3.926
20.91149,3.9124
20.92151,3.8479
20.93152,3.3453
20.94154,2.9326
20.95155,2.6662
20.96156,2.5745
20.97158,2.4403
20.98159,2.4683
20.99161,2.4927
21.00162,2.3541
21.01163,2.0235
21.02163,1.548
21.03162,1.1183
21.04162,0.9629
21.05161,0.7007
21.06161,0.4291
21.0716,0.314
21.08159,0.2246
21.09159,0.1846
21.10158,0.1288
21.11157,0.16
21.12157,0.1379
21.13156,0.1324
21.14161,0.1506
21.15169,0.249
21.16177,0.3569
21.17184,0.4387
21.18192,0.566
21.19199,0.6589
21.20207,0.7387
21.21214,0.8485
21.22222,1.015
21.2323,1.2678
21.24237,1.4652
21.25245,1.2793
21.26252,1.2087
21.2726,1.2384
21.28268,1.3562
21.29275,1.5327
21.30283,1.5771
21.3129,1.5889
21.32298,1.5891
21.33306,1.5388
21.34313,1.4893
21.35321,1.5612
21.36329,1.4322
21.37336,1.0684
21.38344,0.8476
21.39348,0.7912
21.40347,0.6892
21.41347,0.4271
21.42347,0.0189
21.43347,-0.4618
21.44346,-0.8265
21.45346,-0.9961
21.46346,-1.2709
21.47345,-1.4306
21.48345,-1.4267
21.49345,-1.4
21.50345,-1.3686
21.51344,-1.4011
21.52337,-1.4148
21.53328,-1.3822
21.5432,-1.3904
21.55312,-1.3788
21.56304,-1.3752
21.57295,-1.341
21.58287,-1.2298
21.59279,-1.0367
21.60271,-0.8368
21.61263,-0.626
21.62254,-0.4169
21.63246,-0.2367
21.64243,-0.0583
21.65246,-0.0433
21.66248,-0.1235
21.6725,-0.1406
21.68253,-0.1203
21.69255,-0.0558
21.70257,0.0721
21.7126,0.1221
21.72262,0.0919
21.73264,0.0846
21.74267,0.0942
21.75269,0.1421
21.76271,0.2256
21.7727,0.1988
21.78267,0.0957
21.79264,0.0111
21.80262,0.0051
21.81259,-0.0529
21.82256,-0.1881
21.83253,-0.3697
21.8425,-0.5114
21.85247,-0.6006
21.86244,-0.7534
21.87242,-0.8755
21.88239,-0.8867
21.89238,-0.8905
21.90238,-0.8951
21.91238,-0.8821
21.92239,-0.8579
21.93239,-0.822
21.94239,-0.7817
21.95239,-0.7588
21.9624,-0.7382
21.9724,-0.7386
21.9824,-0.7226
21.9924,-0.7133
22.00241,-0.6772
22.01241,-0.6495
22.02241,-0.5888
22.03241,-0.4489
22.04241,-0.2172
22.05241,0.0864
22.06241,0.4185
22.07241,0.6621
22.08241,0.8206
22.09241,0.931
22.10241,0.9124
22.11241,0.764
22.12241,0.774
22.13241,0.5908
22.1424,0.5953
22.15238,0.6953
22.16235,0.7314
22.17232,0.7345
22.1823,0.6534
22.19227,0.5954
22.20224,0.4734
22.21222,0.4249
22.22219,0.4194
22.23217,0.3715
22.24214,0.2237
22.25211,-0.0093
22.26209,-0.2628
22.27218,-0.4479
22.28228,-0.5836
22.29238,-0.6164
22.30247,-0.583
22.31257,-0.5878
22.32267,-0.5644
22.33276,-0.5597
22.34286,-0.5203
22.35295,-0.4613
22.36305,-0.4265
22.37315,-0.3538
22.38324,-0.2408
22.39329,-0.0412
22.40328,0.1081
22.41327,0.3223
22.42326,0.56
22.43325,0.7462
22.44324,0.9405
22.45323,1.1676
22.46322,1.453
22.47321,1.7815
22.4832,2.0412
22.49319,2.1145
22.50318,2.1181
22.51317,2.1575
22.52317,2.3261
22.53317,2.6638
22.54316,3.1093
22.55316,3.3719
22.56316,3.2854
22.57315,3.3084
22.58315,3.2208
22.59314,2.9809
22.60314,2.8384
22.61313,2.6642
22.62313,2.3827
22.63313,2.2477
22.64316,2.0895
22.65324,1.795
22.66332,1.405
22.67339,0.9631
22.68347,0.5596
22.69355,0.1684
22.70362,-0.0213
22.7137,-0.1441
22.72377,-0.2189
22.73385,-0.373
22.74393,-0.5263
22.754,-0.6482
22.76408,-0.6727
22.77398,-0.6419
22.78387,-0.6734
22.79377,-0.7128
22.80366,-0.7836
22.81356,-0.7778
22.82345,-0.5913
22.83335,-0.3798
22.84324,-0.2149
22.85314,-0.1059
22.86303,0.0415
22.87293,0.1989
22.88282,0.551
22.89279,0.7977
22.90281,1.1068
22.91283,1.1718
22.92285,1.1893
22.93287,1.3276
22.94289,1.6457
22.95291,1.9644
22.96293,1.4537
22.97295,1.3615
22.98297,0.6842
22.99299,0.6875
23.00301,0.4821
23.01303,0.1176
23.02303,-0.1052
23.03302,0.097
23.04302,0.4636
23.05301,0.5574
23.06301,0.5028
23.073,0.3471
23.083,0.2126
23.09299,0.1036
23.10299,-0.0015
23.11298,-0.0768
23.12298,-0.0376
23.13297,0.1088
23.14299,0.3356
23.15298,0.5267
23.16298,0.6099
23.17298,0.613
23.18297,0.5737
23.19297,0.5381
23.20297,0.6018
23.21297,0.7195
23.22296,0.8619
23.23296,0.9195
23.24295,0.9569
23.25295,0.9551
23.26295,0.9162
23.27295,0.9383
23.28295,1.0593
23.29295,1.2341
23.30296,1.4158
23.31296,1.4957
23.32296,1.4834
23.33296,1.4103
23.34296,1.3359
23.35296,1.2501
23.36296,1.2443
23.37297,1.2673
23.38297,1.2431
23.39301,1.2824
23.40307,1.3194
23.41314,1.1394
23.42321,0.8101
23.43328,0.4477
23.44335,0.0935
23.45341,-0.1251
23.46348,-0.2484
23.47355,-0.3836
23.48362,-0.5658
23.49369,-0.739
23.50375,-0.9415
23.51382,-1.144
23.52381,-1.4333
23.53379,-1.6365
23.54377,-1.7796
23.55375,-1.8219
23.56373,-1.8101
23.57371,-1.7799
23.58369,-1.6783
23.59367,-1.5778
23.60365,-1.4127
23.61363,-1.1896
23.62362,-0.953
23.6336,-0.742
23.6436,-0.6593
23.65362,-0.6858
23.66364,-0.745
23.67367,-0.7486
23.68369,-0.6427
23.69371,-0.4286
23.70374,-0.1898
23.71376,-0.0314
23.72378,0.25
23.73381,0.5633
23.74383,1.0516
23.75385,1.3371
23.76388,1.4484
23.77395,1.5203
23.78402,1.1825
23.79409,0.6267
23.80416,-0.0083
23.81423,-0.4999
23.8243,-0.7766
23.83437,-0.9688
23.84444,-1.1347
23.85452,-1.3013
23.86459,-1.4845
23.87466,-1.6569
23.88473,-1.8611
23.89473,-2.089
23.90465,-2.3343
23.91457,-2.4923
23.92449,-2.571
23.93442,-2.6374
23.94434,-2.6517
23.95426,-2.6873
23.96418,-2.7132
23.9741,-2.7039
23.98403,-2.6656
23.99395,-2.5802
24.00387,-2.4159
24.01379,-2.2367
24.0238,-2.1029
24.03381,-2.0451
24.04381,-2.0323
24.05382,-2.03
24.06383,-1.9504
24.07383,-1.7769
24.08384,-1.5505
24.09385,-1.316
24.10385,-1.0993
24.11386,-0.9013
24.12387,-0.708
24.13387,-0.4804
24.14391,-0.2677
24.15397,-0.1243
24.16403,-0.061
24.17409,0.026
24.18414,0.1447
24.1942,0.2548
24.20426,0.3088
24.21432,0.339
24.22438,0.4273
24.23444,0.6179
24.2445,0.8564
24.25456,1.0816
24.26462,1.2291
24.27462,1.2841
24.28461,1.2258
24.29461,1.1059
24.30461,0.8738
24.31461,0.5706
24.32461,0.2447
24.33461,-0.0707
24.34461,-0.3576
24.3546,-0.6134
24.3646,-0.8685
24.3746,-1.1367
24.3846,-1.4011
24.39459,-1.6006
24.40457,-1.7884
24.41454,-1.8704
24.42451,-1.9188
24.43448,-1.9955
24.44446,-2.066
24.45443,-2.0574
24.4644,-1.9804
24.47437,-1.9014
24.48435,-1.8698
24.49432,-1.9334
24.50429,-2.0209
24.51426,-2.0173
24.52431,-1.9365
24.53434,-1.8299
24.54438,-1.711
24.55442,-1.6149
24.56446,-1.4787
24.5745,-1.2567
24.58454,-0.9466
24.59458,-0.4655
24.60462,0.0973
24.61466,0.583
24.6247,0.6345
24.63474,0.2654
24.64474,-0.2826
24.65468,-0.8013
24.66462,-0.8312
24.67456,-0.7907
24.68451,-1.2373
24.69445,-1.1463
24.70439,-1.1584
24.71433,-1.2212
24.72428,-1.3079
24.73422,-1.1687
24.74416,-1.037
24.7541,-1.1184
24.76405,-1.3141
24.77414,-1.4976
24.78424,-1.6696
24.79433,-1.813
24.80443,-1.9583
24.81452,-2.112
24.82462,-2.324
24.83471,-2.5039
24.84481,-2.6693
24.8549,-2.6848
24.865,-2.6093
24.87509,-2.5305
24.88519,-2.5052
24.89522,-2.4673
24.90517,-2.4945
24.91513,-2.462
24.92509,-2.5268
24.93504,-2.5527
24.945,-2.6245
24.95496,-2.6538
24.96491,-2.5759
24.97487,-2.4108
24.98483,-2.1037
24.99479,-1.718
25.00474,-1.3415
25.0147,-0.9927
25.02476,-0.6322
25.03481,-0.3121
25.04486,0.1578
25.05491,0.5972
25.06497,1.1383
25.07502,1.3477
25.08507,1.3655
25.09512,1.0265
25.10518,0.6441
25.11523,0.2544
25.12528,-0.1658
25.13534,-0.2
25.14535,-0.2294
25.15532,-0.3796
25.1653,-0.7375
25.17527,-1.0952
25.18525,-1.3981
25.19522,-1.6114
25.2052,-1.7696
25.21517,-1.8635
25.22514,-1.8688
25.23512,-1.8377
25.24509,-1.8895
25.25507,-2.0495
25.26504,-2.2446
25.27506,-2.463
25.28508,-2.5773
25.29509,-2.6433
25.30511,-2.5511
25.31512,-2.4619
25.32514,-2.3448
25.33515,-2.3181
25.34517,-2.371
25.35518,-2.4243
25.3652,-2.3868
25.37521,-2.2492
25.38523,-2.22
25.3952,-2.3005
25.4051,-2.3366
25.415,-2.2072
25.4249,-1.8574
25.43481,-1.6198
25.44471,-1.2381
25.45461,-0.8517
25.46452,-0.9179
25.47442,-0.8678
25.48432,-0.7665
25.49423,-0.341
25.50413,0.5206
25.51403,0.5492
25.52409,0.4482
25.53414,-0.0065
25.5442,0.1781
25.55424,0.1419
25.5643,0.0564
25.57435,-0.1296
25.5844,-0.2512
25.59445,-0.0984
25.6045,0.1307
25.61455,0.202
25.6246,0.1684
25.63465,0.0961
25.64474,-0.0311
25.65483,-0.0531
25.66491,-0.0988
25.675,-0.1183
25.68508,-0.1656
25.69517,-0.2035
25.70526,-0.2826
25.71534,-0.3248
25.72543,-0.331
25.73551,-0.378
25.7456,-0.3841
25.75568,-0.35
25.76577,-0.2997
25.77573,-0.1973
25.78569,-0.0646
25.79565,0.0782
25.80561,0.215
25.81557,0.3213
25.82553,0.4131
25.83548,0.4997
25.84544,0.6069
25.8554,0.8888
25.86536,1.1757
25.87532,1.2617
25.88528,1.196
25.89528,1.0093
25.90532,0.7312
25.91536,0.3963
25.9254,0.027
25.93544,-0.324
25.94548,-0.6491
25.95552,-0.9318
25.96556,-1.1831
25.9756,-1.3433
25.98564,-1.4066
25.99567,-1.396
26.00571,-1.3172
26.01575,-1.2621
26.02579,-1.1857
26.03582,-1.1802
26.04585,-1.0505
26.05588,-0.9746
26.06591,-0.8777
26.07594,-0.7155
26.08597,-0.5821
26.096,-0.4096
26.10603,-0.2024
26.11606,-0.0159
26.12609,0.1946
26.13613,0.415
26.14613,0.7114
26.1561,1.0159
26.16606,1.2126
26.17603,1.4193
26.186,1.6557
26.19596,1.8039
26.20593,1.983
26.2159,2.1498
26.22586,2.4433
26.23583,2.675
26.2458,3.0089
26.25577,3.3708
26.26573,3.5765
26.27569,3.5043
26.28563,3.3484
26.29558,3.1051
26.30553,2.8644
26.31548,2.6244
26.32543,2.3452
26.33538,2.0779
26.34533,1.7905
26.35527,1.4742
26.36522,1.1584
26.37517,0.8254
26.38512,0.5101
26.3951,0.1635
26.40509,-0.2153
26.41509,-0.6216
26.42509,-0.9169
26.43509,-1.2236
26.44508,-1.2381
26.45508,-1.2062
26.46508,-1.2151
26.47508,-1.2627
26.48507,-1.2693
26.49507,-1.2147
26.50507,-1.0199
26.51507,-0.8484
26.5253,-0.6807
26.53552,-0.491
26.54574,-0.2185
26.55596,0.1731
26.56618,0.702
26.57639,1.2406
26.58661,2.0426
26.59683,2.4353
26.60705,2.6046
26.61727,3.292
26.62749,1.9457
26.6377,2.2184
26.64773,2.6225
26.65756,2.8307
26.66738,2.6174
26.67721,2.2849
26.68704,1.9873
26.69686,1.5421
26.70669,1.1635
26.71652,0.7566
26.72634,0.345
26.73617,-0.0435
26.74599,-0.3695
26.75582,-0.6889
26.76565,-0.9856
26.77567,-1.2711
26.7857,-1.4683
26.79572,-1.623
26.80575,-1.7939
26.81577,-1.8559
26.82579,-1.8792
26.83582,-1.8284
26.84584,-1.7486
26.85587,-1.7911
26.86589,-1.7774
26.87592,-1.8939
26.88594,-1.9831
26.89593,-1.9277
26.90589,-1.881
26.91585,-1.8663
26.92581,-1.9498
26.93577,-1.9556
26.94573,-1.8039
26.95569,-1.6348
26.96565,-1.5575
26.97561,-1.4531
26.98557,-1.3285
26.99553,-1.0325
27.0055,-0.6448
27.01546,-0.1307
27.02555,0.6427
27.03563,1.1997
27.04572,1.917
27.0558,2.6064
27.06588,3.2949
27.07597,3.204
27.08605,3.8768
27.09613,4.6373
27.10622,5.3869
27.1163,5.6636
27.12639,5.4469
27.13647,4.7778
27.14648,3.774
27.15642,2.7803
27.16636,1.8936
27.1763,1.1932
27.18624,0.5104
27.19618,-0.2143
27.20612,-0.7965
27.21606,-1.156
27.226,-1.4152
27.23594,-1.6705
27.24588,-1.8726
27.25582,-2.0494
27.26576,-2.2012
27.27576,-2.2546
27.28575,-2.2341
27.29574,-2.1993
27.30573,-2.1207
27.31573,-1.997
27.32572,-1.8823
27.33571,-1.8112
27.3457,-1.7473
27.35569,-1.7507
27.36568,-1.7274
27.37568,-1.6029
27.38567,-1.3174
27.3957,-0.8683
27.40577,-0.4131
27.41583,0.2839
27.4259,1.1514
27.43597,1.643
27.44604,2.1688
27.4561,2.5028
27.46617,2.7253
27.47624,2.6776
27.48631,2.3876
27.49637,1.9759
27.50644,1.5798
27.51651,1.2003
27.52641,0.7739
27.53631,0.2569
27.54622,-0.23
27.55611,-0.4309
27.56601,-0.5043
27.57591,-0.5361
27.58581,-0.6447
27.59571,-0.661
27.60561,-0.8824
27.61551,-1.2852
27.62541,-1.7453
27.63531,-2.1343
27.64528,-2.3233
27.65531,-2.452
27.66534,-2.4423
27.67537,-2.48
27.6854,-2.3363
27.69543,-2.1706
27.70546,-1.9042
27.71549,-1.6195
27.72552,-1.4464
27.73555,-1.4334
27.74558,-1.5816
27.75561,-1.4656
27.76564,-1.1934
27.77571,-0.8667
27.78578,-0.653
27.79585,-0.2062
27.80591,0.0916
27.81598,0.2896
27.82605,0.089
27.83611,0.0498
27.84618,0.0929
27.85625,0.086
27.86632,0.2661
27.87638,0.3067
27.88645,0.3112
27.89648,0.5683
27.90646,0.9919
27.91643,1.2667
27.92641,1.1781
27.93638,0.5688
27.94636,-0.2981
27.95633,-1.0805
27.96631,-1.6743
27.97628,-2.052
27.98626,-2.3923
27.99623,-2.683
28.00621,-2.8181
28.01619,-2.8586
28.02623,-2.7771
28.03628,-2.6414
28.04632,-2.5358
28.05637,-2.4973
28.06641,-2.4033
28.07645,-2.3834
28.0865,-2.2774
28.09654,-2.2017
28.10659,-2.0652
28.11663,-1.996
28.12668,-1.7787
28.13672,-1.4904
28.14674,-1.0659
28.15672,-0.4267
28.16671,0.03
28.17669,0.4982
28.18667,0.9618
28.19666,1.6144
28.20664,2.4293
28.21663,3.1768
28.22661,3.5915
28.23659,3.6772
28.24658,3.2047
28.25656,3.3473
28.26655,3.7947
28.27655,4.4731
28.28656,4.4695
28.29656,4.3719
28.30656,4.2069
28.31656,3.9976
28.32656,3.9307
28.33657,3.7951
28.34657,3.3964
28.35657,2.6381
28.36658,1.642
28.37658,0.9582
28.38658,0.5069
28.39656,0.2289
28.40652,0.0202
28.41648,-0.2144
28.42644,-0.5349
28.4364,-0.9542
28.44635,-1.2216
28.45631,-1.3849
28.46627,-1.5143
28.47623,-1.568
28.48619,-1.6201
28.49615,-1.5954
28.50611,-1.6341
28.51606,-1.6738
28.52606,-1.7406
28.53605,-1.8615
28.54604,-2.0205
28.55603,-2.0101
28.56602,-1.8057
28.57602,-1.1712
28.58601,-0.7794
28.596,-0.6024
28.60599,-0.527
28.61598,-0.4171
28.62597,-0.1637
28.63597,0.2281
28.64598,0.6256
28.65602,0.9546
28.66607,1.0179
28.6761,0.935
28.68614,1.1583
28.69618,1.3933
28.70622,1.6777
28.71626,1.8844
28.7263,2.0191
28.73634,2.4516
28.74638,2.741
28.75642,2.9307
28.76646,2.895
28.77644,2.5977
28.7864,2.0568
28.79636,1.5727
28.80633,1.2
28.81629,0.8145
28.82625,0.4348
28.83622,0.0351
28.84618,-0.4228
28.85615,-0.8933
28.86611,-1.2078
28.87607,-1.3756
28.88604,-1.5109
28.89603,-1.505
28.90602,-1.4055
28.91601,-1.3447
28.926,-1.3324
28.936,-1.3754
28.94599,-1.3882
28.95598,-1.4321
28.96597,-1.4316
28.97596,-1.4164
28.98595,-1.3065
28.99594,-1.27
29.00593,-1.3033
29.01592,-1.2962
29.02602,-1.2486
29.03611,-0.9941
29.0462,-0.5714
29.05629,-0.1876
29.06638,0.0467
29.07647,0.3215
29.08656,0.5327
29.09665,0.3583
29.10673,0.9555
29.11682,1.5222
29.12691,1.5714
29.137,1.921
29.14705,2.2956
29.15704,2.5291
29.16702,2.4309
29.17702,2.3361
29.187,2.1592
29.19699,1.8963
29.20698,1.5421
29.21697,1.1854
29.22696,0.8456
29.23695,0.5022
29.24694,0.2224
29.25693,0.0071
29.26692,-0.1417
29.27694,-0.3525
29.28697,-0.39
29.29699,-0.5408
29.30701,-0.64
29.31704,-0.6339
29.32706,-0.6666
29.33708,-0.651
29.34711,-0.6695
29.35713,-0.7123
29.36716,-0.6291
29.37718,-0.6307
29.3872,-0.6813
29.39722,-0.6852
29.40722,-0.5649
29.41722,-0.4698
29.42722,-0.2556
29.43722,-0.01
29.44722,0.2581
29.45722,0.5903
29.46722,1.0171
29.47722,1.4789
29.48722,2.0383
29.49722,2.7109
29.50722,2.9683
29.51722,2.7249
29.52719,2.4602
29.53715,2.284
29.54711,2.4504
29.55707,2.7479
29.56703,3.0314
29.57699,3.0125
29.58695,2.9054
29.59691,2.7906
29.60686,2.5548
29.61683,2.3616
29.62679,2.1393
29.63675,1.7691
29.64674,1.4389
29.65677,1.2417
29.6668,1.0718
29.67683,0.9069
29.68686,0.6888
29.69689,0.4727
29.70692,0.211
29.71695,-0.0545
29.72698,-0.2468
29.73701,-0.3808
29.74704,-0.491
29.75707,-0.4602
29.7671,-0.4415
29.77709,-0.461
29.78708,-0.5883
29.79708,-0.6757
29.80707,-0.8592
29.81706,-0.9113
29.82705,-0.9615
29.83705,-0.6922
29.84704,-0.6478
29.85703,-0.7685
29.86702,-0.8026
29.87702,-0.7703
29.88701,-0.7254
29.89699,-0.6042
29.90696,-0.5757
29.91693,-0.6058
29.9269,-0.5954
29.93687,-0.5272
29.94684,-0.3461
29.95681,-0.0842
29.96679,0.2821
29.97676,0.7873
29.98672,1.0716
29.99669,0.9625
30.00667,0.5355
30.01664,0.5388
30.02674,1.0909
30.03685,1.3761
30.04695,1.6307
30.05706,1.4409
30.06716,1.3908
30.07727,1.5467
30.08737,1.1462
30.09748,0.7581
30.10758,0.8875
30.11769,0.9009
30.12779,0.7442
30.1379,0.4637
30.14796,0.1968
30.15796,0.0374
30.16796,-0.0065
30.17796,-0.016
30.18796,0.012
30.19796,-0.0018
30.20796,-0.0474
30.21796,-0.154
30.22796,-0.1925
30.23796,-0.1522
30.24796,-0.1521
30.25797,-0.1424
30.26797,-0.0162
30.27796,0.0667
30.28795,0.172
30.29795,0.2418
30.30794,0.2517
30.31794,0.1879
30.32793,0.1427
30.33792,0.0938
30.34792,-0.0156
30.35791,-0.0982
30.3679,-0.1962
30.3779,-0.2159
30.38789,-0.1805
30.39789,-0.1297
30.40789,-0.1215
30.41789,-0.1458
30.42789,-0.2255
30.43789,-0.2566
30.44789,-0.2762
30.45789,-0.3112
30.46789,-0.4406
30.47789,-0.5951
30.48789,-0.7276
30.49789,-0.827
30.50788,-0.8948
30.51789,-0.9357
30.52785,-0.9763
30.53782,-0.9769
30.54778,-0.9247
30.55774,-0.8264
30.56771,-0.6733
30.57767,-0.4983
30.58764,-0.3737
30.5976,-0.3546
30.60756,-0.4115
30.61753,-0.464
30.62749,-0.4695
30.63746,-0.4373
30.64746,-0.3716
30.65748,-0.2739
30.66751,-0.1998
30.67753,-0.1514
30.68756,-0.1223
30.69759,-0.099
30.70761,-0.0213
30.71764,0.1677
30.72767,0.2914
30.73769,0.4561
30.74772,0.619
30.75775,0.7105
30.76777,0.8131
30.77777,0.9034
30.78776,0.9022
30.79776,0.8178
30.80775,0.7568
30.81775,0.6915
30.82774,0.6638
30.83774,0.7007
30.84773,0.7486
30.85772,0.7902
30.86772,0.8259
30.87771,0.8059
30.88771,0.7595
30.89772,0.7367
30.90772,0.7798
30.91772,0.8695
30.92772,1.0425
30.93771,1.1663
30.94771,1.2482
30.95771,1.2963
30.96771,1.3191
30.97771,1.325
30.9877,1.2684
30.9977,1.3249
31.0077,1.4291
31.0177,1.458
31.02769,1.4685
31.03769,1.551
31.04769,1.6332
31.05768,1.6587
31.06767,1.6737
31.07767,1.6278
31.08767,1.5952
31.09766,1.5322
31.10766,1.4273
31.11765,1.2753
31.12765,1.1024
31.13764,0.9482
31.14767,0.7032
31.15771,0.4942
31.16776,0.3408
31.1778,0.2601
31.18785,0.1596
31.19789,0.1007
31.20794,0.0286
31.21798,-0.0063
31.22802,-0.0269
31.23807,-0.0851
31.24811,-0.1185
31.25816,-0.1664
31.2682,-0.2672
31.27824,-0.4062
31.28827,-0.522
31.2983,-0.5608
31.30833,-0.5581
31.31837,-0.5623
31.3284,-0.6022
31.33843,-0.6674
31.34846,-0.7444
31.3585,-0.8033
31.36853,-0.8869
31.37856,-1.1028
31.3886,-1.5194
31.39861,-1.8631
31.40861,-2.0165
31.4186,-2.0156
31.4286,-1.9975
31.43859,-1.9734
31.44859,-1.9461
31.45858,-1.9572
31.46858,-2.003
31.47857,-2.0237
31.48857,-2.0261
31.49856,-2.0018
31.50856,-1.9639
31.51855,-1.9148
31.52855,-1.8421
31.53855,-1.722
31.54854,-1.5554
31.55854,-1.4416
31.56853,-1.4045
31.57853,-1.4885
31.58852,-1.6235
31.59852,-1.6476
31.60851,-1.5503
31.61851,-1.3687
31.6285,-1.1378
31.6385,-0.9358
31.64849,-0.7093
31.65847,-0.4862
31.66846,-0.2463
31.67844,0.0227
31.68842,0.2844
31.69841,0.586
31.70839,0.8416
31.71837,1.0624
31.72836,1.2588
31.73834,1.3863
31.74832,1.481
31.7583,1.5285
31.76829,1.5817
31.7783,1.598
31.7883,1.634
31.79831,1.6906
31.80831,1.8016
31.81831,1.9318
31.82832,2.0087
31.83832,1.9866
31.84832,1.9468
31.85833,1.9326
31.86833,1.9613
31.87834,2.0056
31.88834,2.0502
31.89836,2.0316
31.90838,1.9964
31.9184,1.9689
31.92843,1.9936
31.93845,2.0178
31.94848,2.0784
31.9585,2.0925
31.96853,2.1116
31.97855,2.1458
31.98858,2.2436
31.9986,2.3607
32.00863,2.4565
32.01865,2.5312
32.02865,2.5928
32.03865,2.7254
32.04865,2.9606
32.05865,3.1711
32.06865,3.3319
32.07865,3.4487
32.08865,3.5771
32.09865,3.6859
32.10865,3.8819
32.11865,3.9558
32.12865,3.9279
32.13865,3.9064
32.14862,3.946
32.15856,3.937
32.1685,3.7992
32.17844,3.4399
32.18838,2.8762
32.19832,2.2347
32.20826,1.5908
32.2182,0.9587
32.22815,0.4196
32.23809,-0.0483
32.24802,-0.4481
32.25797,-0.8209
32.26791,-1.1553
32.27804,-1.4557
32.28817,-1.6351
32.29831,-1.7017
32.30844,-1.7061
32.31857,-1.7141
32.3287,-1.7328
32.33883,-1.7425
32.34897,-1.7918
32.3591,-1.7923
32.36923,-1.7593
32.37936,-1.7321
32.3895,-1.6861
32.39959,-1.6804
32.40963,-1.6752
32.41968,-1.6641
32.42973,-1.655
32.43977,-1.6539
32.44982,-1.6554
32.45986,-1.6345
32.46991,-1.6059
32.47995,-1.5788
32.49,-1.5547
32.50005,-1.5012
32.51009,-1.4296
32.52014,-1.3568
32.53014,-1.2836
32.54014,-1.1783
32.55014,-1.0545
32.56014,-0.9486
32.57014,-0.9726
32.58014,-1.0085
32.59014,-0.9959
32.60014,-1.0057
32.61014,-1.035
32.62014,-1.0397
32.63014,-1.1199
32.64014,-1.2258
32.65009,-1.3469
32.65999,-1.4756
32.66989,-1.6437
32.67979,-1.8175
32.68969,-2.0002
32.69958,-2.1461
32.70948,-2.2573
32.71938,-2.3643
32.72928,-2.4477
32.73918,-2.4711
32.74908,-2.3994
32.75898,-2.2633
32.76888,-2.0814
32.77893,-2.062
32.78896,-2.0278
32.79899,-2.0448
32.80902,-2.1787
32.81905,-2.4234
32.82909,-2.6107
32.83912,-2.633
32.84915,-2.5342
32.85918,-2.4212
32.86921,-2.3728
32.87924,-2.4024
32.88927,-2.4299
32.89932,-2.422
32.90938,-2.3537
32.91944,-2.1949
32.9295,-1.9256
32.93956,-1.5374
32.94962,-1.0762
32.95967,-0.612
32.96973,-0.2148
32.97979,0.089
32.98985,0.1736
32.99991,-0.0232
33.00997,-0.1366
33.02003,-0.1147
33.02991,-0.1183
33.0398,-0.0832
33.04969,-0.0173
33.05957,0.0208
33.06946,0.0386
33.07935,0.054
33.08924,0.0324
33.09912,0.0084
33.10901,0.0733
33.1189,0.1638
33.12878,0.27
33.13867,0.4325
33.14863,0.502
33.15866,0.4894
33.1687,0.4365
33.17873,0.3288
33.18877,0.19
33.1988,0.0269
33.20884,-0.2101
33.21887,-0.4565
33.2289,-0.5817
33.23893,-0.6548
33.24897,-0.7224
33.259,-0.8641
33.26904,-1.0939
33.27904,-1.3562
33.28904,-1.6187
33.29904,-1.8317
33.30904,-1.999
33.31904,-2.1607
33.32904,-2.3244
33.33905,-2.4794
33.34904,-2.5787
33.35905,-2.7227
33.36905,-2.8657
33.37905,-2.975
33.38905,-3.0192
33.39911,-3.003
33.40917,-2.9821
33.41924,-2.9179
33.4293,-2.8476
33.43937,-2.836
33.44943,-2.8433
33.4595,-2.8425
33.46957,-2.8346
33.47963,-2.8326
33.4897,-2.814
33.49976,-2.7541
33.50983,-2.6659
33.5199,-2.6232
33.52999,-2.5227
33.54007,-2.4401
33.55016,-2.4712
33.56024,-2.5481
33.57033,-2.5852
33.58041,-2.7115
33.5905,-2.8136
33.60058,-2.831
33.61066,-2.8685
33.62075,-2.8097
33.63084,-2.7745
33.64092,-2.749
33.65095,-2.5641
33.66088,-2.4473
33.67082,-2.3517
33.68076,-2.2697
33.6907,-2.2308
33.70063,-2.2483
33.71057,-2.282
33.7205,-2.268
33.73044,-2.1941
33.74038,-2.0768
33.75032,-1.895
33.76025,-1.6554
33.77019,-1.5628
33.78019,-1.3146
33.79016,-1.414
33.80013,-1.4083
33.81011,-1.3893
33.82008,-1.3895
33.83006,-1.3089
33.84003,-1.1803
33.85,-1.3308
33.85998,-1.1366
33.86995,-1.1923
33.87992,-0.99
33.8899,-1.1297
33.89993,-1.082
33.90999,-0.8891
33.92005,-0.7163
33.93011,-0.6703
33.94018,-0.4629
33.95024,-0.3072
33.9603,-0.2355
33.97037,-0.1712
33.98043,-0.0103
33.99049,0.3017
34.00056,0.6118
34.01062,0.85
34.02068,1.0521
34.03059,1.2474
34.04049,1.4495
34.05039,1.7012
34.06029,1.9666
34.07019,2.2037
34.0801,2.4065
34.09,2.6201
34.0999,2.7281
34.1098,2.8044
34.11971,2.8167
34.1296,2.6889
34.13951,2.4802
34.14949,2.0967
34.15955,1.6365
34.1696,1.1843
34.17965,0.7577
34.18971,0.3627
34.19976,-0.0333
34.20982,-0.3619
34.21987,-0.5849
34.22993,-0.7537
34.23998,-0.9001
34.25004,-1.0432
34.26009,-1.2009
34.27015,-1.3026
34.28008,-1.3989
34.29002,-1.4797
34.29995,-1.609
34.30988,-1.7455
34.31982,-1.8218
34.32975,-1.8266
34.33968,-1.9039
34.34962,-2.0669
34.35955,-2.1861
34.36949,-2.2997
34.37942,-2.3017
34.38935,-2.35
34.39935,-2.4695
34.40939,-2.5569
34.41943,-2.5754
34.42947,-2.5805
34.43951,-2.5478
34.44956,-2.4368
34.4596,-2.3272
34.46964,-2.2445
34.47968,-2.2006
34.48972,-2.1282
34.49976,-2.0472
34.50981,-1.942
34.51985,-1.8698
34.52991,-1.7296
34.53997,-1.6097
34.55004,-1.4055
34.5601,-1.1741
34.57017,-0.9066
34.58023,-0.6414
34.59029,-0.2208
34.60036,-1.3394
34.61042,-1.1775
34.62049,-0.8779
34.63055,-0.7312
34.64061,-0.8344
34.65063,-0.5087
34.6606,-0.8063
34.67056,-0.7319
34.68053,-0.7806
34.69049,-0.1809
34.70046,-0.1901
34.71043,-0.419
34.72039,-0.0088
34.73036,-0.3878
34.74033,-0.126
34.75029,-0.4278
34.76026,-0.6983
34.77022,-0.8885
34.78021,-1.1632
34.79019,-1.3991
34.80018,-1.5673
34.81016,-1.7456
34.82015,-1.9435
34.83013,-2.105
34.84011,-2.2595
34.8501,-2.3563
34.86008,-2.4682
34.87007,-2.6467
34.88005,-2.8351
34.89004,-2.9772
34.90005,-3.0206
34.91009,-3.0422
34.92014,-3.0513
34.93018,-2.9866
34.94022,-2.9656
34.95026,-2.995
34.9603,-2.967
34.97034,-3.0024
34.98038,-3.004
34.99043,-3.0224
35.00047,-3.0151
35.01051,-2.8875
35.02055,-2.7006
35.03061,-2.606
35.04065,-2.5253
35.05068,-2.4835
35.06072,-2.4438
35.07076,-2.3719
35.08079,-2.2986
35.09083,-2.2242
35.10086,-2.1807
35.1109,-2.1744
35.12094,-2.1523
35.13097,-2.0962
35.14101,-1.9797
35.15099,-1.7928
35.16091,-1.6064
35.17083,-1.4675
35.18076,-1.404
35.19067,-1.3652
35.2006,-1.3081
35.21051,-1.2913
35.22044,-1.2476
35.23036,-1.0722
35.24028,-0.7796
35.2502,-0.1665
35.26012,0.7023
35.27004,1.8777
35.28007,2.3289
35.2901,2.7503
35.30014,2.9652
35.31017,2.9546
35.3202,2.6586
35.33023,2.881
35.34026,3.0596
35.35029,3.2536
35.36032,3.529
35.37036,3.5891
35.38039,3.6222
35.39042,3.5702
35.40043,3.5546
35.4104,3.6317
35.42037,3.8388
35.43035,4.1428
35.44032,4.4806
35.45029,4.6773
35.46027,3.987
35.47024,3.7632
35.48021,3.8125
35.49019,3.7382
35.50016,3.4848
35.51014,3.3862
35.52011,3.2417
35.53012,3.1737
35.54013,2.9543
35.55015,2.1237
35.56017,2.1049
35.57018,2.2534
35.58019,1.9402
35.59021,1.9178
35.60022,1.8461
35.61023,1.5491
35.62025,1.3079
35.63026,1.2514
35.64027,1.3194
35.65033,1.3475
35.66041,1.3351
35.67049,1.2383
35.68057,1.0803
35.69065,0.8684
35.70073,0.7493
35.71081,0.6658
35.72089,0.5228
35.73097,0.4249
35.74105,0.424
35.75113,0.4495
35.76121,0.5108
35.77129,0.4348
35.78129,0.4116
35.79129,0.3448
35.80128,0.3027
35.81128,0.1807
35.82128,0.1744
35.83128,0.1555
35.84128,0.1231
35.85128,0.0619
35.86127,0.0071
35.87127,-0.1316
35.88127,-0.2932
35.89127,-0.3648
35.90127,-0.451
35.91127,-0.3971
35.92127,-0.3739
35.93127,-0.3735
35.94127,-0.3371
35.95127,-0.2565
35.96127,-0.1316
35.97126,-0.0991
35.98126,-0.0469
35.99126,0.0118
36.00126,0.0606
36.01126,0.0823
36.02126,0.1359
36.03126,0.2873
36.04126,0.4497
36.05127,0.496
36.06127,0.4282
36.07127,0.2918
36.08128,0.1434
36.09128,0.122
36.10128,0.1777
36.11128,0.2652
36.12128,0.3991
36.13129,0.5316
36.14129,0.7349
36.15129,1.2987
36.16124,1.8505
36.17119,1.9271
36.18114,2.0681
36.1911,2.1895
36.20105,2.1966
36.211,2.4632
36.22096,2.4678
36.23091,2.4592
36.24086,2.3624
36.25082,2.3227
36.26077,2.3034
36.27072,2.3046
36.28072,2.3187
36.29072,2.3006
36.30072,2.2806
36.31071,2.2668
36.32071,2.2656
36.33071,2.2767
36.34071,2.1918
36.3507,2.0219
36.3607,1.7609
36.3707,1.4885
36.3807,1.2426
36.39069,1.0187
36.4007,0.7931
36.41072,0.5915
36.42074,0.406
36.43075,0.2646
36.44077,0.1182
36.45079,0.0115
36.4608,-0.0561
36.47082,-0.0195
36.48083,0.0505
36.49085,0.2002
36.50087,0.5273
36.51088,0.5366
36.5209,0.3688
36.53094,0.1807
36.54097,0.1491
36.551,0.0423
36.56103,-0.15
36.57106,-0.3689
36.58109,-0.3993
36.59112,-0.444
36.60115,-0.4651
36.61118,-0.4361
36.62121,-0.4767
36.63124,-0.4542
36.64127,-0.4905
36.65128,-0.5686
36.66127,-0.6497
36.67125,-0.7392
36.68123,-0.8085
36.69121,-0.8226
36.70119,-0.7864
36.71117,-0.7301
36.72115,-0.7118
36.73113,-0.7116
36.74112,-0.7261
36.75109,-0.7294
36.76108,-0.721
36.77106,-0.6917
36.7811,-0.6497
36.79114,-0.5797
36.80118,-0.5373
36.81122,-0.5094
36.82126,-0.4765
36.8313,-0.4564
36.84135,-0.4456
36.85139,-0.4391
36.86143,-0.4177
36.87147,-0.3962
36.88151,-0.3302
36.89155,-0.2806
36.90158,-0.2425
36.91159,-0.2321
36.9216,-0.1934
36.93161,-0.1437
36.94162,-0.064
36.95162,0.0253
36.96163,0.1432
36.97164,0.2548
36.98165,0.3678
36.99166,0.4241
37.00167,0.4038
37.01167,0.3834
37.02168,0.3752
37.03167,0.3584
37.04166,0.3765
37.05164,0.439
37.06163,0.5064
37.07161,0.5845
37.0816,0.6285
37.09158,0.6234
37.10157,0.5737
37.11155,0.4708
37.12154,0.3684
37.13152,0.2612
37.14151,0.209
37.15151,0.2008
37.16153,0.2446
37.17155,0.2529
37.18158,0.2337
37.1916,0.1971
37.20162,0.2029
37.21164,0.1935
37.22166,0.2259
37.23169,0.2525
37.24171,0.2933
37.25173,0.3362
37.26175,0.3959
37.27177,0.5444
37.28175,0.7456
37.29173,0.9665
37.3017,1.194
37.31168,1.3838
37.32165,1.6485
37.33162,1.8271
37.3416,1.9948
37.35157,2.2236
37.36155,2.5423
37.37152,2.8485
37.3815,2.8349
37.39148,2.7715
37.40146,2.6097
37.41146,2.4906
37.42145,2.4783
37.43145,2.4705
37.44144,2.5172
37.45144,2.5457
37.46143,2.5702
37.47142,2.6662
37.48142,2.8357
37.49141,3.0122
37.50141,3.1433
37.5114,3.1864
37.5214,3.1746
37.53142,3.1628
37.54145,3.1543
37.55147,3.1707
37.5615,3.1739
37.57152,3.1154
37.58155,2.9764
37.59157,2.8599
37.6016,2.6317
37.61163,2.3826
37.62165,2.0747
37.63168,1.7282
37.6417,1.421
37.65171,1.1692
37.66169,0.9634
37.67167,0.7303
37.68165,0.4988
37.69164,0.2254
37.70162,-0.0679
37.7116,-0.4375
37.72158,-0.6949
37.73157,-0.9365
37.74155,-1.1054
37.75153,-1.2148
37.76151,-1.3021
37.7715,-1.3855
37.78151,-1.5079
37.79151,-1.6548
37.80151,-1.7477
37.8115,-1.9433
37.8215,-2.1397
37.8315,-2.2202
37.8415,-2.217
37.85149,-2.2723
37.86149,-2.2611
37.87149,-2.2405
37.88148,-2.1466
37.89148,-2.0863
37.90153,-1.9997
37.91162,-1.8039
37.92171,-1.6655
37.9318,-1.5573
37.94189,-1.5012
37.95198,-1.5242
37.96207,-1.5308
37.97216,-1.3999
37.98225,-1.2607
37.99234,-1.2242
38.00244,-1.1442
38.01253,-1.1777
38.02262,-0.9474
38.03263,-0.7365
38.04264,-0.4613
38.05265,-0.6316
38.06266,-1.1755
38.07268,-1.3315
38.08269,-0.7198
38.0927,-0.2575
38.10271,0.0343
38.11272,0.2832
38.12273,0.4911
38.13274,0.5621
38.14276,0.5898
38.15276,0.5802
38.16273,0.4606
38.1727,0.4152
38.18267,0.5494
38.19265,0.7108
38.20262,0.8268
38.21259,0.8913
38.22256,0.8461
38.23254,0.7422
38.24251,0.6048
38.25248,0.4101
38.26246,0.155
38.27243,-0.2396
38.28241,-0.6941
38.29239,-1.0294
38.30237,-1.2928
38.31235,-1.5062
38.32233,-1.7277
38.33231,-1.9318
38.34229,-2.0685
38.35227,-2.1823
38.36225,-2.2473
38.37223,-2.3717
38.38221,-2.4515
38.39219,-2.5315
38.40219,-2.605
38.41222,-2.6314
38.42223,-2.586
38.43225,-2.4669
38.44228,-2.4156
38.4523,-2.2852
38.46231,-1.9625
38.47234,-1.5397
38.48236,-0.9936
38.49238,-0.5661
38.5024,-0.2555
38.51242,-0.0623
38.52244,0.0587
38.53244,0.2026
38.54245,0.4587
38.55245,0.8314
38.56245,1.3346
38.57245,1.6575
38.58245,2.1597
38.59245,2.3868
38.60246,1.7886
38.61246,2.5617
38.62246,2.6896
38.63246,2.5291
38.64246,2.5361
38.65245,2.8612
38.66245,2.7438
38.67243,2.7691
38.68242,2.4749
38.69241,2.0216
38.7024,1.6604
38.71239,1.3747
38.72238,1.1552
38.73237,0.7486
38.74236,0.5583
38.75235,0.3191
38.76233,0.147
38.77232,0.2186
38.78233,0.3147
38.79233,0.3548
38.80233,0.2687
38.81233,0.1032
38.82233,-0.1203
38.83234,-0.3333
38.84233,-0.5363
38.85234,-0.6772
38.86234,-0.8616
38.87234,-1.0913
38.88234,-1.3275
38.89234,-1.4621
38.90234,-1.4207
38.91234,-1.2253
38.92233,-1.2266
38.93233,-1.1832
38.94233,-1.3169
38.95232,-1.5326
38.96232,-1.6549
38.97231,-1.5707
38.98231,-1.4211
38.99231,-1.3306
39.0023,-1.1507
39.0123,-1.1075
39.02229,-1.0678
39.03239,-1.0399
39.04247,-0.9745
39.05255,-0.7955
39.06263,-0.7355
39.0727,-0.7438
39.08278,-0.5925
39.09286,-0.5729
39.10294,-0.5785
39.11301,-0.6135
39.12309,-0.566
39.13317,-0.4349
39.14325,-0.2981
39.15328,-0.1501
39.16328,0.0332
39.17327,0.2576
39.18327,0.4729
39.19326,0.6873
39.20326,0.8323
39.21326,0.7919
39.22325,0.9227
39.23325,0.9901
39.24324,0.9573
39.25324,1.3536
39.26324,1.9875
39.27323,2.3843
39.28323,2.5964
39.29323,2.6808
39.30323,2.7516
39.31322,3.3071
39.32322,3.2451
39.33321,3.4332
39.34321,2.783
39.35321,2.9369
39.3632,3.1241
39.3732,3.0354
39.38319,2.7173
39.39319,2.3054
39.40318,1.9511
39.41317,1.2281
39.42316,0.9745
39.43315,0.6324
39.44314,0.2366
39.45313,0.2209
39.46312,0.2587
39.47311,0.0861
39.4831,-0.366
39.49309,-0.8417
39.50308,-1.0528
39.51307,-1.0633
39.52306,-1.011
39.53303,-1.0026
39.54301,-1.0314
39.55298,-1.1235
39.56295,-1.2097
39.57293,-1.2675
39.5829,-1.3235
39.59287,-1.3778
39.60284,-1.4311
39.61282,-1.3672
39.62279,-1.3486
39.63276,-1.3665
39.64273,-1.3292
39.65273,-1.1773
39.66272,-1.1215
39.67272,-1.1662
39.68272,-1.0875
39.69271,-1.0809
39.70271,-1.0873
39.71271,-1.0979
39.72271,-1.0025
39.7327,-0.8517
39.7427,-0.7712
39.7527,-0.7199
39.76269,-0.6797
39.77269,-0.5371
39.78273,-0.442
39.79278,-0.4471
39.80282,-0.3406
39.81287,-0.2696
39.82291,-0.1894
39.83295,-0.1252
39.84299,-0.0511
39.85304,0.0814
39.86308,0.2456
39.87313,0.3632
39.88317,0.4493
39.89322,0.4999
39.90323,0.6126
39.91322,0.869
39.92322,1.1035
39.93321,1.4388
39.9432,1.648
39.9532,1.8671
39.96319,2.0948
39.97318,2.346
39.98318,2.5959
39.99317,2.871
40.00316,3.1746
40.01315,3.4348
40.02315,3.6445
40.03321,3.7762
40.04327,3.9202
40.05333,4.1213
40.06339,4.4051
40.07346,4.7185
40.08352,5.0612
40.09357,5.263
40.10364,5.4416
40.1137,5.5316
40.12376,5.598
40.13382,5.6838
40.14388,5.7472
40.15391,5.8112
40.16389,5.9102
40.17388,6.0184
40.18386,5.8845
40.19384,5.8971
40.20383,6.0423
40.21381,5.7836
40.2238,5.2442
40.23378,5.2686
40.24377,4.839
40.25375,4.6065
40.26374,4.1883
40.27372,3.7225
40.28375,3.5352
40.29377,3.4088
40.3038,3.2561
40.31382,3.1177
40.32385,3.0374
40.33387,3.0279
40.3439,3.0379
40.35392,2.8667
40.36395,2.7962
40.37397,2.7612
40.384,2.6203
40.39402,2.4339
40.40402,2.204
40.41399,2.0526
40.42395,1.8764
40.43392,1.6759
40.44389,1.4189
40.45385,1.0856
40.46382,0.7741
40.47379,0.4938
40.48375,0.2424
40.49372,0.1107
40.50369,-0.0688
40.51365,-0.2578
40.52362,-0.1893
40.53364,-0.1519
40.54366,-0.0616
40.55368,0.0331
40.5637,0.208
40.57372,0.3864
40.58374,0.5087
40.59376,0.6208
40.60378,0.8096
40.61379,0.7852
40.62381,0.8407
40.63383,0.932
40.64385,0.8785
40.65384,0.9497
40.66381,0.9743
40.67377,1.0057
40.68373,1.1539
40.69369,1.4222
40.70366,1.8328
40.71362,2.3034
40.72358,2.7596
40.73354,3.1237
40.7435,3.3654
40.75346,3.5824
40.76343,3.8521
40.77339,4.1935
40.78343,4.5719
40.79346,4.9217
40.8035,5.2072
40.81353,5.3967
40.82357,5.5231
40.8336,5.6668
40.84364,5.8745
40.85367,6.161
40.8637,6.4484
40.87374,6.7081
40.88377,6.8885
40.89381,7.0172
40.90386,7.1692
40.91392,7.35
40.92398,7.5067
40.93405,7.5547
40.94411,7.5124
40.95417,7.3713
40.96424,7.2328
40.9743,7.182
40.98436,7.1514
40.99443,7.1126
41.00449,7.0527
41.01455,6.9478
41.02462,6.8055
41.03462,6.5533
41.04462,6.1628
41.05462,5.5881
41.06462,4.8337
41.07462,4.2661
41.08462,4.034
41.09462,3.9207
41.10462,3.8086
41.11462,3.61
41.12462,3.3763
41.13462,3.0712
41.14462,2.6972
41.1546,2.3919
41.16455,2.0939
41.1745,1.9208
41.18445,1.853
41.1944,1.8792
41.20435,1.9097
41.2143,1.9338
41.22425,1.9233
41.2342,1.873
41.24415,1.8236
41.2541,1.7565
41.26405,1.657
41.274,1.6312
41.28402,1.624
41.29404,1.6387
41.30406,1.6288
41.31408,1.6346
41.3241,1.6037
41.33412,1.5204
41.34414,1.4065
41.35416,1.2198
41.36418,1.1059
41.3742,0.9631
41.38422,0.8284
41.39425,0.7434
41.40427,0.6568
41.4143,0.4861
41.42433,0.2015
41.43436,-0.0991
41.44439,-0.4623
41.45442,-0.7634
41.46445,-1.0016
41.47448,-1.1411
41.4845,-1.1883
41.49453,-1.2094
41.50456,-1.2534
41.51459,-1.4319
41.52462,-1.8214
41.53467,-1.8636
41.54473,-1.9688
41.55478,-2.1102
41.56483,-2.289
41.57489,-2.3303
41.58494,-2.3548
41.595,-2.3348
41.60505,-2.3807
41.6151,-2.4683
41.62516,-2.5906
41.63522,-2.6981
41.64527,-2.7774
41.65527,-2.8332
41.66523,-2.6759
41.67518,-2.2546
41.68513,-2.2129
41.69508,-2.2234
41.70503,-2.2892
41.71498,-2.1297
41.72494,-1.976
41.73489,-1.9119
41.74484,-1.8539
41.75479,-1.8603
41.76474,-1.8421
41.7747,-1.8082
41.78468,-1.7722
41.79466,-1.784
41.80464,-1.6582
41.81462,-1.608
41.8246,-1.5748
41.83458,-1.533
41.84456,-1.5307
41.85454,-1.4888
41.86452,-1.4672
41.8745,-1.5548
41.88448,-1.7014
41.89446,-1.7068
41.90445,-1.6507
41.91446,-1.6711
41.92446,-1.6237
41.93447,-1.5662
41.94447,-1.4635
41.95448,-1.4633
41.96448,-1.4636
41.97448,-1.5169
41.98449,-1.5861
41.99449,-1.5834
42.0045,-1.5062
42.0145,-1.4606
42.02451,-1.4701
42.0345,-1.5188
42.0445,-1.5285
42.0545,-1.508
42.06449,-1.4811
42.07449,-1.3866
42.08448,-1.2701
42.09448,-1.1632
42.10448,-1.0583
42.11447,-1.0316
42.12447,-1.0849
42.13446,-1.2071
42.14446,-1.3067
42.15445,-1.3841
42.16445,-1.3881
42.17444,-1.3206
42.18443,-1.2406
42.19443,-1.1624
42.20442,-1.1149
42.21442,-1.0819
42.22441,-1.0763
42.23441,-1.1068
42.2444,-1.191
42.25439,-1.293
42.26439,-1.3408
42.27438,-1.3858
42.28438,-1.3632
42.29438,-1.31
42.30437,-1.1958
42.31436,-1.1332
42.32435,-1.0769
42.33435,-1.0465
42.34434,-1.034
42.35433,-1.0445
42.36433,-1.103
42.37432,-1.1604
42.38431,-1.1874
42.3943,-1.1983
42.40436,-1.1529
42.41449,-1.0991
42.42461,-1.0292
42.43474,-0.975
42.44487,-0.9543
42.45499,-0.9973
42.46512,-1.0957
42.47525,-1.1639
42.48537,-1.1428
42.4955,-1.1153
42.50562,-1.1238
42.51575,-1.1048
42.52588,-1.0061
42.53583,-0.8996
42.54578,-0.7967
42.55573,-0.7668
42.56568,-0.7716
42.57563,-0.8207
42.58558,-0.7796
42.59553,-0.7046
42.60548,-0.5222
42.61543,-0.2319
42.62539,0.033
42.63533,0.1878
42.64529,0.235
42.65526,0.1686
42.66525,0.1161
42.67524,0.1219
42.68523,0.1478
42.69522,0.2138
42.70521,0.3847
42.7152,0.6266
42.72519,0.8894
42.73518,1.0159
42.74517,1.065
42.75516,0.9603
42.76515,0.7057
42.77514,0.5036
42.78516,0.4732
42.79517,0.5425
42.80517,0.6553
42.81518,0.67
42.82518,0.4634
42.83519,0.2672
42.84519,0.0438
42.8552,-0.203
42.8652,-0.4502
42.87521,-0.6398
42.88521,-0.7187
42.89522,-0.7738
42.90522,-0.8274
42.9152,-0.9983
42.92519,-1.2419
42.93518,-1.3744
42.94516,-1.4485
42.95515,-1.4896
42.96513,-1.5115
42.97512,-1.5526
42.98511,-1.5608
42.99509,-1.5845
43.00508,-1.5909
43.01506,-1.5746
43.02505,-1.5603
43.03507,-1.5315
43.04507,-1.5067
43.05507,-1.3469
43.06507,-1.1713
43.07507,-1.3898
43.08507,-1.5332
43.09507,-1.2353
43.10507,-1.1996
43.11507,-1.4078
43.12507,-1.3674
43.13507,-1.2576
43.14507,-1.3886
43.15508,-1.5095
43.16507,-1.5019
43.17507,-1.4869
43.18507,-1.5222
43.19506,-1.4909
43.20506,-1.4077
43.21506,-1.3717
43.22506,-1.3478
43.23505,-1.3105
43.24505,-1.3353
43.25505,-1.4214
43.26505,-1.468
43.27504,-1.4844
43.28511,-1.5036
43.29519,-1.4172
43.30525,-1.3302
43.31532,-1.3358
43.32539,-1.3105
43.33546,-1.2558
43.34553,-1.2041
43.35559,-1.1741
43.36566,-1.1678
43.37573,-1.1345
43.3858,-1.1379
43.39587,-1.1446
43.40594,-1.2157
43.41597,-1.2738
43.426,-1.2762
43.43604,-1.2435
43.44607,-1.2357
43.4561,-1.218
43.46613,-1.2083
43.47616,-1.208
43.48619,-1.2121
43.49623,-1.2022
43.50626,-1.1786
43.51629,-1.1638
43.52632,-1.1237
43.5363,-1.0835
43.54627,-1.0587
43.55624,-1.0759
43.56622,-1.0999
43.57619,-1.0835
43.58617,-1.0141
43.59615,-0.9554
43.60612,-0.9237
43.61609,-0.9552
43.62607,-1.0094
43.63604,-1.0631
43.64602,-1.0944
43.656,-1.1611
43.66598,-1.1806
43.67596,-1.0489
43.68594,-0.8996
43.69592,-0.7445
43.70589,-0.526
43.71587,-0.3672
43.72585,-0.1496
43.73583,0.0546
43.74581,0.1602
43.75579,0.1371
43.76577,0.1651
43.77575,0.1911
43.78576,0.3129
43.79576,0.4037
43.80577,0.4873
43.81578,0.5792
43.82579,0.6926
43.83579,0.7427
43.8458,0.6926
43.85581,0.651
43.86581,0.7078
43.87582,0.7508
43.88583,0.6752
43.89583,0.8034
43.90584,0.8063
43.91583,0.6227
43.92583,0.2616
43.93582,-0.2626
43.94582,-0.5899
43.95581,-0.7146
43.96581,-0.702
43.9758,-0.6256
43.9858,-0.5289
43.99579,-0.4164
44.00579,-0.3148
44.01579,-0.1959
44.02578,-0.1733
44.03577,-0.288
44.04576,-0.4236
44.05576,-0.5224
44.06575,-0.4944
44.07574,-0.2116
44.08573,0.362
44.09572,1.0127
44.10571,1.5798
44.1157,2.1076
44.12569,2.4809
44.13568,2.4775
44.14568,2.3403
44.15568,2.2334
44.16569,2.0088
44.17569,1.8066
44.1857,0.8793
44.19571,-0.0156
44.20572,-0.2135
44.21572,0.1104
44.22573,0.5534
44.23574,0.9998
44.24575,1.3505
44.25575,1.3322
44.26576,0.9506
44.27577,0.5506
44.28577,0.2481
44.29577,0.0089
44.30577,-0.3145
44.31577,-0.6117
44.32576,-0.8969
44.33576,-1.1127
44.34576,-1.3278
44.35576,-1.472
44.36576,-1.5382
44.37576,-1.5294
44.38576,-1.2592
44.39576,-1.2141
44.40576,-1.0686
44.41577,-0.8625
44.42577,-0.6899
44.43578,-0.5876
44.44578,-0.3629
44.45578,-0.3495
44.46579,-0.1983
44.47579,-0.1984
44.48579,-0.278
44.4958,-0.2767
44.5058,-0.426
44.51581,-0.4955
44.52581,-0.2625
44.53587,-0.1183
44.54592,-0.1234
44.55597,-0.2204
44.56602,-0.3291
44.57608,-0.4035
44.58613,-0.4365
44.59618,-0.4529
44.60624,-0.3541
44.61629,-0.3379
44.62634,-0.4011
44.63639,-0.4652
44.64644,-0.4539
44.65675,-0.3507
44.66727,-0.1971
44.67779,-0.123
44.68831,-0.0895
44.69883,-0.0628
44.70935,-0.0151
44.71987,0.0376
44.73039,0.1309
44.74092,0.1841
44.75144,0.2909
44.76196,0.3135
44.77248,0.3345
44.783,0.347
44.79249,0.4283
44.80197,0.4512
44.81145,0.4792
44.82094,0.4922
44.83042,0.4889
44.8399,0.4793
44.84939,0.5017
44.85887,0.5871
44.86836,0.8378
44.87784,1.1239
44.88733,1.4177
44.89681,1.5478
44.90653,1.6869
44.91648,1.8596
44.92643,2.0214
44.93638,2.1528
44.94633,2.2058
44.95629,2.2237
44.96624,2.2133
44.97619,2.141
44.98614,2.0585
44.99609,1.9189
45.00604,1.7172
45.01599,1.4692
45.02594,1.1934
45.036,0.9333
45.04604,0.6974
45.05609,0.4874
45.06613,0.3371
45.07618,0.2459
45.08622,0.2253
45.09627,0.2427
45.10632,0.2613
45.11636,0.2292
45.12641,0.1674
45.13646,0.1096
45.1465,0.1011
45.15654,0.107
45.16653,0.1334
45.17653,0.1956
45.18652,0.3188
45.19652,0.4488
45.20651,0.5032
45.21651,0.4778
45.22651,0.406
45.2365,0.3335
45.24649,0.3042
45.25649,0.0124
45.26648,0.3396
45.27648,0.6069
45.28648,0.5069
45.29647,0.5226
45.30646,0.6477
45.31644,0.7026
45.32643,0.7614
45.33642,0.7144
45.34641,0.5867
45.35639,0.5
45.36638,0.4125
45.37637,0.3177
45.38635,0.1383
45.39634,-0.1153
45.40633,-0.4063
45.41633,-0.6734
45.42633,-0.8669
45.43633,-1.0118
45.44632,-1.1128
45.45632,-1.2201
45.46631,-1.2645
45.47631,-1.2659
45.48631,-1.2582
45.4963,-1.2579
45.5063,-1.2696
45.5163,-1.3148
45.52629,-1.3059
45.53639,-1.2768
45.54649,-1.2405
45.55658,-1.1898
45.56668,-1.1429
45.57677,-1.1043
45.58687,-1.0718
45.59697,-1.0352
45.60706,-1.0035
45.61716,-0.9611
45.62725,-0.911
45.63734,-0.8237
45.64744,-0.7584
45.65747,-0.7224
45.66742,-0.7187
45.67736,-0.7205
45.68731,-0.7343
45.69726,-0.7407
45.70721,-0.7486
45.71715,-0.7973
45.7271,-0.8437
45.73705,-0.8686
45.74699,-0.9032
45.75694,-0.9169
45.76689,-0.9374
45.77684,-0.9564
45.78686,-0.9706
45.79688,-0.9891
45.8069,-1.0056
45.81693,-1.0289
45.82695,-1.047
45.83697,-1.0582
45.84699,-1.0628
45.85701,-1.069
45.86703,-1.0561
45.87705,-1.0671
45.88707,-1.0733
45.89709,-1.0752
45.90712,-1.0551
45.91712,-1.0605
45.92712,-1.0636
45.93711,-1.0798
45.94711,-1.0992
45.9571,-1.1141
45.9671,-1.1424
45.9771,-1.1797
45.98709,-1.1889
45.99709,-1.2055
46.00709,-1.1979
46.01708,-1.1915
46.02708,-1.1668
46.03707,-1.1501
46.04705,-1.1482
46.05702,-1.1664
46.06699,-1.1852
46.07697,-1.1919
46.08694,-1.2025
46.09692,-1.2159
46.10689,-1.216
46.11687,-1.2211
46.12684,-1.2215
46.13681,-1.2286
46.14679,-1.2512
46.1568,-1.2469
46.16684,-1.2346
46.17687,-1.2235
46.1869,-1.2531
46.19694,-1.2825
46.20697,-1.289
46.21701,-1.2984
46.22705,-1.3216
46.23708,-1.3525
46.24712,-1.3602
46.25715,-1.3692
46.26719,-1.3628
46.27722,-1.3555
46.28722,-1.3404
46.29722,-1.3204
46.30722,-1.2911
46.31722,-1.2411
46.32722,-1.1647
46.33722,-1.1096
46.34722,-1.0479
46.35722,-0.9853
46.36721,-0.9073
46.37721,-0.8348
46.38721,-0.7613
46.39721,-0.6755
46.4072,-0.6007
46.41718,-0.5313
46.42716,-0.4769
46.43714,-0.4505
46.44711,-0.4696
46.45709,-0.5159
46.46707,-0.5313
46.47705,-0.5285
46.48703,-0.5134
46.497,-0.5405
46.50698,-0.5835
46.51696,-0.6421
46.52694,-0.7298
46.53691,-0.8008
46.54689,-0.8529
46.55687,-0.8751
46.56684,-0.8959
46.57682,-0.9554
46.58679,-0.9785
46.59677,-1.0221
46.60675,-1.0969
46.61672,-1.1928
46.6267,-1.3135
46.63667,-1.397
46.64665,-1.4369
46.65669,-1.4304
46.66679,-1.4115
46.67689,-1.4061
46.68699,-1.4312
46.69709,-1.4566
46.70718,-1.4383
46.71728,-1.4068
46.72738,-1.409
46.73748,-1.4092
46.74758,-1.4022
46.75768,-1.401
46.76778,-1.4515
46.77787,-1.5057
46.78792,-1.5093
46.7979,-1.4643
46.80788,-1.3593
46.81786,-1.2957
46.82784,-1.1937
46.83782,-1.2315
46.8478,-1.3347
46.85778,-1.3401
46.86776,-1.3294
46.87774,-1.355
46.88771,-1.3072
46.89769,-1.229
46.90773,-1.1988
46.91782,-1.1624
46.9279,-1.0697
46.93798,-0.9762
46.94807,-0.815
46.95816,-0.7284
46.96824,-0.7153
46.97832,-0.7272
46.98841,-0.7799
46.9985,-0.8638
47.00858,-0.9535
47.01867,-0.9944
47.02875,-1.0258
47.03875,-1.0693
47.04874,-1.0765
47.05872,-1.0616
47.0687,-1.0798
47.07869,-1.1241
47.08867,-1.1621
47.09865,-1.2147
47.10863,-1.2586
47.11862,-1.3493
47.1286,-1.4159
47.13858,-1.4226
47.14857,-1.428
47.15855,-1.4124
47.16852,-1.3523
47.17849,-1.2929
47.18847,-1.2565
47.19844,-1.229
47.20841,-1.2267
47.21838,-1.1933
47.22835,-1.1422
47.23832,-1.1118
47.24829,-1.1251
47.25826,-1.1617
47.26823,-1.1681
47.27821,-1.176
47.28819,-1.1973
47.29815,-1.1138
47.30812,-0.9741
47.31808,-0.8437
47.32805,-0.7081
47.33801,-0.7768
47.34798,-0.8307
47.35794,-0.7738
47.36791,-0.5983
47.37787,-0.8713
47.38784,-0.5457
47.3978,-0.4779
47.40782,-0.556
47.41788,-0.4524
47.42794,-0.4114
47.438,-0.4658
47.44806,-0.7357
47.45812,-1.0964
47.46819,-1.3862
47.47824,-1.5302
47.4883,-1.542
47.49837,-1.4992
47.50843,-1.4236
47.51849,-1.3108
47.52855,-1.2368
47.53851,-1.2983
47.54847,-1.2827
47.55843,-1.3544
47.56839,-1.3789
47.57835,-1.3208
47.58831,-1.3362
47.59826,-1.469
47.60822,-1.6886
47.61818,-1.8471
47.62814,-1.909
47.6381,-1.9838
47.64806,-2.057
47.65803,-2.1377
47.66803,-2.1084
47.67802,-2.0397
47.68802,-1.915
47.69802,-1.7808
47.70801,-1.6773
47.71801,-1.6423
47.728,-1.5797
47.738,-1.527
47.748,-1.452
47.75799,-1.3946
47.76799,-1.2247
47.77798,-1.1952
47.78804,-0.9428
47.79808,-0.6892
47.80812,-0.5672
47.81816,-0.4023
47.8282,0.2149
47.83824,0.5225
47.84828,0.7631
47.85832,1.0939
47.86836,1.2932
47.8784,1.3422
47.88844,1.238
47.89848,1.0584
47.90849,0.8272
47.91846,0.5482
47.92844,0.2593
47.93842,-0.0083
47.94839,-0.2474
47.95837,-0.4259
47.96834,-0.6371
47.97832,-0.8088
47.98829,-0.9887
47.99827,-1.0854
48.00824,-1.1395
48.01822,-1.2229
48.02819,-1.3535
48.03828,-1.4188
48.04837,-1.4174
48.05845,-1.4484
48.06854,-1.4183
48.07862,-1.4916
48.08871,-1.465
48.09879,-1.5011
48.10888,-1.5042
48.11897,-1.481
48.12905,-1.4194
48.13913,-1.3553
48.14922,-1.3056
48.15925,-1.2991
48.16921,-1.2978
48.17917,-1.2525
48.18913,-1.1772
48.19909,-1.0871
48.20905,-0.9771
48.21901,-0.8761
48.22897,-0.6865
48.23893,-0.2674
48.24889,0.1629
48.25886,0.4612
48.26882,-0.2104
48.27878,0.0116
48.2888,0.6743
48.29882,1.0363
48.30884,1.136
48.31886,1.0398
48.32887,0.9265
48.33889,0.7157
48.34891,0.4498
48.35893,0.2517
48.36895,0.0403
48.37897,-0.1623
48.38898,-0.3266
48.39901,-0.5526
48.40898,-0.705
48.4189,-0.859
48.42883,-1.0042
48.43875,-1.1167
48.44868,-1.2725
48.4586,-1.3864
48.46852,-1.3609
48.47845,-1.4838
48.48837,-1.7068
48.49829,-1.7408
48.50822,-1.6615
48.51814,-1.6445
48.52807,-1.5559
48.53816,-1.55
48.54824,-1.5419
48.55832,-1.6078
48.5684,-1.5982
48.57848,-1.5509
48.58857,-1.4889
48.59865,-1.453
48.60873,-1.4106
48.61881,-1.3451
48.62889,-1.215
48.63898,-1.0528
48.64906,-0.8756
48.65908,-0.7559
48.66905,-0.6325
48.67901,-0.4559
48.68898,-0.2843
48.69894,-0.3894
48.7089,-0.7535
48.71887,-0.9666
48.72883,-1.1601
48.7388,-1.1025
48.74876,-0.8993
48.75872,-0.8885
48.76869,-0.9101
48.77865,-0.9316
48.78862,-0.89
48.79858,-0.7919
48.80854,-0.7771
48.8185,-0.7474
48.82846,-0.6683
48.83842,-0.6692
48.84838,-0.9199
48.85834,-1.2237
48.8683,-1.47
48.87826,-1.5904
48.88822,-1.6833
48.89818,-1.7711
48.90823,-1.9178
48.91837,-2.0481
48.92852,-2.1011
48.93866,-2.0939
48.9488,-1.9721
48.95895,-1.7691
48.96909,-1.7144
48.97924,-1.5569
48.98938,-1.4651
48.99952,-1.2812
49.00967,-1.1478
49.01981,-1.0169
49.02996,-1.0246
49.0399,-0.9434
49.04984,-0.8514
49.05978,-0.7327
49.06972,-0.6517
49.07966,-0.597
49.0896,-0.5472
49.09954,-0.5287
49.10947,-0.5167
49.11942,-0.5322
49.12935,-0.5207
49.13929,-0.4154
49.14923,-0.1681
49.15923,0.0688
49.16927,0.3099
49.17931,0.5759
49.18935,0.7827
49.19939,0.9264
49.20943,1.0568
49.21947,1.3829
49.22951,1.7833
49.23955,2.1211
49.24959,2.3263
49.25963,2.349
49.26967,2.2259
49.27971,2.0585
49.28967,1.864
49.29963,1.6992
49.30958,1.5182
49.31953,1.4013
49.32949,1.2971
49.33944,1.1954
49.3494,1.0674
49.35936,0.9442
49.36931,0.8189
49.37926,0.6575
49.38922,0.5047
49.39917,0.3649
49.40915,0.3451
49.41916,0.5717
49.42915,0.8673
49.43916,1.125
49.44915,1.3131
49.45915,1.3603
49.46915,1.3029
49.47915,1.0188
49.48915,0.7381
49.49915,0.5385
49.50915,0.4458
49.51915,0.4619
49.52915,0.5014
49.53915,0.6288
49.54915,0.8599
49.55915,1.2948
49.56915,1.6912
49.57914,2.0732
49.58914,2.3566
49.59914,2.5435
49.60913,2.6972
49.61913,2.8546
49.62913,3.0495
49.63913,3.1507
49.64912,3.1389
49.65912,3.0526
49.66912,2.9111
49.67911,2.7743
49.6891,2.6233
49.6991,2.4934
49.70909,2.3322
49.71909,2.1575
49.72908,1.9591
49.73907,1.6192
49.74907,1.2492
49.75906,1.0741
49.76905,0.9933
49.77905,0.9663
49.78902,1.1317
49.799,1.3641
49.80898,1.5059
49.81896,1.4448
49.82893,1.126
49.83891,1.119
49.84889,1.0845
49.85887,1.0354
49.86885,0.9703
49.87883,0.9636
49.8888,0.9932
49.89878,1.0197
49.90881,1.1107
49.91889,1.2484
49.92897,1.4781
49.93905,1.7566
49.94913,1.9793
49.95921,1.481
49.96928,2.3209
49.97937,2.9994
49.98944,2.3412
49.99952,2.3639
50.0096,2.5543
50.01968,2.582
50.02976,2.3386
50.03972,2.2467
50.04968,2.1312
50.05964,1.9854
50.0696,1.8277
50.07956,1.6419
50.08952,1.4716
50.09948,1.3111
50.10944,1.1613
50.1194,1.0754
50.12935,1.0319
50.13931,1.015
50.14927,0.9729
50.15931,0.9249
50.16945,0.8791
50.17958,0.8421
50.1897,0.7519
50.19984,0.824
50.20996,0.7646
50.2201,0.8019
50.23022,0.85
50.24036,0.8897
50.25048,0.9842
50.26062,0.964
50.27074,0.9939
50.28088,0.9794
50.29083,0.985
50.30078,0.9776
50.31072,0.9987
50.32067,1.0222
50.33062,1.0968
50.34056,1.2204
50.35051,1.3553
50.36046,1.5226
50.37041,1.7733
50.38036,1.9535
50.3903,2.2179
50.40025,2.5076
50.41022,3.0817
50.42019,3.671
50.43015,4.1206
50.44012,4.4088
50.45008,4.6386
50.46005,4.7455
50.47002,4.7751
50.47998,4.8172
50.48995,4.8457
50.49992,4.7983
50.50988,4.6458
50.51985,4.4175
50.52981,4.1499
50.53981,3.8176
50.5498,3.4345
50.5598,2.9986
50.56979,2.5017
50.57979,1.8982
50.58979,1.4173
50.59978,1.1637
50.60978,1.0358
50.61977,0.931
50.62976,0.8297
50.63976,0.7359
50.64976,0.6157
50.65976,0.3536
50.66975,0.1232
50.67974,0.0225
50.68974,-0.0107
50.69974,-0.0189
50.70973,-0.0303
50.71973,-0.0226
50.72972,-0.0624
50.73972,-0.0945
50.74971,-0.1827
50.75971,-0.5126
50.76971,-0.7458
50.7797,-0.8728
50.78967,-0.9441
50.79963,-0.9514
50.80959,-0.9616
50.81955,-0.9454
50.82952,-0.9469
50.83948,-0.9378
50.84944,-0.9817
50.8594,-1.0417
50.86936,-0.9814
50.87933,-0.7365
50.88929,-0.2268
50.89925,0.4144
50.90924,0.8216
50.91927,1.0861
50.92929,1.2253
50.93932,1.4059
50.94934,1.5888
50.95937,1.7727
50.96939,1.9815
50.97942,2.1203
50.98944,2.1252
50.99947,2.0442
51.0095,1.8691
51.01952,1.595
51.02955,1.2635
51.03958,0.8267
51.0496,0.0115
51.05963,-0.7408
51.06965,-1.0033
51.07967,-1.1514
51.0897,-1.2895
51.09972,-1.4584
51.10975,-1.5323
51.11977,-1.5118
51.1298,-1.419
51.13982,-1.4219
51.14985,-1.2689
51.15989,-1.2896
51.16994,-1.2199
51.18,-1.2023
51.19005,-1.2206
51.2001,-1.2555
51.21016,-1.2803
51.22021,-1.263
51.23027,-1.2218
51.24032,-1.2023
51.25037,-1.139
51.26043,-1.0014
51.27048,-0.8305
51.28054,-0.5297
51.29055,0.0334
51.30055,0.4289
51.31055,0.7395
51.32056,1.0074
51.33056,1.1114
51.34056,1.0973
51.35056,1.016
51.36057,0.9909
51.37057,1.0443
51.38057,0.9827
51.39058,0.8993
51.40058,0.8031
51.41056,0.632
51.42053,0.4884
51.43049,0.3709
51.44045,0.2533
51.45042,0.1285
51.46038,0.0048
51.47034,-0.072
51.4803,-0.1224
51.49026,-0.1484
51.50023,-0.16
51.51019,-0.1843
51.52015,-0.2275
51.53012,-0.2482
51.54019,-0.2747
51.55026,-0.2838
51.56033,-0.2388
51.5704,-0.1635
51.58047,-0.0855
51.59054,0.0013
51.60061,0.1519
51.61068,0.4923
51.62075,0.929
51.63082,1.4583
51.64089,2.0768
51.65096,2.6493
51.66099,3.1513
51.67098,3.5381
51.68097,3.7591
51.69095,3.8669
51.70094,4.0476
51.71093,4.2595
51.72092,4.3266
51.7309,4.2082
51.74089,4.0084
51.75088,3.6975
51.76087,3.2889
51.77085,2.7386
51.78084,2.0514
51.79082,1.0683
51.80079,-0.044
51.81075,-0.9815
51.82071,-1.2558
51.83067,-1.3729
51.84063,-1.5038
51.85059,-1.704
51.86055,-1.5422
51.87052,-1.3169
51.88048,-0.9623
51.89044,-0.8443
51.9004,-0.7755
51.91039,-0.7952
51.92038,-0.9703
51.93038,-0.9971
51.94038,-0.9509
51.95037,-0.95
51.96037,-0.9298
51.97037,-0.8437
51.98036,-0.6719
51.99036,-0.5131
52.00035,0.0219
52.01035,0.5067
52.02035,1.1349
52.03035,1.6612
52.04034,1.7829
52.05034,1.7085
52.06034,1.2708
52.07034,0.7344
52.08033,0.5098
52.09033,0.3931
52.10033,0.2667
52.11033,0.1033
52.12033,-0.1062
52.13033,-0.3807
52.14032,-0.6075
52.15032,-0.6917
52.16031,-0.6901
52.17028,-0.6859
52.18025,-0.7408
52.19021,-0.8543
52.20018,-0.9573
52.21015,-0.9812
52.22011,-0.9971
52.23008,-1.0253
52.24004,-0.982
52.25001,-0.8979
52.25998,-0.5579
52.26994,-0.4476
52.27991,-0.7932
52.29002,-0.96
52.30013,-0.9452
52.31023,-0.8862
52.32034,-1.0626
52.33045,-1.0622
52.34056,-0.9793
52.35067,-0.8557
52.36077,-0.8229
52.37088,-0.7983
52.38099,-0.6876
52.39109,-0.5126
52.4012,-0.2647
52.41125,0.0552
52.42125,0.2672
52.43124,0.3744
52.44124,0.8144
52.45123,0.594
52.46123,-0.0682
52.47122,-1.0103
52.48122,-0.6024
52.49121,-0.0593
52.50121,0.0712
52.5112,0.0101
52.52119,-0.1298
52.53119,-0.4091
52.5412,-0.7818
52.5512,-1.1216
52.5612,-1.3699
52.57121,-1.509
52.58121,-1.5293
52.59121,-1.5177
52.60121,-1.5227
52.61121,-1.53
52.62121,-1.5403
52.63121,-1.4914
52.64122,-1.3104
52.65122,-1.0936
52.66123,-0.8392
52.67122,-0.3659
52.68121,-0.261
52.6912,-0.1716
52.70118,-0.106
52.71117,-0.0504
52.72116,0.0156
52.73115,0.1013
52.74114,0.3147
52.75113,0.6314
52.76112,1.0779
52.77111,1.462
52.78109,1.7667
52.79108,2.2511
52.80107,2.8187
52.81105,2.6491
52.82103,2.4947
52.83102,2.535
52.841,2.77
52.85099,2.9581
52.86097,3.007
52.87096,3.1539
52.88094,3.2176
52.89092,2.7743
52.90091,2.6975
52.91092,2.3637
52.92093,2.1376
52.93094,2.079
52.94094,1.704
52.95095,1.259
52.96096,0.8988
52.97097,0.6546
52.98098,0.5039
52.99099,0.4545
53.001,0.4622
53.01101,0.4691
53.02102,0.4592
53.03102,0.4445
53.04102,0.4368
53.05102,0.4437
53.06102,0.4736
53.07101,0.5337
53.08101,0.5998
53.09101,0.6188
53.10101,0.6286
53.111,0.655
53.121,0.6213
53.131,0.6717
53.14099,0.7057
53.15099,0.7118
53.16099,0.7152
53.17099,0.709
53.181,0.7359
53.191,0.7239
53.201,0.7512
53.211,0.8595
53.221,1.0651
53.231,1.2624
53.241,1.4259
53.25101,1.6071
53.26101,1.6842
53.27101,1.7384
53.28101,1.6026
53.29109,1.6495
53.30117,1.7634
53.31124,1.8208
53.32132,1.7896
53.3314,1.833
53.34148,1.8916
53.35155,1.7459
53.36163,1.6073
53.37171,1.5984
53.38178,1.4359
53.39186,1.2888
53.40194,1.0591
53.41198,0.8424
53.42197,0.7441
53.43197,0.645
53.44197,0.5806
53.45197,0.5314
53.46196,0.4734
53.47196,0.429
53.48196,0.4152
53.49195,0.4174
53.50195,0.4426
53.51195,0.4687
53.52195,0.4726
53.53194,0.4342
53.54191,0.354
53.55188,0.2742
53.56184,0.1865
53.5718,0.1215
53.58177,0.0945
53.59174,0.0659
53.6017,0.0797
53.61166,0.0629
53.62163,0.0353
53.63159,0.0232
53.64156,0.0036
53.65152,0.0246
53.66152,0.0429
53.67155,-0.0356
53.68158,-0.1573
53.6916,-0.402
53.70163,-0.7194
53.71166,-0.9801
53.72169,-1.2587
53.73172,-1.4277
53.74174,-1.6059
53.75177,-1.726
53.7618,-1.8609
53.77183,-1.7985
53.78186,-1.7745
53.79182,-1.7378
53.80178,-1.6515
53.81175,-1.5794
53.82171,-1.5139
53.83167,-1.5004
53.84164,-1.4656
53.8516,-1.4259
53.86156,-1.4468
53.87153,-1.4272
53.88149,-1.3703
53.89145,-1.31
53.90142,-1.1757
53.9114,-1.1632
53.92142,-1.0468
53.93143,-1.1139
53.94144,-1.254
53.95145,-1.3549
53.96146,-1.3649
53.97147,-1.3264
53.98149,-1.2819
53.9915,-1.2387
54.00151,-1.1438
54.01152,-1.0699
54.02153,-1.0667
54.03154,-1.1055
54.04156,-1.1219
54.05155,-1.1176
54.06154,-1.1812
54.07153,-1.1701
54.08153,-1.0578
54.09152,-0.8739
54.10151,-0.8632
54.1115,-0.7412
54.12149,-0.5421
54.13149,-0.4419
54.14148,-0.51
54.15147,-0.4678
54.16148,-0.4674
54.17148,-0.5231
54.18149,-0.6471
54.19149,-0.7755
54.2015,-0.8404
54.21151,-0.807
54.22151,-0.7747
54.23152,-0.7596
54.24152,-0.8547
54.25153,-1.0396
54.26153,-1.1972
54.27154,-1.2327
54.28154,-1.2545
54.29155,-1.3322
54.30155,-1.441
54.31155,-1.5373
54.32155,-1.6122
54.33155,-1.6228
54.34155,-1.5673
54.35154,-1.5134
54.36154,-1.476
54.37154,-1.4418
54.38154,-1.3723
54.39154,-1.3007
54.40154,-1.2537
54.41161,-1.1939
54.42176,-1.1661
54.4319,-1.1272
54.44205,-1.0796
54.4522,-1.0414
54.46235,-1.0268
54.4725,-1.031
54.48264,-1.0422
54.49279,-1.0468
54.50294,-1.0505
54.51309,-1.068
54.52324,-1.1077
54.53338,-1.122
54.54332,-1.1252
54.55324,-1.1498
54.56317,-1.1579
54.5731,-1.1564
54.58303,-1.1538
54.59295,-1.1629
54.60288,-1.159
54.61281,-1.1382
54.62274,-1.1121
54.63267,-1.0788
54.64259,-1.0873
54.65252,-1.1122
54.6625,-1.146
54.67252,-1.1725
54.68253,-1.2093
54.69255,-1.2381
54.70257,-1.237
54.71259,-1.2131
54.72261,-1.1773
54.73262,-1.1318
54.74264,-1.0825
54.75266,-1.0492
54.76268,-1.052
54.7727,-1.0579
54.78271,-1.0353
54.7927,-1.0061
54.80267,-0.9914
54.81265,-0.9934
54.82262,-0.9793
54.8326,-0.9846
54.84257,-0.9921
54.85255,-1.0164
54.86252,-1.0343
54.8725,-1.0504
54.88247,-1.0698
54.89245,-1.0668
54.90242,-1.0584
54.91241,-1.0572
54.92241,-1.0546
54.9324,-1.0266
54.9424,-0.9897
54.9524,-0.9551
54.9624,-0.9316
54.9724,-0.9318
54.9824,-0.9489
54.99239,-0.9283
55.00239,-0.8835
55.01239,-0.7716
55.02238,-0.6746
55.03238,-0.7397
55.04234,-0.7931
55.0523,-0.7269
55.06226,-0.7141
55.07222,-0.7544
55.08217,-0.8555
55.09213,-0.9417
55.10209,-0.9263
55.11205,-0.8045
55.12201,-0.6836
55.13196,-0.612
55.14192,-0.5172
55.15188,-0.5252
55.16188,-0.5213
55.17192,-0.5629
55.18196,-0.7037
55.192,-0.8126
55.20204,-0.8012
55.21207,-0.6899
55.22211,-0.5415
55.23215,-0.3961
55.24219,-0.3692
55.25223,-0.4076
55.26227,-0.587
55.27231,-0.8362
55.28235,-1.025
55.29234,-1.0997
55.30233,-1.1029
55.31232,-1.0726
55.32231,-1.1333
55.33229,-1.2417
55.34228,-1.3627
55.35227,-1.4698
55.36226,-1.5709
55.37224,-1.6281
55.38223,-1.6572
55.39222,-1.629
55.40221,-1.5554
55.41222,-1.4977
55.42226,-1.4462
55.43231,-1.4875
55.44236,-1.5992
55.4524,-1.7077
55.46244,-1.7686
55.47249,-1.7453
55.48254,-1.6822
55.49258,-1.579
55.50262,-1.5232
55.51267,-1.5066
55.52272,-1.5655
55.53276,-1.7107
55.5428,-1.8112
55.55284,-1.8678
55.56288,-1.8151
55.57291,-1.723
55.58295,-1.6259
55.59299,-1.5586
55.60303,-1.6127
55.61306,-1.689
55.6231,-1.7574
55.63314,-1.8661
55.64318,-1.9183
55.65321,-1.9578
55.66325,-1.9731
55.67327,-1.8541
55.6833,-1.7854
55.69333,-1.8098
55.70335,-1.8634
55.71338,-1.9468
55.7234,-2.0085
55.73343,-2.0282
55.74345,-1.9587
55.75348,-1.7344
55.76351,-1.3737
55.77353,-1.3802
55.78356,-1.659
55.79349,-1.7965
55.80342,-1.8531
55.81335,-1.8682
55.82327,-1.8401
55.8332,-1.8422
55.84313,-1.8022
55.85306,-1.7943
55.86299,-1.8029
55.87291,-1.7995
55.88284,-1.7316
55.89277,-1.7177
55.9027,-1.6433
55.91272,-1.5597
55.92282,-1.4873
55.93293,-1.5554
55.94303,-1.6773
55.95314,-1.673
55.96324,-1.6115
55.97335,-1.5834
55.98345,-1.5544
55.99356,-1.5256
56.00366,-1.3923
56.01377,-1.4217
56.02387,-1.4762
56.03398,-1.5784
56.04391,-1.586
56.05384,-1.5383
56.06377,-1.437
56.0737,-1.3281
56.08363,-1.2421
56.09356,-1.1746
56.10349,-1.1545
56.11342,-1.1433
56.12335,-1.199
56.13328,-1.3148
56.14321,-1.3965
56.15314,-1.4818
56.1631,-1.4746
56.17309,-1.3771
56.18308,-1.2027
56.19307,-1.1548
56.20306,-1.2444
56.21306,-1.2853
56.22305,-1.2402
56.23304,-1.2043
56.24303,-1.2013
56.25303,-1.2171
56.26302,-1.1833
56.27301,-1.0552
56.283,-0.9197
56.29301,-0.9097
56.303,-0.9588
56.313,-0.9757
56.323,-1.0242
56.333,-1.0578
56.34299,-1.0611
56.35299,-1.0126
56.36299,-0.93
56.37299,-0.8901
56.38299,-0.8872
56.39299,-0.8142
56.40298,-0.6631
56.41302,-0.5152
56.42308,-0.4844
56.43314,-0.5067
56.44321,-0.5677
56.45327,-0.5824
56.46334,-0.7072
56.4734,-0.7102
56.48347,-0.5449
56.49353,-0.2568
56.50359,-0.0494
56.51366,0.0409
56.52372,0.2657
56.53379,0.4221
56.54379,0.411
56.5538,0.3424
56.5638,0.2624
56.57381,0.2381
56.58382,0.3045
56.59383,0.3508
56.60384,0.4321
56.61384,0.5335
56.62385,0.6416
56.63386,0.6836
56.64387,0.6508
56.65387,0.5929
56.66392,0.5725
56.67398,0.5395
56.68405,0.5391
56.69412,0.5752
56.70419,0.6173
56.71426,0.717
56.72432,0.7558
56.73439,0.731
56.74446,0.6573
56.75452,0.6627
56.7646,0.713
56.77466,0.739
56.78473,0.7651
56.79462,0.8604
56.80451,0.9874
56.8144,1.0877
56.82429,1.0762
56.83418,1.0535
56.84406,1.0717
56.85395,1.1037
56.86384,1.1771
56.87373,1.3119
56.88361,1.3382
56.8935,1.207
56.90339,0.69
56.91333,0.7868
56.92333,0.9195
56.93333,0.7785
56.94333,0.7788
56.95333,0.8507
56.96332,0.836
56.97332,-0.1867
56.98332,-0.8228
56.99332,-0.8488
57.00331,-0.595
57.01331,0.0241
57.02331,0.2577
57.03331,0.6767
57.04335,0.6107
57.05339,0.6323
57.06343,0.3223
57.07347,-0.1238
57.08351,-0.5563
57.09355,-1.0364
57.10359,-1.4914
57.11363,-1.7944
57.12368,-1.9586
57.13372,-2.0532
57.14376,-2.0915
57.1538,-2.1318
57.16381,-2.187
57.1738,-2.2562
57.18378,-2.3273
57.19377,-2.4093
57.20376,-2.4311
57.21375,-2.4065
57.22373,-2.2959
57.23372,-2.1043
57.24371,-1.9199
57.25369,-1.7601
57.26368,-1.6665
57.27367,-1.6234
57.28365,-1.6204
57.29366,-1.6665
57.30365,-1.7125
57.31364,-1.7309
57.32364,-1.7188
57.33364,-1.663
57.34363,-1.5862
57.35363,-1.4842
57.36362,-1.3488
57.37362,-1.3049
57.38361,-1.3434
57.39361,-1.429
57.4036,-1.5589
57.4136,-1.5311
57.4236,-1.5516
57.43359,-1.5868
57.44359,-1.6732
57.45359,-1.7066
57.46359,-1.7034
57.47359,-1.8088
57.48358,-1.8087
57.49358,-1.7743
57.50358,-1.7693
57.51358,-1.7357
57.52357,-1.699
57.53357,-1.6925
57.5436,-1.4459
57.55362,-1.4106
57.56364,-1.4764
57.57366,-1.4689
57.58368,-1.4254
57.5937,-1.4206
57.60372,-1.4509
57.61374,-1.3044
57.62376,-1.1782
57.63378,-1.1204
57.6438,-1.1056
57.65382,-1.0887
57.66386,-1.0315
57.67391,-0.9921
57.68397,-1.0525
57.69402,-1.1095
57.70407,-1.131
57.71412,-1.1358
57.72418,-1.1991
57.73423,-1.281
57.74428,-1.2998
57.75433,-1.2371
57.76439,-1.1557
57.77444,-1.1708
57.78449,-1.2282
57.79446,-1.2573
57.80442,-1.2035
57.81438,-1.084
57.82435,-0.9658
57.83431,-0.9484
57.84427,-1.0037
57.85424,-1.0451
57.8642,-1.0799
57.87416,-1.1213
57.88412,-1.0646
57.89408,-0.9967
57.90405,-0.9913
57.91403,-1.0062
57.92402,-1.0252
57.93402,-1.0777
57.94401,-1.13
57.954,-1.1836
57.96399,-1.1661
57.97399,-1.0589
57.98398,-0.8459
57.99397,-0.6438
58.00397,-0.6087
58.01396,-0.863
58.02395,-1.0647
58.03395,-1.1016
58.04395,-1.2804
58.05394,-1.3542
58.06394,-1.5083
58.07394,-1.5883
58.08394,-1.6705
58.09394,-1.7429
58.10394,-1.6762
58.11393,-1.7901
58.12393,-1.7516
58.13393,-1.7275
58.14393,-1.661
58.15393,-1.5395
58.16394,-1.3044
58.17398,-1.0689
58.18401,-0.9053
58.19404,-0.854
58.20407,-0.8883
58.21411,-0.8661
58.22414,-0.7835
58.23417,-0.7318
58.24421,-0.7474
58.25424,-0.798
58.26427,-0.8426
58.27431,-0.922
58.28434,-1.003
58.29433,-1.0415
58.30433,-1.0678
58.31432,-1.0398
58.32431,-1.0053
58.3343,-0.9723
58.34429,-0.9827
58.35428,-1.0377
58.36428,-1.1187
58.37427,-1.1982
58.38426,-1.2291
58.39425,-1.2409
58.40424,-1.1968
58.41425,-1.0978
58.42426,-0.9337
58.43426,-0.829
58.44426,-0.7746
58.45426,-0.6911
58.46426,-0.5903
58.47427,-0.4683
58.48427,-0.4296
58.49427,-0.3976
58.50428,-0.3592
58.51428,-0.3059
58.52428,-0.1871
58.53429,-0.0781
58.54428,0.0075
58.55428,0.0812
58.56428,0.0613
58.57428,-0.0232
58.58427,-0.2245
58.59427,-0.432
58.60427,-0.6862
58.61427,-0.9739
58.62426,-1.2578
58.63426,-1.4683
58.64426,-1.512
58.65426,-1.3117
58.6643,-1.2156
58.67438,-1.2093
58.68445,-1.2102
58.69452,-1.191
58.7046,-1.1427
58.71467,-1.0306
58.72475,-0.8168
58.73482,-0.6172
58.7449,-0.5095
58.75497,-0.4409
58.76504,-0.4232
58.77512,-0.4376
58.78519,-0.3758
58.79519,-0.3063
58.80519,-0.3595
58.8152,-0.4029
58.8252,-0.4458
58.8352,-0.466
58.8452,-0.4848
58.8552,-0.4896
58.8652,-0.5069
58.87521,-0.5138
58.8852,-0.522
58.89521,-0.5335
58.90521,-0.5588
58.91521,-0.5723
58.9252,-0.5589
58.9352,-0.5639
58.94519,-0.5756
58.95518,-0.634
58.96517,-0.7639
58.97516,-0.641
58.98516,-0.5639
58.99515,-0.5116
59.00514,-0.5022
59.01513,-0.4916
59.02513,-0.4515
59.03512,-0.4279
59.04509,-0.3879
59.05505,-0.3729
59.06502,-0.3973
59.07499,-0.3897
59.08495,-0.3884
59.09491,-0.3862
59.10488,-0.4031
59.11485,-0.4157
59.12481,-0.4052
59.13477,-0.3902
59.14474,-0.3159
59.15471,-0.19
59.16468,-0.0571
59.17468,0.0468
59.18467,0.1388
59.19466,0.2077
59.20466,0.2754
59.21465,0.3405
59.22464,0.4274
59.23464,0.5277
59.24463,0.6729
59.25462,0.8202
59.26462,1.0109
59.27461,1.1475
59.2846,0.8865
59.29465,0.7876
59.3047,0.9532
59.31475,1.0879
59.32481,1.0194
59.33486,0.956
59.34491,1.0265
59.35496,1.2207
59.36501,1.2347
59.37506,1.1136
59.38511,1.1618
59.39516,1.0881
59.40522,1.1004
59.41523,1.1102
59.42521,1.0563
59.43518,1.1735
59.44516,1.1528
59.45514,0.9171
59.46512,0.7199
59.4751,0.5432
59.48507,0.3543
59.49505,0.2645
59.50503,0.2116
59.51501,0.1615
59.52498,0.0579
59.53496,-0.054
59.54504,-0.1733
59.55511,-0.2902
59.56518,-0.3715
59.57525,-0.3931
59.58532,-0.3244
59.59539,-0.2538
59.60546,-0.1628
59.61553,-0.1319
59.6256,-0.1797
59.63567,-0.1708
59.64574,-0.2037
59.65581,-0.2309
59.66581,-0.2443
59.67574,-0.245
59.68566,-0.2358
59.69558,-0.2991
59.70551,-0.3678
59.71544,-0.4484
59.72536,-0.3925
59.73528,-0.4057
59.74521,-0.479
59.75513,-0.4293
59.76506,-0.4112
59.77498,-0.3952
59.78491,-0.4189
59.79496,-0.4867
59.80502,-0.5026
59.81507,-0.49
59.82512,-0.4586
59.83517,-0.459
59.84523,-0.4635
59.85528,-0.4903
59.86533,-0.5154
59.87539,-0.5027
59.88544,-0.4748
59.89549,-0.4651
59.90554,-0.4626
59.91557,-0.3764
59.92556,-0.2324
59.93555,-0.1044
59.94555,0.0885
59.95554,0.2145
59.96553,0.3846
59.97552,0.4942
59.98552,0.5711
59.99551,0.6174
60.0055,0.6531
60.0155,0.7085
60.02549,0.802
60.03548,0.8739
60.04551,0.9224
60.05553,0.9652
60.06555,1.0368
60.07557,1.1067
60.08559,1.1449
60.09562,1.184
60.10564,1.194
60.11566,1.1907
60.12568,1.2259
60.1357,1.2422
60.14572,1.2394
60.15574,1.2268
60.16576,1.2085
60.17575,1.2103
60.18576,1.1819
60.19576,1.1507
60.20575,1.1402
60.21575,1.1526
60.22575,1.1551
60.23575,1.1545
60.24575,1.1361
60.25575,1.0998
60.26575,1.0084
60.27575,0.9063
60.28575,0.7825
60.29575,0.6175
60.30574,0.3902
60.31574,0.1252
60.32574,-0.1543
60.33573,-0.3884
60.34573,-0.5818
60.35572,-0.7343
60.36572,-0.8526
60.37572,-0.9415
60.38572,-1.0468
60.39571,-1.1915
60.40571,-1.3557
60.41571,-1.4959
60.4257,-1.5839
60.4357,-1.604
60.4457,-1.5784
60.45569,-1.498
60.46569,-1.39
60.47569,-1.1819
60.48568,-1.0001
60.49567,-0.825
60.50567,-0.7087
60.51567,-0.5433
60.52566,-0.4374
60.53566,-0.4308
60.54573,-0.4567
60.55581,-0.5137
60.56588,-0.5909
60.57595,-0.7996
60.58602,-0.9058
60.59609,-0.9239
60.60616,-0.9356
60.61623,-0.9296
60.6263,-0.9458
60.63637,-0.9435
60.64644,-0.9541
60.65651,-0.9626
60.66654,-0.951
60.67652,-0.9539
60.6865,-0.9317
60.69648,-0.9116
60.70646,-0.9655
60.71644,-0.9126
60.72642,-0.8272
60.7364,-0.7437
60.74638,-0.7279
60.75636,-0.7246
60.76634,-0.724
60.77633,-0.7336
60.7863,-0.7195
60.79626,-0.7079
60.80621,-0.6751
60.81616,-0.6571
60.82611,-0.6448
60.83606,-0.6351
60.84601,-0.6264
60.85596,-0.6657
60.86591,-0.7084
60.87586,-0.738
60.88581,-0.756
60.89576,-0.7792
60.90571,-0.7551
60.91573,-0.7085
60.9258,-0.6736
60.93586,-0.6963
60.94593,-0.6399
60.95599,-0.5953
60.96605,-0.5183
60.97612,-0.4268
60.98618,-0.3133
60.99625,-0.1947
61.00631,-0.1093
61.01638,-0.0149
61.02644,0.105
61.03651,0.2503
61.04651,0.4393
61.05651,0.6221
61.06652,0.8162
61.07652,1.0266
61.08652,1.253
61.09653,1.4846
61.10653,1.6723
61.11653,1.8322
61.12654,2.0104
61.13654,2.2382
61.14654,2.5184
61.15655,2.801
61.16656,3.0538
61.17656,3.2426
61.18655,3.3821
61.19655,3.4983
61.20655,3.6358
61.21655,3.7487
61.22654,3.8291
61.23654,3.9041
61.24654,4.0005
61.25653,4.1695
61.26653,4.2974
61.27653,4.3708
61.28653,4.4012
61.29652,4.403
61.30652,4.37
61.31651,4.3764
61.32651,4.4004
61.3365,4.3789
61.3465,4.3327
61.35649,4.2167
61.36649,4.0352
61.37648,3.8057
61.38648,3.5531
61.39648,3.2429
61.40647,2.8658
61.41646,2.4175
61.42643,1.8938
61.43639,1.3557
61.44635,0.8071
61.45632,0.3138
61.46628,-0.1382
61.47625,-0.4875
61.48621,-0.689
61.49618,-0.7915
61.50614,-0.8693
61.51611,-0.9183
61.52607,-0.9494
61.53603,-1.0025
61.54604,-1.0486
61.55605,-1.0867
61.56606,-1.1498
61.57607,-1.1811
61.58608,-1.2161
61.59609,-1.2274
61.60609,-1.2329
61.6161,-1.2535
61.62611,-1.2525
61.63612,-1.2421
61.64613,-1.1727
61.65614,-1.2004
61.66615,-1.1635
61.67616,-1.1077
61.68616,-1.0609
61.69616,-1.0681
61.70617,-1.1234
61.71618,-1.206
61.72618,-1.2098
61.73618,-1.0482
61.74619,-0.4918
61.7562,0.1452
61.7662,0.6178
61.7762,0.8937
61.78621,1.0599
61.79622,1.2243
61.80624,1.5388
61.81625,1.9496
61.82626,2.477
61.83627,2.8415
61.84629,3.0396
61.8563,3.1632
61.86631,3.2095
61.87633,3.1116
61.88634,2.9115
61.89635,2.671
61.90637,2.4489
61.91635,2.2311
61.9263,2.0109
61.93626,1.734
61.94621,1.3412
61.95617,0.7963
61.96612,0.1257
61.97607,-0.3623
61.98603,-0.5891
61.99598,-0.7763
62.00593,-1.0148
62.01588,-1.1852
62.02584,-1.3003
62.03579,-1.3429
62.04591,-1.3697
62.05601,-1.3719
62.06612,-1.3148
62.07623,-1.2425
62.08633,-1.2837
62.09644,-1.3589
62.10655,-1.4207
62.11665,-1.3795
62.12676,-1.3627
62.13687,-1.2785
62.14698,-1.1144
62.15708,-0.9417
62.16714,-0.7471
62.17714,-0.701
62.18713,-0.8687
62.19713,-1.12
62.20712,-1.2305
62.21712,-1.2467
62.22712,-1.1849
62.23711,-1.0188
62.24711,-0.7338
62.25711,-0.3534
62.26711,0.077
62.2771,-0.1854
62.2871,-0.5737
62.29711,-0.8199
62.30711,-0.7359
62.31711,-0.5781
62.32711,0.1041
62.33712,0.2534
62.34712,0.2772
62.35712,0.2038
62.36713,0.1606
62.37713,0.0528
62.38713,-0.1115
62.39714,-0.3054
62.40714,-0.551
62.41713,-0.8045
62.4271,-0.9984
62.43707,-1.1272
62.44704,-1.2134
62.457,-1.2664
62.46698,-1.2831
62.47694,-1.328
62.48692,-1.3516
62.49688,-1.3716
62.50686,-1.3585
62.51682,-1.3471
62.52679,-1.3237
62.53676,-1.3292
62.54676,-1.2738
62.55675,-1.2555
62.56674,-1.1777
62.57673,-1.0069
62.58672,-0.9069
62.59671,-0.8677
62.6067,-0.8717
62.61669,-0.8938
62.62668,-0.9036
62.63667,-0.8486
62.64666,-0.8349
62.65665,-0.7474
62.66668,-0.6053
62.6767,-0.4626
62.68673,-0.2865
62.69675,-0.2072
62.70678,-0.1613
62.7168,-0.0952
62.72683,0.0468
62.73685,0.3276
62.74687,0.557
62.7569,0.9201
62.76692,0.8965
62.77694,0.9014
62.78697,0.9361
62.79697,1.0082
62.80696,1.159
62.81696,1.1918
62.82695,1.1022
62.83695,1.0731
62.84694,1.1363
62.85694,1.1704
62.86693,1.1095
62.87693,0.8076
62.88692,0.3569
62.89692,0.5759
62.90691,0.6835
62.9169,0.5931
62.92686,0.4663
62.93684,0.3121
62.9468,0.1145
62.95677,-0.0906
62.96674,-0.3132
62.97671,-0.4917
62.98668,-0.6304
62.99665,-0.7152
63.00662,-0.7759
63.01659,-0.8015
63.02656,-0.8265
63.03653,-0.8486
63.04652,-0.8209
63.05651,-0.8386
63.0665,-0.8876
63.07649,-0.893
63.08648,-0.9064
63.09647,-0.8512
63.10646,-0.8392
63.11646,-0.8426
63.12645,-0.895
63.13644,-0.9997
63.14643,-1.0328
63.15642,-1.086
63.16648,-1.1168
63.17659,-1.1229
63.1867,-1.127
63.1968,-1.0632
63.20691,-1.0065
63.21702,-0.9755
63.22713,-0.9742
63.23724,-0.942
63.24735,-0.8683
63.25746,-0.7472
63.26757,-0.5686
63.27768,-0.3401
63.28779,-0.0764
63.29779,0.2644
63.30779,0.6547
63.31778,0.9799
63.32778,1.3558
63.33778,1.4153
63.34777,1.2063
63.35777,1.4084
63.36777,1.6239
63.37776,1.9272
63.38776,2.1542
63.39775,1.7262
63.40775,1.5026
63.41775,1.5683
63.42774,1.6589
63.43773,1.5552
63.44773,1.5098
63.45772,1.4277
63.46771,1.2904
63.47771,1.0849
63.4877,0.8788
63.49769,0.6735
63.50768,0.462
63.51768,0.2744
63.52767,0.0922
63.53766,-0.0682
63.54764,-0.1964
63.55761,-0.3026
63.56758,-0.3628
63.57756,-0.3642
63.58753,-0.3589
63.59751,-0.2693
63.60748,-0.2253
63.61745,-0.0519
63.62743,0.0079
63.6374,0.0458
63.64737,0.4841
63.65735,0.7461
63.66735,0.8382
63.67738,0.9047
63.68741,0.8246
63.69744,0.8002
63.70747,0.7779
63.7175,0.6631
63.72753,0.5544
63.73756,0.5364
63.74759,0.4265
63.75762,0.4839
63.76765,0.6389
63.77768,0.4353
63.7877,0.4259
63.79768,0.4947
63.80766,0.5578
63.81763,0.5974
63.8276,0.5937
63.83757,0.6001
63.84755,0.6144
63.85752,0.6355
63.86749,0.6737
63.87746,0.7221
63.88744,0.7901
63.89741,0.8693
63.90738,1.0253
63.9174,1.1638
63.92746,1.223
63.93752,1.2113
63.94757,1.2247
63.95763,1.2809
63.96768,1.3478
63.97773,1.3998
63.98779,1.4456
63.99784,1.4623
64.0079,1.4842
64.01795,1.5062
64.02801,1.5367
64.03806,1.5126
64.04804,1.4887
64.058,1.4713
64.06796,1.4633
64.07792,1.447
64.08788,1.4104
64.09784,1.3872
64.1078,1.3653
64.11776,1.2865
64.12772,1.1419
64.13768,0.936
64.14764,0.7423
64.1576,0.5896
64.16756,0.462
64.17754,0.3652
64.1875,0.3294
64.19746,0.346
64.20743,0.3815
64.21739,0.4058
64.22736,0.4251
64.23733,0.4347
64.24729,0.4245
64.25726,0.3949
64.26723,0.43
64.27719,0.4915
64.28716,0.5734
64.29728,0.6077
64.30739,0.5966
64.3175,0.5421
64.32761,0.4688
64.33771,0.3917
64.34782,0.3171
64.35793,0.2598
64.36803,0.1869
64.37814,0.1467
64.38824,0.0287
64.39835,-0.0573
64.40846,-0.1385
64.41851,-0.1831
64.4285,-0.2081
64.4385,-0.2287
64.44849,-0.2423
64.45849,-0.2185
64.46848,-0.1623
64.47848,-0.15
64.48847,-0.0552
64.49847,0.0336
64.50846,0.1211
64.51846,0.2064
64.52845,0.3309
64.53844,0.4956
64.54845,0.7041
64.55845,0.9408
64.56844,1.3804
64.57844,1.5829
64.58844,1.7731
64.59843,2.0876
64.60843,2.451
64.61843,2.852
64.62843,3.2691
64.63842,3.596
64.64842,3.7884
64.65842,3.7536
64.66841,4.0482
64.67841,4.4396
64.6884,4.8053
64.6984,4.9372
64.7084,5.0868
64.71839,5.278
64.72839,5.3019
64.73839,5.5082
64.74839,5.5069
64.75838,5.5268
64.76838,5.4295
64.77838,5.3213
64.78838,5.1935
64.79835,4.9993
64.80832,4.7992
64.81829,4.4239
64.82825,3.958
64.83823,3.5318
64.8482,3.1007
64.85816,2.7208
64.86813,2.52
64.87811,2.3556
64.88807,2.2289
64.89804,2.0875
64.90801,1.8735
64.91801,1.6161
64.92804,1.3767
64.93806,1.2342
64.9481,1.0598
64.95812,0.944
64.96815,0.8899
64.97817,0.8053
64.9882,0.7848
64.99823,0.7035
65.00826,0.6493
65.01828,0.6639
65.02831,0.6287
65.03834,0.5511
65.04833,0.612
65.05832,0.7437
65.06831,0.9221
65.0783,1.0993
65.08829,1.2462
65.09828,1.3489
65.10827,1.4135
65.11826,1.4898
65.12825,1.6197
65.13824,1.8151
65.14823,2.0435
65.15822,2.4692
65.1682,2.8094
65.17815,3.4138
65.18811,3.5398
65.19807,3.8784
65.20803,4.1049
65.21799,4.6395
65.22794,5.1661
65.23791,5.341
65.24786,5.3635
65.25782,5.347
65.26778,5.4438
65.27774,5.7144
65.2877,5.9387
65.29773,6.1628
65.30776,6.2625
65.31779,6.305
65.32783,6.2257
65.33786,6.0323
65.3479,5.7073
65.35793,5.2494
65.36797,4.5356
65.378,3.8606
65.38803,3.2164
65.39806,2.7275
65.4081,2.4068
65.41821,2.2275
65.42836,2.0443
65.43851,1.8631
65.44867,1.7119
65.45882,1.6232
65.46898,1.4842
65.47914,1.2258
65.4893,1.0628
65.49945,0.8946
65.50961,1.0188
65.51976,1.0441
65.52991,0.9381
65.54007,1.0442
65.55002,0.9102
65.55996,0.8388
65.5699,0.7834
65.57985,0.8105
65.58979,0.9612
65.59973,1.1599
65.60968,1.2869
65.61962,1.3328
65.62956,1.4093
65.63951,1.4652
65.64945,1.5064
65.65939,1.6071
65.6694,1.7379
65.67945,1.8822
65.68951,2.0314
65.69956,2.3166
65.70963,2.7025
65.71968,2.6655
65.72974,2.4911
65.73979,2.932
65.74985,3.104
65.7599,3.0567
65.76997,2.928
65.78002,2.8279
65.79008,2.6314
65.80002,2.3652
65.80995,2.0883
65.81989,1.6068
65.82981,1.8109
65.83974,1.8914
65.84968,1.8509
65.85961,1.8475
65.86954,1.644
65.87948,1.419
65.88941,1.2049
65.89935,1.0126
65.90928,0.8656
65.91924,0.7347
65.92923,0.5949
65.93922,0.4189
65.94921,0.2166
65.9592,-0.0239
65.96918,-0.1903
65.97917,-0.3383
65.98916,-0.41
65.99915,-0.5171
66.00914,-0.4915
66.01913,-0.4411
66.02911,-0.3282
66.0391,-0.3388
66.04907,-0.3536
66.05903,-0.3674
66.06899,-0.3995
66.07896,-0.3523
66.08892,-0.3491
66.09888,-0.1395
66.10885,-0.1085
66.11881,-0.0586
66.12877,0.0384
66.13873,0.1873
66.1487,0.3302
66.15866,0.4374
66.16869,0.5103
66.17878,0.601
66.18887,0.7646
66.19897,1.0259
66.20906,1.3862
66.21916,1.8947
66.22926,2.4786
66.23935,2.7745
66.24944,2.6854
66.25954,2.8095
66.26963,3.1698
66.27972,3.0746
66.28982,3.2713
66.29977,3.4605
66.30973,3.0848
66.31968,2.7498
66.32964,2.7125
66.33959,2.5043
66.34954,2.2689
66.3595,2.0265
66.36945,2.0059
66.3794,1.9928
66.38936,1.7519
66.39931,1.5663
66.40926,1.3536
66.41924,1.1381
66.42921,0.9938
66.43919,0.8356
66.44916,0.6384
66.45914,0.3632
66.46911,0.0298
66.47909,-0.2939
66.48906,-0.5689
66.49904,-0.7079
66.50901,-0.8535
66.51899,-0.8859
66.52896,-0.9253
66.53894,-0.9696
66.54903,-1.076
66.55911,-1.2486
66.56919,-1.31
66.57928,-1.3178
66.58936,-1.369
66.59945,-1.3668
66.60953,-1.3552
66.61961,-1.3308
66.6297,-1.3798
66.63979,-1.4807
66.64986,-1.4957
66.65995,-1.4611
66.67001,-1.4409
66.67999,-1.4204
66.68997,-1.3451
66.69995,-1.3134
66.70993,-1.2901
66.71992,-1.2874
66.7299,-1.2473
66.73988,-1.2116
66.74986,-1.1173
66.75985,-0.9877
66.76983,-0.8314
66.77982,-0.6802
66.78979,-0.5467
66.7998,-0.3816
66.8098,-0.1976
66.81979,0.0095
66.82979,0.2329
66.83978,0.4921
66.84977,0.798
66.85976,1.074
66.86976,1.2882
66.87975,1.483
66.88974,1.7864
66.89973,2.1256
66.90973,2.3696
66.91973,2.3989
66.92973,2.6108
66.93972,2.5694
66.94972,2.6623
66.95972,2.6475
66.96972,2.1799
66.97971,2.0015
66.98971,2.0763
66.99971,2.1655
67.0097,2.2024
67.0197,2.0227
67.0297,1.6417
67.0397,1.3568
67.04971,1.1367
67.05971,0.9041
67.06972,0.6048
67.07972,0.2663
67.08973,-0.089
67.09973,-0.437
67.10974,-0.7762
67.11974,-0.9852
67.12975,-1.1648
67.13976,-1.2747
67.14977,-1.3317
67.15977,-1.415
67.16978,-1.4377
67.17977,-1.4702
67.18976,-1.4759
67.19975,-1.5064
67.20974,-1.5249
67.21973,-1.481
67.22971,-1.415
67.2397,-1.3531
67.24969,-1.3152
67.25968,-1.1363
67.26967,-1.1624
67.27966,-1.0827
67.28965,-1.0459
67.29961,-0.9571
67.30959,-0.9064
67.31955,-0.8756
67.32951,-0.8421
67.33948,-0.7814
67.34944,-0.6787
67.35941,-0.6322
67.36937,-0.6231
67.37934,-0.5332
67.38931,-0.3871
67.39927,-0.2475
67.40923,-0.112
67.41924,0.0512
67.42927,0.2831
67.4393,0.5847
67.44933,0.9139
67.45937,1.2734
67.4694,1.7286
67.47943,2.1029
67.48946,2.373
67.4995,2.9099
67.50954,3.3554
67.51957,3.4926
67.5296,3.4913
67.53963,3.7964
67.54963,3.6006
67.55962,3.8449
67.56961,3.701
67.5796,3.6067
67.58959,3.8069
67.59959,3.9123
67.60957,3.9055
67.61957,3.877
67.62955,3.8172
67.63955,3.6543
67.64954,3.4674
67.65953,3.1524
67.66959,2.8005
67.67968,2.4117
67.68978,2.0296
67.69988,1.6465
67.70998,1.2797
67.72008,0.9008
67.73017,0.549
67.74027,0.2389
67.75037,0.0021
67.76047,-0.2491
67.77057,-0.504
67.78066,-0.7178
67.79076,-0.8603
67.80076,-0.8905
67.81073,-0.9061
67.8207,-0.8582
67.83067,-0.8527
67.84064,-0.8149
67.85062,-0.6602
67.8606,-0.6977
67.87057,-0.6822
67.88054,-0.7125
67.89051,-0.6899
67.90048,-0.7274
67.91045,-0.6831
67.92043,-0.6631
67.9304,-0.6556
67.94036,-0.6362
67.95033,-0.5553
67.96029,-0.5537
67.97025,-0.4504
67.98022,-0.4389
67.99019,-0.3421
68.00015,-0.2034
68.01012,0.0448
68.02009,0.2537
68.03005,0.4292
68.04002,0.6127
68.05005,0.8009
68.06009,1.0821
68.07012,1.5419
68.08015,2.0512
68.09019,2.7626
68.10022,3.3739
68.11025,3.9084
68.12029,3.9933
68.13032,4.1852
68.14035,4.8664
68.15038,5.4998
68.16042,5.5265
68.17043,5.3937
68.18039,5.4128
68.19035,5.1257
68.20033,4.9432
68.21029,4.6026
68.22026,4.4001
68.23022,4.2181
68.24019,4.0369
68.25016,3.7203
68.26012,2.9922
68.27009,2.3486
68.28006,1.8123
68.29002,1.3314
68.30006,0.8994
68.31008,0.5447
68.32011,0.2195
68.33013,-0.0143
68.34016,-0.1165
68.35017,-0.1704
68.3602,-0.18
68.37022,-0.2476
68.38025,-0.2668
68.39027,-0.3918
68.4003,-0.4358
68.41032,-0.1666
68.42033,-0.1111
68.43033,-0.2218
68.44032,-0.1647
68.45032,-0.1296
68.46031,-0.0651
68.47031,-0.0109
68.4803,0.0675
68.4903,0.2078
68.5003,0.432
68.51029,0.6849
68.52029,0.8938
68.53028,1.1053
68.54028,1.3352
68.55028,1.5814
68.56027,1.8143
68.57027,2.0925
68.58026,2.4344
68.59026,2.8463
68.60024,3.2726
68.61024,3.4353
68.62023,3.5445
68.63023,3.7638
68.64022,4.0736
68.65022,4.2438
68.66021,4.3957
68.67024,4.6605
68.68032,4.612
68.69039,4.5077
68.70046,4.2838
68.71053,4.1035
68.72061,3.8305
68.73068,3.5939
68.74075,3.5041
68.75083,3.2882
68.7609,3.0727
68.77097,2.7226
68.78105,2.4268
68.79112,2.1875
68.80109,1.9164
68.81107,1.6103
68.82104,1.2282
68.831,0.8545
68.84097,0.5186
68.85094,0.2359
68.86092,-0.058
68.87088,-0.2488
68.88085,-0.3843
68.89082,-0.4917
68.90079,-0.6055
68.91077,-0.7328
68.92075,-0.9432
68.93074,-1.1047
68.94073,-1.2996
68.95073,-1.4099
68.96072,-1.4345
68.97073,-1.4446
68.98072,-1.442
68.99072,-1.4451
69.00071,-1.4737
69.0107,-1.5543
69.0207,-1.5499
69.03069,-1.7716
69.04069,-1.9647
69.05072,-2.0842
69.06075,-2.1161
69.07078,-1.9576
69.0808,-1.9544
69.09083,-2.0882
69.10086,-2.0289
69.11089,-2.2234
69.12092,-2.244
69.13094,-1.9481
69.14098,-2.2429
69.151,-2.4997
69.16103,-2.4266
69.17106,-2.3872
69.18106,-2.2588
69.19106,-2.1436
69.20107,-2.1804
69.21107,-2.3286
69.22106,-2.3925
69.23106,-2.3049
69.24107,-1.8587
69.25107,-1.5674
69.26107,-1.4378
69.27106,-1.4942
69.28107,-1.5692
69.29107,-1.6406
69.30106,-1.7928
69.31107,-1.7613
69.32106,-1.707
69.33105,-1.5987
69.34106,-1.4845
69.35105,-1.5444
69.36105,-1.6626
69.37105,-1.7359
69.38105,-1.7448
69.39104,-1.7147
69.40104,-1.7796
69.41104,-1.8464
69.42105,-1.9178
69.43104,-1.9572
69.44102,-1.9608
69.45102,-1.9011
69.46101,-1.8801
69.47099,-1.858
69.48098,-1.7861
69.49097,-1.7645
69.50096,-1.7769
69.51095,-1.7797
69.52094,-1.8165
69.53093,-1.8469
69.54092,-1.8561
69.55095,-1.8642
69.56097,-1.852
69.57099,-1.8228
69.58101,-1.7835
69.59103,-1.754
69.60105,-1.7371
69.61107,-1.7764
69.62109,-1.7956
69.63111,-1.7516
69.64113,-1.734
69.65115,-1.7479
69.66116,-1.7447
69.67117,-1.7818
69.68116,-1.8306
69.69115,-1.8261
69.70114,-1.7986
69.71113,-1.7291
69.72112,-1.7113
69.73111,-1.6937
69.7411,-1.6949
69.75109,-1.6617
69.76108,-1.6812
69.77106,-1.732
69.78106,-1.7172
69.79105,-1.6614
69.80109,-1.6434
69.81113,-1.6364
69.82117,-1.6408
69.83121,-1.6585
69.84126,-1.6911
69.8513,-1.7481
69.86134,-1.7475
69.87138,-1.6944
69.88142,-1.6816
69.89146,-1.7123
69.90151,-1.7711
69.91155,-1.8186
69.92157,-1.8397
69.93156,-1.8324
69.94155,-1.782
69.95154,-1.7046
69.96152,-1.6675
69.97152,-1.6381
69.98151,-1.6304
69.99149,-1.64
70.00148,-1.6702
70.01147,-1.713
70.02146,-1.7631
70.03145,-1.8094
70.04144,-1.8198
70.05146,-1.7831
70.06149,-1.7278
70.0715,-1.7197
70.08153,-1.7137
70.09155,-1.6828
70.10158,-1.7095
70.1116,-1.6514
70.12163,-1.6345
70.13165,-1.6392
70.14167,-1.6725
70.1517,-1.6603
70.16172,-1.6614
70.17173,-1.7106
70.18171,-1.714
70.19168,-1.6979
70.20166,-1.7369
70.21164,-1.7735
70.22162,-1.8209
70.2316,-2.0734
70.24158,-2.1613
70.25156,-1.8818
70.26153,-1.6846
70.27151,-1.6377
70.28149,-1.6527
70.29147,-1.6422
70.30148,-1.5818
70.31148,-1.5353
70.32149,-1.6247
70.33149,-1.7543
70.3415,-1.7779
70.3515,-1.7635
70.3615,-1.7696
70.37151,-1.7528
70.38152,-1.7161
70.39153,-1.6675
70.40153,-1.6362
70.41153,-1.6552
70.42154,-1.6815
70.43153,-1.7095
70.44154,-1.6937
70.45154,-1.7123
70.46154,-1.7195
70.47154,-1.7139
70.48154,-1.7213
70.49155,-1.7058
70.50155,-1.6871
70.51154,-1.6537
70.52155,-1.6343
70.53155,-1.6453
70.54155,-1.6735
70.55157,-1.6853
70.56159,-1.6926
70.57161,-1.7059
70.58163,-1.6871
70.59165,-1.6529
70.60168,-1.6587
70.61169,-1.6563
70.62171,-1.6365
70.63174,-1.6321
70.64175,-1.6804
70.65178,-1.691
70.6618,-1.7113
70.67181,-1.738
70.68182,-1.7465
70.69181,-1.7529
70.70181,-1.7602
70.71181,-1.7392
70.72182,-1.7234
70.73182,-1.7543
70.74182,-1.7712
70.75182,-1.7686
70.76182,-1.7665
70.77182,-1.7592
70.78182,-1.7446
70.79182,-1.7616
70.8018,-1.7608
70.81177,-1.7479
70.82173,-1.7369
70.8317,-1.7452
70.84167,-1.7209
70.85165,-1.6963
70.86162,-1.6815
70.87159,-1.6905
70.88156,-1.6953
70.89153,-1.7058
70.9015,-1.7053
70.91148,-1.7101
70.92152,-1.7266
70.93161,-1.737
70.9417,-1.7131
70.9518,-1.6821
70.96188,-1.7048
70.97198,-1.7289
70.98207,-1.7272
70.99216,-1.7338
71.00226,-1.7263
71.01235,-1.7104
71.02245,-1.6943
71.03254,-1.6803
71.04263,-1.6932
71.0526,-1.706
71.06255,-1.7292
71.07252,-1.7403
71.08248,-1.7266
71.09245,-1.7391
71.10241,-1.7437
71.11237,-1.7623
71.12233,-1.732
71.13229,-1.7084
71.14226,-1.6938
71.15221,-1.7127
71.16218,-1.7186
71.17221,-1.7571
71.1823,-1.7704
71.19239,-1.7615
71.20248,-1.7712
71.21257,-1.7842
71.22266,-1.7591
71.23275,-1.7719
71.24284,-1.7439
71.25293,-1.7271
71.26302,-1.7352
71.27311,-1.7348
71.2832,-1.766
71.29329,-1.7858
71.30322,-1.8193
71.31315,-1.8256
71.32307,-1.8158
71.333,-1.8036
71.34293,-1.7811
71.35285,-1.7516
71.36278,-1.7483
71.3727,-1.769
71.38263,-1.7492
71.39256,-1.7218
71.40248,-1.7151
71.41241,-1.6942
71.42237,-1.6942
71.43237,-1.7108
71.44235,-1.7244
71.45234,-1.7325
71.46233,-1.7336
71.47232,-1.7353
71.48232,-1.7458
71.4923,-1.744
71.50229,-1.7429
71.51228,-1.7422
71.52227,-1.7353
71.53226,-1.7462
71.54225,-1.7454
71.55231,-1.7343
71.56239,-1.7328
71.57245,-1.7231
71.58251,-1.7265
71.59258,-1.7399
71.60265,-1.7427
71.61271,-1.7356
71.62278,-1.7494
71.63284,-1.7535
71.64291,-1.7471
71.65298,-1.7362
71.66304,-1.7393
71.67305,-1.738
71.68295,-1.73
71.69284,-1.7271
71.70274,-1.7329
71.71263,-1.7296
71.72252,-1.7302
71.73241,-1.7375
71.74231,-1.7255
71.7522,-1.7232
71.7621,-1.7236
71.772,-1.7162
71.78189,-1.7146
71.79179,-1.7169
71.80182,-1.7225
71.81185,-1.7386
71.82188,-1.7391
71.83192,-1.7248
71.84195,-1.7187
71.85197,-1.7267
71.86201,-1.7339
71.87204,-1.7313
71.88207,-1.7241
71.89211,-1.7247
71.90214,-1.7421
71.91217,-1.7418
71.92216,-1.7281
71.93213,-1.7231
71.94209,-1.7184
71.95206,-1.7388
71.96202,-1.737
71.97198,-1.7294
71.98195,-1.7275
71.99192,-1.7438
72.00188,-1.7384
72.01185,-1.728
72.02181,-1.7169
72.03178,-1.7258
72.04174,-1.7323
72.05183,-1.7313
72.0619,-1.7195
72.07199,-1.7127
72.08207,-1.72
72.09215,-1.7289
72.10223,-1.7248
72.11231,-1.7305
72.1224,-1.7312
72.13248,-1.7493
72.14256,-1.7457
72.15264,-1.7348
72.16272,-1.7226
72.17277,-1.7081
72.18277,-1.7141
72.19276,-1.7226
72.20276,-1.721
72.21276,-1.72
72.22276,-1.728
72.23275,-1.7408
72.24274,-1.7335
72.25275,-1.7196
72.26274,-1.7158
72.27274,-1.7255
72.28274,-1.7265
72.29273,-1.7233
72.30273,-1.7036
72.31271,-1.7095
72.32271,-1.7103
72.3327,-1.7158
72.34268,-1.7062
72.35268,-1.7053
72.36266,-1.7145
72.37266,-1.7241
72.38264,-1.7194
72.39263,-1.7137
72.40263,-1.7096
72.41261,-1.7262
72.42262,-1.7252
72.43264,-1.714
72.44265,-1.7105
72.45267,-1.7061
72.46268,-1.726
72.47269,-1.7175
72.48271,-1.7022
72.49272,-1.6947
72.50274,-1.7034
72.51275,-1.7017
72.52277,-1.6984
72.53278,-1.7118
72.54279,-1.7088
72.55287,-1.7202
72.56296,-1.727
72.57304,-1.7152
72.58313,-1.7096
72.59322,-1.7304
72.60329,-1.7259
72.61338,-1.7244
72.62347,-1.7061
72.63355,-1.6907
72.64364,-1.6969
72.65372,-1.7181
72.6638,-1.7188
72.67381,-1.7228
72.68373,-1.7321
72.69365,-1.7399
72.70356,-1.7264
72.71348,-1.7079
72.7234,-1.6956
72.73331,-1.7052
72.74323,-1.7181
72.75315,-1.7222
72.76306,-1.7117
72.77298,-1.6943
72.7829,-1.7066
72.79282,-1.713
72.80282,-1.7085
72.81281,-1.6972
72.82281,-1.7027
72.83282,-1.7152
72.84281,-1.7174
72.85281,-1.7024
72.86281,-1.6958
72.87281,-1.7109
72.88281,-1.719
72.89281,-1.7156
72.90281,-1.7187
72.91281,-1.7226
72.9228,-1.7247
72.93276,-1.7368
72.94273,-1.7245
72.95269,-1.7132
72.96265,-1.7141
72.97263,-1.7213
72.98259,-1.7155
72.99255,-1.7182
73.00252,-1.7099
73.01248,-1.7071
73.02245,-1.7201
73.03242,-1.6999
73.04238,-1.705
73.05246,-1.7124
73.06254,-1.7342
73.07262,-1.7525
73.0827,-1.7488
73.09277,-1.723
73.10285,-1.7119
73.11293,-1.7189
73.12301,-1.7192
73.13309,-1.7146
73.14317,-1.7009
73.15324,-1.7106
73.16332,-1.729
73.17339,-1.7343
73.18342,-1.7159
73.19345,-1.7142
73.20348,-1.7194
73.21352,-1.7125
73.22355,-1.6898
73.23358,-1.6797
73.24361,-1.6842
73.25364,-1.7066
73.26367,-1.7209
73.2737,-1.7187
73.28374,-1.7177
73.29377,-1.7163
73.30376,-1.7132
73.31374,-1.6982
73.32374,-1.6866
73.33372,-1.7095
73.34371,-1.7081
73.35371,-1.7104
73.36369,-1.7109
73.37368,-1.7051
73.38367,-1.7008
73.39366,-1.7159
73.40365,-1.727
73.41364,-1.7176
73.42364,-1.7106
73.43363,-1.7183
73.44363,-1.7166
73.45364,-1.6901
73.46364,-1.6813
73.47364,-1.6724
73.48363,-1.6886
73.49364,-1.696
73.50364,-1.6955
73.51364,-1.693
73.52364,-1.7018
73.53364,-1.7043
73.54364,-1.6913
73.55361,-1.6823
73.56358,-1.6896
73.57355,-1.6922
73.58351,-1.6941
73.59348,-1.6833
73.60344,-1.6583
73.6134,-1.6654
73.62337,-1.6749
73.63333,-1.6867
73.6433,-1.693
73.65327,-1.6925
73.66323,-1.7131
73.67322,-1.7116
73.68322,-1.699
73.69322,-1.6861
73.70322,-1.6703
73.71323,-1.6821
73.72323,-1.6793
73.73323,-1.674
73.74323,-1.6766
73.75323,-1.6602
73.76324,-1.685
73.77324,-1.6722
73.78324,-1.6473
73.79324,-1.6456
73.80325,-1.6323
73.81327,-1.6514
73.82328,-1.6635
73.8333,-1.6748
73.84331,-1.6834
73.85332,-1.6741
73.86333,-1.6817
73.87335,-1.6609
73.88336,-1.6616
73.89338,-1.6789
73.90339,-1.7006
73.91341,-1.7127
73.92341,-1.7008
73.93338,-1.6854
73.94335,-1.6806
73.95333,-1.6784
73.9633,-1.6734
73.97327,-1.6749
73.98325,-1.6726
73.99323,-1.6831
74.0032,-1.7016
74.01318,-1.6927
74.02315,-1.6747
74.03313,-1.6764
74.0431,-1.6722
74.0531,-1.6656
74.0631,-1.6556
74.0731,-1.639
74.0831,-1.6577
74.0931,-1.6497
74.1031,-1.6391
74.11311,-1.6388
74.1231,-1.644
74.1331,-1.6633
74.1431,-1.6621
74.15311,-1.6406
74.16311,-1.6366
74.17316,-1.6332
74.18327,-1.6441
74.19337,-1.6505
74.20348,-1.6635
74.21358,-1.6546
74.22369,-1.6702
74.2338,-1.6701
74.2439,-1.6652
74.25401,-1.6647
74.26412,-1.6538
74.27423,-1.658
74.28433,-1.6595
74.29444,-1.6516
74.30445,-1.6312
74.31445,-1.6367
74.32446,-1.6401
74.33446,-1.6413
74.34446,-1.6368
74.35446,-1.6223
74.36446,-1.6418
74.37447,-1.658
74.38447,-1.6542
74.39447,-1.6408
74.40447,-1.6388
74.41447,-1.644
74.42448,-1.6338
74.43451,-1.6267
74.44453,-1.6289
74.45456,-1.6453
74.46458,-1.6642
74.47462,-1.6601
74.48464,-1.6555
74.49467,-1.6496
74.50469,-1.6533
74.51472,-1.6465
74.52474,-1.6459
74.53477,-1.6375
74.54479,-1.6397
74.55473,-1.6605
74.56467,-1.6703
74.57461,-1.6659
74.58454,-1.6433
74.59448,-1.6469
74.60442,-1.6625
74.61436,-1.6629
74.62429,-1.6598
74.63422,-1.6705
74.64417,-1.6784
74.6541,-1.6844
74.66404,-1.6852
74.67403,-1.668
74.68405,-1.6693
74.69408,-1.6652
74.70411,-1.669
74.71413,-1.6658
74.72416,-1.6645
74.73419,-1.6658
74.74422,-1.6566
74.75424,-1.6607
74.76427,-1.6551
74.7743,-1.6635
74.78432,-1.683
74.79435,-1.6825
74.80434,-1.6597
74.81434,-1.6585
74.82433,-1.6441
74.83433,-1.6506
74.84432,-1.643
74.85432,-1.6378
74.86431,-1.6481
74.87431,-1.667
74.88429,-1.6877
74.89429,-1.6777
74.90428,-1.6765
74.91428,-1.6658
74.92439,-1.6672
74.93462,-1.66
74.94484,-1.6429
74.95506,-1.6428
74.96529,-1.6601
74.97552,-1.6725
74.98574,-1.6613
74.99596,-1.6638
75.0062,-1.6739
75.01642,-1.6905
75.02664,-1.6824
75.03687,-1.6723
75.0471,-1.651
75.05687,-1.6488
75.06664,-1.6613
75.0764,-1.6613
75.08617,-1.6477
75.09594,-1.6502
75.10571,-1.66
75.11547,-1.6589
75.12524,-1.66
75.135,-1.6515
75.14478,-1.6363
75.15454,-1.6452
75.16431,-1.6482
75.17419,-1.6331
75.18419,-1.637
75.19418,-1.6506
75.20419,-1.6727
75.21419,-1.6697
75.22418,-1.6631
75.23418,-1.6565
75.24419,-1.651
75.25418,-1.6633
75.26418,-1.6663
75.27419,-1.6443
75.28418,-1.6348
75.29418,-1.6459
75.30422,-1.6471
75.31425,-1.6418
75.32429,-1.6394
75.33432,-1.6498
75.34435,-1.6592
75.35439,-1.6526
75.36442,-1.6464
75.37445,-1.6409
75.38448,-1.6509
75.39452,-1.6561
75.40455,-1.6613
75.41458,-1.6557
75.42461,-1.65
75.43462,-1.6609
75.44463,-1.6471
75.45465,-1.6416
75.46467,-1.6369
75.47468,-1.6347
75.4847,-1.6517
75.49471,-1.6529
75.50472,-1.6438
75.51474,-1.6517
75.52476,-1.6589
75.53477,-1.6494
75.54478,-1.648
75.55482,-1.6394
75.56486,-1.6412
75.57489,-1.6494
75.58493,-1.654
75.59497,-1.6571
75.605,-1.6438
75.61504,-1.6468
75.62508,-1.6676
75.63512,-1.6539
75.64516,-1.6335
75.6552,-1.6366
75.66523,-1.6359
75.67523,-1.6501
75.6852,-1.658
75.69515,-1.6534
75.70511,-1.648
75.71507,-1.6617
75.72503,-1.6612
75.73499,-1.6465
75.74495,-1.6418
75.75491,-1.6338
75.76486,-1.6319
75.77482,-1.6529
75.78478,-1.6477
75.79474,-1.6458
75.80476,-1.6567
75.81477,-1.6589
75.82478,-1.6408
75.83478,-1.6421
75.84478,-1.6326
75.85479,-1.6413
75.86479,-1.6496
75.87479,-1.6509
75.8848,-1.6399
75.89481,-1.6512
75.90481,-1.658
75.91481,-1.6519
75.92481,-1.6352
75.9348,-1.6236
75.94479,-1.6408
75.95478,-1.6544
75.96478,-1.6474
75.97476,-1.6574
75.98476,-1.652
75.99474,-1.6552
76.00474,-1.6617
76.01472,-1.6515
76.02472,-1.6493
76.03471,-1.6528
76.0447,-1.6605
76.0547,-1.6446
76.06468,-1.636
76.07466,-1.6331
76.08464,-1.6387
76.09463,-1.6514
76.10461,-1.6502
76.11459,-1.6537
76.12457,-1.6579
76.13455,-1.6645
76.14453,-1.6707
76.15452,-1.6635
76.1645,-1.6549
76.17451,-1.6563
76.18453,-1.6753
76.19456,-1.6617
76.20458,-1.6425
76.21461,-1.6494
76.22464,-1.6633
76.23466,-1.6756
76.2447,-1.6791
76.25472,-1.6592
76.26475,-1.6728
76.27477,-1.6784
76.28481,-1.6797
76.29483,-1.6536
76.30482,-1.6528
76.31483,-1.6573
76.32482,-1.6723
76.33482,-1.681
76.34482,-1.6763
76.35481,-1.6624
76.36481,-1.663
76.37481,-1.6672
76.38481,-1.6619
76.39481,-1.6629
76.4048,-1.6711
76.4148,-1.7013
76.42484,-1.6947
76.43492,-1.6898
76.445,-1.6638
76.45509,-1.6738
76.46516,-1.6793
76.47524,-1.6672
76.48532,-1.6641
76.49541,-1.6566
76.50549,-1.665
76.51556,-1.6737
76.52564,-1.6636
76.53573,-1.6657
76.54581,-1.6789
76.5558,-1.6928
76.56579,-1.6988
76.57578,-1.6796
76.58578,-1.6717
76.59577,-1.682
76.60577,-1.6886
76.61576,-1.6871
76.62576,-1.6897
76.63574,-1.693
76.64574,-1.6993
76.65573,-1.6892
76.66573,-1.6812
76.67574,-1.6818
76.68573,-1.6788
76.69572,-1.6921
76.70571,-1.6804
76.71571,-1.6642
76.72569,-1.6693
76.73569,-1.6734
76.74567,-1.6783
76.75567,-1.6797
76.76566,-1.6653
76.77565,-1.6712
76.78564,-1.6851
76.79563,-1.7065
76.80563,-1.6983
76.81564,-1.6853
76.82564,-1.6887
76.83563,-1.6961
76.84563,-1.6913
76.85563,-1.6686
76.86563,-1.6702
76.87563,-1.6708
76.88563,-1.6776
76.89563,-1.6857
76.90562,-1.6843
76.91563,-1.677
76.92563,-1.6919
76.93561,-1.682
76.94558,-1.6762
76.95556,-1.6707
76.96553,-1.6862
76.97551,-1.6889
76.98548,-1.6836
76.99546,-1.6832
77.00543,-1.6805
77.01541,-1.6829
77.02538,-1.6836
77.03536,-1.6901
77.04533,-1.6902
77.05537,-1.6924
77.06538,-1.6999
77.0754,-1.7108
77.08542,-1.6974
77.09544,-1.6968
77.10545,-1.6969
77.11546,-1.7107
77.12548,-1.7009
77.1355,-1.6794
77.14552,-1.6913
77.15553,-1.6983
77.16555,-1.6983
77.17555,-1.7096
77.18553,-1.6866
77.19552,-1.7034
77.20551,-1.7151
77.21548,-1.7083
77.22547,-1.6987
77.23545,-1.686
77.24544,-1.675
77.25542,-1.6903
77.2654,-1.6775
77.27539,-1.6672
77.28537,-1.6679
77.29536,-1.6833
77.30537,-1.7007
77.31538,-1.7078
77.32539,-1.7026
77.33539,-1.702
77.3454,-1.7145
77.35541,-1.7153
77.36541,-1.7029
77.37542,-1.6988
77.38543,-1.7044
77.39544,-1.6919
77.40544,-1.6831
77.41545,-1.6777
77.42547,-1.6644
77.43551,-1.686
77.44555,-1.6909
77.45558,-1.6981
77.46562,-1.6853
77.47566,-1.6805
77.4857,-1.6919
77.49574,-1.7092
77.50578,-1.6929
77.51582,-1.6845
77.52586,-1.6936
77.5359,-1.6972
77.54594,-1.6797
77.55598,-1.675
77.56603,-1.6727
77.57607,-1.6802
77.58611,-1.6759
77.59616,-1.6829
77.6062,-1.6747
77.61624,-1.686
77.62629,-1.6989
77.63633,-1.7112
77.64637,-1.6957
77.65642,-1.6841
77.66646,-1.6811
77.67648,-1.682
77.68647,-1.6702
77.69646,-1.6623
77.70644,-1.6687
77.71643,-1.6885
77.72643,-1.7019
77.73641,-1.711
77.7464,-1.7065
77.75639,-1.7124
77.76637,-1.7128
77.77637,-1.7048
77.78635,-1.6793
77.79634,-1.6662
77.80634,-1.6707
77.81635,-1.6717
77.82635,-1.6692
77.83635,-1.67
77.84635,-1.6784
77.85635,-1.6828
77.86636,-1.6703
77.87636,-1.6686
77.88636,-1.6599
77.89636,-1.6807
77.90636,-1.692
77.91637,-1.6888
77.92635,-1.6714
77.93631,-1.6764
77.94627,-1.693
77.95624,-1.6937
77.9662,-1.6788
77.97617,-1.6772
77.98613,-1.6878
77.99609,-1.6931
78.00605,-1.6886
78.01601,-1.6798
78.02598,-1.6701
78.03594,-1.6903
78.04591,-1.6879
78.05595,-1.6792
78.06599,-1.684
78.07603,-1.6791
78.08608,-1.6987
78.09612,-1.6952
78.10617,-1.6892
78.11621,-1.6864
78.12626,-1.6792
78.1363,-1.688
78.14635,-1.6711
78.15639,-1.6604
78.16644,-1.6566
78.17646,-1.6709
78.18647,-1.6725
78.19647,-1.6769
78.20647,-1.6764
78.21648,-1.6725
78.22648,-1.6772
78.23649,-1.6741
78.24649,-1.673
78.25649,-1.6822
78.26649,-1.6925
78.2765,-1.7087
78.28651,-1.6996
78.29651,-1.6891
78.3065,-1.6764
78.31649,-1.6856
78.32648,-1.6861
78.33647,-1.6814
78.34647,-1.6858
78.35645,-1.694
78.36645,-1.7011
78.37643,-1.6794
78.38643,-1.6731
78.39642,-1.6625
78.40641,-1.6832
78.4164,-1.6919
78.42638,-1.6922
78.43634,-1.6787
78.4463,-1.6778
78.45626,-1.6878
78.46622,-1.6869
78.47619,-1.6799
78.48615,-1.6769
78.49611,-1.6906
78.50607,-1.6881
78.51603,-1.6919
78.52599,-1.6756
78.53595,-1.6726
78.54591,-1.6828
78.5559,-1.6835
78.56588,-1.6744
78.57586,-1.6757
78.58585,-1.681
78.59583,-1.6858
78.6058,-1.6908
78.61579,-1.6843
78.62577,-1.6724
78.63576,-1.6891
78.64574,-1.6947
78.65572,-1.6793
78.6657,-1.6719
78.67576,-1.6798
78.68587,-1.6813
78.69599,-1.6798
78.70611,-1.6742
78.71622,-1.6651
78.72634,-1.6821
78.73646,-1.6964
78.74657,-1.6845
78.75669,-1.677
78.76681,-1.6776
78.77692,-1.689
78.78704,-1.6848
78.79716,-1.6768
78.80714,-1.6728
78.81713,-1.684
78.82712,-1.6931
78.8371,-1.6855
78.8471,-1.672
78.85709,-1.6673
78.86707,-1.6802
78.87706,-1.6947
78.88705,-1.6797
78.89704,-1.6726
78.90703,-1.6728
78.91702,-1.6901
78.92701,-1.6829
78.93699,-1.6808
78.94697,-1.6749
78.95695,-1.6773
78.96693,-1.6826
78.97691,-1.6807
78.98689,-1.682
78.99686,-1.6702
79.00684,-1.6894
79.01682,-1.6957
79.0268,-1.6839
79.03678,-1.6918
79.04676,-1.687
79.05677,-1.681
79.06678,-1.6782
79.0768,-1.6643
79.08681,-1.6515
79.09682,-1.6607
79.10683,-1.6623
79.11684,-1.6738
79.12685,-1.6756
79.13687,-1.6897
79.14688,-1.694
79.15689,-1.6781
79.16691,-1.6582
79.1769,-1.647
79.18688,-1.6561
79.19685,-1.6734
79.20683,-1.6703
79.2168,-1.6628
79.22677,-1.6761
79.23674,-1.682
79.24671,-1.6707
79.25668,-1.6649
79.26666,-1.6589
79.27663,-1.6677
79.28661,-1.6779
79.29658,-1.68
79.30658,-1.6727
79.31658,-1.6705
79.32658,-1.6773
79.33658,-1.6892
79.34658,-1.669
79.35658,-1.6675
79.36658,-1.6696
79.37658,-1.6728
79.38658,-1.6651
79.39658,-1.6687
79.40659,-1.6655
79.41659,-1.6749
79.4266,-1.6849
79.4366,-1.6703
79.4466,-1.6788
79.4566,-1.6673
79.4666,-1.6755
79.4766,-1.6776
79.4866,-1.6714
79.4966,-1.6674
79.50661,-1.6663
79.5166,-1.6724
79.5266,-1.675
79.53661,-1.676
79.54661,-1.6728
79.55664,-1.677
79.56665,-1.685
79.57666,-1.6823
79.58667,-1.6668
79.59668,-1.6673
79.60669,-1.673
79.6167,-1.6844
79.62671,-1.6766
79.63673,-1.6729
79.64674,-1.6787
79.65675,-1.6891
79.66676,-1.6948
79.67676,-1.677
79.68672,-1.658
79.69669,-1.6747
79.70667,-1.6754
79.71664,-1.6667
79.72661,-1.6509
79.73657,-1.6638
79.74654,-1.6698
79.75652,-1.6685
79.76649,-1.677
79.77645,-1.6608
79.78642,-1.6593
79.79639,-1.6832
79.80648,-1.675
79.81655,-1.6647
79.82662,-1.6661
79.8367,-1.6794
79.84677,-1.6843
79.85684,-1.6754
79.86691,-1.6651
79.87698,-1.6698
79.88705,-1.6835
79.89713,-1.6851
79.9072,-1.6623
79.91727,-1.6558
79.92732,-1.6714
79.93736,-1.6686
79.94738,-1.6774
79.95741,-1.6645
79.96744,-1.6685
79.97746,-1.6743
79.9875,-1.6765
79.99752,-1.6691
80.00755,-1.6667
80.01758,-1.6716
80.0276,-1.6765
80.03764,-1.6806
80.04766,-1.6655
80.05765,-1.6691
80.06763,-1.6788
80.07761,-1.6857
80.08759,-1.663
80.09757,-1.6738
80.10755,-1.6797
80.11753,-1.6897
80.12751,-1.6936
80.13749,-1.6816
80.14748,-1.6816
80.15746,-1.6786
80.16743,-1.6741
80.17745,-1.6698
80.18747,-1.6818
80.19748,-1.6909
80.2075,-1.711
80.21751,-1.6986
80.22753,-1.6796
80.23755,-1.6741
80.24757,-1.6833
80.25758,-1.6801
80.26759,-1.6813
80.27761,-1.6721
80.28763,-1.6895
80.29765,-1.6973
80.30766,-1.6992
80.31767,-1.6891
80.32767,-1.6908
80.33768,-1.6984
80.34769,-1.7042
80.3577,-1.7002
80.36771,-1.6948
80.37772,-1.6785
80.38773,-1.6843
80.39774,-1.6775
80.40775,-1.6893
80.41776,-1.6974
80.42775,-1.7033
80.43771,-1.7205
80.44765,-1.7122
80.45761,-1.6937
80.46757,-1.7159
80.47752,-1.7076
80.48747,-1.7124
80.49743,-1.7084
80.50738,-1.6986
80.51733,-1.7081
80.52729,-1.7358
80.53724,-1.7495
80.5472,-1.7347
80.55729,-1.7199
80.56738,-1.7252
80.57748,-1.7211
80.58757,-1.7107
80.59766,-1.6999
80.60776,-1.6965
80.61785,-1.7076
80.62794,-1.7071
80.63804,-1.688
80.64813,-1.6805
80.65823,-1.672
80.66832,-1.6818
