time_s,measured_value
0.00975,0.7256
0.0195,0.7341
0.02924,0.7356
0.03899,0.7337
0.04874,0.7242
0.05849,0.7152
0.06824,0.709
0.07799,0.7115
0.08773,0.7229
0.09748,0.7261
0.10723,0.7213
0.11698,0.73
0.12691,0.7356
0.13701,0.7226
0.14711,0.7257
0.15721,0.7127
0.16731,0.7143
0.17741,0.7193
0.18751,0.7295
0.19761,0.727
0.20771,0.7228
0.21781,0.7211
0.2279,0.7204
0.238,0.7198
0.2481,0.7281
0.25811,0.7425
0.2681,0.743
0.2781,0.726
0.2881,0.7287
0.2981,0.7185
0.3081,0.7212
0.31809,0.7233
0.32809,0.7196
0.33809,0.7184
0.34809,0.7261
0.35809,0.7345
0.36808,0.7367
0.37803,0.7415
0.38792,0.7379
0.3978,0.728
0.40769,0.7264
0.41757,0.7215
0.42745,0.7317
0.43734,0.7349
0.44722,0.7365
0.45711,0.7308
0.46699,0.7232
0.47688,0.7181
0.48676,0.7224
0.49665,0.7176
0.50668,0.7213
0.51671,0.7253
0.52674,0.7319
0.53677,0.7376
0.5468,0.7435
0.55683,0.7332
0.56686,0.737
0.57689,0.7222
0.58692,0.7221
0.59695,0.7142
0.60698,0.7242
0.61701,0.7294
0.62708,0.7312
0.63718,0.7311
0.64728,0.733
0.65738,0.7264
0.66749,0.7342
0.67759,0.7276
0.68769,0.7316
0.69779,0.73
0.70789,0.7303
0.718,0.7234
0.7281,0.7195
0.7382,0.7175
0.7483,0.7228
0.75827,0.7345
0.76824,0.7359
0.7782,0.7369
0.78817,0.7322
0.79813,0.7128
0.8081,0.7166
0.81806,0.7154
0.82803,0.7216
0.838,0.7312
0.84796,0.7288
0.85793,0.7376
0.86789,0.7298
0.8779,0.7298
0.88793,0.7257
0.89797,0.7143
0.90801,0.7224
0.91805,0.7253
0.92808,0.7202
0.93812,0.7241
0.94816,0.7284
0.95819,0.7265
0.96823,0.7189
0.97827,0.7214
0.98831,0.7309
0.99834,0.7304
1.00831,0.7335
1.01827,0.7419
1.02822,0.7346
1.03817,0.7291
1.04812,0.7288
1.05808,0.7162
1.06803,0.7188
1.07798,0.7259
1.08793,0.7304
1.09789,0.7357
1.10784,0.7307
1.11779,0.7189
1.12778,0.7236
1.13778,0.7234
1.14779,0.727
1.1578,0.7232
1.16781,0.7281
1.17782,0.7363
1.18783,0.741
1.19784,0.7281
1.20785,0.7376
1.21785,0.7374
1.22786,0.7267
1.23787,0.7258
1.24788,0.7117
1.2579,0.7201
1.26791,0.7288
1.27792,0.7374
1.28793,0.7319
1.29795,0.7334
1.30796,0.7273
1.31797,0.7163
1.32799,0.7249
1.338,0.7201
1.34801,0.7296
1.35802,0.7309
1.36804,0.7229
1.37803,0.7274
1.38801,0.7229
1.39798,0.7247
1.40795,0.7178
1.41793,0.7258
1.4279,0.7255
1.43787,0.7325
1.44784,0.7383
1.45782,0.7278
1.46779,0.7306
1.47776,0.7239
1.48774,0.7268
1.49771,0.7188
1.5077,0.7202
1.5177,0.7313
1.52769,0.722
1.53769,0.7257
1.54768,0.716
1.55767,0.7126
1.56767,0.7159
1.57766,0.7235
1.58766,0.7264
1.59765,0.7389
1.60764,0.7347
1.61764,0.727
1.62766,0.7212
1.63771,0.7179
1.64777,0.7243
1.65782,0.7342
1.66787,0.7319
1.67792,0.7254
1.68797,0.7208
1.69802,0.7216
1.70807,0.7238
1.71812,0.7198
1.72817,0.7259
1.73822,0.7235
1.74827,0.7245
1.75826,0.7231
1.76824,0.7318
1.77822,0.7362
1.7882,0.7365
1.79819,0.7327
1.80817,0.7254
1.81815,0.7241
1.82813,0.7136
1.83811,0.7144
1.8481,0.716
1.85808,0.7294
1.86806,0.733
1.87806,0.7319
1.88808,0.7357
1.8981,0.7404
1.90812,0.7302
1.91814,0.7165
1.92815,0.7169
1.93817,0.7167
1.94819,0.7235
1.95821,0.731
1.96823,0.74
1.97824,0.7461
1.98826,0.7421
1.99828,0.7274
2.00828,0.724
2.01828,0.7266
2.02828,0.7337
2.03828,0.719
2.04827,0.7236
2.05827,0.7248
2.06827,0.7356
2.07827,0.7307
2.08827,0.7268
2.09827,0.7211
2.10826,0.7259
2.11826,0.7222
2.12827,0.7363
2.13827,0.7294
2.14828,0.7372
2.15829,0.7326
2.1683,0.725
2.1783,0.7243
2.18831,0.7228
2.19832,0.7209
2.20833,0.719
2.21833,0.7219
2.22834,0.7289
2.23835,0.7453
2.24836,0.7417
2.25834,0.7355
2.26833,0.7246
2.27831,0.7136
2.2883,0.7179
2.29828,0.7232
2.30827,0.7334
2.31825,0.7326
2.32824,0.7207
2.33822,0.7111
2.34821,0.7096
2.35819,0.7184
2.36818,0.7265
2.37818,0.7302
2.38819,0.7347
2.3982,0.7309
2.40821,0.73
2.41821,0.7367
2.42822,0.7264
2.43823,0.7213
2.44824,0.7168
2.45825,0.7158
2.46826,0.7125
2.47827,0.715
2.48828,0.7124
2.49829,0.7124
2.50829,0.72
2.51829,0.7221
2.52828,0.7206
2.53828,0.7127
2.54827,0.7067
2.55827,0.703
2.56827,0.7087
2.57826,0.7135
2.58826,0.7094
2.59826,0.7296
2.60825,0.7225
2.61825,0.7156
2.62825,0.7122
2.63824,0.7137
2.64824,0.7027
2.65823,0.7086
2.66822,0.7192
2.67822,0.7175
2.68821,0.723
2.69821,0.726
2.7082,0.7177
2.7182,0.7097
2.72819,0.7033
2.73818,0.7037
2.74818,0.7092
2.75826,0.7248
2.76835,0.727
2.77843,0.7309
2.78851,0.7295
2.7986,0.7292
2.80868,0.7313
2.81876,0.7217
2.82884,0.7197
2.83893,0.7219
2.84901,0.7212
2.85909,0.7259
2.86918,0.7249
2.8792,0.7199
2.88917,0.7149
2.89914,0.7156
2.90911,0.7216
2.91907,0.731
2.92904,0.7274
2.93901,0.7227
2.94897,0.7214
2.95894,0.7239
2.96891,0.7217
2.97887,0.7234
2.98884,0.73
2.99881,0.726
3.00881,0.7239
3.0188,0.7262
3.02879,0.7272
3.03879,0.723
3.04878,0.7099
3.05878,0.7237
3.06877,0.7251
3.07877,0.7211
3.08876,0.7183
3.09876,0.7236
3.10875,0.7169
3.11875,0.7191
3.12874,0.7172
3.13873,0.7129
3.14872,0.7097
3.15872,0.7141
3.16871,0.7317
3.1787,0.7266
3.18869,0.7302
3.19868,0.7298
3.20867,0.7138
3.21866,0.7193
3.22866,0.7224
3.23865,0.7314
3.24864,0.738
3.25867,0.7293
3.2687,0.721
3.27873,0.7185
3.28876,0.7267
3.29879,0.7351
3.30882,0.737
3.31884,0.7416
3.32887,0.7329
3.3389,0.7273
3.34893,0.7183
3.35896,0.7209
3.36899,0.7318
3.379,0.7245
3.38899,0.721
3.39898,0.7214
3.40897,0.719
3.41896,0.7132
3.42896,0.7171
3.43895,0.721
3.44894,0.7218
3.45893,0.7196
3.46892,0.7161
3.47891,0.7214
3.4889,0.7225
3.49889,0.7281
3.50892,0.7367
3.51892,0.7547
3.52893,0.7374
3.53893,0.7329
3.54894,0.7165
3.55894,0.7076
3.56894,0.7124
3.57895,0.73
3.58895,0.7362
3.59896,0.7379
3.60896,0.7301
3.61897,0.7282
3.62898,0.7292
3.63898,0.7319
3.64898,0.7289
3.65898,0.7433
3.66898,0.7394
3.67898,0.7338
3.68898,0.7151
3.69898,0.7128
3.70898,0.7137
3.71898,0.7174
3.72898,0.7277
3.73898,0.7294
3.74898,0.7293
3.75898,0.7339
3.76897,0.7376
3.77895,0.7389
3.78894,0.7246
3.79892,0.7113
3.80891,0.7109
3.8189,0.7191
3.82888,0.7288
3.83887,0.7348
3.84885,0.7382
3.85884,0.732
3.86882,0.7292
3.87885,0.7256
3.8889,0.7291
3.89895,0.7302
3.909,0.7271
3.91905,0.7247
3.9291,0.7226
3.93916,0.7107
3.94921,0.7128
3.95926,0.7197
3.96931,0.723
3.97936,0.7257
3.98941,0.7256
3.99947,0.7407
4.0095,0.7396
4.01953,0.7355
4.02956,0.7197
4.03959,0.7081
4.04962,0.7068
4.05965,0.7019
4.06969,0.7122
4.07972,0.7325
4.08975,0.7333
4.09978,0.7244
4.10981,0.724
4.11984,0.7235
4.12986,0.7151
4.13985,0.7111
4.14985,0.7151
4.15984,0.7167
4.16984,0.7304
4.17983,0.7396
4.18983,0.7291
4.19982,0.7316
4.20982,0.7243
4.21981,0.7254
4.22981,0.7175
4.2398,0.7167
4.24979,0.7213
4.25978,0.7264
4.26977,0.7261
4.27976,0.7289
4.28974,0.7324
4.29973,0.7284
4.30972,0.73
4.3197,0.7252
4.32969,0.724
4.33968,0.7238
4.34966,0.7209
4.35965,0.7203
4.36963,0.7213
4.37963,0.7262
4.38964,0.7357
4.39965,0.7449
4.40966,0.7398
4.41967,0.7323
4.42968,0.7206
4.43969,0.7114
4.4497,0.7187
4.45971,0.7293
4.46971,0.7349
4.47972,0.7274
4.48973,0.7376
4.49974,0.7374
4.50974,0.7278
4.51974,0.715
4.52973,0.7147
4.53972,0.7208
4.54972,0.7295
4.55971,0.7359
4.5697,0.7432
4.5797,0.7435
4.58969,0.7362
4.59969,0.7302
4.60968,0.7166
4.61967,0.7236
4.62967,0.7199
4.63967,0.7209
4.64967,0.7336
4.65967,0.7393
4.66968,0.74
4.67968,0.7263
4.68968,0.7209
4.69968,0.7261
4.70968,0.7244
4.71968,0.725
4.72968,0.726
4.73968,0.7229
4.74968,0.724
4.75968,0.7267
4.76967,0.7287
4.77967,0.717
4.78966,0.7247
4.79965,0.7275
4.80965,0.7279
4.81964,0.721
4.82964,0.7193
4.83963,0.7282
4.84962,0.7276
4.85962,0.7182
4.86961,0.7276
4.87965,0.7305
4.88972,0.7267
4.89979,0.7353
4.90987,0.7332
4.91994,0.7252
4.93001,0.7196
4.94008,0.7217
4.95016,0.7255
4.96023,0.7204
4.9703,0.7226
4.98038,0.725
4.99045,0.7338
5.00052,0.7292
5.01053,0.7263
5.02054,0.7238
5.03055,0.7143
5.04055,0.7142
5.05056,0.7257
5.06057,0.7299
5.07058,0.7334
5.08059,0.743
5.09059,0.7352
5.1006,0.7296
5.11061,0.7217
5.12062,0.7253
5.13063,0.7247
5.14065,0.7257
5.15067,0.723
5.16069,0.7169
5.17071,0.716
5.18072,0.7156
5.19074,0.7229
5.20076,0.727
5.21078,0.7289
5.2208,0.7324
5.23081,0.7293
5.24083,0.7367
5.25085,0.7244
5.26083,0.7268
5.2708,0.7252
5.28077,0.728
5.29074,0.7236
5.30071,0.73
5.31068,0.7258
5.32065,0.7266
5.33063,0.7234
5.3406,0.7198
5.35057,0.7254
5.36054,0.7319
5.37051,0.7266
5.3805,0.7299
5.39049,0.7322
5.40049,0.7286
5.41049,0.7243
5.42049,0.7196
5.43048,0.7269
5.44048,0.7337
5.45048,0.7331
5.46048,0.7357
5.47047,0.7285
5.48047,0.7154
5.49047,0.7137
5.50047,0.7131
5.51045,0.7157
5.52042,0.7254
5.5304,0.737
5.54037,0.7392
5.55034,0.7365
5.56032,0.7332
5.57029,0.7365
5.58027,0.7329
5.59024,0.7301
5.60022,0.7255
5.61019,0.7301
5.62017,0.7262
5.63016,0.7199
5.64018,0.721
5.6502,0.7231
5.66022,0.7281
5.67024,0.7322
5.68026,0.7345
5.69028,0.729
5.7003,0.7203
5.71032,0.717
5.72034,0.7157
5.73035,0.7236
5.74037,0.7146
5.75039,0.723
5.76036,0.7284
5.77033,0.7223
5.7803,0.7247
5.79027,0.7308
5.80024,0.7265
5.81021,0.7321
5.82018,0.7337
5.83015,0.7331
5.84012,0.7313
5.85009,0.7248
5.86006,0.7187
5.87003,0.7142
5.88005,0.7214
5.89013,0.7246
5.90021,0.7325
5.91029,0.7332
5.92037,0.7298
5.93045,0.7347
5.94053,0.7253
5.9506,0.7184
5.96068,0.7234
5.97076,0.7214
5.98084,0.7353
5.99092,0.738
6.001,0.7375
6.01096,0.7419
6.02092,0.7282
6.03088,0.7208
6.04084,0.7198
6.0508,0.7158
6.06076,0.7197
6.07073,0.7321
6.08069,0.7354
6.09065,0.7391
6.10061,0.7277
6.11057,0.7283
6.12053,0.7306
6.13053,0.7356
6.14056,0.725
6.15059,0.7283
6.16063,0.7336
6.17066,0.737
6.18069,0.7183
6.19072,0.7257
6.20075,0.7241
6.21078,0.7236
6.22081,0.7233
6.23085,0.7337
6.24088,0.7362
6.25091,0.7328
6.26094,0.7221
6.27095,0.733
6.28097,0.7382
6.29098,0.7296
6.30099,0.7282
6.31101,0.7305
6.32102,0.7339
6.33104,0.7153
6.34105,0.7163
6.35106,0.7326
6.36108,0.7274
6.37109,0.7345
6.3811,0.7343
6.39111,0.738
6.40111,0.7322
6.41111,0.7229
6.42112,0.7144
6.43112,0.7252
6.44112,0.7253
6.45113,0.7357
6.46113,0.726
6.47113,0.7152
6.48114,0.7304
6.49114,0.7386
6.50114,0.7298
6.51114,0.7231
6.52113,0.7272
6.53112,0.7334
6.54111,0.7167
6.5511,0.7258
6.56109,0.7301
6.57108,0.7255
6.58107,0.7313
6.59106,0.7387
6.60105,0.7267
6.61104,0.7206
6.62104,0.7193
6.63103,0.7212
6.64104,0.7294
6.65104,0.7461
6.66105,0.7424
6.67105,0.7437
6.68105,0.7279
6.69106,0.7212
6.70106,0.7248
6.71106,0.7225
6.72107,0.7085
6.73107,0.7234
6.74108,0.7323
6.75108,0.7219
6.76108,0.7354
6.77108,0.7357
6.78108,0.7357
6.79107,0.7265
6.80107,0.7359
6.81107,0.7348
6.82107,0.7347
6.83107,0.7429
6.84106,0.7415
6.85106,0.7263
6.86106,0.7211
6.87106,0.72
6.88104,0.7195
6.89101,0.7231
6.90097,0.7271
6.91093,0.7341
6.9209,0.7436
6.93086,0.7313
6.94082,0.7182
6.95078,0.7088
6.96075,0.7044
6.97071,0.7075
6.98067,0.7072
6.99064,0.7109
7.0006,0.7163
7.01061,0.7099
7.02061,0.7034
7.03062,0.6929
7.04063,0.7123
7.05063,0.7156
7.06064,0.7159
7.07064,0.7178
7.08065,0.7152
7.09066,0.709
7.10066,0.6984
7.11067,0.6934
7.12067,0.7022
7.13069,0.7003
7.14071,0.7054
7.15073,0.7034
7.16076,0.7082
7.17078,0.7007
7.1808,0.6998
7.19082,0.7029
7.20084,0.7018
7.21087,0.7053
7.22089,0.7087
7.23091,0.7218
7.24093,0.7223
7.25095,0.7229
7.26095,0.7155
7.27095,0.7145
7.28094,0.7035
7.29094,0.7067
7.30094,0.7127
7.31093,0.7206
7.32093,0.7309
7.33093,0.7329
7.34092,0.7202
7.35092,0.7045
7.36092,0.7084
7.37091,0.7031
7.38095,0.6977
7.39102,0.7083
7.40108,0.7177
7.41115,0.7133
7.42122,0.7089
7.43129,0.7172
7.44136,0.7237
7.45143,0.7224
7.46149,0.7117
7.47156,0.7191
7.48163,0.7268
7.4917,0.7172
7.50177,0.7046
7.51178,0.7037
7.52179,0.7183
7.5318,0.723
7.5418,0.7343
7.55181,0.7148
7.56182,0.708
7.57183,0.7069
7.58184,0.7196
7.59185,0.7335
7.60186,0.7565
7.61187,0.7472
7.62188,0.7151
7.63188,0.6846
7.64188,0.6994
7.65187,0.7071
7.66187,0.7243
7.67186,0.7265
7.68185,0.7405
7.69185,0.7366
7.70184,0.7349
7.71184,0.7293
7.72183,0.7299
7.73183,0.7326
7.74182,0.7306
7.75181,0.7191
7.76181,0.715
7.7718,0.7192
7.78179,0.7167
7.79178,0.712
7.80177,0.7073
7.81176,0.7147
7.82175,0.7215
7.83174,0.7345
7.84172,0.742
7.85171,0.7339
7.8617,0.7316
7.87169,0.7243
7.88168,0.7131
7.89167,0.7036
7.90165,0.7101
7.91163,0.7248
7.92161,0.7266
7.9316,0.7274
7.94158,0.7228
7.95156,0.7197
7.96155,0.7164
7.97153,0.7151
7.98151,0.7123
7.9915,0.7197
8.00148,0.7277
8.01151,0.7324
8.02152,0.7284
8.03153,0.7358
8.04155,0.7252
8.05156,0.7244
8.06157,0.7218
8.07159,0.7246
8.0816,0.7196
8.09161,0.7266
8.10163,0.7296
8.11164,0.7101
8.12165,0.7113
8.13166,0.713
8.14166,0.7189
8.15165,0.7281
8.16165,0.7364
8.17164,0.7336
8.18164,0.7386
8.19163,0.7265
8.20163,0.7274
8.21163,0.7183
8.22162,0.7173
8.23162,0.7163
8.24161,0.7097
8.25161,0.7252
8.26161,0.7244
8.27161,0.73
8.28161,0.7229
8.29161,0.7225
8.3016,0.7256
8.3116,0.7338
8.3216,0.7389
8.3316,0.7331
8.3416,0.7374
8.35159,0.7268
8.36159,0.724
8.37159,0.7152
8.38159,0.7126
8.39158,0.7076
8.40157,0.7215
8.41157,0.7226
8.42156,0.7284
8.43155,0.7321
8.44155,0.7387
8.45154,0.7346
8.46153,0.732
8.47152,0.7312
8.48152,0.7267
8.49151,0.7299
8.5015,0.7216
8.51158,0.7258
8.52166,0.729
8.53174,0.7186
8.54182,0.7257
8.5519,0.7337
8.56198,0.7314
8.57206,0.7376
8.58214,0.7336
8.59222,0.7261
8.6023,0.7276
8.61238,0.7248
8.62246,0.7193
8.6325,0.7228
8.6425,0.7284
8.6525,0.7205
8.66249,0.7183
8.67249,0.7254
8.68248,0.725
8.69248,0.7206
8.70247,0.7279
8.71247,0.7243
8.72247,0.7246
8.73246,0.7269
8.74246,0.7215
8.75245,0.7235
8.76242,0.7203
8.77239,0.7236
8.78235,0.7203
8.79232,0.7191
8.80228,0.7158
8.81225,0.7053
8.82221,0.7024
8.83218,0.713
8.84214,0.7147
8.85211,0.7217
8.86207,0.7254
8.87204,0.7282
8.88202,0.7216
8.89202,0.7158
8.90201,0.7135
8.91201,0.718
8.922,0.7173
8.932,0.7076
8.942,0.7229
8.95199,0.7258
8.96199,0.7262
8.97198,0.7226
8.98198,0.7233
8.99197,0.7273
9.00197,0.7233
9.01201,0.7234
9.02204,0.7217
9.03208,0.7228
9.04211,0.7199
9.05215,0.73
9.06219,0.7212
9.07222,0.7227
9.08226,0.7246
9.09229,0.7319
9.10233,0.7171
9.11236,0.7156
9.1224,0.7066
9.13242,0.7029
9.14241,0.7072
9.15241,0.7102
9.16241,0.7123
9.1724,0.7155
9.1824,0.718
9.1924,0.7241
9.2024,0.7291
9.21239,0.7225
9.22239,0.7172
9.23239,0.7016
9.24238,0.7074
9.25238,0.7191
9.26235,0.7143
9.27231,0.7272
9.28228,0.7218
9.29224,0.7169
9.30221,0.7245
9.31217,0.7353
9.32214,0.7371
9.3321,0.7452
9.34206,0.737
9.35203,0.7165
9.36199,0.7155
9.37196,0.7356
9.38195,0.7382
9.39197,0.7269
9.40199,0.7188
9.41201,0.7129
9.42203,0.7017
9.43205,0.7086
9.44206,0.7168
9.45208,0.7185
9.4621,0.7104
9.47212,0.7134
9.48214,0.7082
9.49216,0.7188
9.50218,0.7206
9.51219,0.7197
9.52219,0.7311
9.5322,0.7297
9.54221,0.729
9.55222,0.7323
9.56222,0.7394
9.57223,0.7318
9.58224,0.7413
9.59224,0.717
9.60225,0.7032
9.61226,0.6945
9.62227,0.7065
9.63231,0.7161
9.64237,0.7102
9.65244,0.7082
9.6625,0.7154
9.67257,0.7232
9.68264,0.734
9.6927,0.7263
9.70277,0.7133
9.71283,0.7117
9.7229,0.7178
9.73297,0.7114
9.74303,0.7093
9.7531,0.7041
9.76308,0.7067
9.77307,0.71
9.78305,0.715
9.79304,0.7274
9.80302,0.7442
9.81301,0.7435
9.823,0.7462
9.83298,0.7272
9.84297,0.7169
9.85295,0.7062
9.86294,0.7044
9.87292,0.7115
9.88293,0.7143
9.89295,0.7102
9.90297,0.7115
9.91299,0.6942
9.92301,0.6897
9.93303,0.6963
9.94305,0.7125
9.95307,0.7323
9.96309,0.7556
9.97311,0.7508
9.98313,0.7461
9.99314,0.7196
10.00316,0.7084
10.01317,0.7041
10.02318,0.7078
10.03319,0.7166
10.0432,0.7158
10.0532,0.7244
10.06321,0.7139
10.07322,0.71
10.08323,0.717
10.09324,0.7153
10.10324,0.7275
10.11325,0.7318
10.12326,0.7263
10.13326,0.7291
10.14326,0.7235
10.15325,0.7231
10.16325,0.7262
10.17324,0.7258
10.18324,0.7321
10.19323,0.7287
10.20323,0.7256
10.21322,0.7256
10.22322,0.7178
10.23321,0.7119
10.24321,0.698
10.2532,0.6941
10.26316,0.7055
10.27312,0.7278
10.28307,0.7367
10.29302,0.7424
10.30298,0.7439
10.31293,0.7318
10.32288,0.7253
10.33284,0.7241
10.34279,0.7197
10.35275,0.7144
10.3627,0.72
10.37265,0.7209
10.38263,0.7165
10.39262,0.7088
10.40261,0.7056
10.4126,0.7053
10.42259,0.7074
10.43258,0.7179
10.44257,0.7367
10.45256,0.747
10.46255,0.7396
10.47255,0.7321
10.48254,0.7173
10.49253,0.7176
10.50252,0.7083
10.51258,0.7053
10.52263,0.7093
10.53269,0.7132
10.54274,0.7143
10.5528,0.7008
10.56285,0.7251
10.57291,0.7402
10.58297,0.7459
10.59302,0.7535
10.60308,0.7581
10.61313,0.7517
10.62319,0.7214
10.63321,0.7186
10.6432,0.7124
10.65319,0.7297
10.66318,0.7423
10.67317,0.7453
10.68316,0.7249
10.69314,0.7001
10.70313,0.6925
10.71312,0.6983
10.72311,0.6974
10.7331,0.701
10.74309,0.7216
10.75308,0.7245
10.76311,0.7327
10.77314,0.7448
10.78318,0.7405
10.79321,0.7366
10.80324,0.7226
10.81327,0.7128
10.82331,0.7213
10.83334,0.726
10.84337,0.7336
10.85341,0.7348
10.86344,0.7408
10.87347,0.7448
10.88348,0.7374
10.89347,0.7292
10.90347,0.7186
10.91346,0.7143
10.92344,0.7035
10.93343,0.7005
10.94342,0.7066
10.95341,0.7192
10.9634,0.7319
10.97339,0.7336
10.98338,0.7262
10.99337,0.7271
11.00336,0.7288
11.01338,0.7355
11.02338,0.7411
11.03338,0.7545
11.04339,0.7565
11.05339,0.7591
11.06339,0.7551
11.0734,0.732
11.0834,0.7276
11.0934,0.7106
11.10341,0.6996
11.11341,0.6913
11.12341,0.7009
11.13343,0.7274
11.14342,0.7578
11.15341,0.7598
11.1634,0.7399
11.17339,0.7244
11.18339,0.7103
11.19338,0.71
11.20337,0.709
11.21336,0.7267
11.22335,0.749
11.23334,0.7589
11.24333,0.7535
11.25332,0.7331
11.26335,0.7024
11.27338,0.7029
11.28341,0.7047
11.29343,0.7173
11.30346,0.7352
11.31348,0.7476
11.32351,0.7484
11.33354,0.7446
11.34356,0.7279
11.35359,0.7177
11.36361,0.7254
11.37364,0.7378
11.38365,0.7351
11.39361,0.7483
11.40356,0.7568
11.41352,0.7427
11.42348,0.7215
11.43344,0.7114
11.4434,0.6996
11.45335,0.6956
11.46331,0.7015
11.47327,0.7187
11.48323,0.7271
11.49319,0.7372
11.50314,0.7483
11.51316,0.7355
11.52318,0.7387
11.5332,0.7363
11.54321,0.7338
11.55323,0.7301
11.56325,0.7304
11.57326,0.7331
11.58328,0.7138
11.5933,0.7022
11.60331,0.7109
11.61333,0.7118
11.62335,0.7268
11.63336,0.7407
11.64338,0.7523
11.65339,0.7485
11.6634,0.7382
11.67341,0.7196
11.68342,0.7028
11.69343,0.6988
11.70344,0.6932
11.71345,0.7045
11.72346,0.7161
11.73347,0.7349
11.74349,0.7462
11.7535,0.7491
11.76349,0.7483
11.77349,0.7426
11.78348,0.7472
11.79347,0.7428
11.80346,0.7351
11.81345,0.7427
11.82345,0.7503
11.83344,0.735
11.84343,0.7261
11.85342,0.7241
11.86341,0.7225
11.8734,0.7185
11.88342,0.7216
11.89346,0.7285
11.9035,0.7401
11.91354,0.7554
11.92358,0.7608
11.93362,0.7496
11.94366,0.7576
11.9537,0.7479
11.96374,0.7319
11.97378,0.7326
11.98382,0.7186
11.99386,0.7229
12.0039,0.7288
12.01395,0.7251
12.024,0.735
12.03406,0.7442
12.04411,0.7461
12.05416,0.7413
12.06421,0.743
12.07426,0.7401
12.08431,0.7546
12.09436,0.7509
12.10441,0.753
12.11446,0.7518
12.12451,0.7416
12.13455,0.7337
12.14456,0.7239
12.15456,0.7238
12.16457,0.7241
12.17458,0.8108
12.18459,0.8195
12.1946,0.7329
12.20461,0.7205
12.21462,0.7526
12.22463,0.7457
12.23464,0.7329
12.24465,0.7387
12.25466,0.7234
12.2646,0.7061
12.27454,0.6994
12.28448,0.705
12.29441,0.722
12.30435,0.7301
12.31429,0.7472
12.32422,0.7638
12.33416,0.7465
12.3441,0.7513
12.35403,0.7536
12.36397,0.7585
12.37391,0.7642
12.3839,0.7651
12.39394,0.7662
12.40398,0.763
12.41402,0.7622
12.42406,0.7581
12.4341,0.7519
12.44414,0.7388
12.45418,0.7401
12.46422,0.7617
12.47426,0.7614
12.4843,0.7668
12.49434,0.7639
12.50438,0.7614
12.51433,0.7541
12.52428,0.7447
12.53423,0.7555
12.54418,0.7562
12.55412,0.7547
12.56407,0.7536
12.57402,0.7565
12.58397,0.7511
12.59392,0.7542
12.60387,0.7354
12.61382,0.7378
12.62377,0.7217
12.6338,0.7236
12.6439,0.7361
12.65401,0.729
12.66411,0.7292
12.67421,0.7316
12.68432,0.7529
12.69442,0.7733
12.70453,0.7697
12.71463,0.7767
12.72474,0.7774
12.73484,0.7639
12.74495,0.7581
12.75505,0.7591
12.76506,0.7675
12.77506,0.7409
12.78506,0.7332
12.79507,0.7262
12.80507,0.7352
12.81507,0.7422
12.82508,0.7469
12.83508,0.7657
12.84508,0.7703
12.85508,0.769
12.86509,0.7649
12.87509,0.7571
12.88508,0.7342
12.89505,0.7323
12.90502,0.7359
12.91499,0.7438
12.92496,0.739
12.93493,0.7636
12.9449,0.7819
12.95487,0.7913
12.96484,0.7946
12.97481,0.779
12.98478,0.7808
12.99475,0.7779
13.00472,0.7689
13.01473,0.7572
13.02472,0.7585
13.03472,0.7649
13.04472,0.7514
13.05472,0.7661
13.06472,0.7808
13.07471,0.7914
13.08471,0.8024
13.09471,0.8025
13.10471,0.8069
13.1147,0.8038
13.1247,0.8047
13.13476,0.8166
13.14486,0.8244
13.15496,0.8318
13.16506,0.8455
13.17516,0.8462
13.18526,0.8561
13.19536,0.8671
13.20546,0.8844
13.21556,0.8939
13.22567,0.8891
13.23577,0.907
13.24587,0.9165
13.25597,0.9382
13.26587,0.9511
13.27577,0.9817
13.28567,1.0152
13.29558,1.0292
13.30548,1.0643
13.31538,1.112
13.32528,1.1157
13.33518,1.0919
13.34508,1.0297
13.35499,1.0057
13.36489,1.0133
13.37479,0.9984
13.38473,0.9978
13.39471,0.9882
13.4047,0.9813
13.41468,0.9964
13.42466,1.0239
13.43464,1.0278
13.44462,1.0631
13.4546,1.0847
13.46459,1.0402
13.47457,0.992
13.48455,0.9693
13.49453,0.9587
13.50451,0.9905
13.51461,1.0334
13.52471,1.1183
13.5348,1.1924
13.5449,1.2716
13.55499,1.3413
13.56509,1.4142
13.57518,1.4417
13.58528,1.4432
13.59538,1.4163
13.60547,1.4194
13.61557,1.4352
13.62566,1.4258
13.63568,1.3934
13.64562,1.3417
13.65555,1.2246
13.66549,1.0714
13.67542,0.9636
13.68536,0.9253
13.6953,0.9179
13.70523,0.9094
13.71517,0.91
13.7251,0.8956
13.73504,0.9083
13.74497,0.9504
13.75491,0.921
13.76494,0.8992
13.77497,0.8913
13.785,0.8738
13.79502,0.8676
13.80505,0.8409
13.81508,0.8516
13.82511,0.8647
13.83514,0.8416
13.84517,0.8399
13.8552,0.8544
13.86522,0.8611
13.87525,0.8775
13.88526,0.9043
13.89524,0.9458
13.90521,0.9909
13.91519,1.0367
13.92516,1.0994
13.93514,1.1493
13.94511,1.1528
13.95509,1.1526
13.96506,1.2003
13.97504,1.2273
13.98501,1.2375
13.99499,1.2206
14.00496,1.1354
14.01496,1.0935
14.02495,1.0877
14.03494,1.1291
14.04493,1.2189
14.05492,1.1202
14.06492,0.9304
14.07491,0.8353
14.0849,0.7543
14.09489,0.6284
14.10488,0.3375
14.11487,0.2315
14.12486,0.1142
14.13489,0.1024
14.14492,0.1899
14.15495,0.1852
14.16498,0.1018
14.17501,0.0677
14.18504,0.0239
14.19507,0.0251
14.2051,0
14.21513,-0.0198
14.22517,-0.0201
14.2352,-0.0094
14.24523,0.0079
14.25526,0.0122
14.26526,0.0032
14.27526,-0.0113
14.28526,-0.0273
14.29526,-0.0487
14.30527,-0.0668
14.31527,-0.0734
14.32527,-0.0716
14.33527,-0.0476
14.34527,-0.0283
14.35527,0.0053
14.36527,0.0142
14.37527,0.0106
14.38528,-0.0173
14.39528,-0.0533
14.40528,-0.0807
14.41528,-0.0822
14.42529,-0.065
14.43529,-0.0513
14.44529,-0.0363
14.45529,-0.0094
14.46529,-0.0014
14.47529,-0.0263
14.48529,-0.0649
14.49529,-0.0977
14.50529,-0.1336
14.51532,-0.1684
14.52535,-0.1813
14.53537,-0.1764
14.5454,-0.15
14.55542,-0.1361
14.56545,-0.1281
14.57547,-0.165
14.5855,-0.1834
14.59552,-0.2085
14.60555,-0.2115
14.61557,-0.1941
14.6256,-0.2076
14.63559,-0.2213
14.64555,-0.2263
14.65551,-0.2344
14.66547,-0.239
14.67543,-0.2382
14.68539,-0.2464
14.69535,-0.2799
14.70531,-0.3171
14.71527,-0.2946
14.72523,-0.2644
14.73519,-0.2474
14.74515,-0.2369
14.75511,-0.2364
14.76515,-0.2049
14.77518,-0.1701
14.78521,-0.1741
14.79525,-0.0759
14.80528,-0.0563
14.81531,-0.1457
14.82535,-0.1992
14.83538,-0.1938
14.84541,-0.2244
14.85545,-0.2569
14.86548,-0.181
14.87551,-0.182
14.88551,-0.2298
14.89548,-0.1862
14.90546,-0.1792
14.91543,-0.2658
14.9254,-0.2813
14.93537,-0.2085
14.94534,-0.1183
14.95531,-0.0182
14.96528,0.0803
14.97525,0.0072
14.98522,0.1266
14.99519,0.2008
15.00516,0.1672
15.01522,0.1045
15.02527,0.0192
15.03533,-0.1178
15.04538,-0.2407
15.05544,-0.3572
15.06549,-0.4344
15.07554,-0.4672
15.0856,-0.469
15.09565,-0.458
15.10571,-0.4364
15.11576,-0.3925
15.12581,-0.3356
15.13587,-0.2749
15.1459,-0.2193
15.15594,-0.1809
15.16598,-0.1525
15.17602,-0.1211
15.18606,-0.1022
15.1961,-0.0756
15.20614,-0.0522
15.21617,-0.0383
15.22621,-0.0142
15.23625,-0.007
15.24629,-0.0081
15.25633,-0.0197
15.26637,-0.0385
15.27639,-0.0636
15.28641,-0.0693
15.29643,-0.0876
15.30645,-0.0933
15.31647,-0.0991
15.32649,-0.1
15.33651,-0.1057
15.34653,-0.1063
15.35655,-0.1251
15.36657,-0.1538
15.37659,-0.1719
15.38658,-0.1903
15.39654,-0.2059
15.40649,-0.2248
15.41644,-0.2519
15.4264,-0.2914
15.43635,-0.312
15.4463,-0.3271
15.45626,-0.3358
15.46621,-0.3554
15.47616,-0.3756
15.48612,-0.3905
15.49607,-0.3929
15.50602,-0.4015
15.51602,-0.3911
15.52602,-0.3973
15.53601,-0.4204
15.546,-0.44
15.556,-0.4427
15.56599,-0.4376
15.57599,-0.437
15.58598,-0.4301
15.59597,-0.3913
15.60597,-0.2884
15.61596,-0.1867
15.62595,-0.0299
15.63597,0.0926
15.64597,0.1639
15.65597,0.1924
15.66597,0.1794
15.67597,0.1897
15.68597,0.2168
15.69597,0.2558
15.70597,0.2853
15.71597,0.3264
15.72597,0.3714
15.73597,0.4327
15.74597,0.4627
15.75597,0.5086
15.76603,0.5685
15.77607,0.6619
15.78612,0.7627
15.79616,0.84
15.80621,0.9258
15.81626,0.9375
15.8263,0.963
15.83635,1.0099
15.84639,1.0359
15.85644,1.0463
15.86648,1.0219
15.87653,0.9787
15.88654,0.9247
15.89651,0.835
15.90649,0.7173
15.91646,0.5586
15.92643,0.3784
15.93641,0.2171
15.94638,0.0801
15.95635,-0.0124
15.96633,-0.09
15.9763,-0.163
15.98627,-0.2302
15.99625,-0.283
16.00622,-0.3531
16.01618,-0.4202
16.02615,-0.4691
16.03611,-0.5147
16.04607,-0.5253
16.05604,-0.5217
16.066,-0.5238
16.07596,-0.519
16.08592,-0.5252
16.09589,-0.5365
16.10585,-0.5739
16.11581,-0.5581
16.12578,-0.5357
16.13578,-0.5005
16.14581,-0.4887
16.15584,-0.4179
16.16587,-0.3398
16.1759,-0.2766
16.18593,-0.2049
16.19596,-0.173
16.20599,-0.1488
16.21602,-0.1966
16.22606,-0.2453
16.23609,-0.3031
16.24612,-0.343
16.25615,-0.2981
16.26612,-0.3201
16.27609,-0.3892
16.28606,-0.4066
16.29602,-0.3572
16.30599,-0.231
16.31596,-0.3719
16.32593,-0.282
16.3359,-0.0527
16.34587,0.075
16.35584,-0.0523
16.3658,0.2665
16.37577,0.1684
16.38577,-0.0728
16.3958,0.0045
16.40582,0.1857
16.41584,0.3473
16.42587,0.4247
16.43589,0.4146
16.44591,0.2486
16.45593,-0.0124
16.46595,-0.2119
16.47598,-0.3384
16.486,-0.4219
16.49602,-0.4594
16.50604,-0.4859
16.51613,-0.4907
16.52621,-0.4994
16.53628,-0.5101
16.54636,-0.5428
16.55644,-0.5756
16.56652,-0.6241
16.5766,-0.681
16.58668,-0.7399
16.59676,-0.8063
16.60684,-0.8658
16.61692,-0.9066
16.627,-0.9515
16.63703,-0.9823
16.64702,-1.0194
16.65701,-1.0625
16.66701,-1.101
16.677,-1.1132
16.68699,-1.1069
16.69698,-1.1105
16.70697,-1.0983
16.71696,-1.068
16.72695,-1.0423
16.73694,-1.0198
16.74693,-1.015
16.75692,-1.0215
16.76692,-1.037
16.77692,-1.0433
16.78692,-1.0491
16.79691,-1.0508
16.80691,-1.0362
16.81691,-1.0082
16.8269,-0.9629
16.8369,-0.9293
16.8469,-0.8887
16.85689,-0.8959
16.86689,-0.9013
16.87689,-0.9142
16.88689,-0.8774
16.89689,-0.8067
16.90689,-0.7336
16.91689,-0.6528
16.92689,-0.5961
16.93689,-0.5474
16.94689,-0.4877
16.95689,-0.434
16.96689,-0.3987
16.97689,-0.3798
16.98689,-0.362
16.99689,-0.3547
17.00689,-0.4361
17.0169,-0.4912
17.0269,-0.4981
17.03691,-0.5014
17.04691,-0.5604
17.05692,-0.5082
17.06692,-0.4121
17.07693,-0.28
17.08693,-0.0713
17.09694,-0.03
17.10694,-0.0387
17.11694,-0.1417
17.12695,-0.0988
17.13697,-0.0757
17.14697,-0.0811
17.15697,-0.0717
17.16697,0.0022
17.17697,0.1185
17.18697,0.2517
17.19697,0.3609
17.20697,0.4085
17.21697,0.3738
17.22697,0.2972
17.23698,0.1093
17.24698,-0.1463
17.25698,-0.3921
17.26693,-0.5871
17.27688,-0.725
17.28684,-0.831
17.29679,-0.9096
17.30674,-0.9656
17.31669,-1.009
17.32665,-1.0571
17.3366,-1.0982
17.34655,-1.1175
17.3565,-1.1175
17.36646,-1.1003
17.37641,-1.1063
17.38639,-1.1095
17.39639,-1.1119
17.40638,-1.1036
17.41638,-1.095
17.42638,-1.0674
17.43638,-1.0308
17.44637,-1.0231
17.45637,-1.013
17.46637,-1.007
17.47637,-1.0019
17.48637,-1.0034
17.49636,-1.0088
17.50636,-1.0068
17.51644,-1.0201
17.52652,-1.0087
17.5366,-0.9941
17.54667,-0.9756
17.55675,-0.9549
17.56683,-0.9414
17.5769,-0.9112
17.58698,-0.8966
17.59706,-0.917
17.60713,-0.924
17.61721,-0.9155
17.62729,-0.9036
17.63734,-0.8774
17.64737,-0.8264
17.6574,-0.7846
17.66743,-0.754
17.67746,-0.7256
17.68749,-0.7108
17.69752,-0.6663
17.70755,-0.6376
17.71758,-0.647
17.72761,-0.6635
17.73764,-0.6745
17.74767,-0.5913
17.7577,-0.4312
17.76766,-0.2658
17.77762,-0.1554
17.78758,-0.5825
17.79755,-0.4144
17.80751,-0.3428
17.81747,-0.1876
17.82743,-0.1072
17.83739,-0.1051
17.84735,-0.1047
17.85732,0.0092
17.86728,0.202
17.87724,0.2945
17.88727,0.4664
17.89735,0.6035
17.90744,0.6853
17.91753,0.5531
17.92761,0.2905
17.9377,0.2655
17.94778,0.2409
17.95787,0.2846
17.96796,0.2878
17.97804,0.2316
17.98813,0.2496
17.99822,0.2725
18.0083,0.3681
18.01825,0.4588
18.0282,0.5394
18.03814,0.6146
18.04808,0.6882
18.05803,0.7127
18.06797,0.7189
18.07792,0.649
18.08786,0.5373
18.0978,0.3768
18.10775,0.1846
18.11769,-0.0052
18.12763,-0.1759
18.13762,-0.3104
18.1476,-0.4374
18.15759,-0.5463
18.16757,-0.6403
18.17756,-0.7121
18.18755,-0.7719
18.19753,-0.8282
18.20752,-0.8752
18.2175,-0.901
18.22749,-0.9288
18.23747,-0.9629
18.24746,-1.0021
18.25745,-1.0217
18.26746,-0.9929
18.27746,-0.9963
18.28746,-0.9893
18.29746,-1.0158
18.30746,-0.8927
18.31747,-0.8448
18.32747,-0.7452
18.33747,-0.7528
18.34748,-0.7294
18.35748,-0.7065
18.36748,-0.6704
18.37748,-0.645
18.38749,-0.6042
18.39748,-0.5465
18.40748,-0.5133
18.41748,-0.4816
18.42748,-0.4709
18.43748,-0.4688
18.44748,-0.4841
18.45748,-0.4822
18.46748,-0.4791
18.47748,-0.4727
18.48748,-0.4568
18.49748,-0.4303
18.50748,-0.3871
18.51747,-0.3489
18.52744,-0.3229
18.53742,-0.2873
18.54739,-0.26
18.55737,-0.233
18.56735,-0.2057
18.57732,-0.209
18.5873,-0.2282
18.59727,-0.3164
18.60725,-0.358
18.61723,-0.4065
18.6272,-0.4273
18.63719,-0.435
18.64717,-0.4384
18.65716,-0.4324
18.66715,-0.4218
18.67713,-0.404
18.68712,-0.3989
18.69711,-0.3116
18.70709,-0.3574
18.71708,-0.3234
18.72707,-0.1599
18.73705,-0.0367
18.74704,-0.041
18.75703,0.0504
18.76712,0.0439
18.77721,0.0636
18.78731,0.0598
18.7974,0.0449
18.80749,0.0086
18.81758,-0.0287
18.82767,-0.0126
18.83777,0.0215
18.84786,0.0847
18.85795,0.1331
18.86804,0.1888
18.87814,0.2228
18.88818,0.2236
18.89816,0.1598
18.90815,0.0718
18.91813,-0.058
18.92812,-0.1824
18.9381,-0.2944
18.94809,-0.3953
18.95808,-0.4951
18.96806,-0.5861
18.97805,-0.6596
18.98803,-0.7221
18.99802,-0.7644
19.008,-0.7817
19.01803,-0.8187
19.02805,-0.8597
19.03807,-0.8938
19.04809,-0.9376
19.05811,-0.9711
19.06813,-0.9963
19.07815,-0.9828
19.08817,-0.9432
19.09819,-0.9437
19.10821,-0.9059
19.11823,-0.883
19.12825,-0.869
19.13828,-0.848
19.14834,-0.8313
19.15839,-0.8219
19.16844,-0.8044
19.17849,-0.7936
19.18855,-0.8003
19.1986,-0.7875
19.20865,-0.7601
19.2187,-0.7274
19.22875,-0.7316
19.23881,-0.714
19.24886,-0.7008
19.25891,-0.6951
19.26883,-0.6976
19.27875,-0.6472
19.28867,-0.591
19.29858,-0.554
19.3085,-0.5822
19.31841,-0.6198
19.32833,-0.6215
19.33825,-0.6008
19.34816,-0.5425
19.35808,-0.5301
19.36799,-0.5113
19.37791,-0.4969
19.38788,-0.4822
19.39792,-0.4855
19.40795,-0.5098
19.41798,-0.552
19.42802,-0.5871
19.43805,-0.623
19.44809,-0.6426
19.45812,-0.6569
19.46815,-0.6086
19.47819,-0.5998
19.48822,-0.5308
19.49825,-0.4613
19.50829,-0.4321
19.51827,-0.3716
19.52826,-0.3947
19.53824,-0.4185
19.54823,-0.4529
19.55821,-0.5217
19.56819,-0.5686
19.57818,-0.5874
19.58816,-0.5748
19.59815,-0.5483
19.60813,-0.4547
19.61811,-0.3394
19.6281,-0.2032
19.6381,-0.0644
19.64811,0.0192
19.65812,0.0767
19.66813,0.1232
19.67813,0.0751
19.68814,-0.0102
19.69815,-0.1388
19.70816,-0.2906
19.71817,-0.4142
19.72818,-0.5088
19.73819,-0.5943
19.7482,-0.676
19.75821,-0.7609
19.76822,-0.8505
19.77823,-0.9291
19.78824,-1.0052
19.79824,-1.0552
19.80825,-1.084
19.81826,-1.09
19.82827,-1.1161
19.83828,-1.1288
19.84829,-1.1504
19.8583,-1.1879
19.86831,-1.2146
19.87831,-1.1886
19.88829,-1.139
19.89824,-1.1239
19.90819,-1.0963
19.91813,-1.0734
19.92808,-1.056
19.93803,-1.0272
19.94797,-1.0111
19.95792,-0.9693
19.96786,-0.924
19.97781,-0.895
19.98776,-0.8683
19.99771,-0.8453
20.00765,-0.86
20.01773,-0.859
20.02781,-0.8458
20.03788,-0.8134
20.04796,-0.8142
20.05804,-0.8169
20.06811,-0.8193
20.07819,-0.8236
20.08826,-0.7663
20.09834,-0.6899
20.10842,-0.61
20.11849,-0.5204
20.12857,-0.4473
20.13863,-0.3891
20.14867,-0.3437
20.15871,-0.3315
20.16875,-0.336
20.17879,-0.3268
20.18883,-0.333
20.19887,-0.3618
20.20891,-0.3753
20.21895,-0.4228
20.22899,-0.4914
20.23903,-0.5453
20.24907,-0.5898
20.2591,-0.5906
20.26909,-0.5294
20.27907,-0.5335
20.28904,-0.5449
20.29902,-0.4958
20.309,-0.4646
20.31898,-0.4226
20.32896,-0.3958
20.33894,-0.3582
20.34892,-0.3963
20.3589,-0.3883
20.36887,-0.3419
20.37885,-0.0478
20.38884,0.2132
20.39884,-0.1543
20.40884,-0.1563
20.41883,0.0374
20.42883,0.2146
20.43883,0.2978
20.44883,0.3659
20.45882,0.3406
20.46882,0.1973
20.47882,0.2682
20.48882,0.3772
20.49881,0.4818
20.50881,0.5052
20.51881,0.4716
20.5288,0.3334
20.53878,0.1129
20.54876,-0.1405
20.55874,-0.3966
20.56872,-0.6191
20.5787,-0.7986
20.58869,-0.9366
20.59867,-1.0509
20.60865,-1.1362
20.61863,-1.1987
20.62861,-1.2339
20.63861,-1.287
20.6486,-1.3263
20.65859,-1.3426
20.66858,-1.359
20.67857,-1.3784
20.68856,-1.4001
20.69855,-1.4085
20.70855,-1.414
20.71854,-1.4354
20.72853,-1.4182
20.73852,-1.4037
20.74851,-1.3689
20.75851,-1.3351
20.76851,-1.3049
20.7785,-1.2812
20.7885,-1.2688
20.7985,-1.2631
20.80849,-1.2591
20.81849,-1.2543
20.82849,-1.2541
20.83848,-1.2616
20.84848,-1.2494
20.85848,-1.2358
20.86847,-1.2287
20.87847,-1.2306
20.88847,-1.2298
20.89845,-1.2479
20.90843,-1.2625
20.91842,-1.2807
20.9284,-1.2809
20.93839,-1.2783
20.94837,-1.2418
20.95836,-1.1899
20.96834,-1.1061
20.97832,-1.0256
20.98831,-0.9358
20.99829,-0.8605
21.00828,-0.8018
21.01838,-0.7183
21.02847,-0.6499
21.03856,-0.5907
21.04865,-0.554
21.05874,-0.5558
21.06883,-0.5659
21.07892,-0.5956
21.08901,-0.6478
21.0991,-0.695
21.10918,-0.7298
21.11927,-0.7473
21.12936,-0.7482
21.13946,-0.7773
21.14955,-0.7738
21.15965,-0.7745
21.16974,-0.7307
21.17984,-0.7722
21.18993,-0.7685
21.20003,-0.7571
21.21012,-0.7603
21.22022,-0.7643
21.23031,-0.7589
21.24041,-0.734
21.2505,-0.6929
21.2606,-0.679
21.27057,-0.6513
21.28052,-0.548
21.29046,-0.4213
21.30041,-0.2926
21.31036,-0.2371
21.32031,-0.2422
21.33026,-0.314
21.34021,-0.4731
21.35015,-0.6822
21.3601,-0.8832
21.37005,-1.0377
21.38,-1.1574
21.38996,-1.2392
21.39993,-1.3158
21.40989,-1.3826
21.41986,-1.444
21.42982,-1.4848
21.43979,-1.5126
21.44975,-1.5158
21.45972,-1.53
21.46969,-1.5676
21.47965,-1.6001
21.48962,-1.5662
21.49958,-1.5437
21.50955,-1.5293
21.51956,-1.5211
21.52955,-1.4689
21.53955,-1.424
21.54954,-1.4254
21.55953,-1.2945
21.56952,-1.1974
21.57951,-1.1625
21.5895,-1.1259
21.59949,-1.0607
21.60948,-1.0286
21.61947,-0.9961
21.62946,-0.9549
21.63944,-0.9327
21.64941,-0.9045
21.65939,-0.8727
21.66936,-0.855
21.67933,-0.8532
21.6893,-0.8587
21.69927,-0.8474
21.70924,-0.8229
21.71921,-0.8099
21.72918,-0.7926
21.73915,-0.7816
21.74912,-0.7638
21.75909,-0.771
21.76912,-0.7772
21.77915,-0.785
21.78918,-0.7819
21.79922,-0.7482
21.80925,-0.6999
21.81928,-0.655
21.82931,-0.6285
21.83934,-0.5884
21.84937,-0.5411
21.8594,-0.4852
21.86943,-0.4284
21.87946,-0.3865
21.88948,-0.368
21.89949,-0.3563
21.90949,-0.3707
21.9195,-0.4058
21.9295,-0.433
21.9395,-0.4394
21.94951,-0.4602
21.95951,-0.469
21.96952,-0.5004
21.97952,-0.4843
21.98953,-0.4593
21.99953,-0.4552
22.00954,-0.3531
22.01949,-0.3787
22.02943,-0.3626
22.03938,-0.3488
22.04932,-0.333
22.05927,-0.3323
22.06922,-0.3382
22.07916,-0.3109
22.08911,-0.3233
22.09905,-0.2955
22.109,-0.302
22.11895,-0.2695
22.12889,-0.2072
22.13887,-0.1349
22.14888,-0.0526
22.15889,0.0161
22.16891,0.0656
22.17892,0.082
22.18892,0.0513
22.19893,-0.0271
22.20894,-0.1579
22.21895,-0.2492
22.22897,-0.3342
22.23898,-0.4095
22.24899,-0.4756
22.259,-0.5286
22.26905,-0.6027
22.27911,-0.6583
22.28917,-0.729
22.29923,-0.8021
22.30929,-0.866
22.31934,-0.9181
22.3294,-0.9538
22.33946,-0.9678
22.34952,-0.9709
22.35957,-0.9767
22.36963,-0.977
22.37969,-0.9717
22.3898,-0.9652
22.39991,-0.957
22.41003,-0.9424
22.42014,-0.948
22.43026,-0.9337
22.44037,-0.9526
22.45049,-0.9336
22.46061,-0.9085
22.47072,-0.8915
22.48084,-0.8661
22.49095,-0.8227
22.50107,-0.7708
22.51118,-0.7064
22.52109,-0.6763
22.531,-0.6481
22.5409,-0.6427
22.55081,-0.6582
22.56071,-0.6747
22.57062,-0.7005
22.58052,-0.7261
22.59043,-0.7123
22.60034,-0.6801
22.61024,-0.6293
22.62015,-0.5833
22.63005,-0.5445
22.64004,-0.4959
22.6501,-0.4496
22.66017,-0.3938
22.67023,-0.3445
22.6803,-0.3143
22.69037,-0.299
22.70043,-0.2921
22.7105,-0.2781
22.72056,-0.2589
22.73063,-0.2517
22.7407,-0.2596
22.75076,-0.3105
22.76083,-0.3276
22.7708,-0.2794
22.78077,-0.1671
22.79074,-0.048
22.80071,0.0739
22.81068,0.1627
22.82065,0.2291
22.83062,0.2943
22.84059,0.3354
22.85056,0.3583
22.86053,0.3773
22.8705,0.4012
22.88047,0.433
22.89043,0.4596
22.90038,0.4749
22.91033,0.5012
22.92028,0.5208
22.93023,0.5485
22.94018,0.5712
22.95013,0.5995
22.96008,0.6148
22.97003,0.6191
22.97998,0.5977
22.98993,0.5599
22.99989,0.4924
23.00984,0.4222
23.01993,0.3096
23.03002,0.1882
23.04011,0.0944
23.0502,0.0354
23.06029,0.0054
23.07038,-0.0144
23.08047,-0.0189
23.09056,0.0155
23.10066,0.0514
23.11075,0.0881
23.12084,0.1074
23.13093,0.1174
23.14094,0.1176
23.15083,0.1078
23.16072,0.1325
23.1706,0.1535
23.18049,0.1799
23.19038,0.1835
23.20027,0.1942
23.21016,0.2127
23.22005,0.2345
23.22994,0.253
23.23983,0.2677
23.24972,0.2629
23.25961,0.2519
23.26965,0.2429
23.27969,0.2352
23.28973,0.2337
23.29978,0.2417
23.30982,0.2494
23.31986,0.2475
23.3299,0.2383
23.33994,0.2367
23.34999,0.2311
23.36003,0.2468
23.37007,0.2601
23.38011,0.2673
23.39012,0.2912
23.40008,0.2884
23.41005,0.2798
23.42002,0.2723
23.42998,0.2641
23.43995,0.2512
23.44991,0.2245
23.45988,0.1779
23.46984,0.1522
23.47981,0.1225
23.48977,0.1225
23.49974,0.1333
23.50971,0.1266
23.51977,0.1229
23.52984,0.1399
23.5399,0.1802
23.54996,0.2574
23.56003,0.324
23.57009,0.3852
23.58016,0.4193
23.59022,0.4556
23.60029,0.4654
23.61035,0.484
23.62042,0.5028
23.63048,0.5175
23.64053,0.5167
23.65056,0.5068
23.66058,0.4868
23.67061,0.4805
23.68064,0.4776
23.69066,0.4866
23.70069,0.4939
23.71072,0.5116
23.72075,0.5085
23.73077,0.5032
23.7408,0.5499
23.75083,0.5695
23.76085,0.6071
23.77084,0.6597
23.78082,0.472
23.7908,0.2934
23.80078,0.2461
23.81075,0.1938
23.82073,0.2472
23.83071,0.3168
23.84069,0.3896
23.85067,0.4155
23.86065,0.394
23.87063,0.4263
23.88061,0.4825
23.89061,0.5091
23.90063,0.5498
23.91064,0.5695
23.92066,0.5933
23.93067,0.6
23.94069,0.6154
23.9507,0.6373
23.96072,0.6193
23.97073,0.5964
23.98075,0.5543
23.99076,0.5651
24.00078,0.5967
24.01079,0.6097
24.02079,0.6116
24.03079,0.661
24.04079,0.6846
24.05079,0.6481
24.06079,0.5368
24.07078,0.3612
24.08078,0.2193
24.09078,0.1103
24.10078,0.0091
24.11077,-0.0699
24.12077,-0.1501
24.13077,-0.1978
24.14077,-0.272
24.15076,-0.3379
24.16075,-0.3982
24.17074,-0.4308
24.18074,-0.4518
24.19073,-0.4628
24.20072,-0.462
24.21071,-0.3991
24.22071,-0.348
24.2307,-0.3139
24.24069,-0.2994
24.25068,-0.3204
24.26068,-0.3437
24.27068,-0.3216
24.28068,-0.3427
24.29068,-0.3388
24.30068,-0.3141
24.31068,-0.2987
24.32068,-0.2692
24.33068,-0.2078
24.34068,-0.165
24.35069,-0.1723
24.36069,-0.1558
24.37069,-0.1288
24.38069,-0.0934
24.39067,-0.047
24.40064,-0.0402
24.41061,-0.0414
24.42058,-0.0517
24.43054,-0.056
24.44051,-0.0644
24.45048,-0.0644
24.46045,-0.0592
24.47041,-0.034
24.48038,-0.0275
24.49035,-0.0009
24.50031,0.0173
24.51028,0.0551
24.52029,0.0553
24.53029,-0.0482
24.5403,-0.0309
24.5503,-0.0539
24.56031,0.0432
24.57031,0.1835
24.58031,0.2642
24.59032,0.3831
24.60032,0.4402
24.61033,0.4026
24.62033,0.1494
24.63034,0.1496
24.64039,0.124
24.65049,-0.0154
24.66058,-0.024
24.67068,-0.045
24.68078,0.035
24.69087,0.2069
24.70097,0.4224
24.71107,0.6019
24.72116,0.711
24.73126,0.7924
24.74136,0.7992
24.75145,0.7975
24.76155,0.7574
24.77152,0.6853
24.78149,0.5565
24.79146,0.406
24.80143,0.2435
24.81139,0.1003
24.82136,-0.0218
24.83133,-0.1049
24.84129,-0.1799
24.85126,-0.2569
24.86123,-0.3116
24.87119,-0.3609
24.88116,-0.4084
24.89116,-0.4365
24.90119,-0.482
24.91121,-0.5122
24.92124,-0.5147
24.93126,-0.5309
24.94129,-0.5683
24.95131,-0.6058
24.96134,-0.6333
24.97136,-0.6228
24.98139,-0.5974
24.99141,-0.559
25.00144,-0.5572
25.01146,-0.5571
25.02147,-0.5326
25.03147,-0.5148
25.04148,-0.4456
25.05148,-0.5035
25.06149,-0.5437
25.07149,-0.5789
25.08149,-0.5864
25.0915,-0.5695
25.1015,-0.5838
25.11151,-0.5809
25.12151,-0.5722
25.13151,-0.5708
25.14151,-0.5444
25.15151,-0.5083
25.1615,-0.4665
25.17149,-0.4291
25.18148,-0.3948
25.19147,-0.3499
25.20146,-0.3094
25.21146,-0.2817
25.22145,-0.2447
25.23144,-0.1878
25.24143,-0.1232
25.25142,-0.0919
25.26141,-0.0779
25.27147,-0.0742
25.28151,-0.0667
25.29156,-0.0478
25.30161,-0.03
25.31165,-0.0287
25.3217,-0.064
25.33175,-0.0623
25.34179,-0.1069
25.35184,-0.1915
25.36189,-0.2125
25.37193,-0.2969
25.38198,-0.3339
25.39197,-0.3445
25.40189,-0.3551
25.41181,-0.39
25.42173,-0.3729
25.43165,-0.3454
25.44157,-0.269
25.45149,-0.128
25.46141,0.0462
25.47133,0.1426
25.48126,0.1366
25.49118,-0.0089
25.5011,-0.0778
25.51102,-0.5138
25.52102,-0.4988
25.53102,-0.4193
25.54102,-0.4078
25.55102,-0.4335
25.56102,-0.5143
25.57102,-0.668
25.58102,-0.6284
25.59102,-0.5826
25.60102,-0.5156
25.61102,-0.5111
25.62102,-0.5585
25.63102,-0.6262
25.64104,-0.766
25.65109,-0.9399
25.66113,-1.1034
25.67118,-1.2369
25.68122,-1.3413
25.69126,-1.424
25.70131,-1.4869
25.71135,-1.5267
25.72139,-1.558
25.73144,-1.6027
25.74148,-1.6261
25.75152,-1.6525
25.76157,-1.6922
25.77155,-1.6882
25.78153,-1.6938
25.79151,-1.7004
25.80149,-1.6844
25.81147,-1.7311
25.82145,-1.7114
25.83143,-1.6455
25.84141,-1.5595
25.85139,-1.521
25.86137,-1.5084
25.87135,-1.4961
25.88132,-1.519
25.89138,-1.4921
25.9015,-1.4252
25.91162,-1.1517
25.92174,-0.9358
25.93186,-0.7123
25.94199,-0.5061
25.95211,-0.3456
25.96223,-0.2251
25.97235,-0.1492
25.98247,-0.0861
25.99259,-0.0328
26.00271,0.0074
26.01284,0.0365
26.02276,0.0643
26.03267,0.1129
26.04258,0.1686
26.05249,0.1996
26.0624,0.2136
26.07232,0.2183
26.08223,0.2117
26.09214,0.2066
26.10205,0.2022
26.11197,0.2411
26.12188,0.2578
26.13179,0.2753
26.14175,0.2944
26.15177,0.2908
26.16178,0.2669
26.17179,0.2561
26.1818,0.2502
26.19181,0.2451
26.20182,0.2379
26.21184,0.2252
26.22185,0.2131
26.23186,0.2003
26.24187,0.183
26.25188,0.1528
26.26189,0.126
26.27199,0.0922
26.28209,0.0678
26.29219,0.0514
26.30228,0.0605
26.31238,0.0654
26.32248,0.0564
26.33257,0.0668
26.34267,0.0851
26.35276,0.0976
26.36286,0.1104
26.37296,0.1248
26.38305,0.1587
26.39309,0.1947
26.40304,0.2145
26.41298,0.2122
26.42293,0.2187
26.43288,0.2456
26.44283,0.2429
26.45277,0.2648
26.46272,0.2822
26.47267,0.2961
26.48261,0.3202
26.49256,0.3292
26.50251,0.3224
26.51245,0.3036
26.52245,0.2615
26.53244,0.2345
26.54244,0.2137
26.55243,0.1858
26.56243,0.1817
26.57242,0.2099
26.58241,0.3491
26.59241,0.3836
26.6024,0.2069
26.6124,0.1253
26.62239,0.114
26.63239,0.2053
26.64238,0.3158
26.65237,0.4177
26.66236,0.4924
26.67235,0.556
26.68234,0.5825
26.69234,0.5423
26.70233,0.3282
26.71232,0.2074
26.72231,0.2097
26.7323,0.2141
26.74229,0.2271
26.75228,0.245
26.76227,0.1984
26.77228,0.08
26.78228,-0.0585
26.79228,-0.1676
26.80229,-0.2489
26.81229,-0.3317
26.82229,-0.38
26.8323,-0.4149
26.8423,-0.4343
26.8523,-0.453
26.86231,-0.4667
26.87231,-0.4678
26.88232,-0.464
26.89234,-0.4675
26.90238,-0.4961
26.91242,-0.4854
26.92246,-0.5089
26.9325,-0.5194
26.94254,-0.5087
26.95257,-0.5079
26.96261,-0.477
26.97265,-0.3823
26.98269,-0.3557
26.99273,-0.3611
27.00277,-0.3316
27.01281,-0.2679
27.02282,-0.1949
27.03283,-0.0749
27.04284,-0.0078
27.05285,0.089
27.06286,0.15
27.07287,0.2626
27.08288,0.3289
27.09289,0.3987
27.1029,0.4558
27.11291,0.4892
27.12292,0.516
27.13293,0.5381
27.14295,0.5688
27.15298,0.5897
27.16301,0.5776
27.17304,0.585
27.18307,0.6062
27.19309,0.6128
27.20312,0.6303
27.21315,0.6202
27.22318,0.6166
27.23321,0.6205
27.24324,0.6478
27.25327,0.6679
27.2633,0.6906
27.27322,0.7043
27.28315,0.703
27.29307,0.6855
27.303,0.6565
27.31292,0.6263
27.32284,0.5853
27.33277,0.556
27.34269,0.5247
27.35261,0.4938
27.36254,0.4579
27.37246,0.436
27.38239,0.4291
27.39237,0.4128
27.40242,0.3957
27.41247,0.3856
27.42252,0.3737
27.43257,0.385
27.44262,0.4045
27.45267,0.3857
27.46272,0.3743
27.47277,0.3702
27.48281,0.3808
27.49286,0.3891
27.50291,0.4024
27.51296,0.3976
27.52295,0.3943
27.53293,0.4295
27.54292,0.4277
27.5529,0.3977
27.56288,0.3635
27.57286,0.3645
27.58284,0.3631
27.59283,0.3614
27.60281,0.3785
27.61279,0.371
27.62277,0.375
27.63276,0.381
27.64274,0.402
27.65274,0.4126
27.66273,0.438
27.67272,0.4618
27.68271,0.4844
27.69271,0.5295
27.7027,0.5886
27.71269,0.6346
27.72268,0.661
27.73268,0.6767
27.74267,0.6835
27.75266,0.6234
27.76266,0.5644
27.77267,0.4786
27.78266,0.4604
27.79265,0.4515
27.80264,0.4878
27.81264,0.5575
27.82263,0.6766
27.83262,0.7479
27.84262,0.7638
27.85261,0.8065
27.8626,0.8347
27.8726,0.8255
27.88259,0.8312
27.8926,0.8735
27.90262,0.9461
27.91264,1.0324
27.92266,1.1227
27.93268,1.2012
27.9427,1.2845
27.95272,1.3541
27.96274,1.3932
27.97276,1.4934
27.98278,1.6102
27.9928,1.7414
28.00282,1.8249
28.01283,1.8405
28.02282,1.8082
28.0328,1.7427
28.04279,1.6916
28.05277,1.6577
28.06276,1.5952
28.07274,1.5425
28.08272,1.539
28.09271,1.5336
28.10269,1.4694
28.11267,1.4111
28.12266,1.3418
28.13264,1.2706
28.14267,1.1678
28.15272,1.1209
28.16278,1.0518
28.17283,0.9681
28.18289,0.8905
28.19295,0.8534
28.203,0.8187
28.21306,0.7734
28.22311,0.7307
28.23317,0.7172
28.24322,0.7279
28.25328,0.7468
28.26333,0.7505
28.27332,0.7352
28.28331,0.763
28.29329,0.7955
28.30328,0.8383
28.31326,0.8517
28.32325,0.839
28.33323,0.8192
28.34321,0.8206
28.3532,0.8064
28.36318,0.7909
28.37317,0.7728
28.38315,0.7464
28.39315,0.7527
28.40316,0.7693
28.41317,0.7871
28.42319,0.773
28.4332,0.7269
28.44321,0.6825
28.45322,0.681
28.46323,0.6871
28.47325,0.6745
28.48326,0.6727
28.49327,0.6733
28.50328,0.6639
28.51329,0.6612
28.52329,0.6696
28.53329,0.6672
28.54328,0.6509
28.55327,0.6096
28.56327,0.5697
28.57326,0.541
28.58326,0.5149
28.59325,0.5067
28.60325,0.4859
28.61324,0.4423
28.62324,0.3971
28.63323,0.4021
28.64323,0.4006
28.65322,0.4308
28.66321,0.4755
28.6732,0.5324
28.6832,0.5816
28.69319,0.6159
28.70318,0.6501
28.71317,0.6795
28.72316,0.7133
28.73316,0.7686
28.74315,0.7949
28.75314,0.7835
28.76313,0.7795
28.77314,0.7605
28.78315,0.7707
28.79315,0.8108
28.80316,0.8755
28.81316,0.9092
28.82316,0.9386
28.83317,0.9969
28.84317,1.0306
28.85318,1.0773
28.86318,1.1273
28.87319,1.1777
28.88319,1.258
28.89319,1.2978
28.90317,1.331
28.91315,1.3802
28.92313,1.4774
28.93311,1.5876
28.94309,1.7033
28.95307,1.7763
28.96305,1.8606
28.97303,1.9107
28.98301,1.9463
28.99298,2.0063
29.00296,2.0399
29.01294,2.0775
29.02294,2.1174
29.03293,2.1721
29.04292,2.2139
29.05291,2.2339
29.06289,2.2334
29.07288,2.1511
29.08287,2.0199
29.09286,1.8656
29.10285,1.6794
29.11284,1.466
29.12283,1.2667
29.13282,1.1034
29.14285,0.9622
29.15293,0.8581
29.163,0.8061
29.17307,0.7681
29.18315,0.7379
29.19322,0.6927
29.20329,0.6798
29.21337,0.6684
29.22344,0.6588
29.23351,0.6492
29.24359,0.6721
29.25366,0.7236
29.26374,0.7459
29.2738,0.722
29.28386,0.7317
29.29392,0.7641
29.30398,0.7425
29.31404,0.7592
29.32409,0.7826
29.33415,0.7662
29.34421,0.796
29.35427,0.8233
29.36433,0.8821
29.37439,0.9119
29.38445,0.905
29.39451,0.8919
29.40455,0.9077
29.4146,0.9192
29.42464,0.9255
29.43469,0.9309
29.44473,0.9669
29.45478,1.0214
29.46482,1.0608
29.47487,1.0853
29.48491,1.0941
29.49496,1.0854
29.505,1.0603
29.51505,1.0494
29.52495,1.0271
29.53485,1.0285
29.54475,0.9649
29.55465,0.9549
29.56455,1.0421
29.57445,1.104
29.58435,1.2829
29.59425,1.5995
29.60415,1.7447
29.61405,1.6657
29.62395,1.3887
29.63384,1.5151
29.64382,1.6754
29.65383,1.8921
29.66383,1.9764
29.67384,1.8671
29.68385,1.757
29.69386,1.8715
29.70387,2.066
29.71388,2.4136
29.72389,2.5576
29.7339,2.526
29.74391,2.3283
29.75391,2.0794
29.76392,1.8782
29.7739,1.682
29.78388,1.5335
29.79386,1.4068
29.80384,1.2926
29.81382,1.158
29.8238,1.0197
29.83378,0.9089
29.84376,0.8238
29.85374,0.6947
29.86372,0.5691
29.8737,0.4757
29.88368,0.4073
29.89368,0.3323
29.90369,0.2346
29.9137,0.1353
29.92371,0.052
29.93372,-0.0372
29.94373,-0.1152
29.95374,-0.1627
29.96375,-0.1873
29.97376,-0.2333
29.98378,-0.1504
29.99379,-0.082
30.0038,-0.0442
30.01381,-0.0048
30.02383,0.0769
30.03384,0.0748
30.04385,0.0838
30.05386,0.0977
30.06387,0.0801
30.07387,0.1179
30.08388,0.1656
30.09389,0.1915
30.1039,0.2106
30.11391,0.2091
30.12391,0.205
30.13392,0.2127
30.14391,0.2644
30.15387,0.3205
30.16383,0.3959
30.17378,0.4892
30.18374,0.5496
30.1937,0.5507
30.20366,0.564
30.21362,0.5582
30.22357,0.5395
30.23353,0.5036
30.24349,0.4801
30.25345,0.443
30.2634,0.4007
30.27342,0.3737
30.28344,0.3726
30.29345,0.4
30.30347,0.4252
30.31348,0.401
30.3235,0.3505
30.33351,0.2856
30.34353,0.2668
30.35354,0.2617
30.36356,0.244
30.37357,0.2265
30.38358,0.2145
30.39368,0.2122
30.40385,0.431
30.41402,0.7769
30.42419,1.0999
30.43435,1.0345
30.44452,0.7459
30.45469,1.0376
30.46486,1.2557
30.47503,1.0064
30.4852,1.0297
30.49537,0.9661
30.50554,0.9356
30.51571,0.8468
30.52567,0.7952
30.53563,0.78
30.54559,0.7797
30.55555,0.773
30.56551,0.7537
30.57547,0.6749
30.58544,0.5483
30.5954,0.4206
30.60536,0.2802
30.61532,0.1548
30.62528,0.0729
30.63524,-0.0108
30.6452,-0.0966
30.65516,-0.1638
30.66512,-0.2084
30.67508,-0.2486
30.68504,-0.2938
30.695,-0.3422
30.70496,-0.3804
30.71492,-0.4101
30.72488,-0.4459
30.73484,-0.4901
30.7448,-0.5093
30.75476,-0.5207
30.76472,-0.5158
30.77473,-0.4789
30.78473,-0.4683
30.79472,-0.4404
30.80471,-0.3927
30.8147,-0.4252
30.8247,-0.4795
30.83469,-0.4597
30.84468,-0.3875
30.85467,-0.3274
30.86467,-0.3495
30.87466,-0.2949
30.88465,-0.268
30.89469,-0.1808
30.90476,-0.1325
30.91484,-0.1097
30.92492,-0.0881
30.93499,-0.056
30.94507,-0.0237
30.95514,-0.0303
30.96522,-0.0411
30.97529,-0.0381
30.98537,-0.0143
30.99544,0.044
31.00552,0.1212
31.01559,0.1586
31.02548,0.1557
31.03536,0.1788
31.04525,0.2188
31.05513,0.2567
31.06501,0.2888
31.07489,0.3027
31.08478,0.3146
31.09466,0.3105
31.10454,0.2913
31.11443,0.2898
31.12431,0.2757
31.13419,0.2828
31.14414,0.29
31.15414,0.3001
31.16415,0.2764
31.17415,0.2588
31.18415,0.2845
31.19415,0.278
31.20415,0.2689
31.21416,0.2611
31.22416,0.2677
31.23416,0.2879
31.24416,0.3451
31.25416,0.4027
31.26416,0.4838
31.27419,0.5317
31.28423,0.5719
31.29426,0.5971
31.30429,0.5877
31.31432,0.5931
31.32435,0.5487
31.33438,0.5019
31.34441,0.4817
31.35444,0.4539
31.36447,0.4164
31.3745,0.521
31.38453,0.7295
31.39458,0.999
31.40465,1.2422
31.41472,1.4403
31.42478,1.5186
31.43485,1.5421
31.44492,1.5377
31.45498,1.4392
31.46505,1.3699
31.47512,1.3496
31.48518,1.3584
31.49525,1.4134
31.50532,1.4976
31.51538,1.5786
31.52543,1.6664
31.53548,1.7361
31.54553,1.795
31.55558,1.8728
31.56562,1.923
31.57567,1.9002
31.58572,1.8855
31.59577,1.847
31.60581,1.792
31.61586,1.7242
31.62591,1.642
31.63596,1.5188
31.64595,1.3371
31.65587,1.1106
31.66579,0.9123
31.67572,0.7635
31.68564,0.6499
31.69556,0.5501
31.70549,0.4699
31.71541,0.4175
31.72533,0.3635
31.73526,0.3319
31.74518,0.3037
31.7551,0.3213
31.76503,0.3525
31.77506,0.3848
31.78508,0.4071
31.79511,0.4459
31.80513,0.4928
31.81516,0.5358
31.82518,0.5672
31.83521,0.6014
31.84523,0.619
31.85526,0.6397
31.86528,0.6494
31.87531,0.6397
31.88533,0.6498
31.89534,0.6695
31.90534,0.6707
31.91534,0.6508
31.92533,0.612
31.93533,0.6007
31.94533,0.5635
31.95533,0.5426
31.96533,0.5216
31.97532,0.5142
31.98532,0.4976
31.99532,0.4629
32.00532,0.4475
32.01532,0.4614
32.02536,0.4793
32.0354,0.4781
32.04544,0.4736
32.05548,0.4824
32.06553,0.4832
32.07557,0.5012
32.08561,0.523
32.09565,0.5341
32.10569,0.556
32.11573,0.5516
32.12578,0.544
32.13582,0.5263
32.14579,0.5361
32.1557,0.5436
32.16561,0.5526
32.17552,0.5567
32.18543,0.5189
32.19534,0.4705
32.20525,0.43
32.21516,0.4198
32.22507,0.4249
32.23498,0.4435
32.24489,0.4532
32.2548,0.4554
32.26471,0.409
32.27473,0.3964
32.28476,0.397
32.29478,0.3988
32.30481,0.4075
32.31483,0.3357
32.32486,0.1132
32.33488,0.1487
32.34491,-0.0104
32.35493,-0.105
32.36495,-0.2326
32.37498,-0.2271
32.385,-0.192
32.39503,-0.0384
32.40504,0.1527
32.41506,0.3656
32.42507,0.4817
32.43509,0.2624
32.4451,0.4446
32.45512,0.458
32.46513,0.5108
32.47514,0.4912
32.48516,0.3929
32.49517,0.2138
32.50519,0.0731
32.5152,-0.0371
32.52526,-0.1225
32.53532,-0.1829
32.54539,-0.2107
32.55545,-0.216
32.56551,-0.2081
32.57557,-0.2196
32.58563,-0.205
32.5957,-0.2224
32.60575,-0.2537
32.61582,-0.2861
32.62588,-0.3378
32.63594,-0.4077
32.64597,-0.4741
32.65594,-0.5365
32.66592,-0.6084
32.6759,-0.6727
32.68587,-0.724
32.69585,-0.7368
32.70583,-0.7183
32.71581,-0.6994
32.72578,-0.6625
32.73576,-0.6642
32.74574,-0.6283
32.75571,-0.6496
32.76569,-0.635
32.77573,-0.6244
32.78576,-0.6102
32.79578,-0.5983
32.80581,-0.6167
32.81584,-0.6239
32.82587,-0.6334
32.8359,-0.6341
32.84593,-0.626
32.85596,-0.6412
32.86599,-0.6299
32.87602,-0.6118
32.88605,-0.604
32.89606,-0.5961
32.90605,-0.581
32.91604,-0.5801
32.92603,-0.5442
32.93602,-0.4969
32.94601,-0.4442
32.956,-0.4052
32.96599,-0.3629
32.97598,-0.332
32.98597,-0.3019
32.99596,-0.2707
33.00594,-0.2378
33.01593,-0.199
33.02592,-0.188
33.03589,-0.182
33.04587,-0.1806
33.05585,-0.1682
33.06583,-0.1673
33.0758,-0.1789
33.08578,-0.1533
33.09576,-0.1353
33.10574,-0.1009
33.11571,-0.0667
33.12569,0.0468
33.13567,0.2163
33.14566,0.3004
33.15569,0.214
33.16571,0.2359
33.17572,0.1112
33.18575,-0.1208
33.19577,-0.0558
33.20578,-0.1191
33.21581,-0.2173
33.22582,-0.2085
33.23584,-0.265
33.24586,-0.2606
33.25588,-0.1646
33.2659,-0.113
33.27599,-0.0315
33.28606,0.0817
33.29613,0.2763
33.30621,0.1822
33.31629,0.0459
33.32636,-0.0018
33.33644,0.0073
33.34651,-0.007
33.35659,-0.0003
33.36666,-0.0371
33.37674,-0.075
33.38681,-0.1498
33.39683,-0.2818
33.40674,-0.398
33.41665,-0.4788
33.42656,-0.5323
33.43647,-0.5543
33.44639,-0.5748
33.4563,-0.593
33.46621,-0.6029
33.47612,-0.6069
33.48603,-0.6018
33.49594,-0.6086
33.50586,-0.6559
33.51577,-0.7041
33.52578,-0.7299
33.53578,-0.748
33.54578,-0.752
33.55579,-0.7474
33.56579,-0.7309
33.57579,-0.7268
33.5858,-0.7169
33.59581,-0.6871
33.60581,-0.6822
33.61581,-0.6955
33.62582,-0.6902
33.63582,-0.6946
33.64581,-0.6952
33.65577,-0.6745
33.66573,-0.6495
33.6757,-0.639
33.68566,-0.6313
33.69563,-0.6147
33.70559,-0.5984
33.71555,-0.6113
33.72551,-0.6316
33.73548,-0.6524
33.74544,-0.6483
33.7554,-0.6473
33.76537,-0.6397
33.77539,-0.6499
33.7854,-0.6737
33.79543,-0.6634
33.80545,-0.6562
33.81546,-0.6454
33.82549,-0.6253
33.8355,-0.6198
33.84552,-0.6144
33.85555,-0.5722
33.86556,-0.5277
33.87558,-0.4904
33.8856,-0.4305
33.89566,-0.3733
33.90575,-0.3141
33.91584,-0.2758
33.92593,-0.2381
33.93601,-0.2251
33.9461,-0.2149
33.95619,-0.2163
33.96627,-0.2104
33.97636,-0.2039
33.98645,-0.1928
33.99654,-0.179
34.00663,-0.1654
34.01671,-0.1707
34.02672,-0.1709
34.03672,-0.1774
34.04672,-0.1586
34.05672,-0.1464
34.06673,-0.1546
34.07673,-0.1104
34.08673,-0.0724
34.09674,0.0423
34.10674,0.1426
34.11674,0.2149
34.12674,0.2099
34.13675,0.1742
34.14673,0.1749
34.15668,0.1821
34.16665,0.1987
34.17661,0.2099
34.18657,0.2208
34.19653,0.2046
34.20649,0.213
34.21645,0.2238
34.22641,0.2193
34.23636,0.2544
34.24632,0.2419
34.25628,0.1926
34.26624,0.1571
34.27625,0.1337
34.28626,0.0993
34.29626,0.0682
34.30627,0.0087
34.31627,-0.0526
34.32627,-0.1005
34.33628,-0.1289
34.34628,-0.1482
34.35629,-0.1591
34.36629,-0.1637
34.37629,-0.1544
34.3863,-0.1508
34.39631,-0.1495
34.40631,-0.145
34.41631,-0.1547
34.42631,-0.1783
34.43631,-0.2149
34.44631,-0.2236
34.45631,-0.2171
34.46632,-0.1908
34.47632,-0.1583
34.48632,-0.1148
34.49632,-0.0805
34.50632,-0.035
34.51633,-0.0127
34.52634,0.0193
34.53636,0.0396
34.54638,0.0293
34.55639,0.0333
34.56641,0.0272
34.57643,0.037
34.58644,0.028
34.59646,0.0189
34.60648,0.0174
34.61649,0.0235
34.62651,0.0528
34.63652,0.0489
34.64651,0.0642
34.65648,0.073
34.66644,0.0868
34.6764,0.0768
34.68637,0.0883
34.69633,0.0896
34.7063,0.0911
34.71626,0.0965
34.72622,0.0973
34.73618,0.1139
34.74615,0.1358
34.75611,0.1558
34.76608,0.156
34.77617,0.1425
34.78627,0.1423
34.79636,0.1796
34.80645,0.2589
34.81654,0.324
34.82663,0.3569
34.83673,0.3785
34.84682,0.362
34.85691,0.3676
34.867,0.3901
34.87709,0.4131
34.88718,0.446
34.8972,0.4722
34.90713,0.4434
34.91706,0.4255
34.927,0.4898
34.93693,0.5777
34.94686,0.6517
34.95679,0.7157
34.96673,0.7783
34.97666,0.8281
34.9866,0.8639
34.99653,0.8783
35.00646,0.8875
35.0164,0.9093
35.0265,0.9367
35.03658,0.984
35.04665,1.0395
35.05674,1.0809
35.06681,1.1278
35.07689,1.2548
35.08697,1.4146
35.09705,1.5592
35.10713,1.6622
35.11721,1.7042
35.12729,1.7307
35.13737,1.7765
35.1474,1.8238
35.15736,1.8598
35.16732,1.904
35.17729,1.9828
35.18725,2.1152
35.19722,2.192
35.20718,2.2455
35.21714,2.2463
35.22711,2.1991
35.23708,2.1132
35.24704,2.0286
35.257,1.9651
35.26697,1.9203
35.277,1.8492
35.28702,1.7228
35.29705,1.5347
35.30707,1.3426
35.3171,1.1382
35.32712,0.9322
35.33715,0.7627
35.34717,0.6292
35.3572,0.546
35.36723,0.4692
35.37725,0.3922
35.38728,0.3041
35.39729,0.2079
35.40728,0.1445
35.41728,0.1341
35.42728,0.137
35.43728,0.1605
35.44727,0.1884
35.45727,0.2309
35.46727,0.2054
35.47727,0.1686
35.48727,0.1512
35.49726,0.1381
35.50726,0.1285
35.51726,0.0692
35.52726,0.0252
35.53726,0.0298
35.54726,0.1941
35.55725,0.8657
35.56725,1.5267
35.57725,1.6753
35.58725,0.6617
35.59724,-0.204
35.60724,-0.0955
35.61724,-0.1161
35.62724,0.2869
35.63724,0.26
35.64727,0.1052
35.65734,0.1096
35.66742,0.1329
35.67749,0.2606
35.68756,0.3095
35.69763,0.3385
35.7077,0.3075
35.71777,0.1651
35.72784,-0.0489
35.73792,-0.2587
35.74799,-0.4204
35.75806,-0.5428
35.76813,-0.5863
35.77806,-0.601
35.788,-0.6055
35.79793,-0.5942
35.80786,-0.581
35.81779,-0.6028
35.82772,-0.6146
35.83766,-0.642
35.84759,-0.6744
35.85752,-0.704
35.86745,-0.7235
35.87738,-0.7406
35.88731,-0.7375
35.89728,-0.7269
35.90726,-0.7039
35.91725,-0.7126
35.92724,-0.704
35.93723,-0.6896
35.94721,-0.6802
35.9572,-0.6933
35.96719,-0.6919
35.97717,-0.6438
35.98716,-0.6027
35.99714,-0.5883
36.00713,-0.623
36.01712,-0.6229
36.02711,-0.6469
36.0371,-0.6396
36.04708,-0.6224
36.05708,-0.6206
36.06707,-0.6063
36.07705,-0.5947
36.08704,-0.5881
36.09703,-0.5765
36.10702,-0.5717
36.11701,-0.5777
36.127,-0.5812
36.13699,-0.5626
36.14704,-0.5515
36.15715,-0.5414
36.16725,-0.5268
36.17736,-0.5288
36.18747,-0.5477
36.19757,-0.5248
36.20768,-0.5166
36.21779,-0.5089
36.2279,-0.5083
36.238,-0.4812
36.24811,-0.4424
36.25822,-0.4338
36.26833,-0.4234
36.27831,-0.4307
36.28828,-0.4189
36.29825,-0.4148
36.30822,-0.3981
36.31819,-0.3882
36.32816,-0.3756
36.33813,-0.3669
36.34809,-0.3478
36.35806,-0.3507
36.36803,-0.3287
36.378,-0.2827
36.38797,-0.2154
36.39795,-0.1482
36.40792,-0.0946
36.41789,-0.0699
36.42786,-0.0444
36.43784,-0.0291
36.44781,-0.0283
36.45778,-0.0201
36.46776,-0.0002
36.47773,0.0065
36.4877,0.0375
36.49767,0.0684
36.50765,0.0879
36.51762,0.1462
36.52765,0.2276
36.53767,0.2827
36.54769,0.4222
36.55771,0.5423
36.56773,0.6285
36.57775,0.6686
36.58778,0.6893
36.5978,0.6856
36.60782,0.6928
36.61785,0.6985
36.62787,0.7468
36.63789,0.837
36.6479,0.9236
36.6579,1.0091
36.66789,1.076
36.67788,1.1094
36.68788,1.1211
36.69787,1.152
36.70786,1.2
36.71786,1.2491
36.72785,1.2909
36.73784,1.3092
36.74784,1.287
36.75783,1.2146
36.76782,1.1041
36.7778,0.9711
36.78778,0.8531
36.79775,0.7371
36.80773,0.6194
36.8177,0.5106
36.82768,0.4277
36.83765,0.3964
36.84763,0.3658
36.85761,0.3323
36.86758,0.3039
36.87756,0.2656
36.88754,0.2415
36.89754,0.2231
36.90755,0.2173
36.91757,0.2186
36.92759,0.2001
36.9376,0.1913
36.94762,0.1816
36.95764,0.1676
36.96766,0.1364
36.97767,0.1216
36.98769,0.1218
36.99771,0.1341
37.00772,0.1574
37.01774,0.1834
37.02771,0.1907
37.03767,0.2423
37.04764,0.289
37.0576,0.3413
37.06757,0.3823
37.07753,0.4263
37.08749,0.4569
37.09746,0.4743
37.10742,0.4688
37.11739,0.4392
37.12735,0.4125
37.13731,0.3966
37.14735,0.4438
37.15746,0.6301
37.16757,0.4412
37.17767,0.803
37.18778,1.0176
37.19789,0.9315
37.208,1.0765
37.21811,1.0216
37.22821,0.6903
37.23832,-0.1193
37.24843,0.1304
37.25854,0.2286
37.26865,0.3387
37.27865,0.4908
37.28864,0.4669
37.29864,-0.1325
37.30863,0.1078
37.31863,0.1748
37.32862,0.3155
37.33862,0.2493
37.34861,0.2661
37.35861,0.1564
37.3686,0.1699
37.3786,0.1472
37.38859,0.1031
37.3986,0.0835
37.40862,0.0118
37.41864,-0.1471
37.42866,-0.3494
37.43868,-0.5427
37.4487,-0.6919
37.45872,-0.7853
37.46874,-0.8436
37.47876,-0.8734
37.48878,-0.8627
37.4988,-0.8651
37.50882,-0.8695
37.51884,-0.8526
37.5288,-0.8236
37.53875,-0.7875
37.54871,-0.7548
37.55866,-0.7332
37.56861,-0.6948
37.57857,-0.6841
37.58852,-0.6944
37.59848,-0.7065
37.60843,-0.7269
37.61839,-0.7625
37.62834,-0.7981
37.63829,-0.8237
37.64827,-0.8353
37.65827,-0.8419
37.66827,-0.8506
37.67827,-0.8405
37.68827,-0.8372
37.69827,-0.8158
37.70827,-0.8041
37.71828,-0.7832
37.72828,-0.7556
37.73828,-0.7551
37.74828,-0.7513
37.75828,-0.7409
37.76828,-0.706
37.77829,-0.6794
37.78828,-0.6516
37.79828,-0.6121
37.80827,-0.5936
37.81826,-0.5919
37.82825,-0.5783
37.83825,-0.5597
37.84824,-0.5549
37.85823,-0.5467
37.86823,-0.5212
37.87822,-0.4887
37.88821,-0.4541
37.8982,-0.4094
37.90819,-0.3869
37.91817,-0.3655
37.92815,-0.3529
37.93813,-0.3284
37.94811,-0.3023
37.95809,-0.2825
37.96807,-0.2331
37.97805,-0.1924
37.98803,-0.1724
37.99801,-0.1453
38.008,-0.0917
38.01797,-0.067
38.02797,-0.038
38.03796,-0.0142
38.04796,-0.0655
38.05795,-0.0968
38.06794,-0.0226
38.07794,0.1047
38.08793,0.2792
38.09792,0.4909
38.10792,0.6906
38.11791,0.8204
38.1279,0.8383
38.1379,0.7236
38.14791,0.5731
38.15795,0.4402
38.16798,0.3609
38.17801,0.3404
38.18804,0.3663
38.19807,0.4313
38.2081,0.4873
38.21814,0.5132
38.22817,0.5071
38.2382,0.4959
38.24823,0.4554
38.25826,0.4156
38.2683,0.3462
38.27829,0.2774
38.28828,0.1998
38.29828,0.128
38.30827,0.0761
38.31826,0.0051
38.32826,-0.0584
38.33825,-0.1118
38.34824,-0.1734
38.35824,-0.2208
38.36823,-0.2389
38.37822,-0.2377
38.38822,-0.2216
38.39829,-0.1793
38.40844,-0.1395
38.41859,-0.0806
38.42874,-0.035
38.43889,-0.0015
38.44904,0.0276
38.45919,0.057
38.46934,0.0821
38.47948,0.112
38.48964,0.1389
38.49978,0.1683
38.50993,0.2064
38.52008,0.2317
38.52998,0.2497
38.53987,0.2637
38.54976,0.2587
38.55965,0.2541
38.56955,0.2166
38.57944,0.1925
38.58933,0.1837
38.59922,0.1681
38.60911,0.1522
38.619,0.1533
38.62889,0.1312
38.63879,0.144
38.64876,0.1698
38.6588,0.2014
38.66884,0.2054
38.67889,0.2306
38.68893,0.2188
38.69897,0.1977
38.70901,0.1958
38.71906,0.1979
38.7291,0.1975
38.73914,0.2032
38.74919,0.19
38.75923,0.1917
38.76927,0.1967
38.77923,0.1957
38.78918,0.1957
38.79914,0.1905
38.80909,0.1948
38.81905,0.1882
38.829,0.1881
38.83896,0.199
38.84891,0.2019
38.85887,0.2106
38.86882,0.21
38.87878,0.2258
38.88873,0.2581
38.89877,0.2953
38.90886,0.3088
38.91894,0.3188
38.92903,0.3146
38.93912,0.2931
38.9492,0.2868
38.95929,0.2621
38.96938,0.2657
38.97947,0.2949
38.98955,0.4423
38.99964,0.6266
39.00973,0.759
39.01981,0.8109
39.02974,0.8056
39.03967,0.8174
39.04959,0.8234
39.05952,0.8087
39.06945,0.7784
39.07937,0.7862
39.0893,0.8691
39.09922,0.9649
39.10915,1.0621
39.11908,1.1329
39.12901,1.2139
39.13893,1.2888
39.1489,1.3632
39.15889,1.4063
39.16889,1.4707
39.17889,1.4907
39.18888,1.4853
39.19888,1.4554
39.20888,1.4033
39.21887,1.2927
39.22887,1.1383
39.23886,0.9524
39.24886,0.7871
39.25886,0.636
39.26886,0.517
39.27888,0.423
39.28889,0.3427
39.2989,0.2508
39.30891,0.1845
39.31892,0.1269
39.32893,0.0939
39.33894,0.0595
39.34895,0.0638
39.35896,0.0571
39.36897,0.0647
39.37897,0.0861
39.38898,0.0799
39.39901,0.0695
39.40905,0.0589
39.41909,0.0433
39.42912,0.0373
39.43916,0.0515
39.4492,0.0375
39.45924,0.0192
39.46928,-0.0085
39.47931,-0.0326
39.48935,-0.0539
39.49939,-0.0314
39.50943,0.0084
39.51947,0.0299
39.52951,0.0325
39.53954,0.0564
39.54958,0.0985
39.55962,0.1621
39.56966,0.2115
39.5797,0.2586
39.58973,0.2666
39.59977,0.2438
39.60981,0.1186
39.61985,0.3593
39.62988,0.9046
39.63992,1.5799
39.64993,0.0903
39.65992,0.3611
39.6699,0.016
39.67988,-0.0412
39.68987,0.2878
39.69985,0.6588
39.70983,0.9907
39.71981,0.2104
39.7298,0.0201
39.73978,0.4185
39.74976,0.4955
39.75975,0.4054
39.76973,0.1177
39.77974,-0.2315
39.78974,-0.5287
39.79974,-0.7546
39.80973,-0.8868
39.81974,-0.9487
39.82973,-0.9831
39.83973,-0.9754
39.84974,-0.9475
39.85973,-0.9119
39.86974,-0.8645
39.87973,-0.8003
39.88973,-0.7618
39.89973,-0.7445
39.90973,-0.7338
39.91972,-0.7607
39.92972,-0.7907
39.93972,-0.8403
39.94971,-0.8901
39.95971,-0.9336
39.9697,-0.9611
39.9797,-0.9787
39.9897,-0.9965
39.99969,-1.0086
40.00969,-1.0022
40.01968,-0.9961
40.02971,-0.9803
40.03973,-0.9544
40.04975,-0.936
40.05977,-0.928
40.06979,-0.9117
40.07981,-0.9152
40.08984,-0.8916
40.09985,-0.8848
40.10987,-0.8882
40.1199,-0.8914
40.12992,-0.8877
40.13994,-0.879
40.14994,-0.865
40.15992,-0.8434
40.1699,-0.8288
40.17988,-0.7952
40.18987,-0.7866
40.19985,-0.7556
40.20983,-0.738
40.21981,-0.7285
40.22979,-0.7195
40.23977,-0.7186
40.24976,-0.721
40.25974,-0.7174
40.26972,-0.7168
40.27972,-0.6998
40.28972,-0.6723
40.29972,-0.6444
40.30972,-0.607
40.31972,-0.5736
40.32972,-0.5664
40.33972,-0.5516
40.34972,-0.498
40.35972,-0.4676
40.36972,-0.4454
40.37972,-0.4191
40.38972,-0.4007
40.39972,-0.3783
40.4097,-0.3625
40.41968,-0.3061
40.42966,-0.3077
40.43964,-0.3038
40.44962,-0.3614
40.45961,-0.3587
40.46959,-0.4227
40.47957,-0.4267
40.48955,-0.3229
40.49953,-0.1493
40.50951,-0.2479
40.51949,-0.2828
40.52949,-0.2619
40.53948,-0.2693
40.54947,-0.2839
40.55946,-0.2545
40.56945,-0.1684
40.57944,-0.1084
40.58944,-0.0803
40.59943,-0.0896
40.60942,-0.1478
40.61942,-0.2939
40.62941,-0.4701
40.6394,-0.5949
40.64944,-0.702
40.65952,-0.7836
40.6696,-0.8423
40.67968,-0.8588
40.68976,-0.8632
40.69984,-0.845
40.70992,-0.8116
40.72001,-0.763
40.73009,-0.7308
40.74017,-0.6903
40.75025,-0.6605
40.76033,-0.6392
40.77041,-0.6491
40.78041,-0.6459
40.79042,-0.6448
40.80042,-0.6514
40.81042,-0.6628
40.82042,-0.6583
40.83042,-0.6717
40.84042,-0.6936
40.85042,-0.7028
40.86042,-0.7198
40.87043,-0.7229
40.88042,-0.7225
40.89043,-0.7303
40.90044,-0.7305
40.91043,-0.714
40.92043,-0.6685
40.93042,-0.6102
40.94042,-0.5387
40.95042,-0.4473
40.96041,-0.3758
40.97041,-0.3056
40.98041,-0.2257
40.99041,-0.1611
41.0004,-0.103
41.0104,-0.0471
41.0204,-0.0107
41.03037,0.0234
41.04034,0.0425
41.0503,0.0601
41.06027,0.075
41.07024,0.0825
41.08021,0.1004
41.09018,0.1071
41.10014,0.119
41.11011,0.0984
41.12008,0.0792
41.13005,0.0591
41.14001,0.0328
41.15,0.0044
41.15999,-0.0032
41.16998,-0.0171
41.17997,-0.0204
41.18997,-0.0224
41.19996,-0.038
41.20995,-0.0386
41.21994,-0.0305
41.22993,-0.0111
41.23993,0.007
41.24992,0.0304
41.25991,0.045
41.2699,0.0707
41.28001,0.1012
41.29012,0.1266
41.30022,0.1313
41.31032,0.1537
41.32043,0.1504
41.33053,0.1913
41.34064,0.218
41.35074,0.214
41.36085,0.1879
41.37095,0.2185
41.38106,0.2391
41.39116,0.3554
41.4012,0.5952
41.41116,0.8103
41.42112,0.9469
41.43108,1.0725
41.44104,1.1047
41.451,1.0451
41.46096,0.9416
41.47092,0.8029
41.48088,0.6999
41.49084,0.6118
41.50081,0.56
41.51077,0.5202
41.52073,0.5154
41.53072,0.5415
41.5407,0.5742
41.55068,0.6382
41.56067,0.7281
41.57064,0.8086
41.58063,0.8571
41.59061,0.8776
41.60059,0.8386
41.61058,0.7657
41.62056,0.6548
41.63054,0.5411
41.64053,0.4193
41.65049,0.3214
41.66043,0.2278
41.67037,0.146
41.68031,0.1049
41.69025,0.0843
41.70018,0.0794
41.71012,0.0604
41.72006,0.0522
41.73,0.0453
41.73994,0.0312
41.74988,0.0173
41.75982,-0.0263
41.76976,-0.0505
41.77989,-0.0839
41.79001,-0.1364
41.80012,-0.1627
41.81024,-0.1744
41.82035,-0.1691
41.83047,-0.1751
41.84058,-0.1708
41.8507,-0.1603
41.86081,-0.1533
41.87093,-0.1527
41.88105,-0.1306
41.89116,-0.1095
41.90125,-0.109
41.91126,-0.1084
41.92127,-0.0827
41.93128,-0.044
41.9413,-0.0072
41.95131,0.0062
41.96132,0.009
41.97133,0.0423
41.98134,0.0513
41.99136,0.0872
42.00137,0.1111
42.01138,0.1009
42.02139,0.0902
42.03134,0.0637
42.04128,0.0645
42.05122,0.0658
42.06116,0.0086
42.0711,0.0581
42.08104,0.0697
42.09098,0.0927
42.10093,0.2053
42.11087,0.2924
42.12081,0.3503
42.13075,0.4117
42.14069,0.5308
42.15066,0.877
42.16065,1.0386
42.17064,1.0501
42.18063,0.9709
42.19062,0.805
42.20061,0.5724
42.2106,0.3382
42.22059,0.1146
42.23058,-0.0661
42.24057,-0.1559
42.25056,-0.2216
42.26056,-0.2662
42.27055,-0.2761
42.28054,-0.2828
42.29053,-0.2689
42.30053,-0.2516
42.31052,-0.2106
42.32051,-0.1911
42.33051,-0.1641
42.3405,-0.133
42.35049,-0.1355
42.36049,-0.1264
42.37048,-0.1147
42.38047,-0.1212
42.39046,-0.1313
42.40049,-0.156
42.41054,-0.1676
42.42059,-0.2176
42.43063,-0.2471
42.44068,-0.2791
42.45073,-0.2929
42.46078,-0.3194
42.47083,-0.3319
42.48088,-0.3401
42.49092,-0.3334
42.50097,-0.3174
42.51102,-0.3012
42.52107,-0.2735
42.53103,-0.236
42.54099,-0.1828
42.55094,-0.1783
42.5609,-0.174
42.57086,-0.2003
42.58081,-0.1986
42.59077,-0.1564
42.60073,-0.0954
42.61069,-0.0153
42.62064,0.041
42.6306,0.0638
42.64056,0.0827
42.65055,0.1013
42.66056,0.1282
42.67057,0.1611
42.68058,0.1971
42.69059,0.2248
42.7006,0.2453
42.71061,0.2746
42.72062,0.2892
42.73063,0.2852
42.74063,0.3028
42.75064,0.3288
42.76065,0.334
42.77066,0.3338
42.78069,0.3574
42.7907,0.3896
42.80072,0.4361
42.81073,0.4681
42.82075,0.4922
42.83076,0.5042
42.84078,0.5116
42.8508,0.5074
42.86081,0.5326
42.87083,0.4839
42.88085,0.3601
42.89086,0.28
42.90088,0.229
42.91088,0.2259
42.92089,0.2811
42.93089,0.3865
42.9409,0.4786
42.95091,0.5653
42.96091,0.6902
42.97092,0.7996
42.98093,0.8622
42.99093,0.8934
43.00094,0.8766
43.01095,0.8106
43.02095,0.7202
43.03103,0.5635
43.0411,0.403
43.05117,0.2499
43.06124,0.1264
43.07131,0.0425
43.08138,-0.0077
43.09145,-0.044
43.10152,-0.0834
43.1116,-0.087
43.12167,-0.0878
43.13174,-0.0671
43.14181,-0.0607
43.15187,-0.0608
43.1619,-0.082
43.17193,-0.0948
43.18196,-0.0918
43.19199,-0.1062
43.20202,-0.1109
43.21206,-0.0928
43.22209,-0.0922
43.23212,-0.082
43.24215,-0.084
43.25218,-0.0851
43.26221,-0.0885
43.27224,-0.1109
43.2822,-0.1228
43.29216,-0.1247
43.30212,-0.1245
43.31207,-0.1147
43.32203,-0.0681
43.33198,-0.0448
43.34193,-0.0378
43.35189,-0.0193
43.36184,-0.0023
43.3718,0.0203
43.38176,0.0259
43.39171,0.0346
43.40168,0.0329
43.41168,0.0377
43.42168,0.0519
43.43168,0.1059
43.44168,0.1852
43.45168,0.2502
43.46167,0.283
43.47167,0.2803
43.48167,0.2657
43.49167,0.249
43.50167,0.2669
43.51167,0.2771
43.52166,0.296
43.53174,0.3112
43.54181,0.3406
43.55189,0.3324
43.56196,0.3249
43.57203,0.3119
43.58211,0.2938
43.59218,0.2583
43.60225,0.2384
43.61233,0.2251
43.6224,0.202
43.63247,0.1957
43.64255,0.1792
43.65257,0.1782
43.66249,0.2336
43.67242,0.2778
43.68234,0.334
43.69227,0.3611
43.7022,0.33
43.71212,0.3873
43.72205,0.4666
43.73198,0.5152
43.7419,0.5274
43.75183,0.506
43.76175,0.4658
43.77168,0.4006
43.78168,0.3017
43.79168,0.2204
43.80168,0.1622
43.81168,0.1128
43.82168,0.0787
43.83168,0.0448
43.84167,0.0234
43.85167,0.0161
43.86167,0.0262
43.87167,0.0272
43.88166,0.0268
43.89166,0.0222
43.90166,0.0343
43.91166,0.0413
43.92166,0.0645
43.93166,0.0488
43.94166,0.0545
43.95166,0.0307
43.96165,0.0242
43.97166,-0.025
43.98166,-0.0272
43.99165,-0.0154
44.00165,-0.005
44.01165,0.0113
44.02165,0.0256
44.03168,0.0303
44.0417,0.015
44.05172,-0.0042
44.06174,-0.0057
44.07177,-0.0005
44.08179,-0.0004
44.09181,0.0031
44.10183,0.0258
44.11185,0.0385
44.12188,0.0529
44.1319,0.0576
44.14192,0.0568
44.15198,0.0588
44.16206,0.083
44.17215,0.1273
44.18223,0.1607
44.19231,0.1663
44.2024,0.1757
44.21248,0.1569
44.22256,0.1348
44.23264,0.1508
44.24273,0.1651
44.25281,0.1789
44.26289,0.1965
44.27298,0.2162
44.28295,0.2468
44.2929,0.2813
44.30286,0.312
44.31282,0.3342
44.32277,0.3468
44.33273,0.3583
44.34269,0.3711
44.35264,0.3864
44.36259,0.3689
44.37255,0.3596
44.38251,0.3285
44.39246,0.297
44.40243,0.2979
44.41239,0.3166
44.42236,0.3244
44.43232,0.3173
44.44228,0.3287
44.45225,0.3177
44.46221,0.3389
44.47218,0.3422
44.48214,0.3218
44.4921,0.3038
44.50207,0.2737
44.51203,0.2375
44.522,0.199
44.53211,0.1695
44.54221,0.1631
44.55232,0.2136
44.56242,0.304
44.57253,0.3555
44.58263,0.4095
44.59274,0.4338
44.60284,0.4425
44.61295,0.4506
44.62305,0.4563
44.63316,0.4572
44.64326,0.4602
44.65327,0.4728
44.66317,0.4675
44.67307,0.4598
44.68297,0.4574
44.69287,0.457
44.70277,0.4519
44.71268,0.4684
44.72258,0.4695
44.73248,0.4766
44.74238,0.4847
44.75229,0.4903
44.76218,0.4838
44.77209,0.4793
44.78207,0.4775
44.79205,0.477
44.80204,0.4512
44.81202,0.4239
44.822,0.4111
44.83198,0.4045
44.84196,0.391
44.85194,0.372
44.86193,0.3568
44.87191,0.3636
44.88189,0.3461
44.89187,0.3044
44.90188,0.2901
44.91191,0.2901
44.92194,0.2954
44.93197,0.2962
44.942,0.2853
44.95203,0.2616
44.96206,0.2418
44.9721,0.2255
44.98212,0.1905
44.99216,0.1417
45.00219,0.0991
45.01222,0.068
45.02225,0.0595
45.03225,0.0597
45.04224,0.0774
45.05224,0.0868
45.06223,0.0984
45.07223,0.083
45.08223,0.0925
45.09222,0.1194
45.10222,0.1453
45.11221,0.1335
45.12221,0.1694
45.13221,0.0944
45.1422,0.118
45.15219,0.0687
45.16217,0.0305
45.17214,0.0385
45.18211,0.21
45.19209,0.3923
45.20206,0.5344
45.21203,0.5845
45.22201,0.5271
45.23198,0.5501
45.24195,0.4449
45.25193,0.3242
45.2619,0.2304
45.27187,0.3588
45.28195,0.4961
45.29202,0.6046
45.30209,0.6629
45.31216,0.7067
45.32224,0.6949
45.33231,0.634
45.34238,0.5624
45.35245,0.4922
45.36252,0.4154
45.37259,0.3288
45.38266,0.2423
45.39273,0.1658
45.40279,0.0926
45.4128,0.0318
45.42281,-0.0254
45.43281,-0.0793
45.44282,-0.1261
45.45283,-0.1783
45.46283,-0.2096
45.47284,-0.2552
45.48285,-0.2785
45.49286,-0.2931
45.50286,-0.3025
45.51287,-0.3162
45.52288,-0.3305
45.5329,-0.3287
45.54292,-0.3374
45.55294,-0.3562
45.56295,-0.3534
45.57297,-0.3709
45.58299,-0.3826
45.59301,-0.4096
45.60303,-0.4358
45.61304,-0.448
45.62306,-0.4502
45.63308,-0.4515
45.6431,-0.4435
45.65309,-0.4265
45.66305,-0.424
45.67301,-0.4366
45.68297,-0.4256
45.69293,-0.4198
45.70289,-0.3967
45.71284,-0.3905
45.72281,-0.403
45.73277,-0.4147
45.74272,-0.4242
45.75268,-0.3963
45.76264,-0.3292
45.7726,-0.2787
45.78265,-0.229
45.79268,-0.1944
45.80271,-0.18
45.81274,-0.1688
45.82277,-0.1466
45.8328,-0.1333
45.84283,-0.1304
45.85286,-0.1096
45.8629,-0.1052
45.87292,-0.0918
45.88296,-0.0784
45.89299,-0.0996
45.90303,-0.097
45.91304,-0.1193
45.92306,-0.1369
45.93307,-0.1422
45.94309,-0.1464
45.9531,-0.1038
45.96312,-0.0375
45.97313,0.0104
45.98315,-0.0043
45.99316,0.053
46.00318,-0.0175
46.0132,0.0176
46.02321,-0.027
46.03319,-0.0234
46.04317,-0.0526
46.05314,-0.0171
46.06312,0.1403
46.07309,0.323
46.08307,0.4209
46.09304,0.4769
46.10302,0.5024
46.113,0.5478
46.12297,0.6297
46.13295,0.6644
46.14292,0.6371
46.15289,0.6089
46.16286,0.5256
46.17282,0.4079
46.18278,0.2695
46.19275,0.1515
46.20271,0.0478
46.21267,-0.0177
46.22263,-0.0653
46.2326,-0.0945
46.24256,-0.1387
46.25252,-0.2005
46.26249,-0.2668
46.27245,-0.3522
46.28245,-0.4328
46.29245,-0.5096
46.30245,-0.5549
46.31245,-0.6054
46.32245,-0.6323
46.33245,-0.6634
46.34245,-0.6961
46.35244,-0.7443
46.36244,-0.7894
46.37244,-0.809
46.38244,-0.7664
46.39244,-0.6563
46.40248,-0.5247
46.41255,-0.4223
46.42262,-0.333
46.4327,-0.2361
46.44277,-0.1713
46.45284,-0.1027
46.46292,-0.0491
46.47299,-0.0126
46.48306,0.0382
46.49314,0.1476
46.50321,0.2299
46.51328,0.3031
46.52336,0.3631
46.53336,0.4311
46.54336,0.4724
46.55336,0.5149
46.56335,0.4991
46.57335,0.5038
46.58335,0.5193
46.59335,0.5311
46.60335,0.5456
46.61335,0.5423
46.62335,0.5484
46.63335,0.5585
46.64334,0.5739
46.65337,0.5862
46.6634,0.6075
46.67343,0.63
46.68346,0.6625
46.69349,0.6959
46.70352,0.7143
46.71355,0.7294
46.72358,0.7339
46.73361,0.7503
46.74364,0.7636
46.75367,0.7707
46.76371,0.779
46.77374,0.774
46.78371,0.7471
46.79367,0.7114
46.80364,0.6813
46.81361,0.654
46.82357,0.6258
46.83354,0.5952
46.8435,0.5512
46.85347,0.5101
46.86343,0.5062
46.8734,0.5051
46.88337,0.5127
46.89333,0.5231
46.90331,0.5328
46.91331,0.5453
46.92332,0.58
46.93332,0.6031
46.94332,0.6278
46.95332,0.6309
46.96332,0.6423
46.97332,0.6415
46.98332,0.6352
46.99332,0.6215
47.00332,0.6019
47.01332,0.5825
47.02332,0.5788
47.03332,0.5693
47.04332,0.5544
47.05331,0.5638
47.0633,0.6029
47.0733,0.6262
47.08329,0.6575
47.09329,0.6852
47.10328,0.6847
47.11327,0.6895
47.12327,0.7063
47.13326,0.7289
47.14326,0.7579
47.15326,0.7811
47.16326,0.7778
47.17326,0.7735
47.18327,0.7859
47.19327,0.7904
47.20327,0.7396
47.21328,0.7264
47.22328,0.7214
47.23328,0.7267
47.24328,0.72
47.25329,0.72
47.26329,0.778
47.27329,0.824
47.2833,0.8895
47.2933,0.9351
47.3033,0.9519
47.31329,0.9475
47.32329,0.8998
47.33329,0.7916
47.34328,0.8083
47.35328,0.8973
47.36328,0.9735
47.37328,1.0532
47.38328,1.1164
47.39328,1.1828
47.40328,1.2237
47.41328,1.246
47.42328,1.2238
47.43328,1.2034
47.44328,1.1938
47.45327,1.2173
47.46327,1.2566
47.47327,0.8821
47.48327,0.75
47.49327,0.7844
47.50327,0.8112
47.51327,0.8035
47.52327,0.8234
47.53329,0.7835
47.54329,0.7912
47.5533,0.6894
47.5633,0.6522
47.57331,0.6703
47.58331,0.6096
47.59332,0.4275
47.60332,0.2305
47.61333,0.0425
47.62333,-0.1079
47.63334,-0.1743
47.64334,-0.2077
47.65344,-0.227
47.66359,-0.27
47.67375,-0.3113
47.6839,-0.3263
47.69406,-0.3155
47.70421,-0.3218
47.71436,-0.3248
47.72452,-0.3234
47.73467,-0.3138
47.74483,-0.3395
47.75498,-0.3156
47.76513,-0.3293
47.77529,-0.3516
47.78522,-0.336
47.79514,-0.3492
47.80506,-0.3737
47.81498,-0.3906
47.82489,-0.3593
47.83481,-0.3721
47.84473,-0.3636
47.85465,-0.3551
47.86457,-0.3285
47.87448,-0.3051
47.8844,-0.2796
47.89432,-0.2756
47.90428,-0.2447
47.91428,-0.2436
47.92428,-0.2479
47.93428,-0.2366
47.94428,-0.2194
47.95428,-0.1984
47.96429,-0.1985
47.97429,-0.2002
47.98429,-0.1589
47.99429,-0.1433
48.00429,-0.1365
48.01429,-0.104
48.02429,-0.0856
48.03429,-0.0624
48.04429,-0.0572
48.05429,-0.0519
48.06429,-0.0371
48.07428,-0.0264
48.08428,-0.0352
48.09428,-0.0179
48.10428,-0.075
48.11428,-0.1194
48.12428,-0.0792
48.13427,-0.0803
48.14427,-0.0776
48.15427,-0.0349
48.16426,0.0116
48.17426,0.1127
48.18426,0.2053
48.19426,0.3224
48.20426,0.401
48.21426,0.4649
48.22425,0.4633
48.23425,0.4872
48.24425,0.5158
48.25425,0.5567
48.26424,0.5956
48.27424,0.6545
48.28432,0.7192
48.29438,0.7637
48.30445,0.8451
48.31453,0.9222
48.32459,1.02
48.33466,1.1067
48.34473,1.1536
48.3548,1.1679
48.36487,1.1659
48.37494,1.1608
48.38501,1.1494
48.39508,1.1357
48.40511,1.0992
48.41508,1.058
48.42506,1.0027
48.43503,0.9279
48.44501,0.853
48.45498,0.7656
48.46496,0.6838
48.47493,0.5988
48.48491,0.5086
48.49489,0.4286
48.50486,0.3643
48.51484,0.3217
48.52481,0.2865
48.53477,0.2577
48.54471,0.2374
48.55466,0.1967
48.56461,0.1588
48.57455,0.1342
48.5845,0.1206
48.59445,0.1007
48.60439,0.0596
48.61434,0.0586
48.62429,0.0859
48.63424,0.1088
48.64418,0.1395
48.65415,0.1466
48.66414,0.151
48.67413,0.1638
48.68412,0.1876
48.69411,0.1922
48.7041,0.1922
48.71409,0.1991
48.72408,0.1965
48.73407,0.2157
48.74406,0.2424
48.75405,0.2694
48.76404,0.307
48.77403,0.3167
48.78405,0.3357
48.79406,0.3599
48.80407,0.3884
48.81408,0.4205
48.82409,0.4368
48.83409,0.4413
48.8441,0.448
48.85411,0.4467
48.86412,0.4437
48.87413,0.4405
48.88414,0.4337
48.89415,0.4521
48.9042,0.4495
48.91429,0.4525
48.92438,0.4609
48.93447,0.4651
48.94456,0.4578
48.95465,0.4583
48.96474,0.4356
48.97484,0.4358
48.98493,0.4187
48.99502,0.4036
49.00511,0.4015
49.0152,0.4043
49.02529,0.4243
49.03535,0.4539
49.0454,0.4701
49.05545,0.4681
49.0655,0.466
49.07555,0.4603
49.0856,0.4543
49.09565,0.4594
49.1057,0.4525
49.11575,0.4342
49.12579,0.4162
49.13585,0.4208
49.14589,0.4183
49.15591,0.4231
49.16591,0.4555
49.17591,0.4911
49.18591,0.5256
49.1959,0.5463
49.2059,0.5628
49.2159,0.5847
49.2259,0.6199
49.2359,0.675
49.2459,0.7236
49.25589,0.7805
49.26589,0.8676
49.27589,0.9398
49.28589,1.0011
49.29588,1.0264
49.30588,1.0537
49.31588,1.0742
49.32587,1.0717
49.33587,1.0484
49.34586,1.0328
49.35586,1.0509
49.36585,1.0718
49.37585,1.0893
49.38585,1.1029
49.39584,1.1066
49.40581,1.1053
49.41575,1.1079
49.42569,1.0838
49.43563,1.0546
49.44557,1.0146
49.45551,0.9727
49.46545,0.906
49.4754,0.8241
49.48533,0.7261
49.49527,0.617
49.50521,0.5192
49.51516,0.4486
49.5251,0.3989
49.53506,0.3639
49.54502,0.3195
49.55499,0.3079
49.56495,0.2788
49.57492,0.282
49.58488,0.3008
49.59485,0.3182
49.60481,0.349
49.61478,0.3763
49.62474,0.3977
49.6347,0.4156
49.64467,0.4241
49.65467,0.4285
49.66468,0.4418
49.67469,0.4384
49.68469,0.4286
49.6947,0.4372
49.7047,0.4539
49.71471,0.484
49.72472,0.5396
49.73472,0.5209
49.74473,0.4171
49.75473,0.3237
49.76474,0.351
49.77475,0.4986
49.78472,0.9239
49.79469,1.3214
49.80466,1.2498
49.81462,1.1754
49.8246,1.1518
49.83456,1.1978
49.84453,1.2118
49.8545,1.0926
49.86447,0.9373
49.87444,0.7479
49.88441,0.5802
49.89438,0.4739
49.90438,0.4166
49.91442,0.4242
49.92446,0.4679
49.93449,0.5084
49.94453,0.591
49.95456,0.6828
49.9646,0.7538
49.97464,0.8119
49.98467,0.8854
49.99471,0.9984
50.00474,1.1377
50.01478,1.3494
50.02481,1.5962
50.0349,1.7666
50.04498,1.8495
50.05505,1.8475
50.06513,1.8006
50.07521,1.693
50.08529,1.549
50.09536,1.4105
50.10544,1.2843
50.11552,1.2125
50.1256,1.2466
50.13568,1.2995
50.14576,1.3952
50.15582,1.4958
50.16583,1.5712
50.17584,1.6029
50.18586,1.6682
50.19587,1.6801
50.20588,1.6089
50.2159,1.5017
50.22591,1.3606
50.23592,1.215
50.24594,1.0524
50.25595,0.8912
50.26596,0.729
50.27598,0.6108
50.28598,0.5302
50.29598,0.469
50.30598,0.4563
50.31598,0.4487
50.32597,0.4408
50.33597,0.4464
50.34597,0.4592
50.35597,0.4594
50.36597,0.4613
50.37597,0.4522
50.38596,0.4402
50.39596,0.4355
50.40595,0.4174
50.41592,0.3962
50.42589,0.3786
50.43586,0.3686
50.44583,0.3586
50.4558,0.3475
50.46577,0.3202
50.47575,0.2944
50.48572,0.244
50.49569,0.212
50.50566,0.198
50.51563,0.184
50.5256,0.1754
50.53565,0.1739
50.54568,0.1659
50.55571,0.1628
50.56575,0.1567
50.57578,0.1525
50.58581,0.1443
50.59584,0.1406
50.60587,0.1569
50.61591,0.16
50.62593,0.1937
50.63597,0.2255
50.646,0.2695
50.65599,0.2879
50.66593,0.313
50.67587,0.3181
50.68581,0.2932
50.69575,0.2714
50.70569,0.2126
50.71563,0.1663
50.72557,0.1206
50.73551,0.0972
50.74545,0.0894
50.75539,0.0927
50.76532,0.0726
50.77526,0.0309
50.78532,0.0323
50.79538,0.0264
50.80543,0.0201
50.81548,0.0116
50.82554,0.0012
50.83559,0.0114
50.84565,0.0373
50.8557,0.0723
50.86575,0.115
50.87581,0.1803
50.88586,0.2456
50.89592,0.293
50.90593,0.3312
50.91588,0.3132
50.92584,0.2136
50.93579,0.1794
50.94575,0.2463
50.95571,0.3152
50.96566,0.3009
50.97562,0.2195
50.98558,0.0731
50.99553,0.3632
51.00549,0.564
51.01544,0.6801
51.0254,0.8025
51.03547,0.8318
51.04554,0.8266
51.05561,0.7491
51.06567,0.6663
51.07574,0.5616
51.08581,0.421
51.09588,0.2938
51.10595,0.1652
51.11602,0.0558
51.12608,-0.0318
51.13615,-0.1201
51.14622,-0.1961
51.15626,-0.2458
51.16626,-0.2889
51.17627,-0.3064
51.18627,-0.3138
51.19627,-0.3134
51.20628,-0.3165
51.21628,-0.3493
51.22628,-0.3807
51.23629,-0.4139
51.24629,-0.4046
51.2563,-0.4083
51.2663,-0.4012
51.27631,-0.3932
51.28627,-0.3796
51.29624,-0.3534
51.30621,-0.3375
51.31617,-0.3261
51.32613,-0.2845
51.3361,-0.2561
51.34607,-0.227
51.35603,-0.1908
51.366,-0.1547
51.37596,-0.1031
51.38593,0.0073
51.39589,0.0732
51.40589,0.1993
51.4159,0.0561
51.42592,-0.2768
51.43594,-0.2213
51.44595,-0.2714
51.45597,-0.2377
51.46599,-0.2123
51.47601,-0.1706
51.48602,-0.046
51.49604,-0.0023
51.50605,-0.0587
51.51607,0.0203
51.52609,0.0102
51.53617,0.0346
51.54625,-0.0959
51.55632,-0.0939
51.5664,-0.055
51.57648,-0.0593
51.58655,-0.1941
51.59663,-0.4169
51.60671,-0.6337
51.61678,-0.7738
51.62686,-0.8694
51.63694,-0.9051
51.64701,-0.9321
51.65701,-0.9398
51.6669,-0.9316
51.67679,-0.9149
51.68668,-0.9081
51.69658,-0.8994
51.70647,-0.8875
51.71636,-0.8887
51.72625,-0.8827
51.73615,-0.8704
51.74604,-0.8922
51.75593,-0.9079
51.76583,-0.9136
51.77572,-0.9351
51.78572,-0.9373
51.79572,-0.9311
51.80571,-0.9018
51.81571,-0.8709
51.8257,-0.874
51.8357,-0.8719
51.8457,-0.8644
51.85569,-0.8504
51.86569,-0.8403
51.87568,-0.8182
51.88568,-0.7989
51.89568,-0.7896
51.90573,-0.778
51.91583,-0.7407
51.92594,-0.7313
51.93604,-0.7039
51.94615,-0.7062
51.95625,-0.7047
51.96636,-0.6968
51.97646,-0.6904
51.98656,-0.6799
51.99667,-0.6528
52.00677,-0.631
52.01688,-0.6182
52.02699,-0.5979
52.0369,-0.5706
52.04683,-0.5205
52.05674,-0.45
52.06666,-0.4324
52.07658,-0.4352
52.0865,-0.4551
52.09642,-0.4664
52.10634,-0.4798
52.11626,-0.4835
52.12617,-0.4693
52.1361,-0.462
52.14602,-0.4888
52.15597,-0.5066
52.16596,-0.5245
52.17595,-0.5078
52.18593,-0.4874
52.19592,-0.4671
52.2059,-0.4372
52.21589,-0.3862
52.22588,-0.3311
52.23586,-0.2587
52.24585,-0.1772
52.25583,-0.1107
52.26582,-0.0441
52.27581,-0.044
52.28591,-0.0079
52.296,-0.0086
52.30609,0.0056
52.31617,0.0668
52.32626,0.0914
52.33635,0.0769
52.34644,0.01
52.35652,-0.0794
52.36661,-0.0632
52.3767,0.0227
52.38678,0.0825
52.39687,0.2109
52.40689,0.1963
52.41685,0.1358
52.42681,0.0761
52.43676,0.0284
52.44672,-0.0659
52.45668,-0.2018
52.46663,-0.3359
52.47659,-0.4653
52.48654,-0.5644
52.4965,-0.621
52.50645,-0.629
52.51641,-0.5427
52.52637,-0.4333
52.53639,-0.286
52.54641,-0.1156
52.55643,-0.0145
52.56644,0.0495
52.57646,0.0697
52.58648,0.072
52.5965,0.1171
52.60651,0.1347
52.61653,0.1663
52.62655,0.2026
52.63657,0.2229
52.64658,0.2337
52.65661,0.2451
52.66663,0.2454
52.67666,0.2536
52.68668,0.2374
52.6967,0.225
52.70673,0.2059
52.71675,0.1781
52.72678,0.1469
52.7368,0.1217
52.74683,0.119
52.75685,0.0929
52.76687,0.0744
52.7769,0.0502
52.78689,0.0331
52.79688,0.0421
52.80688,0.0311
52.81687,0.016
52.82686,-0.0023
52.83685,-0.0393
52.84684,-0.081
52.85683,-0.1054
52.86683,-0.1508
52.87682,-0.195
52.88681,-0.2205
52.8968,-0.2316
52.90683,-0.2426
52.91689,-0.2482
52.92695,-0.2499
52.93702,-0.2348
52.94707,-0.2088
52.95713,-0.1909
52.9672,-0.1438
52.97726,-0.1162
52.98732,-0.0734
52.99738,-0.0419
53.00744,-0.0006
53.0175,0.0331
53.02756,0.0583
53.03757,0.0634
53.04757,0.0502
53.05758,0.0507
53.06758,0.0816
53.07758,0.1343
53.08759,0.2155
53.09759,0.2844
53.1076,0.3508
53.1176,0.3841
53.12761,0.4002
53.13761,0.4053
53.14761,0.404
53.15759,0.3948
53.16753,0.371
53.17748,0.3354
53.18743,0.2885
53.19737,0.2291
53.20732,0.1594
53.21727,0.085
53.22721,0.0042
53.23716,-0.0644
53.2471,-0.1358
53.25705,-0.231
53.26699,-0.3163
53.27694,-0.3714
53.28689,-0.4086
53.29683,-0.4404
53.30678,-0.507
53.31672,-0.5546
53.32667,-0.5644
53.33661,-0.5507
53.34656,-0.5482
53.3565,-0.5204
53.36645,-0.5075
53.37639,-0.4681
53.38634,-0.4353
53.39628,-0.4215
53.4063,-0.4222
53.41637,-0.4189
53.42645,-0.4301
53.43652,-0.4133
53.44659,-0.4094
53.45667,-0.3948
53.46674,-0.3812
53.47681,-0.3342
53.48689,-0.2847
53.49696,-0.2433
53.50703,-0.2118
53.51711,-0.1921
53.52718,-0.1805
53.53726,-0.1637
53.54732,-0.1544
53.55738,-0.1557
53.56745,-0.1543
53.57751,-0.1548
53.58757,-0.1413
53.59763,-0.1091
53.6077,-0.0974
53.61776,-0.1122
53.62782,-0.1621
53.63789,-0.1404
53.64795,-0.0351
53.65796,0.0909
53.66793,0.2362
53.67789,0.3801
53.68785,0.4574
53.69781,0.5296
53.70778,0.5114
53.71774,0.527
53.7277,0.5123
53.73766,0.5441
53.74763,0.6031
53.75759,0.7115
53.76755,0.8468
53.77752,1.001
53.78759,1.1558
53.79765,1.2901
53.80771,1.4189
53.81777,1.5189
53.82783,1.585
53.83789,1.6408
53.84795,1.7022
53.85801,1.7748
53.86807,1.857
53.87813,1.9326
53.88819,1.9842
53.89825,2.0068
53.90823,1.999
53.91814,2.0029
53.92804,2.0277
53.93795,2.0615
53.94785,2.0547
53.95776,2.0584
53.96766,2.0851
53.97756,2.0983
53.98747,2.0745
53.99737,2.003
54.00727,1.8545
54.01718,1.633
54.02708,1.387
54.03716,1.1513
54.04723,0.928
54.0573,0.6718
54.06737,0.4632
54.07744,0.2257
54.08751,0.0158
54.09758,-0.1425
54.10765,-0.2584
54.11772,-0.3512
54.12779,-0.3987
54.13786,-0.4223
54.14793,-0.4522
54.15794,-0.432
54.1679,-0.4077
54.17785,-0.3871
54.1878,-0.3627
54.19775,-0.3502
54.2077,-0.3258
54.21766,-0.3218
54.22761,-0.2914
54.23756,-0.222
54.24751,-0.1532
54.25747,-0.1099
54.26742,-0.0662
54.27737,-0.0241
54.28736,0.0151
54.29735,0.0804
54.30734,0.2683
54.31733,0.6303
54.32732,0.9796
54.33731,1.2022
54.3473,1.0528
54.35729,0.6041
54.36728,-0.0606
54.37727,-0.0922
54.38726,-0.0052
54.39725,0.2704
54.40724,0.6268
54.4172,0.9446
54.42717,1.2315
54.43713,1.374
54.4471,1.4396
54.45706,1.3538
54.46703,1.111
54.47699,0.8059
54.48696,0.5225
54.49692,0.2766
54.50689,0.0796
54.51685,-0.0685
54.52682,-0.1656
54.53685,-0.2333
54.54689,-0.2831
54.55693,-0.3286
54.56697,-0.363
54.577,-0.383
54.58704,-0.422
54.59708,-0.4499
54.60712,-0.5196
54.61715,-0.5662
54.62719,-0.61
54.63723,-0.651
54.64727,-0.6732
54.65731,-0.684
54.66737,-0.7036
54.67742,-0.7027
54.68748,-0.7007
54.69753,-0.7388
54.70759,-0.7603
54.71764,-0.7413
54.7277,-0.7344
54.73775,-0.7243
54.74781,-0.7147
54.75786,-0.6877
54.76791,-0.661
54.77797,-0.6204
54.78799,-0.5648
54.79801,-0.5219
54.80803,-0.4621
54.81805,-0.3995
54.82806,-0.3486
54.83808,-0.2947
54.8481,-0.2547
54.85812,-0.2159
54.86814,-0.181
54.87815,-0.144
54.88817,-0.1177
54.89819,-0.0908
54.90818,-0.0613
54.91815,-0.0305
54.92812,-0.0269
54.93809,-0.0198
54.94806,-0.0331
54.95803,-0.0197
54.968,0.0053
54.97797,0.0197
54.98794,0.0307
54.99791,0.0118
55.00788,0.0009
55.01785,-0.0349
55.02782,-0.0524
55.03785,-0.0754
55.04787,-0.0629
55.05789,-0.0513
55.06791,-0.0382
55.07793,-0.0271
55.08796,-0.0286
55.09798,-0.0132
55.108,-0.0125
55.11802,-0.003
55.12804,0.0032
55.13806,-0.0103
55.14808,-0.026
55.15812,-0.0452
55.16812,-0.0598
55.17813,-0.0756
55.18813,-0.0705
55.19814,-0.0604
55.20815,-0.0692
55.21815,-0.079
55.22816,-0.1101
55.23817,-0.1251
55.24817,-0.1352
55.25818,-0.1389
55.26819,-0.1285
55.27819,-0.1205
55.28818,-0.1343
55.29816,-0.1613
55.30813,-0.1859
55.31811,-0.2139
55.32809,-0.2459
55.33807,-0.2795
55.34805,-0.3021
55.35802,-0.3237
55.368,-0.3282
55.37798,-0.339
55.38795,-0.3424
55.39793,-0.332
55.40793,-0.3211
55.41793,-0.3106
55.42794,-0.2828
55.43794,-0.2664
55.44794,-0.2462
55.45795,-0.2544
55.46795,-0.2529
55.47795,-0.2657
55.48795,-0.2766
55.49796,-0.2707
55.50796,-0.2667
55.51796,-0.2515
55.52796,-0.2142
55.53796,-0.21
55.54796,-0.2156
55.55796,-0.2177
55.56796,-0.2392
55.57796,-0.2305
55.58796,-0.2162
55.59795,-0.2064
55.60795,-0.2095
55.61795,-0.2126
55.62795,-0.2292
55.63795,-0.2249
55.64795,-0.2469
55.65794,-0.2391
55.66791,-0.2337
55.67789,-0.2298
55.68786,-0.2081
55.69784,-0.163
55.70781,-0.0909
55.71779,-0.0472
55.72776,0.0047
55.73774,0.0551
55.74771,0.1108
55.75769,0.1287
55.76766,0.1532
55.77764,0.1833
55.78774,0.2071
55.79785,0.2257
55.80795,0.2347
55.81805,0.2565
55.82816,0.254
55.83826,0.2246
55.84837,0.2206
55.85847,0.04
55.86858,-0.0367
55.87868,-0.1078
55.88879,-0.2096
55.89889,-0.2168
55.90894,-0.211
55.91894,-0.281
55.92894,-0.1278
55.93893,-0.0706
55.94893,0.0061
55.95893,0.0509
55.96893,0.0298
55.97892,-0.1219
55.98892,-0.4806
55.99892,-0.58
56.00891,-0.5663
56.01891,-0.5401
56.02891,-0.5719
56.03889,-0.5402
56.04887,-0.5012
56.05886,-0.5081
56.06884,-0.4281
56.07882,-0.3468
56.08881,-0.2207
56.09879,-0.0927
56.10877,-0.0389
56.11876,-0.2754
56.12874,-0.1855
56.13872,-0.1278
56.1487,-0.1479
56.15871,-0.2674
56.16872,-0.4849
56.17873,-0.71
56.18874,-0.8761
56.19875,-0.9933
56.20876,-1.0641
56.21877,-1.0873
56.22878,-1.0985
56.23879,-1.0916
56.2488,-1.0806
56.25881,-1.0955
56.26883,-1.1012
56.27884,-1.0758
56.2888,-1.0076
56.29875,-0.9684
56.30871,-0.9414
56.31866,-0.9323
56.32862,-0.9062
56.33857,-0.8921
56.34853,-0.8862
56.35849,-0.8851
56.36844,-0.8927
56.3784,-0.8819
56.38836,-0.8756
56.39831,-0.8858
56.40831,-0.8845
56.41833,-0.8781
56.42836,-0.865
56.43839,-0.8437
56.44841,-0.8445
56.45844,-0.8329
56.46847,-0.8001
56.4785,-0.7843
56.48853,-0.7959
56.49855,-0.7604
56.50858,-0.7595
56.5186,-0.7438
56.52863,-0.759
56.53862,-0.7829
56.54859,-0.8048
56.55857,-0.8315
56.56855,-0.8532
56.57852,-0.8621
56.5885,-0.8323
56.59848,-0.7736
56.60846,-0.7207
56.61843,-0.6918
56.62841,-0.6714
56.63839,-0.6504
56.64836,-0.6139
56.65837,-0.5716
56.66838,-0.5622
56.67841,-0.5771
56.68842,-0.605
56.69844,-0.6331
56.70846,-0.6796
56.71848,-0.7326
56.7285,-0.7604
56.73852,-0.7416
56.74854,-0.7273
56.75856,-0.7213
56.76858,-0.7058
56.7786,-0.6731
56.78857,-0.642
56.79855,-0.6266
56.80852,-0.6042
56.81849,-0.5343
56.82846,-0.4339
56.83843,-0.3237
56.8484,-0.2279
56.85837,-0.1578
56.86834,-0.0888
56.87831,-0.1195
56.88829,-0.095
56.89826,0.0023
56.90825,0.1102
56.91825,0.1799
56.92826,0.2584
56.93826,0.321
56.94826,0.3871
56.95826,0.4639
56.96827,0.5072
56.97827,-0.2277
56.98827,-0.1578
56.99828,-0.239
57.00828,-0.2202
57.01828,-0.0919
57.02828,0.0734
57.03838,-0.2357
57.04849,-0.3731
57.05859,-0.2674
57.0687,-0.1354
57.0788,-0.1296
57.0889,-0.2002
57.099,-0.304
57.1091,-0.3142
57.11921,-0.343
57.12931,-0.3705
57.13941,-0.3815
57.14952,-0.5037
57.15957,-0.6066
57.16956,-0.7711
57.17955,-0.9429
57.18954,-1.0794
57.19954,-1.163
57.20953,-1.2087
57.21952,-1.2202
57.22951,-1.2268
57.2395,-1.2309
57.24949,-1.2316
57.25949,-1.2326
57.26948,-1.2515
57.27947,-1.2668
57.28947,-1.2878
57.29947,-1.2764
57.30947,-1.27
57.31947,-1.2756
57.32946,-1.2885
57.33946,-1.2984
57.34946,-1.3224
57.35946,-1.3402
57.36946,-1.3329
57.37946,-1.3218
57.38945,-1.311
57.39945,-1.2996
57.40945,-1.2679
57.41946,-1.259
57.42946,-1.2425
57.43946,-1.2063
57.44947,-1.1763
57.45947,-1.1798
57.46947,-1.1811
57.47947,-1.1534
57.48948,-1.1421
57.49948,-1.1493
57.50948,-1.1493
57.51948,-1.1263
57.52948,-1.104
57.53946,-1.0693
57.54943,-1.02
57.55941,-1.0086
57.56939,-0.9924
57.57936,-0.9418
57.58934,-0.9152
57.59931,-0.8982
57.60928,-0.8733
57.61926,-0.8302
57.62923,-0.7667
57.63921,-0.7463
57.64919,-0.7152
57.65917,-0.7068
57.66915,-0.6961
57.67914,-0.6859
57.68912,-0.6677
57.69911,-0.6693
57.70909,-0.6568
57.71908,-0.6605
57.72906,-0.6665
57.73905,-0.6816
57.74903,-0.6827
57.75902,-0.6626
57.769,-0.6312
57.77899,-0.6274
57.78902,-0.6091
57.79905,-0.5483
57.80907,-0.4962
57.8191,-0.4245
57.82913,-0.3932
57.83916,-0.3819
57.84919,-0.3769
57.85921,-0.3578
57.86924,-0.2876
57.87927,-0.1724
57.8893,-0.0314
57.89933,-0.0075
57.90934,0.1862
57.91934,0.3059
57.92934,0.3692
57.93934,0.4007
57.94934,0.3687
57.95935,0.3283
57.96935,0.3167
57.97935,0.3679
57.98935,0.4202
57.99935,0.4572
58.00935,0.5079
58.01936,0.5682
58.02936,0.634
58.03938,0.6879
58.0494,0.71
58.05943,0.1806
58.06945,-0.3019
58.07947,-0.2396
58.08949,-0.1797
58.09951,-0.0775
58.10953,0.0148
58.11955,0.1527
58.12957,0.2039
58.1396,-0.0261
58.14962,0.0096
58.15965,0.1821
58.16969,0.1855
58.17972,0.0118
58.18975,0.0042
58.19979,-0.1567
58.20982,-0.3199
58.21986,-0.5017
58.2299,-0.6535
58.23993,-0.7582
58.24997,-0.8263
58.26,-0.8607
58.27003,-0.8494
58.28007,-0.8402
58.29007,-0.8092
58.30007,-0.7914
58.31007,-0.7464
58.32006,-0.7119
58.33006,-0.6935
58.34006,-0.7024
58.35006,-0.7195
58.36006,-0.7855
58.37006,-0.8353
58.38005,-0.8727
58.39005,-0.9005
58.40005,-0.9303
58.41008,-0.9538
58.42012,-0.9619
58.43016,-0.9451
58.44021,-0.9151
58.45025,-0.8813
58.4603,-0.8496
58.47034,-0.83
58.48038,-0.8229
58.49043,-0.8251
58.50047,-0.819
58.51052,-0.8129
58.52056,-0.8005
58.53061,-0.7969
58.54061,-0.7768
58.55062,-0.725
58.56063,-0.6836
58.57064,-0.6504
58.58064,-0.6506
58.59065,-0.6255
58.60066,-0.5962
58.61067,-0.5658
58.62067,-0.5505
58.63068,-0.5266
58.64069,-0.5114
58.6507,-0.4955
58.6607,-0.4668
58.67063,-0.4236
58.68056,-0.3808
58.69049,-0.3358
58.70043,-0.3241
58.71036,-0.2954
58.72029,-0.2947
58.73023,-0.284
58.74016,-0.2361
58.7501,-0.2126
58.76003,-0.1977
58.76996,-0.2132
58.7799,-0.208
58.78993,-0.1602
58.79996,-0.1459
58.80999,-0.1168
58.82003,-0.0938
58.83006,-0.0835
58.84009,-0.067
58.85012,-0.0794
58.86015,-0.0976
58.87018,-0.1045
58.88021,-0.0605
58.89024,-0.0342
58.90028,-0.0087
58.91028,0.0008
58.92025,0.0142
58.93021,0.0123
58.94018,0.0211
58.95015,0.0342
58.96012,0.0494
58.97009,0.0687
58.98005,0.096
58.99002,0.126
58.99999,0.1468
59.00996,0.1832
59.01993,0.2148
59.0299,0.2425
59.03989,0.2407
59.04986,0.243
59.05984,0.2495
59.06981,0.2568
59.07979,0.2601
59.08976,0.2328
59.09974,0.2093
59.10971,0.1919
59.11969,0.1862
59.12966,0.1636
59.13964,0.1402
59.14961,0.1306
59.15963,0.0751
59.16968,0.0144
59.17973,0.0002
59.18979,0.0159
59.19984,0.0506
59.20989,0.072
59.21994,0.0795
59.22999,0.088
59.24004,0.0733
59.2501,0.0717
59.26015,0.0605
59.2702,0.0492
59.28025,0.0592
59.29038,0.0827
59.3005,0.068
59.31062,0.0353
59.32074,0.0332
59.33086,0.0277
59.34098,0.0388
59.3511,0.0298
59.36123,0.0405
59.37135,0.0625
59.38147,0.0883
59.39159,0.0993
59.40171,0.0887
59.41176,0.066
59.42175,0.0423
59.43174,0.0203
59.44172,0.0034
59.45171,-0.0049
59.4617,-0.0258
59.47168,-0.05
59.48167,-0.0827
59.49166,-0.0979
59.50165,-0.083
59.51163,-0.0812
59.52162,-0.0835
59.53161,-0.0786
59.54155,-0.0652
59.55148,-0.0635
59.56141,-0.0306
59.57135,-0.0031
59.58128,0.0021
59.59121,-0.0234
59.60115,-0.0483
59.61108,-0.0686
59.62101,-0.0945
59.63094,-0.1178
59.64088,-0.1467
59.65081,-0.1515
59.66077,-0.1353
59.67075,-0.1211
59.68073,-0.0997
59.69072,-0.0835
59.7007,-0.0597
59.71068,-0.0318
59.72066,-0.0095
59.73064,0.0414
59.74063,0.0541
59.75061,0.094
59.76059,0.1226
59.77057,0.1207
59.78056,0.1018
59.79056,0.0884
59.80057,0.0974
59.81057,0.0985
59.82058,0.1051
59.83059,0.1132
59.84059,0.1267
59.85059,0.1522
59.8606,0.1601
59.87061,0.1793
59.88061,0.1972
59.89062,0.2162
59.90062,0.2251
59.91098,0.2352
59.92168,0.2404
59.93238,0.2486
59.94309,0.2301
59.95379,0.2089
59.96449,0.1829
59.97519,0.1629
59.98589,0.1398
59.99659,0.1238
60.00729,0.0547
60.01799,0.0648
60.0287,0.0871
60.0394,0.1173
60.0487,0.1485
60.05801,0.1803
60.06731,0.1901
60.07661,0.229
60.08592,0.2843
60.09522,0.3448
60.10453,0.3822
60.11383,0.3994
60.12313,0.3944
60.13244,0.392
60.14174,0.4163
60.15105,0.4216
60.1607,0.41
60.17069,0.3654
60.18068,0.3504
60.19067,0.372
60.20066,0.3857
60.21065,0.3985
60.22064,0.4143
60.23063,0.4449
60.24062,0.4684
60.25061,0.498
60.2606,0.5247
60.27059,0.6126
60.28058,0.6912
60.29057,0.6839
60.30054,0.6953
60.31052,0.6727
60.3205,0.6515
60.33047,0.6201
60.34045,0.5824
60.35043,0.6468
60.3604,0.7077
60.37038,0.7703
60.38036,0.7349
60.39034,0.677
60.40031,0.4545
60.41038,0.4317
60.42055,0.5153
60.43071,0.7035
60.44088,0.8812
60.45105,0.754
60.46122,0.5037
60.47138,0.4941
60.48155,0.4563
60.49171,0.3689
60.50188,0.3607
60.51205,0.4207
60.52221,0.4664
60.53238,0.4785
60.54235,0.3818
60.55232,0.217
60.56229,0.0327
60.57225,-0.1568
60.58222,-0.2778
60.59219,-0.332
60.60216,-0.3507
60.61213,-0.3626
60.62209,-0.3523
60.63206,-0.3579
60.64203,-0.3828
60.652,-0.4194
60.66194,-0.4668
60.67187,-0.4928
60.68179,-0.5112
60.69172,-0.5215
60.70164,-0.5274
60.71156,-0.5611
60.72149,-0.5442
60.73141,-0.5329
60.74133,-0.4851
60.75126,-0.4659
60.76118,-0.4067
60.7711,-0.3324
60.78102,-0.3213
60.79105,-0.2471
60.80107,-0.2183
60.81109,-0.1776
60.82111,-0.1494
60.83113,-0.1183
60.84115,-0.0691
60.85117,0.0209
60.86119,0.0911
60.87122,0.1328
60.88124,0.1687
60.89126,0.1696
60.90128,0.1978
60.91128,0.2082
60.92125,0.2484
60.93122,0.323
60.94119,0.3526
60.95116,0.3817
60.96114,0.3951
60.97111,0.4066
60.98108,0.4215
60.99105,0.4081
61.00102,0.4282
61.01099,0.4951
61.02096,0.4673
61.03093,0.4996
61.04097,0.541
61.051,0.6188
61.06104,0.7102
61.07107,0.7605
61.0811,0.7677
61.09114,0.7786
61.10117,0.8044
61.1112,0.813
61.12124,0.8367
61.13127,0.8521
61.1413,0.8645
61.15134,0.8739
61.16136,0.8862
61.17136,0.901
61.18135,0.9109
61.19135,0.8982
61.20134,0.8746
61.21134,0.871
61.22134,0.8774
61.23133,0.8771
61.24133,0.8842
61.25132,0.9011
61.26132,0.9168
61.27131,0.9205
61.28131,0.917
61.2913,0.9246
61.30129,0.9283
61.31128,0.93
61.32127,0.9367
61.33126,0.9254
61.34126,0.9272
61.35125,0.9034
61.36124,0.8901
61.37123,0.8857
61.38122,0.8781
61.39121,0.8492
61.4012,0.833
61.4112,0.818
61.4212,0.7896
61.43121,0.7522
61.4412,0.7089
61.45121,0.7009
61.46121,0.7255
61.47121,0.7464
61.48121,0.7919
61.49121,0.8355
61.50121,0.8605
61.51122,0.9014
61.52122,0.9308
61.53122,0.9403
61.54119,0.9473
61.55115,0.9463
61.56111,0.9311
61.57108,0.8988
61.58104,0.8811
61.591,0.861
61.60096,0.8525
61.61092,0.8422
61.62088,0.837
61.63084,0.8265
61.64081,0.8334
61.65077,0.8317
61.6608,0.8322
61.6709,0.8649
61.681,0.912
61.6911,0.9421
61.7012,0.9993
61.7113,1.0136
61.7214,1.0382
61.7315,1.0302
61.7416,0.9553
61.7517,0.8491
61.7618,0.6655
61.7719,0.5607
61.782,0.5172
61.79201,0.4855
61.80202,0.5818
61.81203,0.6756
61.82203,0.7613
61.83204,0.829
61.84205,0.8498
61.85206,0.8459
61.86207,0.8664
61.87207,0.896
61.88208,0.9177
61.89209,0.8808
61.9021,0.8501
61.91209,0.8442
61.92204,0.8519
61.932,0.8677
61.94196,0.896
61.95192,0.929
61.96188,0.9758
61.97184,1.0218
61.9818,1.0498
61.99176,1.0643
62.00171,1.1076
62.01167,1.1376
62.02163,1.1741
62.03159,1.2359
62.04162,1.2884
62.05164,1.3348
62.06167,1.3647
62.0717,1.3869
62.08173,1.4061
62.09175,1.4305
62.10178,1.4088
62.11181,1.3732
62.12184,1.3571
62.13186,1.3008
62.14189,1.2383
62.15192,1.1573
62.16194,1.081
62.17194,0.9897
62.18195,0.8822
62.19195,0.8141
62.20195,0.7508
62.21196,0.6873
62.22196,0.643
62.23196,0.5993
62.24197,0.5711
62.25197,0.54
62.26197,0.5061
62.27198,0.5084
62.28198,0.5178
62.292,0.4907
62.30202,0.4535
62.31203,0.3976
62.32204,0.3649
62.33206,0.3467
62.34208,0.3521
62.35209,0.3594
62.3621,0.375
62.37212,0.4262
62.38213,0.489
62.39215,0.5134
62.40216,0.5148
62.41217,0.5438
62.42213,0.5593
62.4321,0.5689
62.44207,0.5509
62.45203,0.5341
62.462,0.5126
62.47197,0.5405
62.48193,0.5643
62.4919,0.5744
62.50187,0.556
62.51183,0.5754
62.5218,0.5728
62.53176,0.5971
62.54173,0.6041
62.5517,0.6139
62.56166,0.622
62.57163,0.6398
62.5816,0.6672
62.59156,0.6771
62.60152,0.683
62.61149,0.6833
62.62146,0.6597
62.63142,0.6365
62.64139,0.6408
62.65136,0.6477
62.66136,0.6812
62.67138,0.688
62.6814,0.6654
62.69142,0.6348
62.70144,0.5903
62.71146,0.5433
62.72148,0.5489
62.7315,0.5724
62.74152,0.6261
62.75154,0.5191
62.76156,0.4674
62.77158,0.4465
62.7816,0.4323
62.79169,0.5195
62.80179,0.5846
62.81188,0.6289
62.82198,0.6904
62.83207,0.7177
62.84216,0.7096
62.85225,0.6937
62.86235,0.7111
62.87244,0.7583
62.88253,0.869
62.89262,0.9875
62.90272,1.0739
62.91279,1.1385
62.9228,1.2282
62.93281,1.3284
62.94282,1.426
62.95283,1.5076
62.96284,1.6186
62.97285,1.7324
62.98286,1.7791
62.99287,1.7075
63.00288,1.6609
63.0129,1.5868
63.02291,1.5761
63.03292,1.437
63.04291,1.4535
63.05289,1.6856
63.06287,1.8631
63.07285,2.0561
63.08282,2.188
63.0928,2.2013
63.10278,2.1693
63.11276,2.0655
63.12274,1.8652
63.13272,1.6403
63.1427,1.4204
63.15268,1.226
63.16266,1.0745
63.17266,0.9737
63.18265,0.8824
63.19264,0.8109
63.20263,0.7525
63.21263,0.6833
63.22262,0.6282
63.23261,0.5637
63.24261,0.5046
63.2526,0.4512
63.26259,0.4004
63.27258,0.3771
63.28258,0.3307
63.2926,0.2991
63.3026,0.2865
63.31261,0.2906
63.32261,0.3208
63.33261,0.3719
63.34262,0.361
63.35262,0.3327
63.36262,0.3218
63.37262,0.3363
63.38263,0.3594
63.39263,0.3818
63.40263,0.3808
63.41264,0.3806
63.42263,0.3966
63.43263,0.4264
63.44262,0.4529
63.45262,0.4718
63.46261,0.4968
63.47261,0.5316
63.4826,0.5801
63.4926,0.5961
63.50259,0.5993
63.51259,0.5929
63.52258,0.5887
63.53258,0.5687
63.54258,0.5616
63.55258,0.5692
63.56258,0.5676
63.57258,0.5585
63.58258,0.5549
63.59258,0.5397
63.60258,0.5436
63.61258,0.5432
63.62258,0.5385
63.63258,0.5315
63.64258,0.5168
63.65258,0.5069
63.66261,0.4991
63.67263,0.4943
63.68265,0.4898
63.69268,0.483
63.7027,0.495
63.71272,0.4985
63.72274,0.502
63.73276,0.4915
63.74278,0.4915
63.7528,0.4978
63.76283,0.4845
63.77285,0.4541
63.78287,0.4134
63.79288,0.3828
63.80289,0.3479
63.81289,0.3307
63.8229,0.3337
63.8329,0.333
63.8429,0.3485
63.8529,0.3499
63.8629,0.3556
63.87291,0.3652
63.88291,0.3843
63.89291,0.3991
63.90292,0.4172
63.9129,0.4042
63.92286,0.4591
63.93282,0.4978
63.94278,0.5352
63.95274,0.5279
63.9627,0.5336
63.97265,0.5655
63.98261,0.6106
63.99257,0.6381
64.00253,0.6845
64.01249,0.7462
64.02245,0.7847
64.03241,0.8335
64.04247,0.7793
64.05253,0.8638
64.06259,0.5797
64.07265,0.4415
64.08271,0.6012
64.09277,0.5897
64.10282,0.6423
64.11288,0.9871
64.12294,1.2223
64.133,0.9263
64.14306,1.1726
64.15312,1.1886
64.16315,1.2628
64.17316,1.2525
64.18315,1.1668
64.19315,0.9746
64.20316,0.7375
64.21315,0.5444
64.22315,0.4019
64.23315,0.2972
64.24315,0.2268
64.25315,0.1814
64.26315,0.1532
64.27315,0.1264
64.28315,0.1267
64.29314,0.1222
64.30312,0.1377
64.31311,0.1469
64.3231,0.1569
64.33308,0.1601
64.34306,0.173
64.35305,0.1625
64.36304,0.1331
64.37302,0.1218
64.383,0.1079
64.39299,0.0973
64.40298,0.1209
64.41299,0.144
64.42298,0.1679
64.43298,0.1887
64.44298,0.2206
64.45297,0.2194
64.46297,0.2283
64.47297,0.2457
64.48296,0.2717
64.49297,0.2997
64.50296,0.3208
64.51295,0.3302
64.52296,0.357
64.53295,0.3733
64.54295,0.3541
64.55294,0.3674
64.56293,0.3759
64.57293,0.3681
64.58292,0.3558
64.59291,0.3548
64.60291,0.3241
64.6129,0.2721
64.62289,0.2954
64.63289,0.315
64.64288,0.334
64.65288,0.3152
64.6629,0.2829
64.67291,0.255
64.68294,0.2379
64.69296,0.2316
64.70298,0.2227
64.713,0.224
64.72302,0.227
64.73304,0.2171
64.74306,0.203
64.75308,0.2185
64.76311,0.2228
64.77312,0.2168
64.78315,0.2258
64.79312,0.2611
64.8031,0.2758
64.81307,0.2882
64.82305,0.3099
64.83302,0.3343
64.843,0.3844
64.85298,0.3697
64.86295,0.3867
64.87293,0.3852
64.8829,0.4138
64.89288,0.4223
64.90285,0.4224
64.91286,0.4699
64.92287,0.4769
64.93288,0.4728
64.94289,0.4562
64.9529,0.478
64.96291,0.5002
64.97292,0.5094
64.98294,0.5195
64.99295,0.523
65.00296,0.5568
65.01297,0.605
65.02299,0.622
65.033,0.6124
65.04302,0.5824
65.05303,0.5245
65.06305,0.4513
65.07307,0.3707
65.08308,0.2667
65.09309,0.1647
65.10311,0.0666
65.11312,-0.0089
65.12314,-0.0308
65.13315,-0.0211
65.14317,0.0093
65.15318,0.0144
65.16322,0.0076
65.17326,0.0219
65.18331,0.0555
65.19336,0.071
65.20341,0.1613
65.21346,0.2
65.2235,0.2479
65.23355,0.2498
65.2436,0.2755
65.25365,0.2579
65.26369,0.2382
65.27374,0.2426
65.28379,0.274
65.29381,0.2983
65.30383,0.3374
65.31384,0.3465
65.32387,0.3613
65.33389,0.3563
65.3439,0.4002
65.35392,0.4267
65.36394,0.4506
65.37396,0.2372
65.38398,0.271
65.394,-0.2345
65.40401,-0.2819
65.41402,-0.2149
65.42398,-0.0719
65.43394,-0.0749
65.44391,-0.0042
65.45387,0.0109
65.46383,-0.0765
65.47379,-0.1269
65.48375,-0.1443
65.49371,-0.2405
65.50368,-0.2039
65.51364,-0.195
65.5236,-0.2227
65.53356,-0.3298
65.54356,-0.543
65.55357,-0.7249
65.56357,-0.8465
65.57356,-0.9198
65.58356,-0.9824
65.59357,-0.9963
65.60357,-0.9927
65.61357,-0.9636
65.62357,-0.9398
65.63358,-0.9281
65.64358,-0.8973
65.65358,-0.8918
65.66359,-0.8889
65.67361,-0.8623
65.68362,-0.8448
65.69364,-0.8276
65.70366,-0.82
65.71368,-0.8119
65.72369,-0.7968
65.73371,-0.7856
65.74373,-0.8069
65.75375,-0.8277
65.76376,-0.8011
65.77378,-0.7554
65.7838,-0.7042
65.79378,-0.6613
65.80375,-0.6265
65.81372,-0.5991
65.82369,-0.5709
65.83366,-0.5366
65.84364,-0.4971
65.85361,-0.4837
65.86358,-0.452
65.87355,-0.4271
65.88352,-0.4041
65.89349,-0.4006
65.90347,-0.3803
65.91346,-0.351
65.92345,-0.3242
65.93346,-0.2967
65.94346,-0.2842
65.95345,-0.2651
65.96346,-0.2511
65.97345,-0.2413
65.98345,-0.2134
65.99345,-0.1616
66.00345,-0.1155
66.01345,-0.0603
66.02345,-0.0257
66.03345,-0.0089
66.04348,0.0015
66.0535,0.0133
66.06354,0.0173
66.07357,-0.0003
66.0836,0.0086
66.09363,0.0062
66.10366,0.0303
66.11369,0.0569
66.12372,0.0694
66.13374,0.0846
66.14378,0.0901
66.15381,0.0979
66.1638,0.1177
66.17376,0.1065
66.18372,0.0952
66.19368,0.0728
66.20364,0.0687
66.21359,0.0626
66.22356,0.0509
66.23351,0.0546
66.24347,0.0379
66.25343,0.0082
66.26339,-0.0261
66.27335,-0.0327
66.2833,0.0279
66.29341,0.0725
66.30352,0.0894
66.31363,0.1076
66.32374,0.1238
66.33385,0.1248
66.34396,0.1053
66.35406,0.0927
66.36417,0.0746
66.37428,0.0544
66.38439,0.0253
66.3945,-0.0091
66.40461,-0.0391
66.41467,-0.0538
66.42467,-0.0565
66.43467,-0.034
66.44467,-0.0114
66.45467,-0.0029
66.46467,0.0024
66.47467,0.016
66.48467,0.009
66.49467,0.0178
66.50468,0.0121
66.51467,0.0108
66.52467,0.0148
66.53468,0.0144
66.54467,0.0018
66.55466,-0.0019
66.56464,0.0015
66.57463,0.0232
66.58462,0.0512
66.5946,0.0754
66.60459,0.0542
66.61458,-0.1158
66.62457,-0.1438
66.63455,0.0158
66.64454,0.1632
66.65453,0.2325
66.66452,0.3432
66.67452,0.0728
66.68453,0.2007
66.69453,0.2447
66.70454,0.3183
66.71455,0.3638
66.72456,0.3946
66.73457,0.3915
66.74458,0.3986
66.75458,0.417
66.76459,0.3986
66.77459,0.3852
66.7846,0.3997
66.79461,0.443
66.80462,0.4962
66.81462,0.5405
66.82462,0.5804
66.83463,0.6179
66.84464,0.6366
66.85464,0.6795
66.86464,0.6945
66.87465,0.6847
66.88465,0.6809
66.89465,0.6945
66.90466,0.7269
66.91469,0.7444
66.92474,0.7869
66.93479,0.8144
66.94484,0.8474
66.9549,0.8884
66.96494,0.903
66.97499,0.904
66.98504,0.922
66.99509,0.9977
67.00514,1.0614
67.01519,1.1206
67.02525,1.1924
67.03529,1.2758
67.04523,1.3697
67.05516,1.4034
67.06509,1.3594
67.07502,1.2841
67.08495,1.1952
67.09487,1.1723
67.1048,1.2177
67.11473,1.2547
67.12466,1.2637
67.13459,1.2657
67.14452,1.2624
67.15444,1.2673
67.1644,1.2224
67.17439,1.1218
67.18439,0.9574
67.19439,0.7561
67.20438,0.5589
67.21438,0.3634
67.22438,0.1957
67.23438,0.0478
67.24437,-0.0953
67.25436,-0.2064
67.26437,-0.3023
67.27436,-0.3695
67.28436,-0.4111
67.29436,-0.4248
67.30437,-0.4125
67.31438,-0.3994
67.32439,-0.3857
67.3344,-0.3657
67.3444,-0.3372
67.35441,-0.3135
67.36442,-0.2904
67.37442,-0.2916
67.38443,-0.2962
67.39444,-0.2975
67.40444,-0.2777
67.41449,-0.2647
67.42456,-0.2309
67.43464,-0.1954
67.44471,-0.1445
67.45479,-0.1006
67.46486,-0.0902
67.47493,-0.0121
67.48501,0.2189
67.49508,0.7635
67.50516,1.268
67.51523,1.5705
67.52531,1.7541
67.53538,1.7814
67.54538,1.6899
67.55537,1.4423
67.56537,1.1253
67.57537,0.8521
67.58537,0.7057
67.59536,0.7307
67.60535,0.937
67.61536,1.2335
67.62535,1.5024
67.63535,1.6553
67.64535,1.7542
67.65534,1.8363
67.66534,1.8465
67.67534,1.8323
67.68533,1.851
67.69534,1.893
67.70533,1.9472
67.71532,1.9308
67.72532,1.9027
67.73531,1.8011
67.74531,1.6719
67.75531,1.5847
67.7653,1.4978
67.7753,1.3545
67.78529,1.1667
67.79529,0.9731
67.80529,0.7677
67.81528,0.5762
67.82528,0.3965
67.83528,0.2415
67.84528,0.1056
67.85528,-0.0037
67.86527,-0.0994
67.87527,-0.1654
67.88527,-0.1818
67.89526,-0.2114
67.90527,-0.2184
67.91527,-0.1855
67.92526,-0.1638
67.93526,-0.1412
67.94524,-0.1054
67.95524,-0.0572
67.96523,-0.0265
67.97523,-0.0202
67.98521,-0.0437
67.99521,-0.0729
68.0052,-0.0792
68.0152,-0.0779
68.02518,-0.0829
68.03518,-0.0914
68.04518,-0.1099
68.05518,-0.1005
68.06519,-0.1059
68.07518,-0.0937
68.08518,-0.0542
68.09518,0.0177
68.10518,0.0782
68.11518,0.0956
68.12518,0.0872
68.13518,0.1031
68.14518,0.1406
68.15518,0.1895
68.16516,0.2315
68.17513,0.3102
68.18508,0.3399
68.19505,0.37
68.205,0.3779
68.21497,0.3747
68.22493,0.3801
68.23489,0.402
68.24485,0.4049
68.25481,0.4288
68.26477,0.4613
68.27473,0.4724
68.28469,0.4998
68.29472,0.5268
68.30475,0.5428
68.31477,0.5883
68.32479,0.6415
68.33482,0.659
68.34484,0.6691
68.35487,0.673
68.36489,0.677
68.37492,0.6646
68.38494,0.6576
68.39497,0.6754
68.40499,0.6905
68.41504,0.6828
68.4251,0.6802
68.43517,0.6785
68.44523,0.6872
68.45529,0.6704
68.46535,0.6574
68.47542,0.6394
68.48548,0.6702
68.49554,0.7187
68.50561,0.7525
68.51567,0.776
68.52573,0.8003
68.5358,0.8227
68.54585,0.8461
68.55589,0.8288
68.56593,0.8045
68.57597,0.7992
68.58601,0.7818
68.59606,0.772
68.6061,0.7669
68.61614,0.7851
68.62619,0.7871
68.63623,0.7937
68.64627,0.8069
68.65632,0.8199
68.66634,0.8351
68.67632,0.8063
68.68631,0.811
68.6963,0.7849
68.70628,0.7983
68.71627,0.8107
68.72626,0.8222
68.73624,0.8128
68.74622,0.8197
68.75621,0.8154
68.7662,0.8088
68.77618,0.8203
68.78617,0.8393
68.79615,0.865
68.80611,0.9129
68.81607,0.915
68.82603,0.8981
68.83599,0.8981
68.84595,0.848
68.85591,0.6504
68.86588,0.5864
68.87584,0.5717
68.8858,0.5682
68.89576,0.5561
68.90572,0.5545
68.91572,0.5757
68.92575,0.5921
68.93579,0.5879
68.94582,0.5709
68.95586,0.5518
68.9659,0.5387
68.97593,0.5257
68.98596,0.5163
68.996,0.5314
69.00603,0.5428
69.01607,0.5498
69.02611,0.5766
69.03614,0.5861
69.04612,0.5911
69.05609,0.5695
69.06606,0.552
69.07603,0.5486
69.08601,0.5407
69.09598,0.5524
69.10595,0.5663
69.11592,0.5804
69.12589,0.5943
69.13586,0.5975
69.14584,0.6024
69.15581,0.5806
69.16581,0.5652
69.17583,0.5442
69.18586,0.5436
69.19588,0.5612
69.20592,0.5781
69.21594,0.5805
69.22597,0.5707
69.23599,0.583
69.24602,0.5937
69.25604,0.5699
69.26608,0.5649
69.2761,0.5809
69.28613,0.5734
69.2961,0.5656
69.30608,0.5623
69.31605,0.5683
69.32602,0.5733
69.33599,0.5779
69.34596,0.5772
69.35593,0.5826
69.36591,0.5897
69.37588,0.5792
69.38585,0.5822
69.39582,0.5866
69.40579,0.5796
69.41577,0.5726
69.42577,0.5517
69.43577,0.5432
69.44577,0.5282
69.45576,0.5139
69.46577,0.5272
69.47577,0.5557
69.48577,0.5675
69.49577,0.5865
69.50577,0.5859
69.51577,0.5811
69.52576,0.57
69.53577,0.5449
69.54577,0.5265
69.55577,0.5292
69.56577,0.5296
69.57577,0.5315
69.58577,0.5259
69.59576,0.5295
69.60577,0.5336
69.61576,0.5377
69.62576,0.5344
69.63577,0.5329
69.64576,0.5347
69.65576,0.5443
69.66584,0.5331
69.67599,0.5498
69.68613,0.5621
69.69627,0.5699
69.70641,0.5585
69.71656,0.5552
69.72671,0.5339
69.73685,0.5317
69.74699,0.5169
69.75713,0.5221
69.76728,0.5318
69.77742,0.5501
69.78757,0.5524
69.79748,0.556
69.80738,0.5511
69.81729,0.5643
69.82719,0.5838
69.8371,0.5662
69.84702,0.5489
69.85692,0.5278
69.86683,0.5206
69.87673,0.5142
69.88664,0.4882
69.89655,0.4953
69.90646,0.5015
69.91641,0.5221
69.92641,0.5406
69.93642,0.547
69.94643,0.5409
69.95644,0.5427
69.96644,0.5273
69.97645,0.5211
69.98645,0.5288
69.99646,0.5338
70.00646,0.5324
70.01647,0.5515
70.02647,0.5579
70.03648,0.5694
70.04648,0.5669
70.05647,0.5522
70.06646,0.5306
70.07645,0.5248
70.08644,0.5248
70.09644,0.5291
70.10642,0.5245
70.11641,0.533
70.1264,0.5445
70.13639,0.5475
70.14639,0.5469
70.15637,0.5412
70.16638,0.5374
70.17638,0.5336
70.18639,0.5194
70.19639,0.5217
70.20639,0.5202
70.2164,0.5201
70.2264,0.5401
70.2364,0.5521
70.24641,0.5562
70.25641,0.5479
70.26642,0.5483
70.27642,0.5435
70.28642,0.5487
70.29649,0.5479
70.30656,0.5468
70.31663,0.5558
70.32669,0.5565
70.33676,0.5523
70.34683,0.5434
70.3569,0.5331
70.36697,0.5284
70.37704,0.5217
70.38711,0.5191
70.39717,0.5291
70.40724,0.5167
70.41724,0.5202
70.42713,0.5249
70.43703,0.5425
70.44693,0.5528
70.45683,0.5587
70.46672,0.5608
70.47662,0.5622
70.48652,0.5496
70.49641,0.5286
70.50631,0.5155
70.5162,0.512
70.52611,0.5145
70.536,0.5137
70.546,0.5309
70.55599,0.5458
70.56599,0.5584
70.57599,0.5603
70.58599,0.5553
70.59599,0.5363
70.60599,0.5243
70.61598,0.5145
70.62598,0.5271
70.63598,0.5246
70.64597,0.52
70.65598,0.5267
70.66597,0.5207
70.67596,0.5275
70.68595,0.5225
70.69595,0.5177
70.70594,0.52
70.71593,0.5165
70.72592,0.5231
70.73592,0.5304
70.7459,0.5339
70.7559,0.5295
70.76589,0.5336
70.77588,0.5202
70.78587,0.5228
70.796,0.5132
70.80611,0.5063
70.81622,0.5196
70.82633,0.5131
70.83645,0.5333
70.84656,0.5455
70.85667,0.5413
70.86678,0.535
70.87689,0.5378
70.88701,0.5296
70.89712,0.529
70.90723,0.5359
70.91729,0.5395
70.92728,0.5512
70.93729,0.5581
70.94728,0.5379
70.95728,0.5383
70.96729,0.5346
70.97728,0.542
70.98728,0.5477
70.99728,0.5512
71.00728,0.549
71.01728,0.5408
71.02728,0.5388
71.03728,0.5372
71.04727,0.531
71.05726,0.5305
71.06725,0.5329
71.07724,0.5338
71.08723,0.5473
71.09723,0.5526
71.10722,0.5509
71.11721,0.5485
71.1272,0.5347
71.13719,0.5329
71.14719,0.5249
71.15717,0.5359
71.16717,0.55
71.17717,0.5513
71.18716,0.5443
71.19717,0.5254
71.20717,0.5172
71.21716,0.5437
71.22717,0.5365
71.23716,0.5308
71.24716,0.5399
71.25716,0.5412
71.26716,0.5317
71.27715,0.5287
71.28716,0.529
71.29716,0.5363
71.30717,0.5405
71.31717,0.5409
71.32717,0.5385
71.33717,0.5462
71.34718,0.5431
71.35719,0.5349
71.36719,0.5316
71.37719,0.5164
71.38719,0.5129
71.39719,0.522
71.4072,0.5215
71.41718,0.5251
71.42715,0.5219
71.43713,0.5174
71.44709,0.5136
71.45706,0.5071
71.46703,0.5213
71.477,0.5182
71.48696,0.5329
71.49693,0.5273
71.5069,0.5156
71.51687,0.5078
71.52683,0.5099
71.5368,0.5
71.54684,0.509
71.55688,0.5194
71.56693,0.5246
71.57697,0.5252
71.58701,0.5255
71.59705,0.5234
71.60709,0.5196
71.61713,0.5091
71.62717,0.51
71.63721,0.4991
71.64725,0.5038
71.6573,0.5063
