time_s,measured_value
0.01001,-0.3879
0.02003,-0.3857
0.03004,-0.3954
0.04005,-0.3884
0.05006,-0.396
0.06008,-0.4022
0.07009,-0.4093
0.0801,-0.4146
0.09011,-0.4025
0.10013,-0.4151
0.11014,-0.4081
0.12015,-0.4169
0.13016,-0.4165
0.14015,-0.4065
0.15015,-0.4041
0.16015,-0.3943
0.17014,-0.3865
0.18014,-0.391
0.19014,-0.4027
0.20013,-0.4072
0.21013,-0.405
0.22013,-0.3962
0.23012,-0.4066
0.24012,-0.4059
0.25011,-0.4024
0.26008,-0.3988
0.27004,-0.3961
0.28001,-0.3945
0.28997,-0.4001
0.29994,-0.4026
0.3099,-0.396
0.31986,-0.3977
0.32983,-0.4028
0.33979,-0.4117
0.34976,-0.413
0.35972,-0.4091
0.36968,-0.4161
0.37968,-0.4121
0.38971,-0.4049
0.39973,-0.4008
0.40976,-0.3994
0.41978,-0.3905
0.42981,-0.3982
0.43983,-0.3927
0.44986,-0.397
0.45988,-0.4012
0.46991,-0.4066
0.47993,-0.4011
0.48996,-0.4036
0.49998,-0.4013
0.50997,-0.4043
0.51995,-0.4088
0.52993,-0.4047
0.53991,-0.4076
0.5499,-0.3975
0.55988,-0.3971
0.56986,-0.4016
0.57985,-0.4022
0.58983,-0.3922
0.59981,-0.3996
0.60979,-0.3978
0.61978,-0.3944
0.62978,-0.3964
0.63979,-0.403
0.64981,-0.4098
0.65982,-0.4048
0.66984,-0.4081
0.67985,-0.3991
0.68987,-0.4038
0.69988,-0.3932
0.7099,-0.3969
0.71991,-0.401
0.72993,-0.3995
0.73994,-0.3978
0.74996,-0.4112
0.75996,-0.4018
0.76996,-0.4047
0.77996,-0.4048
0.78995,-0.4063
0.79995,-0.4045
0.80995,-0.3946
0.81994,-0.3938
0.82994,-0.3944
0.83994,-0.3923
0.84994,-0.3988
0.85993,-0.402
0.86993,-0.4053
0.87993,-0.4089
0.88989,-0.4029
0.89986,-0.4055
0.90982,-0.4014
0.91978,-0.4076
0.92975,-0.4013
0.93971,-0.403
0.94967,-0.3957
0.95964,-0.3984
0.9696,-0.4026
0.97956,-0.3983
0.98953,-0.3954
0.99949,-0.3973
1.00948,-0.3989
1.01947,-0.4002
1.02945,-0.4035
1.03944,-0.4021
1.04943,-0.4003
1.05941,-0.395
1.0694,-0.3982
1.07939,-0.3988
1.08937,-0.404
1.09936,-0.4015
1.10935,-0.4078
1.11933,-0.404
1.12937,-0.3989
1.13946,-0.4042
1.14955,-0.3973
1.15963,-0.4024
1.16972,-0.4053
1.17981,-0.4004
1.18989,-0.3996
1.19998,-0.4021
1.21007,-0.3994
1.22016,-0.3902
1.23024,-0.3931
1.24033,-0.3955
1.25042,-0.3948
1.26041,-0.392
1.27041,-0.3945
1.2804,-0.3947
1.2904,-0.399
1.30039,-0.4056
1.31039,-0.4042
1.32038,-0.4088
1.33038,-0.4008
1.34037,-0.4006
1.35037,-0.4005
1.36036,-0.403
1.37036,-0.3999
1.38037,-0.4001
1.3904,-0.4034
1.40042,-0.4051
1.41045,-0.4124
1.42047,-0.4086
1.4305,-0.4109
1.44053,-0.4016
1.45055,-0.4002
1.46058,-0.3971
1.4706,-0.3913
1.48063,-0.3968
1.49065,-0.3963
1.50068,-0.3997
1.51066,-0.4058
1.52064,-0.4133
1.53062,-0.4122
1.5406,-0.411
1.55058,-0.4063
1.56056,-0.4001
1.57053,-0.4028
1.58051,-0.3934
1.59049,-0.3976
1.60047,-0.4049
1.61045,-0.4039
1.62043,-0.3985
1.63042,-0.4044
1.64043,-0.4026
1.65043,-0.4071
1.66044,-0.3965
1.67044,-0.4075
1.68044,-0.3987
1.69045,-0.3988
1.70045,-0.3943
1.71046,-0.3955
1.72046,-0.3991
1.73047,-0.4046
1.74047,-0.4034
1.75047,-0.4053
1.76045,-0.4025
1.77043,-0.4015
1.78041,-0.4037
1.79039,-0.4021
1.80037,-0.4022
1.81035,-0.3931
1.82033,-0.4045
1.83031,-0.4056
1.84029,-0.4002
1.85026,-0.3948
1.86024,-0.3969
1.87022,-0.4027
1.88021,-0.4038
1.89021,-0.3945
1.9002,-0.4092
1.91019,-0.3981
1.92019,-0.4078
1.93018,-0.4075
1.94018,-0.4004
1.95017,-0.4101
1.96017,-0.4096
1.97016,-0.416
1.98016,-0.4141
1.99015,-0.4096
2.00015,-0.4005
2.01015,-0.4046
2.02015,-0.3946
2.03015,-0.3949
2.04014,-0.3978
2.05014,-0.4014
2.06014,-0.4055
2.07014,-0.4047
2.08014,-0.4065
2.09014,-0.4078
2.10014,-0.4132
2.11014,-0.4043
2.12013,-0.398
2.1302,-0.3992
2.1403,-0.3956
2.15041,-0.4029
2.16051,-0.4037
2.17061,-0.4049
2.18071,-0.4048
2.19082,-0.4078
2.20092,-0.4055
2.21102,-0.4032
2.22112,-0.4035
2.23122,-0.4055
2.24133,-0.407
2.25143,-0.4093
2.2614,-0.411
2.27137,-0.4119
2.28134,-0.4062
2.2913,-0.4018
2.30127,-0.4002
2.31124,-0.3984
2.32121,-0.4004
2.33117,-0.4047
2.34114,-0.4227
2.35111,-0.4261
2.36108,-0.4161
2.37105,-0.4154
2.38108,-0.4055
2.39118,-0.4063
2.40128,-0.403
2.41138,-0.4045
2.42148,-0.4099
2.43158,-0.4095
2.44168,-0.4038
2.45178,-0.4074
2.46188,-0.4058
2.47198,-0.3957
2.48208,-0.4032
2.49218,-0.4092
2.50228,-0.4088
2.51221,-0.4103
2.52215,-0.4133
2.53208,-0.4201
2.54201,-0.4153
2.55194,-0.41
2.56187,-0.3997
2.57181,-0.4091
2.58174,-0.4064
2.59167,-0.4028
2.6016,-0.4107
2.61154,-0.3952
2.62147,-0.4077
2.63143,-0.4075
2.64142,-0.4187
2.65141,-0.4118
2.6614,-0.4036
2.67139,-0.4001
2.68138,-0.4006
2.69136,-0.4069
2.70135,-0.3995
2.71134,-0.406
2.72133,-0.4038
2.73132,-0.4027
2.74131,-0.4122
2.7513,-0.4053
2.76133,-0.4114
2.77135,-0.4117
2.78138,-0.4109
2.7914,-0.4158
2.80143,-0.4115
2.81146,-0.4066
2.82148,-0.4078
2.83151,-0.4085
2.84153,-0.4107
2.85156,-0.4108
2.86158,-0.4085
2.87161,-0.4145
2.88159,-0.4109
2.89152,-0.4054
2.90144,-0.4077
2.91137,-0.4116
2.9213,-0.4157
2.93122,-0.4118
2.94115,-0.4106
2.95108,-0.409
2.961,-0.4011
2.97093,-0.4094
2.98086,-0.4109
2.99078,-0.4147
3.00071,-0.4151
3.01071,-0.4177
3.02072,-0.4131
3.03072,-0.406
3.04072,-0.4073
3.05072,-0.4061
3.06072,-0.4059
3.07072,-0.4086
3.08072,-0.4104
3.09072,-0.4131
3.10072,-0.4137
3.11072,-0.4047
3.12072,-0.4051
3.13072,-0.4114
3.14072,-0.4131
3.15071,-0.4107
3.1607,-0.4073
3.17069,-0.4104
3.18068,-0.412
3.19068,-0.41
3.20067,-0.415
3.21066,-0.4045
3.22065,-0.4092
3.23065,-0.4056
3.24064,-0.4144
3.25063,-0.4129
3.26071,-0.4075
3.27079,-0.4069
3.28086,-0.4166
3.29094,-0.4105
3.30102,-0.4085
3.31109,-0.4107
3.32117,-0.4107
3.33124,-0.41
3.34132,-0.4134
3.35139,-0.4106
3.36147,-0.408
3.37155,-0.4119
3.38162,-0.4067
3.39168,-0.4149
3.40174,-0.4158
3.4118,-0.4143
3.42186,-0.424
3.43192,-0.4259
3.44198,-0.4229
3.45204,-0.416
3.46211,-0.407
3.47217,-0.4043
3.48223,-0.4101
3.49229,-0.4169
3.50235,-0.4219
3.51233,-0.4183
3.5223,-0.4179
3.53228,-0.4129
3.54225,-0.4113
3.55223,-0.4009
3.5622,-0.404
3.57217,-0.4116
3.58215,-0.4148
3.59212,-0.4158
3.6021,-0.4256
3.61207,-0.4235
3.62205,-0.4207
3.63206,-0.4123
3.6421,-0.4122
3.65214,-0.416
3.66219,-0.4216
3.67223,-0.4158
3.68227,-0.4182
3.69232,-0.4078
3.70236,-0.4096
3.7124,-0.4143
3.72244,-0.4167
3.73249,-0.4219
3.74253,-0.4203
3.75257,-0.4214
3.7625,-0.4134
3.77242,-0.419
3.78234,-0.4123
3.79226,-0.4088
3.80218,-0.4125
3.8121,-0.4146
3.82202,-0.4173
3.83194,-0.4152
3.84186,-0.4159
3.85178,-0.4103
3.8617,-0.4152
3.87162,-0.4124
3.88162,-0.4122
3.8917,-0.4194
3.90178,-0.42
3.91186,-0.4135
3.92194,-0.4181
3.93202,-0.4173
3.9421,-0.4187
3.95218,-0.4207
3.96226,-0.412
3.97233,-0.4115
3.98241,-0.4162
3.99249,-0.4193
4.00257,-0.417
4.01253,-0.4161
4.02249,-0.4211
4.03245,-0.4258
4.04241,-0.4333
4.05237,-0.4212
4.06233,-0.4181
4.07229,-0.4096
4.08225,-0.4099
4.09221,-0.413
4.10217,-0.4125
4.11213,-0.4091
4.12209,-0.4146
4.13204,-0.4174
4.142,-0.4206
4.15195,-0.4249
4.1619,-0.4157
4.17185,-0.4143
4.18181,-0.4214
4.19176,-0.4198
4.20171,-0.4132
4.21167,-0.4144
4.22162,-0.41
4.23157,-0.4052
4.24153,-0.4201
4.25148,-0.4139
4.26151,-0.4306
4.27154,-0.4203
4.28158,-0.4258
4.29161,-0.4184
4.30164,-0.4166
4.31167,-0.4151
4.3217,-0.4119
4.33174,-0.413
4.34177,-0.4152
4.3518,-0.4172
4.36183,-0.4111
4.37186,-0.4159
4.38187,-0.4167
4.39185,-0.422
4.40182,-0.4155
4.4118,-0.42
4.42178,-0.4241
4.43176,-0.4248
4.44174,-0.4214
4.45171,-0.4251
4.46169,-0.4189
4.47167,-0.4052
4.48165,-0.4077
4.49162,-0.4132
4.5016,-0.4222
4.51168,-0.4237
4.52175,-0.4239
4.53183,-0.4206
4.5419,-0.4213
4.55198,-0.4173
4.56205,-0.4118
4.57213,-0.4098
4.5822,-0.4054
4.59227,-0.4136
4.60235,-0.4078
4.61242,-0.405
4.6225,-0.411
4.63255,-0.4094
4.64257,-0.414
4.65259,-0.4186
4.66262,-0.4232
4.67264,-0.4286
4.68266,-0.4313
4.69268,-0.4235
4.70271,-0.4213
4.71273,-0.4251
4.72275,-0.4159
4.73277,-0.4185
4.7428,-0.4141
4.75282,-0.4097
4.76288,-0.4083
4.77294,-0.4142
4.783,-0.4105
4.79306,-0.4157
4.80312,-0.4207
4.81318,-0.4174
4.82324,-0.4182
4.83329,-0.4282
4.84335,-0.4286
4.85341,-0.4284
4.86347,-0.4336
4.87353,-0.4213
4.88354,-0.4192
4.89348,-0.4242
4.90342,-0.4268
4.91336,-0.4247
4.9233,-0.4236
4.93324,-0.4251
4.94319,-0.4243
4.95313,-0.4213
4.96307,-0.4279
4.97301,-0.427
4.98295,-0.4257
4.9929,-0.4225
5.00284,-0.4168
5.01282,-0.4201
5.0228,-0.4192
5.03278,-0.4183
5.04276,-0.4244
5.05274,-0.425
5.06272,-0.4222
5.07271,-0.4131
5.08269,-0.4179
5.09267,-0.4249
5.10265,-0.428
5.11263,-0.4367
5.12261,-0.4459
5.1326,-0.4389
5.1426,-0.4319
5.1526,-0.4256
5.16259,-0.4224
5.17259,-0.4216
5.18259,-0.421
5.19259,-0.4235
5.20258,-0.4205
5.21258,-0.4148
5.22258,-0.4147
5.23258,-0.4214
5.24257,-0.4083
5.25257,-0.4229
5.26254,-0.4258
5.2725,-0.4331
5.28247,-0.4219
5.29243,-0.4183
5.30239,-0.4185
5.31236,-0.4233
5.32232,-0.4224
5.33229,-0.428
5.34225,-0.4281
5.35222,-0.4256
5.36218,-0.423
5.37214,-0.4206
5.38214,-0.4122
5.39216,-0.4167
5.40218,-0.4225
5.41221,-0.4214
5.42223,-0.4185
5.43225,-0.423
5.44227,-0.4228
5.45229,-0.4252
5.46232,-0.4319
5.47234,-0.4271
5.48236,-0.4276
5.49238,-0.4259
5.5024,-0.4144
5.5125,-0.4167
5.52258,-0.4181
5.53267,-0.424
5.54276,-0.4221
5.55285,-0.4224
5.56293,-0.4299
5.57302,-0.4315
5.58311,-0.4267
5.59319,-0.4295
5.60328,-0.4244
5.61337,-0.4253
5.62346,-0.4177
5.63348,-0.4196
5.64344,-0.4274
5.65341,-0.4216
5.66337,-0.4197
5.67333,-0.4236
5.68329,-0.4234
5.69325,-0.4298
5.70321,-0.4307
5.71317,-0.4301
5.72313,-0.4314
5.7331,-0.4387
5.74306,-0.4342
5.75302,-0.4285
5.76305,-0.4252
5.77307,-0.4205
5.7831,-0.4202
5.79312,-0.4197
5.80315,-0.4283
5.81317,-0.4243
5.8232,-0.428
5.83322,-0.43
5.84325,-0.4315
5.85327,-0.4299
5.8633,-0.4337
5.87332,-0.4253
5.88334,-0.4245
5.89335,-0.4192
5.90336,-0.42
5.91337,-0.4175
5.92338,-0.4202
5.93339,-0.4169
5.94339,-0.4287
5.9534,-0.4248
5.96341,-0.4358
5.97342,-0.4263
5.98343,-0.4347
5.99344,-0.4286
6.00344,-0.4343
6.0134,-0.4317
6.02335,-0.4131
6.0333,-0.4117
6.04325,-0.4085
6.0532,-0.4116
6.06315,-0.4142
6.07311,-0.4152
6.08306,-0.4184
6.09301,-0.428
6.10296,-0.4342
6.11291,-0.4281
6.12286,-0.4368
6.13285,-0.4237
6.14288,-0.4268
6.15291,-0.4317
6.16294,-0.4289
6.17296,-0.4293
6.18299,-0.4319
6.19302,-0.4194
6.20305,-0.4191
6.21307,-0.417
6.2231,-0.416
6.23313,-0.4153
6.24316,-0.4195
6.25318,-0.4223
6.26315,-0.4201
6.27312,-0.4234
6.28309,-0.4285
6.29306,-0.4261
6.30303,-0.4232
6.313,-0.4229
6.32297,-0.4262
6.33294,-0.426
6.34291,-0.4362
6.35287,-0.4334
6.36284,-0.4343
6.37281,-0.4312
6.38281,-0.4424
6.39284,-0.4311
6.40286,-0.4292
6.41289,-0.4307
6.42291,-0.4305
6.43294,-0.4225
6.44296,-0.4214
6.45299,-0.4271
6.46301,-0.4168
6.47304,-0.4288
6.48306,-0.4287
6.49309,-0.4336
6.50311,-0.4373
6.51312,-0.4359
6.52312,-0.4393
6.53312,-0.4329
6.54312,-0.4398
6.55313,-0.4298
6.56313,-0.4279
6.57313,-0.4308
6.58313,-0.432
6.59313,-0.4242
6.60313,-0.4391
6.61314,-0.4268
6.62314,-0.4262
6.63318,-0.4291
6.64325,-0.4285
6.65332,-0.4326
6.6634,-0.4343
6.67347,-0.4341
6.68355,-0.4361
6.69362,-0.429
6.70369,-0.4338
6.71377,-0.4288
6.72384,-0.4295
6.73391,-0.4199
6.74399,-0.4272
6.75406,-0.4294
6.76407,-0.4381
6.77407,-0.434
6.78407,-0.4352
6.79407,-0.4326
6.80407,-0.435
6.81408,-0.4327
6.82408,-0.424
6.83408,-0.4297
6.84408,-0.4194
6.85408,-0.4297
6.86408,-0.4306
6.87408,-0.4302
6.88408,-0.4231
6.89405,-0.4305
6.90401,-0.4315
6.91397,-0.4254
6.92393,-0.4397
6.93389,-0.4325
6.94385,-0.4326
6.95381,-0.4363
6.96377,-0.4322
6.97373,-0.4329
6.98369,-0.4251
6.99365,-0.4305
7.00361,-0.4274
7.01372,-0.4327
7.02383,-0.4388
7.03393,-0.4386
7.04403,-0.4306
7.05414,-0.4262
7.06424,-0.433
7.07434,-0.4357
7.08445,-0.4351
7.09455,-0.4358
7.10465,-0.4297
7.11475,-0.4392
7.12486,-0.4342
7.1349,-0.428
7.14489,-0.4359
7.15487,-0.4323
7.16485,-0.4353
7.17484,-0.4395
7.18482,-0.4459
7.19481,-0.4441
7.20479,-0.4417
7.21477,-0.4369
7.22476,-0.4324
7.23474,-0.4252
7.24472,-0.4297
7.25471,-0.4296
7.26468,-0.4359
7.27464,-0.438
7.2846,-0.436
7.29456,-0.4266
7.30451,-0.4365
7.31447,-0.4282
7.32443,-0.4343
7.33439,-0.4388
7.34434,-0.4403
7.3543,-0.4409
7.36426,-0.4397
7.37422,-0.4353
7.38421,-0.4366
7.39421,-0.4336
7.40421,-0.4345
7.4142,-0.4366
7.4242,-0.4348
7.4342,-0.4421
7.44419,-0.4368
7.45419,-0.4328
7.46418,-0.4294
7.47418,-0.4275
7.48418,-0.4267
7.49417,-0.4292
7.50417,-0.4325
7.51421,-0.4293
7.52424,-0.4397
7.53428,-0.4351
7.54431,-0.4314
7.55435,-0.4299
7.56438,-0.436
7.57442,-0.4309
7.58445,-0.4323
7.59449,-0.4381
7.60453,-0.4369
7.61456,-0.4374
7.6246,-0.4401
7.63457,-0.4376
7.64448,-0.4335
7.65438,-0.4219
7.66428,-0.4258
7.67418,-0.4349
7.68408,-0.4325
7.69398,-0.4341
7.70388,-0.4361
7.71378,-0.4292
7.72368,-0.4361
7.73358,-0.4309
7.74348,-0.4317
7.75339,-0.4265
7.76354,-0.4313
7.77368,-0.4291
7.78381,-0.4383
7.79394,-0.44
7.80408,-0.4452
7.81421,-0.4385
7.82435,-0.4385
7.83448,-0.4339
7.84461,-0.4367
7.85475,-0.4407
7.86488,-0.4333
7.87502,-0.4292
7.88507,-0.4332
7.89499,-0.4269
7.90492,-0.429
7.91485,-0.4452
7.92478,-0.4449
7.93471,-0.4455
7.94464,-0.4389
7.95457,-0.4412
7.96449,-0.4359
7.97442,-0.4419
7.98435,-0.4319
7.99428,-0.4335
8.00421,-0.4279
8.01429,-0.4347
8.02437,-0.4354
8.03445,-0.4359
8.04452,-0.4419
8.0546,-0.448
8.06468,-0.4435
8.07476,-0.4422
8.08483,-0.4354
8.09491,-0.4299
8.10499,-0.4266
8.11507,-0.419
8.12514,-0.4255
8.13517,-0.4308
8.14513,-0.4292
8.15509,-0.4364
8.16506,-0.4303
8.17502,-0.4281
8.18498,-0.4244
8.19494,-0.4238
8.20491,-0.4335
8.21487,-0.4339
8.22483,-0.443
8.23479,-0.4393
8.24476,-0.432
8.25472,-0.4299
8.2647,-0.4344
8.27468,-0.4291
8.28466,-0.4358
8.29464,-0.4383
8.30462,-0.4324
8.3146,-0.4344
8.32458,-0.4364
8.33456,-0.4251
8.34454,-0.4355
8.35452,-0.4333
8.3645,-0.4283
8.37448,-0.4326
8.38447,-0.4341
8.39446,-0.4348
8.40446,-0.4318
8.41445,-0.4319
8.42445,-0.4356
8.43444,-0.4325
8.44444,-0.4439
8.45443,-0.4404
8.46443,-0.4357
8.47442,-0.4259
8.48442,-0.4326
8.49441,-0.423
8.50441,-0.4377
8.51444,-0.4408
8.52448,-0.4427
8.53451,-0.4433
8.54455,-0.4476
8.55458,-0.4328
8.56462,-0.445
8.57465,-0.4411
8.58469,-0.4392
8.59472,-0.4455
8.60476,-0.4433
8.61479,-0.4436
8.62483,-0.4364
8.63483,-0.4395
8.64481,-0.4367
8.65478,-0.4399
8.66475,-0.4413
8.67473,-0.4439
8.6847,-0.4386
8.69467,-0.4372
8.70464,-0.4348
8.71462,-0.4419
8.72459,-0.4497
8.73456,-0.4403
8.74454,-0.4368
8.75451,-0.4376
8.76451,-0.4412
8.7745,-0.4342
8.78449,-0.4345
8.79449,-0.4356
8.80448,-0.4366
8.81447,-0.4361
8.82447,-0.4438
8.83446,-0.4416
8.84445,-0.4356
8.85445,-0.4334
8.86444,-0.4443
8.87443,-0.4366
8.88446,-0.4343
8.89452,-0.4428
8.90458,-0.4365
8.91464,-0.4338
8.9247,-0.4316
8.93476,-0.4311
8.94482,-0.4316
8.95488,-0.4368
8.96494,-0.4441
8.975,-0.4401
8.98506,-0.4485
8.99512,-0.4515
9.00518,-0.4433
9.01517,-0.4333
9.02515,-0.4354
9.03514,-0.4313
9.04512,-0.4358
9.05511,-0.4375
9.06509,-0.4411
9.07508,-0.4433
9.08506,-0.4521
9.09505,-0.4457
9.10503,-0.4392
9.11502,-0.4385
9.125,-0.4434
9.13502,-0.4408
9.14504,-0.4425
9.15506,-0.4368
9.16507,-0.4361
9.17509,-0.4317
9.18511,-0.4352
9.19512,-0.4283
9.20514,-0.4374
9.21516,-0.4414
9.22517,-0.4457
9.23519,-0.4465
9.24521,-0.4413
9.25523,-0.4334
9.26521,-0.4345
9.27518,-0.4408
9.28515,-0.435
9.29512,-0.4257
9.30509,-0.4348
9.31506,-0.4299
9.32503,-0.4352
9.33499,-0.4304
9.34496,-0.4427
9.35493,-0.4408
9.3649,-0.4364
9.37487,-0.4363
9.38488,-0.4336
9.39492,-0.4377
9.40495,-0.4321
9.41499,-0.4285
9.42503,-0.4336
9.43507,-0.4333
9.44511,-0.4357
9.45515,-0.4403
9.46519,-0.4491
9.47523,-0.4436
9.48527,-0.4405
9.49531,-0.4387
9.50535,-0.4416
9.51533,-0.4375
9.52531,-0.4374
9.5353,-0.4333
9.54528,-0.437
9.55526,-0.4371
9.56524,-0.4423
9.57522,-0.4339
9.5852,-0.4353
9.59518,-0.4288
9.60516,-0.4259
9.61514,-0.4362
9.62512,-0.4347
9.63512,-0.4364
9.64511,-0.4341
9.65511,-0.4348
9.66511,-0.4377
9.6751,-0.4361
9.6851,-0.4373
9.6951,-0.4316
9.70509,-0.4317
9.71509,-0.4416
9.72509,-0.4449
9.73509,-0.4382
9.74508,-0.4323
9.75508,-0.4344
9.76508,-0.4329
9.77509,-0.4425
9.78509,-0.4419
9.79509,-0.4396
9.80509,-0.4396
9.8151,-0.4307
9.8251,-0.4335
9.8351,-0.4281
9.8451,-0.4348
9.85511,-0.4298
9.86511,-0.4351
9.87511,-0.431
9.88513,-0.4359
9.89512,-0.4355
9.90511,-0.4388
9.91511,-0.4451
9.9251,-0.4341
9.9351,-0.4339
9.94509,-0.4323
9.95508,-0.4216
9.96508,-0.4257
9.97507,-0.4311
9.98507,-0.4363
9.99506,-0.4435
10.00505,-0.4451
10.01513,-0.4381
10.0252,-0.4388
10.03527,-0.4383
10.04534,-0.4365
10.05541,-0.4395
10.06548,-0.4371
10.07555,-0.4417
10.08562,-0.4358
10.09569,-0.4384
10.10576,-0.4404
10.11583,-0.4329
10.1259,-0.4337
10.13594,-0.4352
10.14594,-0.4358
10.15594,-0.4417
10.16594,-0.4386
10.17594,-0.4367
10.18594,-0.4467
10.19594,-0.4381
10.20594,-0.4423
10.21594,-0.4359
10.22594,-0.4401
10.23594,-0.4339
10.24594,-0.4368
10.25594,-0.438
10.26601,-0.4412
10.27609,-0.4419
10.28616,-0.4517
10.29623,-0.4432
10.3063,-0.4387
10.31637,-0.4399
10.32644,-0.4349
10.33652,-0.4335
10.34659,-0.4411
10.35666,-0.4416
10.36673,-0.4391
10.3768,-0.4428
10.38679,-0.4422
10.39668,-0.4364
10.40657,-0.4376
10.41646,-0.4431
10.42635,-0.4437
10.43624,-0.435
10.44613,-0.444
10.45602,-0.4447
10.46591,-0.4397
10.4758,-0.4414
10.48569,-0.4446
10.49558,-0.4368
10.50547,-0.4379
10.5155,-0.4405
10.52552,-0.4508
10.53555,-0.4423
10.54557,-0.4523
10.55559,-0.4489
10.56562,-0.4515
10.57564,-0.4433
10.58566,-0.4423
10.59569,-0.4396
10.60571,-0.441
10.61573,-0.431
10.62576,-0.4379
10.63577,-0.4354
10.64577,-0.4373
10.65577,-0.4444
10.66576,-0.4455
10.67576,-0.4397
10.68576,-0.4403
10.69575,-0.4393
10.70575,-0.4391
10.71575,-0.4371
10.72574,-0.4323
10.73574,-0.4417
10.74574,-0.4374
10.75573,-0.4303
10.76572,-0.4356
10.77571,-0.4405
10.7857,-0.4472
10.79568,-0.4474
10.80567,-0.4467
10.81566,-0.445
10.82564,-0.4428
10.83563,-0.4469
10.84561,-0.4373
10.8556,-0.4348
10.86559,-0.4436
10.87557,-0.4391
10.88558,-0.4262
10.89559,-0.4374
10.9056,-0.4527
10.91561,-0.4551
10.92562,-0.4471
10.93563,-0.449
10.94564,-0.442
10.95566,-0.4503
10.96567,-0.4506
10.97568,-0.4428
10.98569,-0.4476
10.9957,-0.4443
11.00571,-0.4406
11.01571,-0.4429
11.02571,-0.4454
11.03571,-0.4448
11.04571,-0.4471
11.05571,-0.4545
11.06571,-0.4502
11.07571,-0.4425
11.08571,-0.4464
11.09571,-0.4402
11.10571,-0.4488
11.11571,-0.4527
11.12571,-0.4499
11.13574,-0.4533
11.1458,-0.439
11.15586,-0.4353
11.16591,-0.4464
11.17597,-0.4461
11.18602,-0.4444
11.19608,-0.4512
11.20614,-0.4527
11.21619,-0.4479
11.22625,-0.4551
11.23631,-0.4355
11.24636,-0.4431
11.25642,-0.4439
11.26645,-0.4451
11.27646,-0.4566
11.28647,-0.444
11.29648,-0.4418
11.30649,-0.4404
11.31651,-0.4463
11.32652,-0.4527
11.33653,-0.4526
11.34654,-0.4532
11.35655,-0.4522
11.36656,-0.4537
11.37657,-0.4503
11.38656,-0.4473
11.39653,-0.4438
11.40649,-0.4447
11.41645,-0.4473
11.42642,-0.4549
11.43638,-0.4428
11.44634,-0.4483
11.45631,-0.4487
11.46627,-0.4426
11.47624,-0.4435
11.4862,-0.4412
11.49616,-0.4373
11.50613,-0.4401
11.51616,-0.4436
11.52619,-0.4404
11.53622,-0.4474
11.54625,-0.4487
11.55628,-0.4544
11.56631,-0.4498
11.57634,-0.4467
11.58636,-0.4435
11.59639,-0.4501
11.60642,-0.4523
11.61645,-0.4503
11.62648,-0.4528
11.63651,-0.4571
11.64649,-0.4516
11.65647,-0.4563
11.66645,-0.4436
11.67643,-0.4461
11.68641,-0.4463
11.69639,-0.437
11.70637,-0.4418
11.71635,-0.4505
11.72633,-0.4473
11.73631,-0.448
11.74629,-0.4508
11.75627,-0.4529
11.76628,-0.4517
11.77629,-0.4501
11.7863,-0.453
11.79631,-0.4462
11.80631,-0.4649
11.81632,-0.4688
11.82633,-0.4716
11.83634,-0.4702
11.84635,-0.449
11.85636,-0.4501
11.86636,-0.4509
11.87637,-0.4542
11.88639,-0.4579
11.8964,-0.4659
11.90642,-0.4703
11.91643,-0.462
11.92644,-0.46
11.93645,-0.4524
11.94647,-0.4524
11.95648,-0.4484
11.96649,-0.4562
11.97651,-0.451
11.98652,-0.4576
11.99653,-0.4563
12.00654,-0.46
12.01653,-0.4665
12.02651,-0.4728
12.0365,-0.4654
12.04648,-0.4673
12.05647,-0.4529
12.06645,-0.4414
12.07643,-0.4311
12.08642,-0.4197
12.0964,-0.4099
12.10638,-0.4234
12.11637,-0.4266
12.12635,-0.4273
12.13639,-0.4196
12.14647,-0.4119
12.15655,-0.4041
12.16663,-0.3976
12.17671,-0.3904
12.1868,-0.3885
12.19688,-0.3842
12.20696,-0.3751
12.21704,-0.3695
12.22712,-0.3547
12.23721,-0.3491
12.24729,-0.3233
12.25737,-0.3137
12.26736,-0.3148
12.27735,-0.3282
12.28733,-0.3708
12.29732,-0.4234
12.3073,-0.4551
12.31729,-0.4888
12.32728,-0.5104
12.33726,-0.5266
12.34725,-0.5428
12.35723,-0.5738
12.36722,-0.615
12.37721,-0.6387
12.38719,-0.6419
12.39716,-0.6394
12.40714,-0.642
12.41711,-0.6338
12.42708,-0.6259
12.43706,-0.6364
12.44703,-0.6443
12.45701,-0.6572
12.46698,-0.6646
12.47695,-0.6528
12.48693,-0.6513
12.4969,-0.6442
12.50688,-0.6513
12.5169,-0.6751
12.52693,-0.6716
12.53695,-0.6686
12.54697,-0.6658
12.55699,-0.6825
12.56702,-0.7062
12.57704,-0.7144
12.58706,-0.7165
12.59708,-0.7049
12.60711,-0.692
12.61713,-0.6999
12.62715,-0.7034
12.63716,-0.7152
12.64716,-0.7138
12.65715,-0.7307
12.66715,-0.7235
12.67714,-0.7156
12.68714,-0.6847
12.69713,-0.6708
12.70713,-0.6389
12.71712,-0.6368
12.72712,-0.6557
12.73711,-0.661
12.74711,-0.6369
12.75711,-0.6378
12.76711,-0.6303
12.7771,-0.5939
12.7871,-0.5771
12.7971,-0.5707
12.8071,-0.5811
12.81709,-0.5878
12.82709,-0.6127
12.83709,-0.6293
12.84709,-0.6367
12.85709,-0.6274
12.86708,-0.611
12.87708,-0.6009
12.88706,-0.5929
12.89703,-0.6045
12.90699,-0.6227
12.91696,-0.6562
12.92692,-0.6716
12.93688,-0.6684
12.94685,-0.6599
12.95681,-0.662
12.96677,-0.6453
12.97674,-0.6285
12.9867,-0.6053
12.99666,-0.5993
13.00663,-0.5933
13.01666,-0.586
13.02668,-0.5937
13.03671,-0.565
13.04674,-0.5618
13.05676,-0.5654
13.06679,-0.5593
13.07682,-0.5754
13.08684,-0.56
13.09687,-0.5611
13.1069,-0.5745
13.11692,-0.5862
13.12695,-0.6077
13.13697,-0.6171
13.14697,-0.6038
13.15698,-0.6004
13.16698,-0.5784
13.17699,-0.5938
13.18699,-0.5952
13.197,-0.6042
13.207,-0.5939
13.21701,-0.5624
13.22701,-0.5406
13.23702,-0.5334
13.24702,-0.5403
13.25702,-0.5654
13.26706,-0.5651
13.27709,-0.5591
13.28712,-0.5435
13.29714,-0.5383
13.30717,-0.5397
13.3172,-0.5579
13.32723,-0.5666
13.33726,-0.5595
13.34729,-0.559
13.35732,-0.5532
13.36735,-0.5467
13.37738,-0.5453
13.3874,-0.5491
13.39742,-0.5616
13.40743,-0.5722
13.41744,-0.5751
13.42745,-0.5571
13.43747,-0.5429
13.44748,-0.5447
13.45749,-0.5709
13.4675,-0.5948
13.47752,-0.6146
13.48753,-0.6105
13.49754,-0.5865
13.50756,-0.5738
13.51758,-0.5625
13.5276,-0.5601
13.53763,-0.5495
13.54765,-0.5381
13.55767,-0.5579
13.56769,-0.5742
13.57772,-0.5927
13.58774,-0.5937
13.59776,-0.5818
13.60779,-0.5675
13.61781,-0.5579
13.62783,-0.5472
13.63783,-0.5447
13.64779,-0.5216
13.65775,-0.5046
13.66771,-0.5156
13.67767,-0.5399
13.68763,-0.5729
13.69759,-0.5984
13.70755,-0.6112
13.71751,-0.6193
13.72747,-0.6084
13.73743,-0.5891
13.74739,-0.5648
13.75735,-0.5345
13.76741,-0.5288
13.77747,-0.5331
13.78752,-0.5492
13.79758,-0.5519
13.80764,-0.5532
13.81769,-0.5399
13.82775,-0.552
13.83781,-0.5608
13.84787,-0.5746
13.85792,-0.5872
13.86798,-0.5802
13.87804,-0.5656
13.88804,-0.5446
13.89798,-0.5327
13.90792,-0.5471
13.91786,-0.5665
13.92781,-0.5702
13.93775,-0.5674
13.94769,-0.5645
13.95763,-0.5531
13.96757,-0.5452
13.97751,-0.5317
13.98745,-0.507
13.9974,-0.4897
14.00734,-0.5263
14.01734,-0.5607
14.02734,-0.5764
14.03735,-0.5891
14.04735,-0.595
14.05735,-0.5981
14.06735,-0.5927
14.07736,-0.5723
14.08736,-0.5601
14.09736,-0.5425
14.10736,-0.5341
14.11736,-0.5181
14.12737,-0.506
14.13739,-0.4992
14.14742,-0.4855
14.15745,-0.5003
14.16748,-0.5182
14.17751,-0.5243
14.18754,-0.5405
14.19757,-0.5443
14.20761,-0.5381
14.21764,-0.6365
14.22767,-0.6339
14.2377,-0.6339
14.24773,-0.6168
14.25776,-0.6169
14.26772,-0.6205
14.27767,-0.6233
14.28763,-0.6301
14.29758,-0.6169
14.30754,-0.6214
14.31749,-0.6108
14.32744,-0.5908
14.3374,-0.5829
14.34735,-0.5711
14.35731,-0.5934
14.36726,-0.5936
14.37722,-0.6032
14.38726,-0.592
14.39738,-0.6114
14.4075,-0.6217
14.41763,-0.6284
14.42775,-0.6088
14.43787,-0.5963
14.448,-0.5662
14.45812,-0.5432
14.46824,-0.5429
14.47837,-0.5445
14.48849,-0.563
14.49861,-0.576
14.50873,-0.593
14.51878,-0.6223
14.52883,-0.6442
14.53887,-0.6189
14.54892,-0.5913
14.55896,-0.5845
14.56901,-0.5788
14.57905,-0.5581
14.5891,-0.5412
14.59914,-0.5486
14.60919,-0.5917
14.61923,-0.6067
14.62928,-0.5986
14.63928,-0.5708
14.64922,-0.5393
14.65917,-0.5366
14.66911,-0.5353
14.67906,-0.5205
14.689,-0.4937
14.69895,-0.5054
14.70889,-0.4988
14.71884,-0.4733
14.72879,-0.4381
14.73873,-0.4062
14.74868,-0.3783
14.75862,-0.3684
14.76865,-0.3706
14.77865,-0.3743
14.78865,-0.3701
14.79865,-0.3595
14.80865,-0.3659
14.81865,-0.3488
14.82866,-0.3359
14.83866,-0.3178
14.84866,-0.3227
14.85866,-0.3242
14.86866,-0.3287
14.87866,-0.3397
14.88867,-0.3391
14.89867,-0.3564
14.90868,-0.36
14.91868,-0.3834
14.92869,-0.4152
14.93869,-0.4432
14.9487,-0.4535
14.9587,-0.4639
14.9687,-0.4549
14.97871,-0.4425
14.98871,-0.4268
14.99872,-0.406
15.00872,-0.3636
15.01877,-0.242
15.02881,-0.1414
15.03886,-0.0485
15.04891,0.0391
15.05895,0.1012
15.069,0.1129
15.07904,0.1086
15.08909,0.0723
15.09913,0.0569
15.10918,0.0715
15.11922,0.0669
15.12927,0.0861
15.13926,0.0861
15.14918,0.1325
15.1591,0.2222
15.16902,0.3622
15.17894,0.492
15.18886,0.5756
15.19878,0.6044
15.2087,0.6093
15.21862,0.5771
15.22854,0.5661
15.23846,0.5765
15.24838,0.5734
15.2583,0.5225
15.26827,0.4288
15.27823,0.2657
15.28819,0.1009
15.29815,-0.0467
15.30812,-0.159
15.31808,-0.2407
15.32804,-0.2961
15.338,-0.3578
15.34797,-0.4061
15.35793,-0.4128
15.36789,-0.3879
15.37785,-0.3619
15.3879,-0.3351
15.39801,-0.3162
15.40812,-0.2978
15.41823,-0.3122
15.42834,-0.3645
15.43846,-0.3936
15.44857,-0.4371
15.45868,-0.4849
15.46879,-0.5191
15.47891,-0.5412
15.48902,-0.5552
15.49913,-0.5678
15.50924,-0.5656
15.51928,-0.5797
15.52931,-0.603
15.53935,-0.6361
15.54938,-0.6408
15.55941,-0.6245
15.56945,-0.6121
15.57948,-0.6421
15.58951,-0.6736
15.59955,-0.6868
15.60958,-0.6826
15.61962,-0.6769
15.62965,-0.6632
15.63963,-0.6715
15.64956,-0.681
15.65948,-0.686
15.6694,-0.6747
15.67933,-0.6599
15.68925,-0.6439
15.69917,-0.6437
15.7091,-0.6324
15.71902,-0.6256
15.72894,-0.5879
15.73887,-0.5405
15.74879,-0.5131
15.75871,-0.499
15.7688,-0.4715
15.77888,-0.4235
15.78896,-0.3702
15.79904,-0.3639
15.80912,-0.3584
15.8192,-0.3648
15.82928,-0.3794
15.83936,-0.3405
15.84944,-0.304
15.85952,-0.2644
15.8696,-0.2153
15.87967,-0.1947
15.88971,-0.2059
15.89971,-0.2306
15.9097,-0.2192
15.91969,-0.3518
15.92968,-0.3627
15.93968,-0.4181
15.94967,-0.4531
15.95966,-0.4947
15.96966,-0.5073
15.97965,-0.5709
15.98964,-0.559
15.99963,-0.5263
16.00963,-0.5233
16.01958,-0.547
16.02951,-0.6131
16.03945,-0.6496
16.04938,-0.728
16.05932,-0.8207
16.06925,-0.9138
16.07919,-0.9609
16.08912,-0.9646
16.09905,-0.9721
16.10899,-0.9991
16.11892,-1.0307
16.12886,-1.0519
16.13884,-1.0634
16.14888,-1.0749
16.15891,-1.095
16.16895,-1.0868
16.17898,-1.0708
16.18901,-1.0551
16.19905,-1.0814
16.20908,-1.1107
16.21912,-1.1244
16.22915,-1.1348
16.23919,-1.1596
16.24922,-1.2091
16.25925,-1.2465
16.26927,-1.253
16.27928,-1.2666
16.28929,-1.2934
16.2993,-1.3474
16.30931,-1.4269
16.31932,-1.498
16.32933,-1.5231
16.33934,-1.5168
16.34935,-1.4935
16.35936,-1.5133
16.36937,-1.5412
16.37938,-1.5886
16.3894,-1.6312
16.39944,-1.6705
16.40947,-1.6875
16.4195,-1.6478
16.42954,-1.6337
16.43957,-1.6024
16.4496,-1.5192
16.45964,-1.5429
16.46967,-1.6039
16.4797,-1.641
16.48974,-1.6429
16.49977,-1.6882
16.5098,-1.7617
16.5198,-1.8551
16.52977,-2.0447
16.53974,-2.2625
16.54972,-2.2686
16.55969,-2.227
16.56966,-2.175
16.57964,-2.1687
16.58961,-2.1689
16.59958,-2.1927
16.60955,-2.2321
16.61953,-2.2766
16.6295,-2.3612
16.6395,-2.4923
16.64953,-2.6181
16.65956,-2.6897
16.66959,-2.7238
16.67962,-2.7722
16.68965,-2.9176
16.69967,-3.0678
16.7097,-3.1905
16.71973,-3.2789
16.72976,-3.3444
16.73979,-3.365
16.74982,-3.3645
16.75985,-3.3858
16.76986,-3.3808
16.77988,-3.3357
16.78989,-3.315
16.79991,-3.3346
16.80992,-3.3379
16.81993,-3.2984
16.82995,-3.1249
16.83996,-2.9492
16.84998,-2.7996
16.85999,-2.7002
16.87,-2.6366
16.88002,-2.6324
16.89001,-2.5576
16.89998,-2.4418
16.90994,-2.3543
16.91991,-2.2725
16.92988,-2.2092
16.93985,-2.1686
16.94981,-2.0035
16.95978,-1.8707
16.96975,-1.7024
16.97972,-1.5685
16.98968,-1.4767
16.99965,-1.4518
17.00962,-1.4607
17.01965,-1.4568
17.02966,-1.4622
17.03967,-1.4598
17.04968,-1.4296
17.05969,-1.4076
17.0697,-1.2743
17.07971,-1.1886
17.08972,-1.172
17.09973,-1.1856
17.10974,-1.2359
17.11975,-1.2953
17.12976,-1.3417
17.13977,-1.4155
17.14977,-1.4923
17.15976,-1.5881
17.16976,-1.6963
17.17975,-1.7857
17.18975,-1.8654
17.19975,-1.9011
17.20974,-1.8566
17.21974,-1.8193
17.22973,-1.7873
17.23973,-1.7387
17.24972,-1.7117
17.25972,-1.6729
17.26969,-1.6596
17.27965,-1.6392
17.28962,-1.6448
17.29958,-1.64
17.30955,-1.615
17.31951,-1.6093
17.32948,-1.5836
17.33944,-1.5212
17.34941,-1.5007
17.35938,-1.5033
17.36934,-1.5114
17.3793,-1.4988
17.38929,-1.479
17.39928,-1.4618
17.40927,-1.4356
17.41926,-1.4058
17.42925,-1.4068
17.43924,-1.3974
17.44922,-1.3695
17.45921,-1.3545
17.4692,-1.3371
17.47919,-1.3248
17.48918,-1.327
17.49917,-1.3357
17.50916,-1.3469
17.51918,-1.4049
17.52921,-1.3252
17.53923,-1.234
17.54925,-1.1288
17.55928,-1.039
17.5693,-0.9415
17.57932,-0.8157
17.58935,-0.696
17.59937,-0.5798
17.60939,-0.5089
17.61942,-0.4261
17.62944,-0.3389
17.6395,-0.2991
17.64959,-0.3298
17.65968,-0.3133
17.66976,-0.2377
17.67985,-0.0861
17.68994,0.1771
17.70003,0.4547
17.71011,0.7012
17.7202,0.846
17.73029,0.9017
17.74038,0.9957
17.75046,1.1024
17.76055,1.1138
17.77052,1.081
17.78048,0.9452
17.79045,0.7237
17.80041,0.375
17.81038,-0.0757
17.82034,-0.4493
17.83031,-0.7157
17.84027,-0.8719
17.85024,-0.9791
17.8602,-1.0457
17.87016,-1.11
17.88013,-1.1359
17.89012,-1.1346
17.90012,-1.1668
17.91011,-1.1625
17.92011,-1.175
17.93011,-1.2184
17.94011,-1.2662
17.95011,-1.2773
17.9601,-1.2676
17.9701,-1.2558
17.9801,-1.2429
17.9901,-1.2407
18.0001,-1.2386
18.01009,-1.2341
18.0201,-1.2235
18.03009,-1.2225
18.04008,-1.2532
18.05008,-1.2653
18.06007,-1.2455
18.07006,-1.2229
18.08006,-1.2
18.09005,-1.1781
18.10005,-1.1652
18.11004,-1.1376
18.12003,-1.1023
18.13003,-1.0994
18.14003,-1.1114
18.15004,-1.1499
18.16005,-1.1547
18.17006,-1.1271
18.18007,-1.0975
18.19007,-1.0787
18.20008,-1.0918
18.21009,-1.0963
18.2201,-1.0287
18.23011,-0.9095
18.24012,-0.7977
18.25013,-0.6563
18.26013,-0.4844
18.27014,-0.3413
18.28013,-0.1493
18.29013,0.0507
18.30012,0.1313
18.31012,0.122
18.32011,-0.5734
18.33011,-0.5171
18.3401,-1.0363
18.3501,-1.3016
18.36009,-1.3713
18.37009,-1.4465
18.38008,-1.4887
18.39009,-1.6827
18.40009,-1.9114
18.41009,-1.9987
18.42009,-2.0462
18.43009,-2.1545
18.44009,-2.2086
18.45009,-2.2744
18.46009,-2.2868
18.47009,-2.2418
18.48009,-2.2144
18.4901,-2.213
18.5001,-2.1997
18.5101,-2.2614
18.52009,-2.3048
18.53007,-2.3438
18.54005,-2.3581
18.55004,-2.3704
18.56002,-2.3707
18.57001,-2.3743
18.57999,-2.3682
18.58998,-2.3707
18.59996,-2.3329
18.60995,-2.2846
18.61993,-2.2819
18.62992,-2.2926
18.63993,-2.3039
18.64995,-2.3014
18.65998,-2.3212
18.67001,-2.3435
18.68003,-2.3929
18.69006,-2.4106
18.70009,-2.3984
18.71012,-2.4021
18.72014,-2.4176
18.73017,-2.4284
18.7402,-2.4353
18.75022,-2.4512
18.76025,-2.4511
18.77028,-2.4488
18.78031,-2.4441
18.79035,-2.4215
18.80038,-2.3712
18.81041,-2.3483
18.82044,-2.3444
18.83047,-2.2986
18.8405,-2.2541
18.85053,-2.2137
18.86056,-2.204
18.87059,-2.2673
18.88062,-2.323
18.89064,-2.3042
18.90064,-2.2796
18.91064,-2.2633
18.92064,-2.2217
18.93064,-2.1945
18.94064,-2.2239
18.95064,-2.239
18.96064,-2.2797
18.97064,-2.2815
18.98064,-2.2368
18.99064,-1.9445
19.00064,-2.028
19.01064,-2.1759
19.02068,-2.1209
19.03071,-2.148
19.04074,-2.032
19.05077,-2.154
19.0608,-2.1045
19.07083,-2.0319
19.08085,-1.9244
19.09089,-2.0705
19.10091,-2.1816
19.11094,-2.1627
19.12097,-2.3045
19.131,-2.2695
19.14105,-2.2376
19.15112,-2.2146
19.1612,-2.209
19.17126,-2.2389
19.18134,-2.3511
19.1914,-2.4706
19.20148,-2.563
19.21154,-2.6117
19.22161,-2.655
19.23168,-2.7065
19.24175,-2.7384
19.25182,-2.7233
19.26189,-2.7337
19.27182,-2.7466
19.28174,-2.7539
19.29166,-2.7232
19.30158,-2.6964
19.3115,-2.664
19.32142,-2.6662
19.33134,-2.7016
19.34126,-2.6904
19.35118,-2.6991
19.3611,-2.7197
19.37102,-2.7318
19.38094,-2.7417
19.3909,-2.7508
19.4009,-2.7339
19.4109,-2.7093
19.4209,-2.6729
19.4309,-2.6557
19.4409,-2.6329
19.4509,-2.6343
19.4609,-2.6083
19.4709,-2.6125
19.4809,-2.6292
19.49089,-2.632
19.50089,-2.6447
19.51089,-2.6454
19.52088,-2.6257
19.53086,-2.599
19.54085,-2.5672
19.55083,-2.5259
19.56082,-2.4992
19.5708,-2.4679
19.58079,-2.399
19.59077,-2.337
19.60076,-2.2925
19.61074,-2.2379
19.62073,-2.1647
19.63071,-2.0921
19.64071,-1.9901
19.65072,-1.9089
19.66072,-1.81
19.67073,-1.5841
19.68073,-1.3926
19.69074,-1.2425
19.70074,-1.2224
19.71075,-1.2835
19.72076,-1.3776
19.73076,-1.5045
19.74077,-1.6493
19.75077,-1.7056
19.76078,-1.6995
19.77075,-1.6737
19.78073,-1.602
19.7907,-1.5063
19.80067,-1.4061
19.81065,-1.3311
19.82062,-1.2842
19.83059,-1.2193
19.84056,-1.1924
19.85054,-1.2153
19.86051,-1.3252
19.87049,-1.4901
19.88046,-1.6329
19.8905,-1.7674
19.90061,-1.899
19.91071,-1.9863
19.92082,-2.0701
19.93093,-2.1237
19.94103,-2.1656
19.95114,-2.1932
19.96125,-2.1905
19.97136,-2.1985
19.98146,-2.1942
19.99157,-2.1814
20.00168,-2.1593
20.01178,-2.129
20.02186,-2.0904
20.03193,-1.9858
20.042,-1.8942
20.05207,-1.8016
20.06214,-1.7273
20.07221,-1.6422
20.08228,-1.559
20.09235,-1.4805
20.10242,-1.432
20.11248,-1.3933
20.12255,-1.3509
20.13262,-1.3221
20.14262,-1.2846
20.15254,-1.26
20.16247,-1.2466
20.17239,-1.2105
20.18231,-1.1467
20.19223,-1.0946
20.20215,-1.0815
20.21207,-1.1298
20.222,-1.1764
20.23192,-1.2296
20.24184,-1.2569
20.25176,-1.311
20.26168,-1.3698
20.27168,-1.3351
20.28168,-1.2927
20.29167,-1.0632
20.30166,-1.2292
20.31166,-1.3721
20.32166,-1.4802
20.33165,-1.5934
20.34164,-1.6762
20.35164,-1.6643
20.36163,-1.8745
20.37163,-1.9108
20.38162,-1.905
20.39162,-1.8531
20.40161,-1.7989
20.41159,-1.7694
20.42158,-1.7491
20.43156,-1.7439
20.44155,-1.7769
20.45154,-1.8779
20.46152,-1.9736
20.47151,-2.0419
20.48149,-2.0994
20.49148,-2.1244
20.50147,-2.122
20.51145,-2.1215
20.52146,-2.1381
20.53147,-2.1637
20.54147,-2.1761
20.55147,-2.1866
20.56148,-2.1853
20.57148,-2.2063
20.58149,-2.2026
20.59149,-2.1925
20.6015,-2.1706
20.6115,-2.172
20.62151,-2.1597
20.63151,-2.1356
20.64152,-2.0983
20.65152,-2.0945
20.66152,-2.0427
20.67153,-1.9928
20.68153,-1.9356
20.69153,-1.877
20.70153,-1.8457
20.71154,-1.8251
20.72154,-1.8352
20.73154,-1.8332
20.74155,-1.7926
20.75155,-1.7172
20.76155,-1.6831
20.77152,-1.6347
20.78148,-1.5977
20.79145,-1.5516
20.80141,-1.495
20.81138,-1.4473
20.82134,-1.4041
20.83131,-1.3726
20.84127,-1.3607
20.85124,-1.3426
20.8612,-1.3179
20.87117,-1.2993
20.88113,-1.3199
20.89114,-1.387
20.90116,-1.422
20.91119,-1.5087
20.92121,-1.4988
20.93124,-1.5212
20.94127,-1.5712
20.95129,-1.5978
20.96132,-1.5925
20.97134,-1.5386
20.98137,-1.468
20.99139,-1.5238
21.00142,-1.6115
21.01144,-1.6462
21.02159,-1.7563
21.03174,-1.8057
21.04188,-1.8447
21.05203,-1.8616
21.06217,-1.8625
21.07232,-1.8687
21.08247,-1.9181
21.09261,-1.9602
21.10276,-1.9523
21.1129,-1.9161
21.12305,-1.8034
21.13319,-1.7017
21.14322,-1.6266
21.15313,-1.6001
21.16303,-1.5768
21.17294,-1.5284
21.18284,-1.4987
21.19275,-1.4717
21.20265,-1.4518
21.21256,-1.4323
21.22247,-1.4263
21.23237,-1.4155
21.24228,-1.43
21.25218,-1.4569
21.26208,-1.4822
21.27211,-1.499
21.28213,-1.5166
21.29215,-1.5536
21.30217,-1.5868
21.31219,-1.6436
21.32221,-1.66
21.33223,-1.6676
21.34225,-1.6739
21.35227,-1.6809
21.3623,-1.6859
21.37232,-1.6934
21.38234,-1.7106
21.39233,-1.7464
21.40231,-1.7668
21.41228,-1.7953
21.42225,-1.8176
21.43223,-1.8402
21.4422,-1.8735
21.45218,-1.9224
21.46215,-1.9406
21.47212,-1.958
21.4821,-1.9585
21.49207,-1.9924
21.50205,-2.0209
21.51202,-2.0689
21.52201,-2.1082
21.532,-2.1242
21.54198,-2.1318
21.55197,-2.1628
21.56196,-2.1416
21.57195,-2.132
21.58193,-2.1256
21.59192,-2.1079
21.60191,-2.1226
21.61189,-2.1433
21.62188,-2.1529
21.63187,-2.1766
21.64188,-2.2083
21.65191,-2.2286
21.66193,-2.2589
21.67196,-2.2922
21.68199,-2.3204
21.69202,-2.3401
21.70205,-2.3493
21.71207,-2.345
21.7221,-2.3548
21.73213,-2.3456
21.74216,-2.3298
21.75219,-2.326
21.76221,-2.3065
21.77221,-2.2698
21.78221,-2.2242
21.7922,-2.1833
21.8022,-2.1642
21.81219,-2.1796
21.82219,-2.1761
21.83218,-2.1538
21.84218,-2.0692
21.85217,-1.9941
21.86217,-1.9577
21.87216,-1.8534
21.88216,-1.7128
21.89214,-1.5961
21.90211,-1.564
21.91208,-1.6016
21.92204,-1.6204
21.93201,-1.5881
21.94198,-1.567
21.95194,-1.5489
21.96191,-1.532
21.97188,-1.4897
21.98184,-1.4438
21.99181,-1.4054
22.00178,-1.3737
22.01175,-1.3793
22.02178,-1.7766
22.0318,-1.7315
22.04183,-1.4786
22.05186,-1.2703
22.06188,-1.1391
22.07191,-0.9989
22.08193,-1.1197
22.09196,-1.2973
22.10199,-1.1589
22.11201,-1.0604
22.12204,-0.9974
22.13206,-1.0351
22.14212,-1.1617
22.1522,-1.3697
22.16228,-1.5539
22.17235,-1.7025
22.18243,-1.823
22.19251,-1.9239
22.20259,-1.9901
22.21266,-2.0502
22.22274,-2.1104
22.23282,-2.1556
22.2429,-2.1817
22.25297,-2.2123
22.26305,-2.259
22.27312,-2.3076
22.28319,-2.3288
22.29325,-2.3356
22.30332,-2.347
22.31339,-2.3556
22.32345,-2.3367
22.33352,-2.258
22.34358,-2.1533
22.35365,-2.1153
22.36372,-2.0932
22.37378,-2.062
22.38385,-2.0269
22.3939,-2.019
22.40391,-2.0163
22.41391,-2.0027
22.42391,-1.9924
22.43391,-1.9758
22.44391,-1.9778
22.45391,-1.9586
22.46391,-1.9503
22.47392,-1.9422
22.48392,-1.9082
22.49392,-1.884
22.50392,-1.8285
22.51392,-1.7913
22.52381,-1.8112
22.5337,-1.8036
22.54359,-1.7891
22.55348,-1.7236
22.56336,-1.634
22.57325,-1.6279
22.58314,-1.6433
22.59303,-1.5768
22.60291,-1.5556
22.6128,-1.5884
22.62269,-1.6296
22.63258,-1.6664
22.64255,-1.6692
22.6526,-1.6724
22.66265,-1.6685
22.6727,-1.6589
22.68275,-1.5992
22.6928,-1.4683
22.70285,-1.2725
22.7129,-1.1407
22.72295,-1.0637
22.733,-1.0345
22.74305,-1.0389
22.7531,-1.1133
22.76315,-1.2583
22.77313,-1.4403
22.78311,-1.602
22.79308,-1.7437
22.80306,-1.842
22.81304,-1.9395
22.82301,-1.997
22.83299,-2.031
22.84296,-2.0414
22.85294,-2.025
22.86291,-2.0154
22.87289,-2.0228
22.88286,-2.0542
22.89285,-2.0925
22.90285,-2.129
22.91284,-2.1783
22.92284,-2.2465
22.93283,-2.3255
22.94283,-2.3331
22.95282,-2.3506
22.96282,-2.3515
22.97281,-2.3388
22.98281,-2.3382
22.9928,-2.3172
23.0028,-2.3156
23.01279,-2.3125
23.02279,-2.2995
23.03279,-2.276
23.04278,-2.2544
23.05277,-2.2486
23.06277,-2.2528
23.07276,-2.2395
23.08276,-2.2586
23.09275,-2.2943
23.10275,-2.3142
23.11274,-2.3517
23.12273,-2.3539
23.13273,-2.3366
23.14272,-2.2891
23.15272,-2.2238
23.16272,-2.1811
23.17271,-2.1426
23.18271,-2.1249
23.1927,-2.0694
23.2027,-2.0052
23.21269,-1.9855
23.22269,-2.0541
23.23269,-2.0229
23.24268,-2.0318
23.25268,-2.0341
23.26267,-1.9945
23.27275,-2.0043
23.28284,-1.9494
23.29292,-1.9414
23.303,-1.9401
23.31308,-1.9426
23.32316,-1.9592
23.33324,-1.9476
23.34332,-1.8991
23.3534,-1.8229
23.36348,-1.6863
23.37356,-1.4782
23.38364,-1.3041
23.39366,-1.1814
23.40362,-1.1067
23.41357,-1.0805
23.42352,-1.092
23.43348,-1.1782
23.44343,-1.2684
23.45339,-1.4047
23.46334,-1.5188
23.4733,-1.6115
23.48325,-1.6604
23.4932,-1.6564
23.50316,-1.6449
23.51311,-1.6111
23.52313,-1.5314
23.53314,-1.435
23.54315,-1.3917
23.55316,-1.4586
23.56317,-1.5432
23.57318,-1.616
23.58319,-1.6657
23.5932,-1.7183
23.60321,-1.7719
23.61322,-1.8156
23.62323,-1.8828
23.63324,-1.93
23.64326,-1.9403
23.65328,-1.9689
23.66331,-1.9747
23.67333,-1.9855
23.68335,-2.0182
23.69338,-2.0562
23.7034,-2.0925
23.71342,-2.1465
23.72345,-2.1746
23.73347,-2.1764
23.74349,-2.1591
23.75352,-2.125
23.76354,-2.0973
23.77353,-2.1089
23.78352,-2.1096
23.79351,-2.1127
23.8035,-2.1473
23.81349,-2.1914
23.82348,-2.1711
23.83347,-2.1205
23.84346,-2.0617
23.85345,-2.0243
23.86343,-1.9996
23.87342,-1.9953
23.88341,-1.9786
23.89341,-1.9535
23.90342,-1.9145
23.91343,-1.8958
23.92343,-1.8429
23.93344,-1.8002
23.94345,-1.7493
23.95345,-1.7041
23.96346,-1.6863
23.97346,-1.6716
23.98347,-1.6587
23.99348,-1.6306
24.00348,-1.6343
24.01349,-1.6396
24.02349,-1.6108
24.03347,-1.6071
24.04346,-1.5646
24.05344,-1.5489
24.06342,-1.4621
24.0734,-1.3791
24.08339,-1.3364
24.09337,-1.41
24.10335,-1.4042
24.11334,-1.521
24.12332,-1.4187
24.1333,-1.2707
24.1433,-1.1199
24.15329,-1.0198
24.16327,-0.9436
24.17326,-0.8832
24.18324,-0.8497
24.19322,-0.7529
24.20321,-0.7058
24.21319,-0.6844
24.22318,-0.6788
24.23316,-0.6984
24.24314,-0.7327
24.25313,-0.7431
24.26311,-0.7534
24.27315,-0.7947
24.28317,-0.7744
24.29319,-0.749
24.30321,-0.7353
24.31322,-0.7544
24.32324,-0.8033
24.33326,-0.8763
24.34328,-0.9166
24.3533,-0.9712
24.36332,-1.0302
24.37334,-1.0867
24.38336,-1.1333
24.3934,-1.2126
24.40345,-1.2589
24.4135,-1.3168
24.42356,-1.3548
24.43361,-1.3709
24.44366,-1.4001
24.45372,-1.4347
24.46377,-1.4308
24.47383,-1.4268
24.48388,-1.4182
24.49393,-1.4165
24.50399,-1.4014
24.51404,-1.3953
24.52407,-1.3646
24.53409,-1.3728
24.54412,-1.3817
24.55414,-1.4012
24.56416,-1.4345
24.57418,-1.4411
24.58421,-1.4582
24.59423,-1.5009
24.60425,-1.5274
24.61428,-1.5433
24.6243,-1.5527
24.63432,-1.5471
24.64432,-1.538
24.65428,-1.5285
24.66424,-1.5096
24.67421,-1.4969
24.68417,-1.4999
24.69413,-1.4908
24.70409,-1.4712
24.71405,-1.4511
24.72401,-1.4094
24.73397,-1.3805
24.74393,-1.3581
24.75389,-1.3244
24.76385,-1.2281
24.77389,-1.1689
24.78392,-1.2163
24.79395,-1.1429
24.80398,-1.1794
24.81401,-1.2131
24.82404,-1.0876
24.83407,-0.9303
24.8441,-0.8044
24.85413,-0.7174
24.86416,-0.6349
24.87419,-0.607
24.88422,-0.6277
24.89423,-0.6739
24.90422,-0.7562
24.91422,-0.8534
24.92421,-0.9372
24.9342,-1.023
24.9442,-1.0844
24.95419,-1.1224
24.96418,-1.1386
24.97418,-1.1577
24.98417,-1.1843
24.99416,-1.1502
25.00416,-1.122
25.01415,-1.1233
25.02415,-1.1143
25.03416,-1.1313
25.04416,-1.1414
25.05416,-1.1564
25.06416,-1.2047
25.07416,-1.2471
25.08416,-1.2995
25.09416,-1.352
25.10417,-1.3823
25.11417,-1.4163
25.12417,-1.4254
25.13417,-1.4079
25.14416,-1.4198
25.15413,-1.423
25.1641,-1.395
25.17407,-1.3943
25.18404,-1.365
25.19401,-1.3767
25.20398,-1.4378
25.21395,-1.3646
25.22392,-1.322
25.23389,-1.2847
25.24386,-1.2631
25.25383,-1.2396
25.2638,-1.2059
25.27379,-1.1812
25.28378,-1.1358
25.29378,-1.1228
25.30377,-1.1082
25.31376,-1.0961
25.32375,-1.1021
25.33374,-1.1176
25.34373,-1.1258
25.35373,-1.1459
25.36372,-1.1605
25.37371,-1.1751
25.3837,-1.1832
25.39374,-1.2096
25.40381,-1.2212
25.41388,-1.2209
25.42395,-1.2139
25.43403,-1.2172
25.4441,-1.2361
25.45417,-1.2537
25.46424,-1.2739
25.47432,-1.2818
25.48439,-1.2956
25.49446,-1.3031
25.50453,-1.3101
25.51461,-1.3213
25.5246,-1.3293
25.5346,-1.3235
25.54459,-1.3205
25.55458,-1.3252
25.56458,-1.3229
25.57457,-1.3031
25.58456,-1.2328
25.59455,-1.1988
25.60455,-1.1916
25.61454,-1.1966
25.62453,-1.2345
25.63453,-1.2382
25.64454,-1.2533
25.65457,-1.2333
25.6646,-1.2133
25.67463,-1.1855
25.68466,-1.1331
25.69469,-1.0727
25.70472,-1.05
25.71475,-1.1556
25.72478,-1.2641
25.73481,-1.2797
25.74484,-1.2718
25.75487,-1.2513
25.7649,-1.2206
25.77492,-1.1521
25.78493,-1.037
25.79495,-0.8398
25.80496,-0.7152
25.81498,-0.7383
25.82499,-0.8591
25.835,-1.0095
25.84502,-1.1926
25.85503,-1.3898
25.86505,-1.5829
25.87506,-1.7377
25.88507,-1.8513
25.89506,-1.938
25.90501,-1.9981
25.91496,-2.0595
25.9249,-2.1049
25.93485,-2.1717
25.9448,-2.1902
25.95475,-2.2094
25.96469,-2.2127
25.97464,-2.2003
25.98459,-2.1943
25.99454,-2.1662
26.00448,-2.1232
26.01443,-2.1167
26.02449,-2.1655
26.03455,-2.1436
26.0446,-2.1436
26.05466,-2.1507
26.06471,-2.1573
26.07476,-2.0871
26.08482,-2.0534
26.09487,-1.9239
26.10493,-1.911
26.11498,-1.9208
26.12503,-1.793
26.13509,-1.8107
26.14512,-1.7154
26.15512,-1.636
26.16513,-1.6322
26.17513,-1.5694
26.18514,-1.5375
26.19514,-1.5055
26.20514,-1.4639
26.21515,-1.4589
26.22515,-1.3928
26.23516,-1.3362
26.24516,-1.3157
26.25517,-1.2471
26.26517,-1.1848
26.27518,-1.1032
26.28518,-1.036
26.29519,-0.9905
26.30519,-0.9306
26.3152,-0.8898
26.3252,-0.8697
26.3352,-0.8678
26.34521,-0.8744
26.35521,-0.8585
26.36522,-0.8013
26.37522,-0.7638
26.38522,-0.7712
26.39519,-0.7681
26.40512,-0.6742
26.41504,-0.6356
26.42496,-0.6024
26.43489,-0.6073
26.44481,-0.6304
26.45473,-0.6813
26.46465,-0.6497
26.47458,-0.7056
26.4845,-0.7932
26.49442,-0.7258
26.50435,-0.6838
26.51427,-0.6639
26.52436,-0.6284
26.53445,-0.5936
26.54454,-0.5872
26.55463,-0.6219
26.56472,-0.679
26.57481,-0.7622
26.5849,-0.8382
26.59499,-0.8923
26.60508,-0.9222
26.61517,-0.931
26.62526,-0.9237
26.63535,-0.909
26.64543,-0.9311
26.65548,-0.9534
26.66554,-0.9798
26.67559,-1.0087
26.68565,-0.9876
26.69571,-0.9842
26.70576,-1.0011
26.71582,-1.0186
26.72587,-1.0138
26.73593,-1.0095
26.74598,-1.0035
26.75604,-1.011
26.76609,-1.0266
26.77602,-1.0261
26.78594,-1.0752
26.79586,-1.1057
26.80578,-1.0833
26.8157,-0.9384
26.82563,-0.8495
26.83555,-0.7577
26.84547,-0.7048
26.85539,-0.6491
26.86531,-0.6087
26.87523,-0.5603
26.88515,-0.4903
26.89512,-0.3924
26.90512,-0.2851
26.91512,-0.1938
26.92513,-0.0876
26.93513,0.0455
26.94513,0.159
26.95513,0.2499
26.96513,0.3222
26.97513,0.4068
26.98514,0.5304
26.99514,0.6471
27.00514,0.7481
27.01514,0.811
27.02515,0.8504
27.03515,0.8718
27.04515,0.9049
27.05516,0.9315
27.06516,0.9434
27.07516,0.9699
27.08516,1.0005
27.09517,1.0357
27.10517,1.0761
27.11517,1.0985
27.12518,1.1105
27.13518,1.0759
27.14519,1.0485
27.15521,0.9673
27.16523,0.8933
27.17525,0.803
27.18527,0.7024
27.19529,0.5942
27.20531,0.5085
27.21533,0.4289
27.22536,0.376
27.23537,0.3239
27.2454,0.2768
27.25541,0.2254
27.26544,0.1793
27.27541,0.1167
27.28538,0.0361
27.29535,-0.0367
27.30532,-0.0736
27.31529,-0.0844
27.32525,-0.0985
27.33522,-0.1081
27.34519,-0.1391
27.35516,-0.1901
27.36513,-0.2142
27.3751,-0.2312
27.38507,-0.2621
27.39507,-0.2925
27.40509,-0.3351
27.41511,-0.3755
27.42514,-0.4086
27.43516,-0.4257
27.44519,-0.4286
27.45521,-0.4206
27.46523,-0.4155
27.47526,-0.4058
27.48528,-0.4199
27.49531,-0.4663
27.50533,-0.5263
27.51536,-0.6083
27.52534,-0.7151
27.53532,-0.8093
27.5453,-0.7991
27.55528,-0.7397
27.56526,-0.7186
27.57524,-0.6727
27.58522,-0.6631
27.5952,-0.6891
27.60518,-0.6906
27.61516,-0.7418
27.62514,-0.6817
27.63512,-0.6758
27.64516,-0.6787
27.65526,-0.712
27.66535,-0.719
27.67545,-0.7074
27.68554,-0.7165
27.69563,-0.7297
27.70573,-0.7463
27.71582,-0.7534
27.72592,-0.7355
27.73601,-0.7125
27.74611,-0.6821
27.7562,-0.6502
27.7663,-0.6424
27.7763,-0.6174
27.7863,-0.6043
27.7963,-0.5709
27.8063,-0.5391
27.81631,-0.5182
27.82631,-0.5232
27.83631,-0.573
27.84631,-0.5987
27.85631,-0.646
27.86631,-0.6378
27.87631,-0.6326
27.88631,-0.6147
27.89631,-0.6447
27.9063,-0.6796
27.91629,-0.6552
27.92628,-0.6717
27.93627,-0.6336
27.94626,-0.5792
27.95625,-0.6006
27.96623,-0.6858
27.97622,-0.6349
27.98621,-0.5912
27.9962,-0.5584
28.00619,-0.5419
28.01618,-0.4999
28.02617,-0.5023
28.03617,-0.5421
28.04617,-0.616
28.05617,-0.6978
28.06617,-0.7875
28.07616,-0.8617
28.08616,-0.914
28.09616,-0.953
28.10616,-0.9798
28.11616,-1.0367
28.12615,-1.0806
28.13615,-1.1449
28.14616,-1.1698
28.15615,-1.2098
28.16615,-1.2541
28.17614,-1.2557
28.18613,-1.2419
28.19613,-1.2496
28.20612,-1.2842
28.21612,-1.2786
28.22611,-1.2717
28.2361,-1.2484
28.2461,-1.2587
28.25609,-1.1914
28.26609,-1.1803
28.27609,-1.2306
28.28609,-1.228
28.29608,-1.1608
28.30608,-1.1688
28.31608,-1.1775
28.32608,-1.1472
28.33608,-1.1326
28.34608,-1.1038
28.35607,-1.068
28.36607,-1.0323
28.37607,-1.0214
28.38607,-1.0132
28.39606,-0.9895
28.40605,-0.9706
28.41604,-0.9656
28.42603,-0.9479
28.43602,-0.9167
28.44601,-0.9099
28.456,-0.9198
28.46599,-0.9215
28.47598,-0.9125
28.48596,-0.8864
28.49595,-0.8333
28.50594,-0.7623
28.51593,-0.6761
28.52594,-0.5881
28.53594,-0.5121
28.54595,-0.3979
28.55595,-0.4365
28.56596,-0.3838
28.57596,-0.3095
28.58596,-0.241
28.59597,-0.206
28.60597,-0.1916
28.61598,-0.2038
28.62598,-0.219
28.63598,-0.2515
28.64599,-0.2527
28.65599,-0.2569
28.66598,-0.265
28.67598,-0.2732
28.68598,-0.2816
28.69598,-0.2847
28.70597,-0.2958
28.71597,-0.2994
28.72597,-0.315
28.73597,-0.3415
28.74597,-0.379
28.75596,-0.3819
28.76596,-0.369
28.77611,-0.3524
28.78627,-0.3478
28.79642,-0.3584
28.80657,-0.3801
28.81672,-0.3619
28.82687,-0.3834
28.83702,-0.3747
28.84718,-0.3817
28.85733,-0.3717
28.86748,-0.3743
28.87763,-0.426
28.88778,-0.4674
28.89781,-0.5132
28.90771,-0.5867
28.9176,-0.6522
28.92749,-0.7147
28.93739,-0.7604
28.94728,-0.8125
28.95718,-0.8499
28.96707,-0.8977
28.97697,-0.9202
28.98686,-0.9454
28.99676,-0.9669
29.00665,-0.9674
29.01655,-0.9822
29.02658,-1.0088
29.03661,-1.0351
29.04664,-1.0588
29.05667,-1.0678
29.06671,-1.0624
29.07674,-1.0711
29.08677,-1.0699
29.0968,-1.0496
29.10683,-1.0279
29.11687,-1.0011
29.1269,-0.9687
29.13693,-0.9489
29.14695,-0.9108
29.15694,-0.8829
29.16694,-0.8768
29.17693,-0.8797
29.18693,-0.8734
29.19692,-0.8654
29.20692,-0.8809
29.21691,-0.8626
29.22691,-0.826
29.2369,-0.8343
29.2469,-0.8255
29.25689,-0.7911
29.26689,-0.7642
29.27689,-0.7768
29.28689,-0.8491
29.29688,-0.9101
29.30688,-0.9597
29.31688,-0.943
29.32688,-0.9567
29.33688,-0.9347
29.34688,-0.9591
29.35687,-0.9455
29.36687,-0.9338
29.37687,-0.9259
29.38687,-0.9851
29.39685,-1.0132
29.40682,-1.0419
29.41679,-1.0563
29.42676,-1.0398
29.43673,-1.0646
29.44669,-1.1075
29.45666,-1.1831
29.46663,-1.2642
29.47659,-1.3021
29.48656,-1.3174
29.49653,-1.3427
29.5065,-1.3714
29.51646,-1.3999
29.52649,-1.4151
29.53651,-1.445
29.54653,-1.5024
29.55655,-1.5517
29.56657,-1.5399
29.5766,-1.5111
29.58661,-1.4819
29.59664,-1.4749
29.60666,-1.4368
29.61667,-1.4045
29.6267,-1.3695
29.63671,-1.4108
29.64671,-1.4639
29.65667,-1.5032
29.66663,-1.5238
29.67659,-1.5431
29.68656,-1.5407
29.69652,-1.5385
29.70648,-1.4974
29.71644,-1.4554
29.7264,-1.4209
29.73637,-1.3842
29.74633,-1.3242
29.75629,-1.3219
29.76625,-1.2879
29.77629,-1.4071
29.78632,-1.4987
29.79635,-1.5742
29.80638,-1.6329
29.81642,-1.7081
29.82645,-1.7478
29.83648,-1.8115
29.84651,-1.8476
29.85654,-1.8998
29.86657,-1.8958
29.8766,-1.9203
29.88663,-1.9248
29.89669,-1.9311
29.90677,-1.9746
29.91685,-2.0322
29.92693,-2.1129
29.93701,-2.183
29.94709,-2.2571
29.95717,-2.3682
29.96725,-2.5759
29.97733,-2.5586
29.98741,-2.5964
29.99749,-2.6273
30.00757,-2.6286
30.01764,-2.6076
30.02761,-2.6167
30.03757,-2.6464
30.04754,-2.6
30.0575,-2.5565
30.06746,-2.5153
30.07743,-2.4441
30.08739,-2.394
30.09735,-2.5946
30.10732,-2.5649
30.11728,-2.5538
30.12724,-2.5343
30.1372,-2.5303
30.14724,-2.5157
30.15734,-2.4848
30.16744,-2.4922
30.17754,-2.4568
30.18764,-2.4413
30.19773,-2.4809
30.20783,-2.4794
30.21793,-2.474
30.22803,-2.504
30.23813,-2.5213
30.24823,-2.5442
30.25833,-2.5522
30.26843,-2.593
30.27843,-2.6335
30.28843,-2.687
30.29842,-2.7358
30.30842,-2.7533
30.31841,-2.7496
30.32841,-2.7411
30.33841,-2.7048
30.3484,-2.611
30.3584,-2.5257
30.36839,-2.4778
30.37839,-2.3566
30.38839,-2.2175
30.39836,-2.1676
30.4083,-2.0813
30.41824,-2.0205
30.42818,-1.9821
30.43812,-1.9333
30.44806,-1.8883
30.458,-1.8659
30.46794,-1.8239
30.47788,-1.8142
30.48782,-1.7745
30.49776,-1.7259
30.5077,-1.6729
30.51764,-1.5951
30.52763,-1.5491
30.53761,-1.5057
30.54759,-1.4758
30.55757,-1.4522
30.56755,-1.4206
30.57753,-1.3973
30.58751,-1.357
30.59749,-1.3364
30.60747,-1.3179
30.61745,-1.275
30.62743,-1.244
30.63741,-1.2205
30.6474,-1.2188
30.65739,-1.2264
30.66739,-1.2462
30.67739,-1.2758
30.68738,-1.3095
30.69738,-1.3194
30.70738,-1.3106
30.71737,-1.2968
30.72737,-1.2927
30.73737,-1.2951
30.74736,-1.3052
30.75736,-1.3206
30.76736,-1.3348
30.77736,-1.3516
30.78736,-1.3689
30.79736,-1.3678
30.80735,-1.3629
30.81735,-1.3576
30.82735,-1.3537
30.83735,-1.3425
30.84735,-1.314
30.85734,-1.2979
30.86734,-1.2785
30.87734,-1.269
30.88734,-1.2631
30.89734,-1.2763
30.90734,-1.2897
30.91733,-1.3296
30.92733,-1.3797
30.93733,-1.4317
30.94732,-1.4488
30.95732,-1.4505
30.96732,-1.4388
30.97732,-1.4645
30.98732,-1.5043
30.99731,-1.515
31.00731,-1.5283
31.01731,-1.5401
31.02739,-1.4961
31.03746,-1.4463
31.04753,-1.4192
31.05761,-1.4595
31.06768,-1.4418
31.07776,-1.5139
31.08783,-1.4781
31.0979,-1.4045
31.10798,-1.3555
31.11805,-1.2796
31.12813,-1.2004
31.1382,-1.1647
31.14822,-1.129
31.15819,-1.0936
31.16815,-1.0576
31.17812,-1.0157
31.18808,-0.9788
31.19805,-0.9603
31.20801,-0.96
31.21798,-0.972
31.22794,-0.951
31.23791,-0.9333
31.24787,-0.9295
31.25784,-0.9288
31.2678,-0.9319
31.27784,-0.9574
31.28787,-0.9977
31.29791,-1.0317
31.30794,-1.0898
31.31798,-1.1497
31.32801,-1.2343
31.33805,-1.3003
31.34808,-1.3682
31.35811,-1.4353
31.36815,-1.512
31.37818,-1.5895
31.38822,-1.6788
31.39824,-1.7547
31.40823,-1.826
31.41823,-1.8788
31.42822,-1.8959
31.43822,-1.9025
31.44821,-1.9065
31.45821,-1.915
31.4682,-1.9158
31.4782,-1.8876
31.4882,-1.8536
31.49819,-1.818
31.50819,-1.7714
31.51818,-1.7433
31.52818,-1.6746
31.53817,-1.6382
31.54816,-1.6531
31.55815,-1.6727
31.56814,-1.6845
31.57813,-1.6957
31.58813,-1.6966
31.59812,-1.6642
31.60811,-1.6498
31.6181,-1.6266
31.62809,-1.5898
31.63808,-1.5874
31.64808,-1.6139
31.65808,-1.599
31.66807,-1.5891
31.67807,-1.5624
31.68807,-1.5264
31.69806,-1.5037
31.70806,-1.4772
31.71805,-1.4216
31.72805,-1.3269
31.73805,-1.2715
31.74804,-1.2239
31.75804,-1.3421
31.76804,-1.3881
31.77804,-1.4796
31.78804,-1.516
31.79805,-1.4619
31.80805,-1.336
31.81805,-1.2502
31.82806,-1.248
31.83806,-1.3043
31.84806,-1.2937
31.85807,-1.3447
31.86807,-1.4153
31.87807,-1.4177
31.88808,-1.6117
31.8981,-1.6761
31.90815,-1.6656
31.91819,-1.6067
31.92824,-1.5356
31.93828,-1.4541
31.94832,-1.4126
31.95837,-1.4301
31.96841,-1.4671
31.97845,-1.5051
31.9885,-1.5249
31.99854,-1.5253
32.00859,-1.5498
32.01863,-1.5606
32.02862,-1.5718
32.03859,-1.6529
32.04856,-1.7818
32.05853,-1.8903
32.06849,-1.9569
32.07846,-1.9777
32.08843,-1.9641
32.0984,-1.9285
32.10836,-1.8698
32.11833,-1.8062
32.1283,-1.7894
32.13827,-1.7819
32.14826,-1.7905
32.15828,-1.782
32.16829,-1.7721
32.17831,-1.7365
32.18833,-1.7276
32.19835,-1.6988
32.20836,-1.6616
32.21838,-1.6426
32.22839,-1.6113
32.23841,-1.5802
32.24843,-1.5569
32.25845,-1.5078
32.26846,-1.4725
32.27854,-1.4249
32.28861,-1.4194
32.29869,-1.4299
32.30876,-1.4341
32.31883,-1.4391
32.3289,-1.4203
32.33898,-1.3915
32.34905,-1.3867
32.35912,-1.3678
32.3692,-1.3494
32.37927,-1.3468
32.38934,-1.3546
32.39936,-1.3545
32.40932,-1.3475
32.41928,-1.3419
32.42923,-1.3338
32.43919,-1.3094
32.44915,-1.2889
32.4591,-1.2706
32.46906,-1.2667
32.47902,-1.2769
32.48898,-1.2884
32.49893,-1.3031
32.50889,-1.3138
32.51884,-1.3288
32.52888,-1.3454
32.53891,-1.3605
32.54895,-1.3952
32.55898,-1.4547
32.56902,-1.5032
32.57905,-1.5148
32.58909,-1.5589
32.59912,-1.5942
32.60915,-1.5863
32.61919,-1.5772
32.62922,-1.5953
32.63926,-1.5991
32.64927,-1.6069
32.65923,-1.5925
32.66919,-1.5766
32.67914,-1.5712
32.68909,-1.5886
32.69905,-1.6157
32.709,-1.6186
32.71896,-1.6087
32.72891,-1.6107
32.73887,-1.6023
32.74883,-1.582
32.75878,-1.5761
32.76873,-1.5807
32.77872,-1.6014
32.78869,-1.6003
32.79867,-1.6057
32.80865,-1.6058
32.81863,-1.6034
32.82861,-1.5841
32.83858,-1.5742
32.84856,-1.5656
32.85854,-1.5523
32.86852,-1.5547
32.8785,-1.5549
32.88848,-1.5707
32.89849,-1.5502
32.90853,-1.5366
32.91858,-1.4941
32.92862,-1.5363
32.93866,-1.5567
32.9487,-1.5518
32.95874,-1.5997
32.96879,-1.5528
32.97883,-1.4779
32.98887,-1.4625
32.99892,-1.4562
33.00896,-1.6863
33.019,-1.6984
33.02895,-1.7726
33.0389,-1.8044
33.04885,-1.7951
33.05879,-1.6081
33.06874,-1.4471
33.07869,-1.3598
33.08863,-1.274
33.09858,-1.1705
33.10852,-1.1545
33.11847,-1.2063
33.12842,-1.2536
33.13836,-1.3134
33.14833,-1.4198
33.15833,-1.5296
33.16832,-1.6325
33.17831,-1.7217
33.1883,-1.7832
33.1983,-1.8243
33.20829,-1.8453
33.21828,-1.8643
33.22827,-1.8945
33.23827,-1.9268
33.24826,-1.9617
33.25825,-1.9899
33.26824,-2.0346
33.27835,-2.0517
33.28845,-2.0652
33.29856,-2.1039
33.30866,-2.1269
33.31877,-2.1435
33.32887,-2.1466
33.33898,-2.1251
33.34908,-2.1071
33.35919,-2.0824
33.36929,-2.0469
33.3794,-2.0107
33.3895,-2.0052
33.39957,-1.9707
33.40961,-1.9795
33.41965,-1.9807
33.42968,-1.9706
33.43972,-1.9562
33.44975,-1.9433
33.45979,-1.9154
33.46983,-1.8988
33.47986,-1.8936
33.4899,-1.8923
33.49993,-1.9457
33.50997,-1.9724
33.52,-1.9867
33.52993,-1.9887
33.53984,-1.976
33.54976,-1.9402
33.55968,-1.8891
33.5696,-1.868
33.57951,-1.85
33.58943,-1.8262
33.59935,-1.7706
33.60926,-1.7325
33.61918,-1.6897
33.6291,-1.6497
33.63902,-1.6441
33.64898,-1.6559
33.65897,-1.6093
33.66897,-1.5312
33.67897,-1.5449
33.68896,-1.5099
33.69896,-1.5857
33.70896,-1.6032
33.71896,-1.5637
33.72895,-1.6093
33.73895,-1.6097
33.74895,-1.5929
33.75894,-1.6014
33.76894,-1.5918
33.77897,-1.4934
33.78901,-1.462
33.79903,-1.6224
33.80906,-1.6011
33.8191,-1.5646
33.82912,-1.545
33.83915,-1.5891
33.84919,-1.632
33.85921,-1.6402
33.86925,-1.6293
33.87928,-1.6844
33.88931,-1.7876
33.89934,-1.8846
33.90935,-1.9468
33.91935,-1.9842
33.92936,-2.0185
33.93937,-2.0161
33.94937,-2.0153
33.95938,-1.97
33.96938,-1.906
33.97939,-1.8841
33.9894,-1.8851
33.9994,-1.9021
34.00941,-1.8993
34.01941,-1.8958
34.02939,-1.878
34.03936,-1.8797
34.04933,-1.8695
34.0593,-1.8316
34.06927,-1.8096
34.07924,-1.7856
34.08921,-1.7798
34.09918,-1.8035
34.10915,-1.8431
34.11912,-1.8664
34.12909,-1.8892
34.13906,-1.8823
34.14911,-1.8817
34.15919,-1.8637
34.16928,-1.8645
34.17937,-1.835
34.18946,-1.8405
34.19955,-1.8495
34.20964,-1.8652
34.21973,-1.8648
34.22982,-1.8592
34.2399,-1.8327
34.24999,-1.8136
34.26008,-1.789
34.27017,-1.7719
34.28009,-1.7557
34.29002,-1.7444
34.29994,-1.7582
34.30986,-1.7825
34.31979,-1.8269
34.32972,-1.8928
34.33964,-1.9756
34.34956,-2.0665
34.35949,-2.1248
34.36942,-2.1711
34.37934,-2.1723
34.38926,-2.1247
34.39927,-2.1039
34.40934,-2.0939
34.4194,-2.0917
34.42947,-2.094
34.43954,-2.0923
34.44961,-2.0822
34.45968,-2.0853
34.46975,-2.0725
34.47982,-2.0768
34.48989,-2.0794
34.49996,-2.0631
34.51003,-2.0437
34.5201,-2.0208
34.53009,-2.0286
34.54008,-2.0368
34.55007,-2.0477
34.56006,-2.0627
34.57005,-2.0818
34.58004,-2.0882
34.59002,-2.0859
34.60001,-2.0711
34.61,-2.0696
34.61999,-2.0384
34.62998,-2.0096
34.63997,-1.9574
34.64997,-1.9358
34.65996,-1.9112
34.66995,-1.8603
34.67995,-1.777
34.68994,-1.6964
34.69994,-1.7303
34.70993,-1.755
34.71992,-1.7947
34.72992,-1.8374
34.73991,-1.8228
34.7499,-1.7936
34.7599,-1.7514
34.76989,-1.7232
34.77991,-1.7915
34.78992,-1.7193
34.79993,-1.8678
34.80995,-2.002
34.81997,-2.0559
34.82998,-2.0309
34.83999,-2.2054
34.85001,-2.0991
34.86002,-2.0437
34.87004,-2.1436
34.88005,-2.1494
34.89006,-2.1521
34.90009,-2.1413
34.91012,-2.1194
34.92015,-2.1328
34.93018,-2.1555
34.94022,-2.1423
34.95024,-2.1365
34.96028,-2.1195
34.97031,-2.1471
34.98034,-2.1421
34.99038,-2.1472
35.0004,-2.1975
35.01044,-2.2896
35.02047,-2.3813
35.03043,-2.4549
35.04039,-2.4874
35.05035,-2.5091
35.0603,-2.5265
35.07026,-2.5477
35.08022,-2.5549
35.09018,-2.5648
35.10014,-2.567
35.11009,-2.5644
35.12005,-2.544
35.13001,-2.5176
35.13997,-2.5098
35.14996,-2.4872
35.15996,-2.4825
35.16995,-2.5079
35.17995,-2.5171
35.18994,-2.5261
35.19994,-2.5251
35.20993,-2.5199
35.21992,-2.5299
35.22992,-2.5263
35.23992,-2.5409
35.24991,-2.5457
35.25991,-2.5861
35.2699,-2.5991
35.27992,-2.589
35.28992,-2.6159
35.29992,-2.6687
35.30992,-2.7245
35.31992,-2.7546
35.32992,-2.7598
35.33992,-2.7384
35.34992,-2.7209
35.35992,-2.7285
35.36992,-2.7195
35.37992,-2.7009
35.38992,-2.6828
35.39993,-2.6464
35.40991,-2.6121
35.41989,-2.5964
35.42987,-2.5655
35.43985,-2.5303
35.44983,-2.495
35.4598,-2.485
35.46978,-2.4603
35.47976,-2.4268
35.48974,-2.3773
35.49972,-2.3495
35.5097,-2.3415
35.51968,-2.3325
35.52977,-2.2221
35.53986,-2.1671
35.54995,-2.0328
35.56004,-2.0674
35.57013,-1.9833
35.58021,-1.8359
35.5903,-1.6451
35.60039,-1.5251
35.61048,-1.4605
35.62057,-1.4636
35.63066,-1.4875
35.64075,-1.5649
35.65079,-1.6595
35.66077,-1.7469
35.67076,-1.7907
35.68075,-1.7975
35.69073,-1.7996
35.70072,-1.8063
35.7107,-1.8082
35.72069,-1.7709
35.73068,-1.734
35.74067,-1.6965
35.75065,-1.6937
35.76064,-1.6932
35.77062,-1.6912
35.78063,-1.697
35.79063,-1.6981
35.80064,-1.7182
35.81064,-1.7399
35.82064,-1.8579
35.83065,-1.9892
35.84065,-2.0105
35.85065,-1.9736
35.86065,-1.9234
35.87066,-1.8746
35.88066,-1.8561
35.89066,-1.8364
35.90065,-1.8173
35.91064,-1.8175
35.92062,-1.8107
35.9306,-1.8158
35.94058,-1.8209
35.95056,-1.8234
35.96054,-1.8324
35.97052,-1.8315
35.9805,-1.8345
35.99049,-1.8384
36.00047,-1.8384
36.01045,-1.8267
36.02043,-1.821
36.03042,-1.8152
36.04041,-1.8223
36.05039,-1.828
36.06038,-1.8291
36.07037,-1.8121
36.08035,-1.8213
36.09034,-1.8293
36.10033,-1.8269
36.11031,-1.8193
36.1203,-1.7965
36.13028,-1.784
36.14027,-1.7688
36.15026,-1.7514
36.16027,-1.7309
36.17027,-1.6986
36.18027,-1.6752
36.19027,-1.6412
36.20027,-1.6046
36.21027,-1.5626
36.22027,-1.5313
36.23027,-1.5007
36.24027,-1.4655
36.25027,-1.4431
36.26027,-1.4359
36.27028,-1.4492
36.28029,-1.4595
36.29029,-1.4723
36.30028,-1.5053
36.31028,-1.5294
36.32027,-1.5857
36.33027,-1.6421
36.34026,-1.6763
36.35025,-1.6745
36.36024,-1.6453
36.37024,-1.621
36.38023,-1.6023
36.39023,-1.5977
36.40023,-1.6389
36.41022,-1.6774
36.42022,-1.7111
36.43021,-1.723
36.44021,-1.738
36.45021,-1.7405
36.46021,-1.7294
36.4702,-1.7155
36.4802,-1.689
36.49019,-1.6709
36.50019,-1.6437
36.51019,-1.6217
36.52018,-1.5557
36.53018,-1.4817
36.54016,-1.4054
36.55016,-1.3582
36.56015,-1.3342
36.57013,-1.2995
36.58012,-1.3251
36.59011,-1.4072
36.60011,-1.3824
36.61009,-1.4669
36.62008,-1.4863
36.63007,-1.424
36.64006,-1.3202
36.65011,-1.169
36.66021,-1.0386
36.67031,-1.0522
36.68041,-1.2962
36.69051,-1.3516
36.70061,-1.2877
36.71072,-1.2665
36.72081,-1.3014
36.73092,-1.4598
36.74102,-1.4823
36.75112,-1.5192
36.76122,-1.4944
36.77132,-1.4713
36.78141,-1.4779
36.79149,-1.5196
36.80157,-1.5535
36.81166,-1.6112
36.82174,-1.6972
36.83182,-1.7922
36.8419,-1.8796
36.85199,-1.9393
36.86207,-2.0026
36.87215,-2.0348
36.88223,-2.0647
36.89231,-2.0909
36.90236,-2.106
36.91235,-2.1347
36.92235,-2.1658
36.93235,-2.1913
36.94234,-2.2072
36.95234,-2.2354
36.96233,-2.2405
36.97233,-2.2446
36.98232,-2.2859
36.99232,-2.2675
37.00231,-2.2416
37.01231,-2.2407
37.0223,-2.2335
37.03225,-2.245
37.0422,-2.279
37.05214,-2.281
37.06208,-2.2913
37.07203,-2.2771
37.08197,-2.2538
37.09192,-2.218
37.10186,-2.191
37.1118,-2.1764
37.12175,-2.1843
37.13169,-2.1953
37.14164,-2.2119
37.1516,-2.2058
37.16158,-2.196
37.17155,-2.1657
37.18154,-2.1439
37.19152,-2.147
37.2015,-2.1442
37.21148,-2.1318
37.22146,-2.0857
37.23144,-2.0089
37.24142,-1.9355
37.2514,-1.8715
37.26138,-1.8565
37.27136,-1.7972
37.28143,-1.861
37.29149,-1.9141
37.30155,-1.8701
37.31161,-1.9299
37.32167,-1.9124
37.33174,-1.9808
37.3418,-1.994
37.35186,-2.0067
37.36193,-1.9217
37.37199,-1.7019
37.38205,-1.4708
37.39212,-1.4119
37.40216,-1.6632
37.41216,-1.9724
37.42215,-1.8612
37.43215,-1.7603
37.44215,-1.7124
37.45214,-1.6947
37.46214,-1.7175
37.47214,-1.753
37.48214,-1.8173
37.49213,-1.9264
37.50213,-2.0152
37.51213,-2.1081
37.52213,-2.1932
37.53201,-2.251
37.5419,-2.3034
37.55179,-2.3232
37.56168,-2.3372
37.57156,-2.3436
37.58145,-2.3512
37.59134,-2.376
37.60123,-2.3895
37.61111,-2.3976
37.621,-2.4141
37.63089,-2.4156
37.64078,-2.4343
37.65072,-2.4443
37.66072,-2.4523
37.67072,-2.438
37.68071,-2.4173
37.69071,-2.4157
37.70071,-2.4184
37.71071,-2.4099
37.7207,-2.4108
37.7307,-2.399
37.7407,-2.3861
37.7507,-2.3817
37.76069,-2.3499
37.77069,-2.3369
37.78082,-2.3258
37.79094,-2.3129
37.80106,-2.2906
37.81118,-2.2689
37.8213,-2.2626
37.83142,-2.2814
37.84155,-2.2861
37.85167,-2.3004
37.86179,-2.2769
37.87191,-2.2634
37.88203,-2.266
37.89215,-2.2449
37.90221,-2.2404
37.9122,-2.2094
37.92219,-2.1762
37.93218,-2.1711
37.94217,-2.1659
37.95216,-2.1648
37.96215,-2.1631
37.97214,-2.1235
37.98212,-2.0368
37.99212,-1.9833
38.00211,-1.9727
38.01209,-1.9717
38.02208,-1.9023
38.03208,-1.9091
38.04208,-1.8706
38.05207,-1.8575
38.06207,-1.8323
38.07206,-1.7794
38.08205,-1.7765
38.09205,-1.7494
38.10205,-1.6577
38.11204,-1.585
38.12204,-1.4772
38.13203,-1.3902
38.14202,-1.328
38.15202,-1.3031
38.16202,-1.3227
38.17202,-1.3846
38.18201,-1.5202
38.19201,-1.6835
38.202,-1.8352
38.212,-1.9412
38.22199,-2.0127
38.23199,-2.0656
38.24199,-2.1038
38.25198,-2.1318
38.26198,-2.139
38.27197,-2.1327
38.28204,-2.1374
38.2921,-2.1396
38.30216,-2.1581
38.31223,-2.1907
38.32229,-2.2236
38.33235,-2.2436
38.34241,-2.2413
38.35247,-2.2477
38.36254,-2.2648
38.3726,-2.2717
38.38266,-2.2668
38.39272,-2.2521
38.40272,-2.2211
38.41264,-2.2108
38.42257,-2.2219
38.4325,-2.2709
38.44242,-2.3271
38.45235,-2.3728
38.46227,-2.4116
38.4722,-2.4062
38.48212,-2.2974
38.49205,-2.1575
38.50198,-2.0654
38.5119,-1.994
38.52183,-1.9696
38.5318,-1.9361
38.54177,-1.9053
38.55174,-1.8968
38.56171,-1.8827
38.57168,-1.8736
38.58165,-1.8581
38.59163,-1.8507
38.6016,-1.8519
38.61157,-1.8611
38.62154,-1.8567
38.63151,-1.8612
38.64148,-1.8761
38.65147,-1.892
38.66146,-1.9024
38.67146,-1.9095
38.68145,-1.9285
38.69144,-1.9364
38.70144,-1.9408
38.71144,-1.9304
38.72143,-1.9134
38.73143,-1.893
38.74142,-1.8661
38.75142,-1.8532
38.76141,-1.8303
38.7714,-1.8187
38.78152,-1.8105
38.79163,-1.7895
38.80173,-1.7555
38.81184,-1.7224
38.82195,-1.6847
38.83206,-1.6431
38.84217,-1.5913
38.85228,-1.5537
38.86239,-1.5406
38.8725,-1.5405
38.88261,-1.5712
38.89272,-1.6038
38.90277,-1.6289
38.91276,-1.6516
38.92275,-1.6675
38.93274,-1.6904
38.94273,-1.72
38.95272,-1.7448
38.96272,-1.776
38.97271,-1.7965
38.9827,-1.8469
38.99269,-1.874
39.00268,-1.8874
39.01267,-1.9113
39.02266,-1.9314
39.03267,-1.9343
39.04268,-1.9282
39.05268,-1.9273
39.06269,-1.9204
39.07269,-1.9072
39.0827,-1.9393
39.0927,-1.9728
39.10271,-1.9969
39.11272,-1.9974
39.12272,-1.9995
39.13273,-2.0222
39.14273,-2.028
39.15272,-2.0398
39.16268,-2.0335
39.17264,-2.0109
39.1826,-1.9817
39.19256,-1.9525
39.20252,-1.9091
39.21248,-1.8823
39.22244,-1.8589
39.2324,-1.8528
39.24237,-1.813
39.25233,-1.7808
39.26229,-1.7308
39.27225,-1.6755
39.28225,-1.651
39.29224,-1.5815
39.30223,-1.5662
39.31223,-1.5555
39.32223,-1.5016
39.33222,-1.4427
39.34222,-1.4111
39.35221,-1.5259
39.36221,-1.6484
39.3722,-1.6854
39.3822,-1.7824
39.39219,-1.8021
39.40221,-1.8364
39.41222,-1.9303
39.42223,-1.9834
39.43224,-1.9791
39.44225,-1.9236
39.45226,-1.7834
39.46227,-1.7732
39.47229,-1.958
39.4823,-2.0975
39.49231,-2.1903
39.50232,-2.2193
39.51233,-2.2338
39.52234,-2.2667
39.53242,-2.3122
39.54251,-2.3723
39.5526,-2.4208
39.56268,-2.4602
39.57277,-2.4891
39.58285,-2.5136
39.59294,-2.5236
39.60302,-2.5275
39.61311,-2.5472
39.62319,-2.5599
39.63328,-2.5784
39.64336,-2.6061
39.65335,-2.6238
39.66324,-2.6104
39.67313,-2.618
39.68302,-2.6035
39.69291,-2.6042
39.7028,-2.5465
39.71268,-2.5341
39.72258,-2.51
39.73246,-2.4899
39.74236,-2.467
39.75224,-2.4611
39.76213,-2.4578
39.77202,-2.4717
39.78203,-2.4812
39.79203,-2.5055
39.80203,-2.5223
39.81203,-2.5277
39.82203,-2.5462
39.83203,-2.5343
39.84203,-2.5204
39.85203,-2.5175
39.86203,-2.4536
39.87203,-2.3876
39.88203,-2.3555
39.89203,-2.3416
39.90209,-2.3197
39.91219,-2.3006
39.92229,-2.2884
39.93239,-2.2697
39.94249,-2.2575
39.95259,-2.2503
39.96268,-2.2358
39.97279,-2.2148
39.98289,-2.2131
39.99298,-2.2275
40.00309,-2.2403
40.01318,-2.2315
40.02328,-2.1947
40.03326,-2.1247
40.04324,-2.0747
40.05322,-2.053
40.06319,-2.066
40.07317,-2.0109
40.08314,-2.005
40.09312,-2.0343
40.1031,-1.9459
40.11307,-1.8893
40.12305,-1.9792
40.13302,-2.057
40.143,-2.058
40.15303,-2.0393
40.16312,-1.9807
40.17321,-1.8802
40.18329,-1.8344
40.19338,-1.7773
40.20347,-1.6838
40.21355,-1.6119
40.22364,-1.6182
40.23373,-1.6829
40.24382,-1.8358
40.2539,-2.0235
40.26399,-2.2087
40.27408,-2.3683
40.28399,-2.508
40.2939,-2.618
40.30381,-2.7001
40.31372,-2.7508
40.32363,-2.7887
40.33354,-2.8012
40.34345,-2.8267
40.35336,-2.838
40.36327,-2.8345
40.37318,-2.8318
40.38309,-2.8423
40.393,-2.8619
40.40297,-2.8748
40.41299,-2.8844
40.42302,-2.8826
40.43305,-2.8976
40.44308,-2.9146
40.45311,-2.9129
40.46313,-2.9263
40.47316,-2.9091
40.48319,-2.9368
40.49322,-2.9442
40.50325,-2.9511
40.51327,-2.9388
40.5233,-2.9257
40.53336,-2.8992
40.54342,-2.8907
40.55347,-2.8547
40.56353,-2.8362
40.57359,-2.8375
40.58364,-2.8318
40.5937,-2.795
40.60375,-2.7452
40.61381,-2.7297
40.62387,-2.732
40.63392,-2.7489
40.64398,-2.7385
40.65397,-2.7465
40.66387,-2.748
40.67377,-2.7322
40.68367,-2.6931
40.69357,-2.6632
40.70347,-2.6301
40.71337,-2.5891
40.72327,-2.5646
40.73317,-2.52
40.74307,-2.4537
40.75297,-2.3935
40.76287,-2.3131
40.77277,-2.2195
40.78281,-2.1478
40.79283,-2.0531
40.80286,-1.9492
40.81288,-1.8165
40.82291,-1.8506
40.83294,-1.7768
40.84296,-1.7276
40.85299,-1.7208
40.86301,-2.0758
40.87304,-2.1763
40.88306,-2.1946
40.89309,-2.224
40.9031,-2.1938
40.91311,-2.2854
40.92312,-2.2078
40.93312,-2.1213
40.94313,-2.1628
40.95314,-2.0934
40.96314,-2.0654
40.97315,-2.0522
40.98315,-2.0352
40.99316,-1.9664
41.00317,-1.8878
41.01317,-1.8592
41.02318,-1.896
41.03325,-1.9772
41.0433,-2.137
41.05336,-2.2957
41.06342,-2.4164
41.07348,-2.5232
41.08354,-2.5958
41.0936,-2.6529
41.10365,-2.694
41.11371,-2.7147
41.12377,-2.7512
41.13383,-2.7883
41.14389,-2.8217
41.15393,-2.8541
41.16393,-2.8961
41.17394,-2.9178
41.18395,-2.9074
41.19396,-2.9194
41.20397,-2.9049
41.21397,-2.8806
41.22398,-2.8629
41.23399,-2.8457
41.244,-2.8632
41.25401,-2.8744
41.26402,-2.88
41.27402,-2.8772
41.28402,-2.8763
41.29401,-2.8675
41.304,-2.8612
41.314,-2.8397
41.32399,-2.7965
41.33398,-2.7758
41.34397,-2.7415
41.35396,-2.728
41.36396,-2.7156
41.37395,-2.7217
41.38394,-2.7031
41.39393,-2.6649
41.40393,-2.6832
41.41392,-2.7002
41.42391,-2.706
41.4339,-2.6875
41.44389,-2.7222
41.45388,-2.7095
41.46387,-2.6767
41.47386,-2.6534
41.48386,-2.6424
41.49385,-2.6254
41.50384,-2.5945
41.51383,-2.5567
41.52382,-2.5154
41.5338,-2.4613
41.54378,-2.4094
41.55376,-2.3153
41.56375,-2.2268
41.57373,-2.1158
41.58371,-1.9513
41.5937,-1.7651
41.60368,-1.6051
41.61366,-1.5213
41.62365,-1.5053
41.63363,-1.5269
41.64361,-1.605
41.65362,-1.7052
41.6636,-1.7817
41.67358,-1.8294
41.68356,-1.8499
41.69354,-1.8947
41.70352,-1.9165
41.7135,-1.8557
41.72348,-1.7668
41.73346,-1.6856
41.74344,-1.6439
41.75343,-1.6047
41.7634,-1.5763
41.77338,-1.5705
41.78339,-1.5736
41.7934,-1.6033
41.80341,-1.6822
41.81341,-1.7745
41.82342,-1.8501
41.83343,-1.904
41.84343,-1.9551
41.85344,-1.9722
41.86345,-1.99
41.87346,-2.0251
41.88346,-2.0455
41.89347,-2.0617
41.90348,-2.0772
41.9135,-2.0975
41.92352,-2.1262
41.93354,-2.1332
41.94356,-2.1526
41.95358,-2.1542
41.9636,-2.1704
41.97362,-2.1605
41.98363,-2.1314
41.99366,-2.0969
42.00367,-2.0732
42.01369,-2.0693
42.02371,-2.0516
42.03379,-2.0179
42.04385,-1.9783
42.05392,-1.9566
42.06399,-1.9422
42.07406,-1.9203
42.08413,-1.9041
42.09419,-1.8615
42.10426,-1.8351
42.11433,-1.7896
42.12439,-1.7437
42.13446,-1.6909
42.14453,-1.6398
42.15457,-1.5884
42.16459,-1.5229
42.17461,-1.451
42.18462,-1.4306
42.19464,-1.4166
42.20465,-1.3739
42.21467,-1.3053
42.22469,-1.2074
42.23471,-1.0919
42.24472,-0.9762
42.25474,-0.9583
42.26476,-0.9925
42.27477,-1.4984
42.28477,-2.0079
42.29476,-2.0773
42.30475,-2.1374
42.31475,-2.1958
42.32474,-2.1345
42.33473,-2.0988
42.34473,-2.0417
42.35472,-1.836
42.36471,-1.5519
42.37471,-1.4567
42.3847,-1.4407
42.39469,-1.4805
42.40469,-1.6147
42.41468,-1.7566
42.42467,-1.9498
42.43465,-2.1159
42.44464,-2.2682
42.45463,-2.3843
42.46462,-2.4667
42.47461,-2.5205
42.4846,-2.5628
42.49459,-2.5805
42.50457,-2.554
42.51456,-2.5228
42.52455,-2.5051
42.5346,-2.4966
42.54464,-2.4929
42.55469,-2.4611
42.56473,-2.4553
42.57478,-2.4516
42.58482,-2.4718
42.59487,-2.4746
42.60491,-2.5027
42.61496,-2.5134
42.625,-2.5542
42.63504,-2.5673
42.64509,-2.572
42.65508,-2.5901
42.665,-2.5828
42.67492,-2.5688
42.68484,-2.5653
42.69477,-2.5495
42.70469,-2.5393
42.71461,-2.544
42.72454,-2.5379
42.73446,-2.5361
42.74438,-2.5363
42.75431,-2.5361
42.76423,-2.5178
42.77415,-2.4378
42.78418,-2.3924
42.79419,-2.3313
42.8042,-2.3091
42.8142,-2.2719
42.82421,-2.2494
42.83421,-2.241
42.84422,-2.2265
42.85423,-2.1972
42.86423,-2.1688
42.87424,-2.1498
42.88425,-2.158
42.89425,-2.1663
42.90429,-2.1527
42.91431,-2.1313
42.92434,-2.0814
42.93436,-2.0156
42.94439,-1.93
42.95441,-1.8353
42.96444,-1.7442
42.97446,-1.6212
42.98449,-1.5256
42.99452,-1.4404
43.00454,-1.3991
43.01457,-1.3747
43.02459,-1.3503
43.03464,-1.408
43.04468,-1.4716
43.05472,-1.7495
43.06476,-2.0914
43.0748,-2.0501
43.08484,-2.1659
43.09488,-2.2076
43.10492,-2.2356
43.11496,-2.1815
43.125,-2.0912
43.13504,-1.9653
43.14508,-1.6985
43.15512,-1.5102
43.16514,-1.4317
43.17516,-1.4041
43.18518,-1.4663
43.19521,-1.5727
43.20523,-1.7892
43.21525,-2.0003
43.22527,-2.1823
43.23529,-2.3169
43.24532,-2.4257
43.25534,-2.5103
43.26536,-2.5626
43.27538,-2.5918
43.28536,-2.6077
43.29534,-2.6094
43.30532,-2.6074
43.3153,-2.6074
43.32528,-2.6112
43.33526,-2.6083
43.34524,-2.5981
43.35522,-2.6079
43.3652,-2.613
43.37518,-2.6112
43.38516,-2.629
43.39514,-2.6214
43.40514,-2.6507
43.41514,-2.6786
43.42514,-2.697
43.43514,-2.7061
43.44514,-2.7116
43.45515,-2.6928
43.46515,-2.6852
43.47515,-2.6822
43.48516,-2.6835
43.49516,-2.6575
43.50517,-2.6381
43.51517,-2.6514
43.52517,-2.5924
43.53519,-2.5679
43.54519,-2.5632
43.55519,-2.5581
43.56519,-2.5165
43.5752,-2.4762
43.5852,-2.4244
43.5952,-2.3811
43.6052,-2.3774
43.6152,-2.396
43.6252,-2.4155
43.6352,-2.4069
43.64521,-2.3719
43.65521,-2.3533
43.66518,-2.337
43.67514,-2.3351
43.68511,-2.2794
43.69507,-2.2147
43.70504,-2.1688
43.715,-2.1181
43.72497,-2.0067
43.73493,-2.0896
43.7449,-2.0882
43.75486,-2.0416
43.76483,-2.1242
43.7748,-2.1866
43.78479,-2.2162
43.79478,-2.2124
43.80477,-2.1848
43.81476,-2.1981
43.82475,-2.2518
43.83474,-2.2762
43.84473,-2.2578
43.85471,-2.2402
43.8647,-2.247
43.87469,-2.2572
43.88468,-2.2623
43.89467,-2.3342
43.90469,-2.4168
43.91472,-2.5186
43.92475,-2.5854
43.93479,-2.6132
43.94482,-2.6451
43.95485,-2.6685
43.96489,-2.6895
43.97492,-2.7077
43.98495,-2.7306
43.99499,-2.7389
44.00502,-2.7329
44.01506,-2.7198
44.02509,-2.6878
44.03507,-2.6449
44.04504,-2.6343
44.05502,-2.618
44.06499,-2.5891
44.07496,-2.5363
44.08494,-2.5202
44.09491,-2.4941
44.10488,-2.4599
44.11486,-2.4413
44.12483,-2.3763
44.1348,-2.2954
44.14478,-2.2475
44.15476,-2.1508
44.16476,-2.085
44.17476,-2.085
44.18476,-2.0133
44.19476,-1.9702
44.20475,-1.9107
44.21475,-1.8525
44.22475,-1.834
44.23475,-1.7927
44.24475,-1.7793
44.25475,-1.7497
44.26474,-1.6801
44.27474,-1.6185
44.28483,-1.5763
44.29491,-1.5509
44.305,-1.5448
44.31508,-1.5494
44.32516,-1.5586
44.33525,-1.5568
44.34533,-1.5572
44.35542,-1.5508
44.3655,-1.5389
44.37558,-1.5139
44.38567,-1.4806
44.39575,-1.4602
44.4058,-1.4359
44.41583,-1.4123
44.42585,-1.4021
44.43587,-1.3747
44.4459,-1.3596
44.45592,-1.3492
44.46595,-1.3453
44.47597,-1.3482
44.48599,-1.3345
44.49601,-1.3244
44.50604,-1.3196
44.51606,-1.301
44.52608,-1.295
44.53607,-1.304
44.54605,-1.3191
44.55603,-1.3122
44.56601,-1.3114
44.57599,-1.2979
44.58598,-1.2765
44.59595,-1.2738
44.60593,-1.2677
44.61592,-1.2667
44.6259,-1.2868
44.63588,-1.3419
44.64586,-1.3701
44.65585,-1.4153
44.66584,-1.4122
44.67584,-1.402
44.68583,-1.3719
44.69582,-1.3495
44.70582,-1.3451
44.71581,-1.3391
44.72581,-1.3416
44.7358,-1.3499
44.7458,-1.3609
44.75579,-1.3774
44.76579,-1.3923
44.77578,-1.3898
44.78579,-1.3713
44.7958,-1.3512
44.80582,-1.3395
44.81583,-1.3352
44.82584,-1.3364
44.83585,-1.3415
44.84586,-1.3594
44.85587,-1.3849
44.86588,-1.411
44.87589,-1.4355
44.8859,-1.4381
44.89592,-1.4435
44.90591,-1.4456
44.91587,-1.4421
44.92584,-1.4619
44.93581,-1.4568
44.94577,-1.4581
44.95574,-1.4563
44.96571,-1.4549
44.97567,-1.4645
44.98564,-1.4616
44.9956,-1.4462
45.00557,-1.4429
45.01553,-1.4531
45.0255,-1.4693
45.03554,-1.4652
45.04557,-1.4577
45.0556,-1.4621
45.06564,-1.4649
45.07567,-1.4502
45.0857,-1.4049
45.09574,-1.3608
45.10577,-1.3404
45.1158,-1.3192
45.12584,-1.3235
45.13587,-1.3263
45.1459,-1.3373
45.15591,-1.3459
45.1659,-1.3691
45.17588,-1.3835
45.18586,-1.3971
45.19584,-1.3985
45.20583,-1.4085
45.21581,-1.3888
45.22579,-1.3857
45.23577,-1.3778
45.24576,-1.3512
45.25574,-1.3305
45.26572,-1.3108
45.27571,-1.3073
45.2857,-1.3019
45.29569,-1.3024
45.30568,-1.3039
45.31567,-1.3023
45.32566,-1.2897
45.33565,-1.2769
45.34565,-1.265
45.35564,-1.2555
45.36563,-1.2498
45.37562,-1.2427
45.38561,-1.2316
45.3956,-1.2263
45.40563,-1.2156
45.41568,-1.2353
45.42574,-1.2328
45.43579,-1.2326
45.44585,-1.2295
45.4559,-1.2343
45.46596,-1.2628
45.47601,-1.2785
45.48607,-1.2839
45.49612,-1.3013
45.50618,-1.3056
45.51623,-1.3101
45.52629,-1.3042
45.5364,-1.3199
45.5465,-1.325
45.55661,-1.3505
45.56671,-1.3641
45.57681,-1.3335
45.58692,-1.3219
45.59702,-1.325
45.60712,-1.3205
45.61723,-1.318
45.62733,-1.3079
45.63744,-1.299
45.64754,-1.2866
45.65754,-1.2781
45.66743,-1.2771
45.67732,-1.2711
45.68721,-1.2709
45.69709,-1.2697
45.70699,-1.2816
45.71687,-1.2957
45.72676,-1.3249
45.73665,-1.3388
45.74654,-1.3385
45.75643,-1.3316
45.76632,-1.3186
45.77621,-1.3073
45.78622,-1.3138
45.79623,-1.3092
45.80624,-1.3041
45.81625,-1.2988
45.82625,-1.3087
45.83626,-1.3109
45.84627,-1.2974
45.85628,-1.2808
45.86629,-1.2711
45.8763,-1.2639
45.8863,-1.2574
45.89631,-1.2338
45.90633,-1.2224
45.91632,-1.2147
45.9263,-1.1946
45.93629,-1.1815
45.94627,-1.1891
45.95626,-1.1904
45.96625,-1.187
45.97623,-1.1743
45.98622,-1.1615
45.99621,-1.1549
46.0062,-1.139
46.01618,-1.1241
46.02617,-1.1147
46.0362,-1.0997
46.04623,-1.0884
46.05626,-1.0753
46.06628,-1.0699
46.07631,-1.0654
46.08634,-1.0731
46.09637,-1.0786
46.1064,-1.0701
46.11642,-1.0433
46.12645,-1.0264
46.13648,-0.997
46.14651,-0.9756
46.15651,-0.9704
46.16647,-0.977
46.17643,-0.977
46.18639,-0.9683
46.19635,-0.9728
46.20632,-0.9718
46.21628,-0.9898
46.22624,-0.9838
46.2362,-0.9777
46.24617,-0.9741
46.25613,-0.9627
46.26609,-0.9425
46.27605,-0.9418
46.28609,-0.98
46.29612,-1.0343
46.30616,-1.0723
46.3162,-1.0823
46.32623,-1.1121
46.33627,-1.203
46.34631,-1.2756
46.35634,-1.357
46.36637,-1.4095
46.37641,-1.4664
46.38645,-1.482
46.39648,-1.5366
46.40648,-1.5818
46.41644,-1.6179
46.4264,-1.632
46.43635,-1.6384
46.44631,-1.6534
46.45626,-1.6796
46.46622,-1.6867
46.47618,-1.7083
46.48614,-1.7268
46.49609,-1.7538
46.50605,-1.7747
46.51601,-1.7731
46.52597,-1.7608
46.53605,-1.7472
46.54613,-1.753
46.55621,-1.788
46.56628,-1.7972
46.57636,-1.8067
46.58644,-1.7824
46.59652,-1.7898
46.6066,-1.8149
46.61668,-1.8651
46.62675,-1.9096
46.63683,-1.9564
46.64691,-2.0183
46.65697,-2.0809
46.66699,-2.1246
46.67702,-2.1585
46.68705,-2.1895
46.69707,-2.2068
46.7071,-2.2338
46.71712,-2.2085
46.72715,-2.2292
46.73718,-2.2401
46.7472,-2.2436
46.75723,-2.1971
46.76726,-2.178
46.77728,-2.167
46.78728,-2.1536
46.79727,-2.1798
46.80726,-2.2165
46.81725,-2.2307
46.82724,-2.2369
46.83723,-2.2445
46.84723,-2.2304
46.85722,-2.2297
46.86721,-2.235
46.8772,-2.2565
46.88719,-2.2523
46.89718,-2.2523
46.90718,-2.2578
46.91718,-2.2581
46.92718,-2.2685
46.93718,-2.2631
46.94717,-2.2523
46.95717,-2.2335
46.96717,-2.2118
46.97717,-2.1793
46.98717,-2.1477
46.99717,-2.1086
47.00716,-2.0347
47.01716,-2.0346
47.02716,-2.017
47.03716,-1.9837
47.04716,-1.9663
47.05716,-1.9663
47.06716,-1.926
47.07715,-1.9066
47.08715,-1.9135
47.09715,-1.8673
47.10715,-1.8545
47.11715,-1.8424
47.12714,-1.8284
47.13714,-1.8162
47.14714,-1.8254
47.15715,-1.8349
47.16715,-1.8567
47.17714,-1.8786
47.18714,-1.8977
47.19714,-1.9142
47.20713,-1.9444
47.21712,-1.9645
47.22712,-1.9875
47.23711,-1.9845
47.24711,-1.9861
47.25711,-1.9915
47.2671,-1.9787
47.2771,-1.963
47.28708,-1.9887
47.29705,-2.0001
47.30703,-1.9893
47.31701,-1.972
47.32698,-1.939
47.33696,-1.9479
47.34694,-1.9534
47.35691,-1.9521
47.36689,-1.9468
47.37687,-1.9425
47.38685,-1.9068
47.39682,-1.8737
47.40685,-1.8385
47.41686,-1.7867
47.42688,-1.7228
47.43689,-1.7061
47.44691,-1.7076
47.45692,-1.7154
47.46694,-1.7191
47.47696,-1.7298
47.48697,-1.7236
47.49699,-1.7079
47.507,-1.6892
47.51702,-1.672
47.52703,-1.6665
47.53704,-1.6637
47.54704,-1.6695
47.55704,-1.6788
47.56704,-1.7061
47.57705,-1.7265
47.58704,-1.7393
47.59705,-1.7532
47.60705,-1.759
47.61705,-1.7737
47.62705,-1.7731
47.63705,-1.7664
47.64705,-1.7408
47.65708,-1.6998
47.66713,-1.6713
47.67717,-1.6613
47.68722,-1.6628
47.69727,-1.6666
47.70731,-1.6612
47.71735,-1.6617
47.7274,-1.6715
47.73745,-1.6788
47.74749,-1.6877
47.75754,-1.6854
47.76759,-1.6771
47.77763,-1.6681
47.78764,-1.6627
47.79765,-1.658
47.80765,-1.6469
47.81766,-1.6275
47.82767,-1.5971
47.83768,-1.573
47.84769,-1.547
47.85769,-1.5269
47.8677,-1.5083
47.87771,-1.4983
47.88772,-1.482
47.89772,-1.4683
47.90774,-1.4747
47.91776,-1.4824
47.92778,-1.4896
47.93779,-1.453
47.94781,-1.4186
47.95782,-1.3932
47.96784,-1.3977
47.97786,-1.3766
47.98787,-1.3537
47.99789,-1.321
48.00791,-1.3315
48.01792,-1.3184
48.02794,-1.309
48.03793,-1.3081
48.04792,-1.3288
48.0579,-1.3144
48.06789,-1.2947
48.07788,-1.2684
48.08787,-1.2477
48.09785,-1.2267
48.10785,-1.2111
48.11783,-1.1716
48.12782,-1.1294
48.13781,-1.1024
48.1478,-1.0801
48.15783,-1.0719
48.16789,-1.0518
48.17796,-1.0233
48.18803,-1.0132
48.19809,-1.0002
48.20816,-0.9934
48.21822,-0.9848
48.22829,-0.9737
48.23836,-0.9306
48.24842,-0.9086
48.25849,-0.8982
48.26855,-0.8657
48.27862,-0.8428
48.28857,-0.8458
48.29852,-0.8416
48.30847,-0.8492
48.31842,-0.8802
48.32836,-0.9521
48.33831,-1.0368
48.34826,-1.0875
48.3582,-1.1449
48.36815,-1.1939
48.3781,-1.2578
48.38805,-1.2986
48.39799,-1.3201
48.408,-1.353
48.41806,-1.3743
48.42812,-1.3978
48.43818,-1.4058
48.44824,-1.4347
48.4583,-1.434
48.46836,-1.4372
48.47842,-1.4204
48.48848,-1.3941
48.49854,-1.3728
48.5086,-1.3712
48.51866,-1.3556
48.52872,-1.3317
48.53864,-1.3168
48.54856,-1.2997
48.55849,-1.2746
48.56841,-1.2721
48.57833,-1.2554
48.58826,-1.2626
48.59818,-1.26
48.6081,-1.2615
48.61802,-1.2414
48.62794,-1.1999
48.63787,-1.1719
48.64779,-1.1508
48.65775,-1.1362
48.66775,-1.1274
48.67774,-1.139
48.68774,-1.1458
48.69773,-1.148
48.70773,-1.153
48.71772,-1.1552
48.72771,-1.1401
48.73771,-1.1591
48.7477,-1.2073
48.75769,-1.2467
48.76769,-1.2761
48.77768,-1.2686
48.78776,-1.0956
48.79783,-0.8271
48.8079,-0.6872
48.81797,-0.5832
48.82804,-0.551
48.8381,-0.5581
48.84818,-0.6004
48.85825,-0.7196
48.86831,-0.8833
48.87838,-1.0256
48.88845,-1.123
48.89852,-1.1642
48.90855,-1.1322
48.91855,-1.0593
48.92854,-0.9409
48.93853,-0.8462
48.94853,-0.781
48.95852,-0.668
48.96851,-0.5611
48.9785,-0.4386
48.9885,-0.3182
48.99849,-0.2461
49.00848,-0.2119
49.01847,-0.214
49.02847,-0.2708
49.03847,-0.315
49.04846,-0.3478
49.05846,-0.3768
49.06845,-0.3555
49.07845,-0.3363
49.08844,-0.3033
49.09844,-0.3119
49.10844,-0.3822
49.11843,-0.4865
49.12843,-0.5975
49.13842,-0.7014
49.14842,-0.7889
49.15841,-0.8854
49.16839,-0.9604
49.17838,-1.0279
49.18835,-1.1116
49.19834,-1.177
49.20832,-1.2174
49.2183,-1.2566
49.22829,-1.3216
49.23827,-1.386
49.24825,-1.4327
49.25823,-1.4838
49.26822,-1.5104
49.2782,-1.5193
49.28823,-1.5191
49.29825,-1.5125
49.30828,-1.4867
49.31831,-1.4552
49.32833,-1.4255
49.33836,-1.4178
49.34839,-1.4216
49.35842,-1.4405
49.36844,-1.4312
49.37847,-1.423
49.3885,-1.4315
49.39853,-1.4122
49.40854,-1.3873
49.41852,-1.3777
49.42851,-1.3814
49.4385,-1.3796
49.44849,-1.3734
49.45847,-1.3694
49.46846,-1.369
49.47845,-1.3456
49.48844,-1.321
49.49842,-1.3015
49.50841,-1.2966
49.5184,-1.2962
49.52839,-1.3164
49.5384,-1.3248
49.5484,-1.32
49.55841,-1.2797
49.56842,-1.1792
49.57842,-1.0707
49.58843,-1.0436
49.59843,-1.0609
49.60844,-1.2259
49.61845,-1.2407
49.62845,-1.3106
49.63846,-1.3388
49.64846,-1.3841
49.65846,-1.4314
49.66845,-1.4696
49.67843,-1.4427
49.68842,-1.479
49.6984,-1.4432
49.70839,-1.4464
49.71837,-1.5386
49.72836,-1.5628
49.73835,-1.635
49.74833,-1.6767
49.75832,-1.7069
49.7683,-1.7772
49.77829,-1.8767
49.78829,-1.9733
49.79829,-2.0285
49.80828,-2.0859
49.81828,-2.1376
49.82828,-2.1855
49.83828,-2.208
49.84827,-2.2331
49.85827,-2.2634
49.86827,-2.2803
49.87827,-2.2917
49.88826,-2.3039
49.89826,-2.301
49.90832,-2.28
49.91844,-2.2595
49.92856,-2.2486
49.93869,-2.2663
49.94881,-2.271
49.95893,-2.2425
49.96905,-2.2345
49.97917,-2.2372
49.9893,-2.2483
49.99942,-2.2548
50.00954,-2.225
50.01966,-2.1964
50.02978,-2.1643
50.03977,-2.1289
50.04975,-2.112
50.05973,-2.1073
50.06971,-2.1329
50.07969,-2.1342
50.08967,-2.1436
50.09966,-2.1745
50.10963,-2.1901
50.11962,-2.2047
50.1296,-2.2235
50.13958,-2.2403
50.14956,-2.2502
50.15955,-2.2475
50.16952,-2.2251
50.1795,-2.2012
50.18948,-2.1613
50.19945,-2.1379
50.20943,-2.1308
50.21941,-2.126
50.22938,-2.1202
50.23936,-2.103
50.24933,-2.0834
50.25931,-2.0655
50.26929,-2.0258
50.27926,-1.9704
50.28923,-2.0124
50.2992,-1.9828
50.30916,-1.9741
50.31913,-1.9819
50.32909,-1.9196
50.33906,-1.7575
50.34903,-1.6137
50.35899,-1.506
50.36896,-1.4439
50.37892,-1.421
50.38889,-1.4216
50.39885,-1.4424
50.40886,-1.4908
50.4189,-1.6021
50.42895,-1.7457
50.43899,-1.8707
50.44904,-1.97
50.45908,-2.04
50.46913,-2.0855
50.47917,-2.1173
50.48922,-2.1378
50.49926,-2.148
50.50931,-2.1326
50.51936,-2.0504
50.5294,-2.0097
50.53938,-1.971
50.54935,-1.9648
50.55932,-1.985
50.56929,-1.9831
50.57927,-1.9694
50.58924,-1.9688
50.59921,-1.9764
50.60918,-1.957
50.61916,-1.914
50.62913,-1.8968
50.6391,-1.8801
50.64907,-1.8629
50.65907,-1.8438
50.66907,-1.829
50.67907,-1.7715
50.68908,-1.7468
50.69908,-1.7535
50.70908,-1.7288
50.71908,-1.7463
50.72908,-1.7492
50.73909,-1.7259
50.74909,-1.6999
50.75909,-1.659
50.76909,-1.6057
50.77909,-1.5351
50.78907,-1.4915
50.79904,-1.4654
50.80901,-1.4159
50.81898,-1.3598
50.82895,-1.3412
50.83892,-1.3244
50.8489,-1.31
50.85887,-1.3189
50.86884,-1.2766
50.87881,-1.3187
50.88878,-1.3679
50.89875,-1.3796
50.90874,-1.5102
50.91877,-1.5581
50.92878,-1.5627
50.9388,-1.5833
50.94882,-1.6223
50.95884,-1.5568
50.96886,-1.381
50.97887,-1.2778
50.9889,-1.1492
50.99891,-1.0289
51.00893,-0.9651
51.01895,-0.9916
51.02897,-1.1004
51.03906,-1.2406
51.04914,-1.376
51.05923,-1.4891
51.06932,-1.5926
51.0794,-1.6881
51.08949,-1.7685
51.09957,-1.8426
51.10966,-1.9092
51.11974,-1.9251
51.12983,-1.9488
51.13991,-1.9739
51.15,-1.988
51.16002,-2.0154
51.16999,-2.1501
51.17996,-2.1891
51.18993,-2.2364
51.1999,-2.28
51.20987,-2.293
51.21983,-2.3488
51.2298,-2.3991
51.23977,-2.4779
51.24974,-2.5475
51.2597,-2.6062
51.26967,-2.6301
51.27964,-2.5664
51.28966,-2.317
51.29967,-2.0313
51.30968,-1.8061
51.31969,-1.7189
51.32971,-1.6501
51.33972,-1.5707
51.34973,-1.539
51.35975,-1.5276
51.36976,-1.5004
51.37977,-1.4585
51.38978,-1.4245
51.3998,-1.3948
51.40979,-1.3126
51.41977,-1.2172
51.42975,-1.1468
51.43973,-1.0999
51.44971,-1.0762
51.45969,-1.0343
51.46967,-1.0033
51.47965,-0.9376
51.48963,-0.8372
51.49961,-0.7131
51.50959,-0.5749
51.51957,-0.4863
51.52954,-0.4302
51.53954,-0.4021
51.54953,-0.3702
51.55952,-0.3604
51.56951,-0.3789
51.5795,-0.3768
51.58949,-0.3554
51.59948,-0.3208
51.60947,-0.3069
51.61946,-0.2896
51.62945,-0.3139
51.63944,-0.3037
51.64943,-0.294
51.65946,-0.303
51.66952,-0.3049
51.67958,-0.2955
51.68964,-0.304
51.6997,-0.2897
51.70976,-0.2843
51.71983,-0.2774
51.72989,-0.2877
51.73994,-0.3027
51.75001,-0.3286
51.76007,-0.3721
51.77013,-0.4289
51.78019,-0.4999
51.79013,-0.5575
51.80006,-0.5902
51.81,-0.6121
51.81993,-0.6297
51.82987,-0.647
51.83981,-0.6722
51.84974,-0.6979
51.85968,-0.706
51.86961,-0.7023
51.87955,-0.6979
51.88948,-0.6787
51.89942,-0.6753
51.90944,-0.7046
51.91949,-0.72
51.92955,-0.7316
51.93961,-0.6962
51.94967,-0.6573
51.95972,-0.6253
51.96978,-0.5969
51.97984,-0.6263
51.98989,-0.6033
51.99995,-0.5812
52.01001,-0.5893
52.02007,-0.6188
52.03012,-0.6127
52.04011,-0.5825
52.05008,-0.5638
52.06004,-0.5745
52.07001,-0.5987
52.07998,-0.6357
52.08994,-0.6526
52.09991,-0.6364
52.10987,-0.6245
52.11984,-0.6227
52.12981,-0.6325
52.13977,-0.6843
52.14974,-0.7409
52.15974,-0.8012
52.16978,-0.8422
52.17982,-0.8973
52.18986,-1.0059
52.1999,-1.0766
52.20994,-1.1302
52.21998,-1.1774
52.23002,-1.2085
52.24006,-1.238
52.2501,-1.2568
52.26014,-1.2413
52.27018,-1.1984
52.28022,-1.1654
52.29021,-1.142
52.30021,-1.2121
52.3102,-1.2223
52.32019,-1.2282
52.33018,-1.2169
52.34018,-1.2494
52.35017,-1.3262
52.36016,-1.416
52.37016,-1.5124
52.38015,-1.5746
52.39014,-1.5934
52.40014,-1.5967
52.41014,-1.5828
52.42014,-1.5581
52.43014,-1.5445
52.44014,-1.5314
52.45015,-1.5112
52.46015,-1.5219
52.47015,-1.5164
52.48015,-1.5173
52.49015,-1.5129
52.50015,-1.5112
52.51015,-1.5184
52.52015,-1.5269
52.53016,-1.5319
52.54022,-1.5171
52.55027,-1.5309
52.56032,-1.5234
52.57037,-1.5563
52.58041,-1.5794
52.59046,-1.5174
52.60051,-1.4931
52.61056,-1.4578
52.62061,-1.4169
52.63066,-1.3916
52.64071,-1.3529
52.65075,-1.3351
52.66078,-1.3275
52.67074,-1.3196
52.68071,-1.3124
52.69068,-1.2661
52.70064,-1.2326
52.71061,-1.1996
52.72057,-1.1668
52.73054,-1.1084
52.74051,-1.0853
52.75047,-1.0764
52.76044,-1.0763
52.7704,-1.0138
52.78037,-0.9461
52.79037,-0.9326
52.80036,-0.8998
52.81035,-0.8701
52.82034,-0.84
52.83033,-0.7903
52.84032,-0.7667
52.85031,-0.731
52.8603,-0.6677
52.87029,-0.6193
52.88028,-0.6135
52.89027,-0.6088
52.90026,-0.5937
52.91027,-0.5096
52.92025,-0.4414
52.93024,-0.4124
52.94022,-0.3836
52.95021,-0.3491
52.96019,-0.3208
52.97018,-0.3377
52.98016,-0.3707
52.99015,-0.3887
53.00013,-0.3815
53.01012,-0.3859
53.0201,-0.4072
53.03009,-0.4531
53.04008,-0.4832
53.05008,-0.5126
53.06008,-0.5575
53.07007,-0.6014
53.08007,-0.641
53.09007,-0.6611
53.10006,-0.6701
53.11005,-0.6767
53.12005,-0.6868
53.13004,-0.7046
53.14004,-0.7158
53.15004,-0.7257
53.1601,-0.7256
53.17019,-0.6862
53.18028,-0.6627
53.19038,-0.6207
53.20047,-0.5941
53.21056,-0.5629
53.22066,-0.5198
53.23075,-0.5002
53.24084,-0.4787
53.25094,-0.4395
53.26103,-0.4115
53.27113,-0.377
53.28122,-0.3622
53.2912,-0.3604
53.30118,-0.3277
53.31116,-0.3232
53.32113,-0.3485
53.33111,-0.3774
53.34109,-0.4117
53.35106,-0.4741
53.36104,-0.566
53.37102,-0.7247
53.38099,-0.9225
53.39097,-1.1484
53.40095,-1.2819
53.41093,-1.3619
53.42092,-1.4972
53.4309,-1.5911
53.44089,-1.6847
53.45087,-1.671
53.46086,-1.6738
53.47084,-1.6934
53.48083,-1.7222
53.49081,-1.7679
53.5008,-1.737
53.51079,-1.8537
53.52077,-1.8698
53.53076,-1.9159
53.54079,-1.9531
53.55081,-2.0232
53.56084,-2.1075
53.57086,-2.1689
53.58089,-2.2012
53.59091,-2.1974
53.60093,-2.1693
53.61096,-2.1363
53.62098,-2.1348
53.63101,-2.1379
53.64103,-2.1292
53.65106,-2.0976
53.66108,-2.0494
53.67107,-1.9663
53.68107,-1.9311
53.69107,-1.8754
53.70107,-1.8871
53.71106,-1.9062
53.72106,-1.905
53.73106,-1.9346
53.74105,-1.9269
53.75105,-1.9808
53.76105,-1.9922
53.77105,-2.0118
53.78104,-2.0052
53.79103,-1.9912
53.80101,-2.0091
53.811,-2.0383
53.82098,-2.0506
53.83097,-2.068
53.84095,-2.0584
53.85094,-2.0395
53.86092,-1.9809
53.8709,-1.9005
53.88089,-1.8517
53.89087,-1.8129
53.90086,-1.7901
53.91084,-1.7059
53.92081,-1.5979
53.93079,-1.5317
53.94076,-1.5084
53.95073,-1.494
53.9607,-1.461
53.97068,-1.4165
53.98065,-1.3483
53.99062,-1.3073
54.0006,-1.2658
54.01057,-1.3553
54.02054,-1.3799
54.03051,-1.297
54.04053,-1.2654
54.05055,-1.194
54.06056,-1.1874
54.07058,-1.178
54.08059,-1.1258
54.09061,-1.0654
54.10062,-1.0469
54.11063,-1.0544
54.12065,-1.1059
54.13066,-1.1307
54.14068,-1.1233
54.15069,-1.0939
54.16071,-1.044
54.1707,-1.0342
54.18069,-1.026
54.19068,-1.0578
54.20067,-1.0528
54.21066,-1.0764
54.22064,-1.1364
54.23063,-1.2397
54.24062,-1.337
54.25061,-1.4246
54.26059,-1.4811
54.27058,-1.5099
54.28057,-1.526
54.29069,-1.5233
54.30081,-1.5082
54.31093,-1.5268
54.32105,-1.5247
54.33117,-1.5229
54.34129,-1.5124
54.35141,-1.4763
54.36153,-1.459
54.37165,-1.4303
54.38177,-1.4032
54.39189,-1.3494
54.40201,-1.3194
54.41209,-1.3067
54.42214,-1.2844
54.43219,-1.2578
54.44223,-1.256
54.45228,-1.2451
54.46233,-1.2161
54.47237,-1.202
54.48242,-1.204
54.49247,-1.2074
54.50251,-1.2146
54.51256,-1.2333
54.52261,-1.2287
54.53265,-1.2432
54.54258,-1.2548
54.55249,-1.2695
54.56241,-1.2788
54.57233,-1.2855
54.58225,-1.2904
54.59217,-1.2935
54.60209,-1.306
54.612,-1.3147
54.62192,-1.3203
54.63184,-1.323
54.64176,-1.3496
54.65168,-1.3763
54.66164,-1.4002
54.67165,-1.4097
54.68166,-1.409
54.69167,-1.406
54.70168,-1.3877
54.71169,-1.3874
54.72169,-1.3676
54.7317,-1.3247
54.74171,-1.2933
54.75172,-1.2623
54.76173,-1.2522
54.77173,-1.264
54.78174,-1.2803
54.79173,-1.2939
54.8017,-1.292
54.81168,-1.2857
54.82166,-1.2915
54.83164,-1.2764
54.84163,-1.2558
54.8516,-1.2514
54.86158,-1.279
54.87156,-1.3029
54.88154,-1.3214
54.89153,-1.3139
54.9015,-1.3037
54.91151,-1.2731
54.92153,-1.2254
54.93155,-1.196
54.94156,-1.1722
54.95158,-1.1545
54.9616,-1.1227
54.97161,-1.0947
54.98163,-1.0638
54.99165,-1.0614
55.00167,-1.0598
55.01168,-1.0339
55.0217,-1.0406
55.03172,-1.0422
55.04175,-1.0605
55.05178,-1.0778
55.06182,-1.1014
55.07185,-1.1239
55.08188,-1.1689
55.09192,-1.1842
55.10195,-1.2328
55.11198,-1.2552
55.12202,-1.2554
55.13205,-1.2255
55.14208,-1.1954
55.15211,-1.1899
55.16212,-1.1719
55.17208,-1.1984
55.18203,-1.2731
55.19199,-1.3269
55.20195,-1.3651
55.21191,-1.4001
55.22187,-1.4189
55.23183,-1.4535
55.24179,-1.4795
55.25175,-1.5067
55.26171,-1.5066
55.27166,-1.4952
55.28162,-1.5115
55.29162,-1.5114
55.30161,-1.5061
55.31161,-1.4968
55.3216,-1.4953
55.3316,-1.4951
55.34159,-1.5244
55.35159,-1.5282
55.36158,-1.5268
55.37158,-1.533
55.38157,-1.5444
55.39157,-1.5614
55.40156,-1.5625
55.41161,-1.5545
55.42169,-1.5455
55.43177,-1.5481
55.44186,-1.5412
55.45194,-1.5452
55.46202,-1.5677
55.4721,-1.5687
55.48219,-1.5669
55.49227,-1.5427
55.50235,-1.503
55.51244,-1.4767
55.52252,-1.4593
55.5326,-1.4444
55.54265,-1.4482
55.55269,-1.4566
55.56274,-1.4468
55.57278,-1.4584
55.58282,-1.4422
55.59286,-1.4466
55.60291,-1.4933
55.61295,-1.5102
55.62299,-1.5478
55.63304,-1.5833
55.64308,-1.6024
55.65313,-1.5852
55.6631,-1.5476
55.67302,-1.5201
55.68294,-1.4799
55.69286,-1.4582
55.70277,-1.4232
55.71269,-1.353
55.72261,-1.2829
55.73252,-1.2284
55.74244,-1.1884
55.75236,-1.1872
55.76228,-1.1776
55.77219,-1.1558
55.78211,-1.1404
55.79213,-1.1155
55.80213,-1.1036
55.81214,-1.1072
55.82214,-1.1347
55.83215,-1.2154
55.84216,-1.1844
55.85217,-1.1333
55.86217,-1.099
55.87218,-1.1049
55.88218,-1.1003
55.89219,-1.1301
55.90219,-1.1555
55.91221,-1.1901
55.92222,-1.204
55.93224,-1.1599
55.94225,-1.159
55.95227,-1.1366
55.96228,-1.0898
55.9723,-1.0365
55.98231,-1.0392
55.99232,-1.0444
56.00234,-1.0863
56.01236,-1.1712
56.02237,-1.2732
56.03238,-1.3713
56.04239,-1.4369
56.05239,-1.4838
56.06239,-1.532
56.07239,-1.551
56.08239,-1.5748
56.09239,-1.6022
56.10239,-1.629
56.11239,-1.6449
56.12239,-1.652
56.13239,-1.6841
56.1424,-1.694
56.15239,-1.7051
56.16241,-1.7185
56.17242,-1.7198
56.18244,-1.7139
56.19245,-1.7412
56.20247,-1.7676
56.21248,-1.8467
56.2225,-1.7749
56.23251,-1.8299
56.24253,-1.8117
56.25254,-1.822
56.26256,-1.8617
56.27258,-1.8715
56.28259,-1.8868
56.29257,-1.8866
56.30254,-1.8706
56.31251,-1.8463
56.32248,-1.8303
56.33245,-1.804
56.34242,-1.7645
56.35239,-1.7087
56.36236,-1.6686
56.37233,-1.6422
56.38231,-1.6207
56.39227,-1.6022
56.40224,-1.5944
56.41227,-1.5619
56.42235,-1.5393
56.43243,-1.5259
56.44251,-1.5228
56.45259,-1.5584
56.46267,-1.6026
56.47275,-1.6023
56.48283,-1.6635
56.49291,-1.7025
56.50299,-1.701
56.51307,-1.6733
56.52315,-1.6715
56.53323,-1.6522
56.54321,-1.6406
56.55317,-1.6426
56.56314,-1.6328
56.5731,-1.6296
56.58307,-1.6129
56.59303,-1.5942
56.603,-1.6312
56.61296,-1.6897
56.62293,-1.7464
56.63289,-1.8124
56.64286,-1.8855
56.65282,-1.9508
56.66283,-1.9958
56.67286,-2.0163
56.6829,-2.0335
56.69294,-2.0388
56.70297,-2.0484
56.71301,-2.0505
56.72304,-2.0787
56.73308,-2.1074
56.74311,-2.1071
56.75315,-2.1223
56.76318,-2.1154
56.77322,-2.1238
56.78326,-2.1335
56.79326,-2.1264
56.80325,-2.1507
56.81324,-2.0561
56.82323,-2.011
56.83322,-2.0009
56.8432,-1.9586
56.8532,-1.9127
56.86319,-1.8688
56.87317,-1.8537
56.88316,-1.8588
56.89315,-1.8449
56.90314,-1.8597
56.91314,-1.8795
56.92314,-1.9008
56.93314,-1.9223
56.94314,-1.9182
56.95314,-1.8984
56.96314,-1.8795
56.97314,-1.826
56.98314,-1.7467
56.99314,-1.6779
57.00314,-1.6534
57.01314,-1.6425
57.02314,-1.6381
57.03314,-1.6635
57.04311,-1.677
57.05307,-1.6977
57.06303,-1.705
57.073,-1.6869
57.08296,-1.6808
57.09293,-1.7013
57.10289,-1.7022
57.11286,-1.7014
57.12282,-1.7033
57.13279,-1.71
57.14275,-1.7422
57.15271,-1.7777
57.16271,-1.7226
57.17274,-1.6753
57.18277,-1.6896
57.19279,-1.6717
57.20282,-1.6442
57.21285,-1.6245
57.22288,-1.597
57.23291,-1.5602
57.24294,-1.5249
57.25296,-1.5047
57.26299,-1.5423
57.27302,-1.6443
57.28305,-1.7581
57.29304,-1.8634
57.30302,-1.9341
57.31301,-1.9981
57.323,-2.0371
57.33298,-2.0771
57.34297,-2.1213
57.35295,-2.1457
57.36294,-2.1784
57.37293,-2.1857
57.38291,-2.2109
57.3929,-2.2208
57.40289,-2.2233
57.41289,-2.2452
57.4229,-2.2566
57.43291,-2.2759
57.44292,-2.2924
57.45293,-2.2988
57.46294,-2.3097
57.47294,-2.3288
57.48295,-2.2922
57.49296,-2.2871
57.50297,-2.2589
57.51298,-2.1964
57.52298,-2.0939
57.53299,-2.0305
57.54297,-2.0289
57.55295,-2.0131
57.56293,-2.0066
57.57291,-2.0254
57.58289,-2.0538
57.59287,-2.0861
57.60286,-2.118
57.61283,-2.1527
57.62281,-2.1712
57.63279,-2.1672
57.64278,-2.147
57.65276,-2.102
57.66282,-2.097
57.67296,-2.0954
57.6831,-2.0861
57.69324,-2.0691
57.70338,-2.0395
57.71352,-1.9988
57.72367,-1.9571
57.73381,-1.8947
57.74395,-1.7769
57.75409,-1.6136
57.76423,-1.5257
57.77437,-1.4381
57.78451,-1.3605
57.79446,-1.5
57.80442,-1.5873
57.81437,-1.5899
57.82432,-1.6145
57.83427,-1.6299
57.84422,-1.5915
57.85417,-1.5452
57.86412,-1.4273
57.87407,-1.3702
57.88403,-1.2961
57.89397,-1.2522
57.90393,-1.2682
57.91388,-1.239
57.92385,-1.2402
57.93381,-1.2012
57.94377,-1.2092
57.95374,-1.2453
57.9637,-1.3361
57.97366,-1.4645
57.98362,-1.5786
57.99358,-1.6702
58.00354,-1.7272
58.01351,-1.7567
58.02347,-1.7607
58.03343,-1.7671
58.04344,-1.7919
58.05344,-1.7965
58.06345,-1.8246
58.07345,-1.859
58.08345,-1.8579
58.09346,-1.8475
58.10346,-1.8476
58.11346,-1.8277
58.12347,-1.7862
58.13347,-1.77
58.14347,-1.7838
58.15348,-1.7408
58.16351,-1.7294
58.17353,-1.6863
58.18355,-1.6547
58.19358,-1.6518
58.2036,-1.6261
58.21363,-1.6089
58.22365,-1.6056
58.23368,-1.6102
58.2437,-1.6168
58.25373,-1.579
58.26375,-1.6125
58.27378,-1.6049
58.2838,-1.5785
58.29377,-1.5534
58.30374,-1.5549
58.31371,-1.5353
58.32367,-1.5196
58.33364,-1.4861
58.34361,-1.4471
58.35358,-1.4363
58.36354,-1.4376
58.37351,-1.4361
58.38348,-1.395
58.39345,-1.3977
58.40342,-1.3607
58.4134,-1.2912
58.4234,-1.2468
58.43339,-1.2085
58.44339,-1.1619
58.45338,-1.1164
58.46338,-1.1352
58.47337,-1.0977
58.48336,-1.0999
58.49336,-1.0934
58.50335,-1.0641
58.51335,-1.049
58.52334,-1.0135
58.53334,-0.9783
58.54337,-0.9425
58.5534,-0.918
58.56343,-0.9465
58.57346,-0.9868
58.58348,-0.9774
58.59351,-0.9718
58.60354,-0.9768
58.61357,-0.9611
58.6236,-0.9566
58.63363,-0.9264
58.64365,-0.9217
58.65368,-0.9194
58.66368,-0.9307
58.67364,-0.9387
58.6836,-0.927
58.69357,-0.8595
58.70353,-0.7671
58.71349,-0.6793
58.72346,-0.6082
58.73342,-0.5566
58.74339,-0.5008
58.75335,-0.5012
58.76331,-0.4914
58.77327,-0.5352
58.78324,-0.626
58.79331,-0.6507
58.80338,-0.6775
58.81346,-0.7092
58.82353,-0.9428
58.8336,-0.9894
58.84367,-0.9103
58.85374,-0.8131
58.86382,-0.5737
58.87389,-0.4137
58.88396,-0.3876
58.89403,-0.8014
58.9041,-1.0451
58.91414,-1.0328
58.92413,-1.0772
58.93412,-1.1495
58.94411,-1.2158
58.9541,-1.2897
58.96409,-1.3551
58.97408,-1.3854
58.98407,-1.4345
58.99406,-1.4806
59.00406,-1.5275
59.01405,-1.5498
59.02404,-1.5667
59.03403,-1.5806
59.04407,-1.5817
59.05411,-1.5892
59.06415,-1.6023
59.07419,-1.5988
59.08423,-1.6486
59.09427,-1.7136
59.10431,-1.7547
59.11435,-1.7254
59.12439,-1.6847
59.13443,-1.662
59.14447,-1.6488
59.15451,-1.6348
59.16455,-1.6092
59.1746,-1.5828
59.18465,-1.5726
59.19469,-1.5637
59.20474,-1.5583
59.21479,-1.5632
59.22484,-1.547
59.23489,-1.5307
59.24493,-1.5127
59.25498,-1.5007
59.26503,-1.4962
59.27508,-1.4958
59.28513,-1.49
59.29505,-1.4917
59.30496,-1.4882
59.31488,-1.4873
59.32479,-1.4944
59.3347,-1.5095
59.34462,-1.5314
59.35453,-1.5462
59.36444,-1.561
59.37436,-1.5651
59.38427,-1.5621
59.39419,-1.5614
59.4041,-1.5643
59.41408,-1.5684
59.42412,-1.553
59.43416,-1.5385
59.4442,-1.5316
59.45424,-1.5102
59.46428,-1.505
59.47432,-1.5526
59.48436,-1.6373
59.4944,-1.6733
59.50444,-1.6942
59.51448,-1.6998
59.52452,-1.7192
59.53456,-1.7157
59.54456,-1.7397
59.55454,-1.7662
59.56452,-1.7886
59.5745,-1.8187
59.58449,-1.852
59.59447,-1.8616
59.60446,-1.8441
59.61444,-1.8463
59.62442,-1.8402
59.63441,-1.8099
59.64439,-1.7743
59.65437,-1.7381
59.66437,-1.6994
59.67436,-1.6828
59.68435,-1.676
59.69434,-1.6872
59.70434,-1.6599
59.71433,-1.6404
59.72432,-1.6549
59.73431,-1.6169
59.7443,-1.6164
59.7543,-1.5725
59.76429,-1.5208
59.77428,-1.4297
59.78428,-1.4
59.79427,-1.6262
59.80426,-1.566
59.81425,-1.5093
59.82425,-1.6162
59.83424,-1.5783
59.84423,-1.5204
59.85422,-1.4956
59.86421,-1.4613
59.8742,-1.4957
59.8842,-1.5681
59.89419,-1.6559
59.90418,-1.7378
59.91422,-1.8242
59.92429,-1.9217
59.93436,-2.0165
59.94444,-2.0907
59.95451,-2.1528
59.96458,-2.2283
59.97466,-2.29
59.98473,-2.3325
59.99481,-2.345
60.00488,-2.3349
60.01495,-2.3345
60.02503,-2.2409
60.0351,-2.1945
60.0451,-2.1027
60.05508,-2.0316
60.06506,-1.9674
60.07504,-1.9196
60.08501,-1.8765
60.09499,-1.8508
60.10497,-1.8673
60.11495,-1.871
60.12492,-1.9013
60.1349,-1.9382
60.14488,-1.9561
60.15486,-1.9803
60.16484,-1.9722
60.17483,-1.9341
60.18482,-1.905
60.19481,-1.9074
60.2048,-1.903
60.21479,-1.9063
60.22478,-1.8796
60.23477,-1.8671
60.24476,-1.8269
60.25475,-1.7563
60.26474,-1.6841
60.27473,-1.6445
60.28472,-1.6148
60.29475,-1.5915
60.30478,-1.5605
60.3148,-1.5282
60.32483,-1.5165
60.33485,-1.4877
60.34488,-1.5403
60.3549,-1.4819
60.36492,-1.4637
60.37495,-1.4323
60.38497,-1.4595
60.39499,-1.3996
60.40502,-1.3774
60.41504,-1.3396
60.42505,-1.303
60.43505,-1.2821
60.44506,-1.281
60.45507,-1.2937
60.46507,-1.2716
60.47508,-1.2787
60.48509,-1.2832
60.49509,-1.3128
60.5051,-1.3295
60.51511,-1.325
60.52512,-1.3086
60.53512,-1.2658
60.54513,-1.2429
60.55514,-1.2003
60.56515,-1.1336
60.57515,-1.111
60.58516,-1.0904
60.59517,-1.0804
60.60517,-1.0812
60.61518,-1.0857
60.62518,-1.1206
60.63519,-1.1764
60.6452,-1.2493
60.6552,-1.327
60.66521,-1.3704
60.6752,-1.4386
60.6852,-1.5082
60.69519,-1.584
60.70519,-1.6471
60.71519,-1.6987
60.72518,-1.7615
60.73518,-1.7987
60.74517,-1.8596
60.75517,-1.9256
60.76517,-1.9678
60.77517,-2.035
60.78516,-2.1258
60.79518,-2.1898
60.80518,-2.2515
60.81517,-2.2639
60.82517,-2.2638
60.83517,-2.2612
60.84516,-2.2483
60.85516,-2.2128
60.86516,-2.1794
60.87516,-2.1338
60.88515,-2.0934
60.89515,-2.0606
60.90515,-2.0529
60.91514,-2.0355
60.92512,-2.027
60.9351,-1.9917
60.94508,-1.9506
60.95506,-1.9258
60.96504,-1.9483
60.97502,-1.9598
60.985,-1.9599
60.99498,-1.9624
61.00496,-1.951
61.01493,-1.9379
61.02491,-1.9088
61.03489,-1.9062
61.04497,-1.9277
61.05504,-1.9239
61.06511,-1.9256
61.07518,-1.9236
61.08525,-1.8695
61.09532,-1.8014
61.10539,-1.7464
61.11546,-1.6783
61.12553,-1.6158
61.1356,-1.6226
61.14568,-1.7241
61.15575,-1.685
61.16578,-1.6361
61.17578,-1.6331
61.18578,-1.6487
61.19577,-1.6463
61.20577,-1.6825
61.21577,-1.6049
61.22577,-1.5542
61.23577,-1.7346
61.24577,-1.9509
61.25576,-1.9128
61.26576,-1.9147
61.27576,-1.8336
61.28576,-1.8015
61.29576,-1.7296
61.30577,-1.7255
61.31577,-1.6913
61.32578,-1.7222
61.33578,-1.6901
61.34578,-1.7305
61.35578,-1.7759
61.36578,-1.8468
61.37579,-1.953
61.38579,-2.0988
61.39579,-2.2052
61.4058,-2.2643
61.4158,-2.2914
61.42579,-2.3067
61.43578,-2.3254
61.44578,-2.3455
61.45577,-2.3648
61.46576,-2.396
61.47575,-2.4307
61.48575,-2.4627
61.49574,-2.4807
61.50573,-2.482
61.51573,-2.4742
61.52572,-2.4643
61.53571,-2.4422
61.54571,-2.445
61.55571,-2.4345
61.5657,-2.47
61.5757,-2.4868
61.58569,-2.5064
61.59569,-2.5032
61.60568,-2.5013
61.61568,-2.5111
61.62567,-2.5228
61.63567,-2.5316
61.64566,-2.5466
61.65565,-2.5588
61.66565,-2.5391
61.67564,-2.5179
61.68563,-2.5187
61.69563,-2.4888
61.70562,-2.4776
61.71561,-2.4697
61.72561,-2.4288
61.7356,-2.352
61.74559,-2.2947
61.75558,-2.2566
61.76558,-2.2243
61.77557,-2.2183
61.78556,-2.2518
61.79557,-2.2431
61.80557,-2.258
61.81557,-2.2864
61.82558,-2.3092
61.83558,-2.2472
61.84558,-2.2127
61.85559,-2.1408
61.86559,-2.0758
61.8756,-2.1259
61.8856,-2.0857
61.8956,-2.104
61.90561,-2.0754
61.9156,-2.042
61.92557,-2.0788
61.93554,-2.0779
61.94551,-2.057
61.95548,-2.086
61.96545,-2.1564
61.97543,-2.1941
61.98539,-2.2447
61.99537,-2.2773
62.00534,-2.2982
62.01531,-2.3065
62.02528,-2.359
62.03525,-2.4129
62.04525,-2.4834
62.05524,-2.5393
62.06524,-2.5748
62.07523,-2.6023
62.08522,-2.6231
62.09521,-2.6279
62.10521,-2.6467
62.1152,-2.6619
62.12519,-2.6886
62.13519,-2.7227
62.14518,-2.7327
62.15517,-2.735
62.16521,-2.7612
62.17529,-2.7849
62.18537,-2.7659
62.19544,-2.711
62.20552,-2.5692
62.2156,-2.4771
62.22567,-2.3696
62.23575,-2.2997
62.24583,-2.251
62.25591,-2.2124
62.26598,-2.1966
62.27606,-2.1786
62.28614,-2.1626
62.29618,-2.169
62.30621,-2.1745
62.31625,-2.2031
62.32629,-2.2267
62.33632,-2.2521
62.34636,-2.2669
62.3564,-2.2662
62.36643,-2.2729
62.37647,-2.271
62.38651,-2.2655
62.39654,-2.2656
62.40658,-2.2583
62.41661,-2.2264
62.42661,-2.2021
62.4366,-2.1922
62.44659,-2.1908
62.45658,-2.1836
62.46658,-2.1962
62.47657,-2.1925
62.48656,-2.1942
62.49656,-2.201
62.50655,-2.2038
62.51654,-2.189
62.52654,-2.1817
62.53653,-2.1498
62.54653,-2.1126
62.55653,-2.0699
62.56652,-2.0294
62.57652,-1.992
62.58652,-1.9705
62.59652,-1.9767
62.60651,-2.0121
62.61651,-2.044
62.62651,-2.0896
62.63651,-2.1338
62.6465,-2.1771
62.6565,-2.188
62.6665,-2.1703
62.67651,-2.1858
62.6865,-2.1904
62.69651,-2.1988
62.70651,-2.214
62.71651,-2.2171
62.72651,-2.2095
62.73652,-2.197
62.74652,-2.1896
62.75652,-2.1675
62.76652,-2.1623
62.77652,-2.1481
62.78652,-2.1363
62.79652,-2.1255
62.80652,-2.1048
62.81652,-2.0929
62.82652,-2.0709
62.83651,-2.0831
62.84651,-2.0864
62.85651,-2.0568
62.8665,-2.0208
62.8765,-1.9909
62.88649,-1.9566
62.89649,-1.9377
62.90649,-1.9289
62.91648,-1.8725
62.92646,-1.811
62.93644,-1.8109
62.94643,-1.8142
62.95641,-1.7986
62.96639,-1.7974
62.97638,-1.6653
62.98636,-1.5987
62.99634,-1.8908
63.00632,-1.9222
63.01631,-1.9224
63.02629,-1.9977
63.03627,-1.9765
63.04625,-2.0571
63.05623,-2.0949
63.06621,-2.1706
63.07619,-2.2144
63.08617,-2.2622
63.09615,-2.2502
63.10612,-2.2331
63.1161,-2.204
63.12608,-2.2096
63.13606,-2.2598
63.14603,-2.3911
63.15601,-2.5091
63.16602,-2.6265
63.17604,-2.7256
63.18605,-2.8191
63.19608,-2.8713
63.20609,-2.9303
63.21611,-2.9762
63.22614,-2.9809
63.23615,-2.955
63.24617,-2.9439
63.25619,-2.9405
63.26621,-2.8985
63.27623,-2.8824
63.28625,-2.8509
63.29631,-2.809
63.30636,-2.7709
63.31641,-2.761
63.32646,-2.7662
63.33651,-2.7871
63.34656,-2.8317
63.35661,-2.8392
63.36666,-2.8622
63.37671,-2.8643
63.38676,-2.853
63.39682,-2.8412
63.40687,-2.7993
63.41694,-2.797
63.42704,-2.8082
63.43714,-2.8236
63.44724,-2.8068
63.45733,-2.8015
63.46743,-2.7961
63.47753,-2.7683
63.48763,-2.7271
63.49773,-2.6773
63.50783,-2.6229
63.51793,-2.5553
63.52803,-2.502
63.53812,-2.4539
63.54808,-2.4233
63.55804,-2.4346
63.568,-2.4098
63.57796,-2.4299
63.58792,-2.4588
63.59787,-2.5779
63.60783,-2.5464
63.61779,-2.5786
63.62775,-2.5351
63.6377,-2.6871
63.64766,-2.6575
63.65762,-2.6058
63.66758,-2.5384
63.67755,-2.4329
63.68752,-2.2954
63.69748,-2.1647
63.70744,-2.0939
63.71741,-2.0871
63.72738,-2.1134
63.73734,-2.1614
63.7473,-2.2063
63.75727,-2.2389
63.76723,-2.2599
63.7772,-2.2535
63.78716,-2.2614
63.79725,-2.2749
63.80731,-2.2684
63.81737,-2.2554
63.82743,-2.2154
63.83749,-2.1234
63.84755,-2.0857
63.85761,-2.0767
63.86768,-2.0974
63.87774,-2.1375
63.88779,-2.2164
63.89786,-2.3132
63.90792,-2.4322
63.91794,-2.5248
63.92793,-2.5623
63.93792,-2.4775
63.9479,-2.3299
63.95789,-2.1967
63.96788,-2.1276
63.97786,-2.1125
63.98785,-2.1201
63.99784,-2.1231
64.00783,-2.137
64.01781,-2.1354
64.0278,-2.1213
64.03779,-2.1132
64.04769,-2.1176
64.05759,-2.1082
64.06748,-2.1129
64.07737,-2.1195
64.08727,-2.1104
64.09716,-2.1008
64.10706,-2.0882
64.11695,-2.0658
64.12684,-2.0535
64.13673,-2.0606
64.14663,-2.0805
64.15652,-2.097
64.16648,-2.1033
64.17652,-2.1203
64.18656,-2.1383
64.19659,-2.1464
64.20663,-2.1462
64.21667,-2.1361
64.22671,-2.1158
64.23675,-2.0883
64.24678,-2.0411
64.25682,-2.0034
64.26686,-1.9817
64.27689,-1.9604
64.28693,-1.9267
64.29694,-1.9173
64.30693,-1.8886
64.31693,-1.8572
64.32693,-1.8186
64.33692,-1.79
64.34692,-1.7613
64.35692,-1.7446
64.36691,-1.7222
64.37691,-1.7094
64.3869,-1.6933
64.3969,-1.6962
64.4069,-1.7279
64.41694,-1.7609
64.42702,-1.7824
64.4371,-1.7842
64.44718,-1.7482
64.45726,-1.7272
64.46734,-1.7075
64.47742,-1.688
64.4875,-1.6764
64.49759,-1.6732
64.50767,-1.6655
64.51775,-1.6524
64.52783,-1.6297
64.53791,-1.6275
64.5479,-1.6594
64.55789,-1.6762
64.56789,-1.6932
64.57787,-1.7082
64.58786,-1.705
64.59785,-1.6994
64.60784,-1.696
64.61783,-1.6778
64.62782,-1.6544
64.63781,-1.6305
64.6478,-1.6303
64.65778,-1.6348
64.66779,-1.6308
64.67778,-1.56
64.68777,-1.4397
64.69778,-1.3399
64.70777,-1.2535
64.71777,-1.1596
64.72776,-1.0665
64.73776,-1.0683
64.74776,-1.0043
64.75775,-1.0258
64.76775,-1.0743
64.77775,-1.1364
64.78774,-1.175
64.79775,-1.213
64.80775,-1.2441
64.81776,-1.2503
64.82776,-1.2204
64.83776,-1.1696
64.84776,-1.1275
64.85777,-1.092
64.86777,-1.0703
64.87777,-1.0745
64.88777,-1.0496
64.89777,-1.0185
64.90778,-0.9774
64.91776,-0.9883
64.92773,-1.0079
64.93769,-1.0202
64.94765,-1.0687
64.95762,-1.1454
64.96758,-1.2256
64.97754,-1.3056
64.9875,-1.3707
64.99747,-1.4349
65.00743,-1.5243
65.01739,-1.5759
65.02735,-1.6136
65.03732,-1.6168
65.04735,-1.5954
65.05737,-1.5861
65.06741,-1.566
65.07743,-1.5393
65.08746,-1.5331
65.0975,-1.5556
65.10752,-1.5731
65.11755,-1.5527
65.12758,-1.5272
65.13761,-1.4882
65.14764,-1.4183
65.15767,-1.3729
65.16768,-1.3063
65.17767,-1.2472
65.18767,-1.1786
65.19766,-1.1297
65.20766,-1.0828
65.21766,-1.0124
65.22765,-0.9862
65.23765,-0.9802
65.24764,-0.9807
65.25764,-0.9883
65.26764,-0.9817
65.27763,-1.0068
65.28763,-1.0412
65.29771,-1.0459
65.30779,-1.0668
65.31786,-1.0661
65.32794,-1.0708
65.33802,-1.0266
65.3481,-1.0536
65.35817,-1.0529
65.36825,-1.0528
65.37833,-0.9742
65.3884,-1.0548
65.39848,-1.5345
65.40856,-1.6922
65.41856,-1.7771
65.42847,-1.9367
65.43839,-1.9519
65.4483,-1.97
65.45821,-1.9377
65.46812,-1.9311
65.47804,-1.9065
65.48795,-1.7941
65.49786,-1.9993
65.50778,-2.0275
65.51769,-2.1073
65.52761,-2.1835
65.53752,-2.2713
65.54766,-2.3246
65.55779,-2.4032
65.56792,-2.4459
65.57806,-2.4843
65.58819,-2.5233
65.59832,-2.6041
65.60844,-2.6394
65.61858,-2.6596
65.62871,-2.6715
65.63884,-2.7009
65.64897,-2.7176
65.6591,-2.756
65.66914,-2.7842
65.67906,-2.7877
65.68899,-2.7871
65.69891,-2.8032
65.70883,-2.8045
65.71875,-2.7727
65.72868,-2.7544
65.73859,-2.6909
65.74852,-2.6485
65.75844,-2.6579
65.76836,-2.6454
65.77828,-2.6193
65.78821,-2.6006
65.79825,-2.5941
65.80829,-2.581
65.81834,-2.5543
65.82838,-2.5645
65.83842,-2.5805
65.84846,-2.5668
65.85851,-2.5526
65.86855,-2.5412
65.87859,-2.5176
65.88863,-2.4856
65.89867,-2.4551
65.90871,-2.4708
65.91871,-2.4629
65.92864,-2.45
65.93858,-2.4368
65.94852,-2.4229
65.95847,-2.3935
65.9684,-2.3685
65.97834,-2.3347
65.98828,-2.2933
65.99821,-2.2551
66.00816,-2.318
66.0181,-2.4564
66.02803,-2.4609
66.03797,-2.473
66.048,-2.4531
66.05802,-2.4412
66.06804,-2.3688
66.07806,-2.3742
66.08809,-2.313
66.09811,-2.3667
66.10813,-2.3773
66.11816,-2.3516
66.12818,-2.3294
66.13821,-2.2593
66.14822,-2.2321
66.15825,-2.1796
66.1683,-2.2395
66.17835,-2.2048
66.1884,-2.1785
66.19846,-2.2017
66.20851,-2.2432
66.21856,-2.2943
66.22861,-2.345
66.23867,-2.3806
66.24872,-2.4145
66.25877,-2.4394
66.26883,-2.4478
66.27888,-2.4508
66.28893,-2.4641
66.29891,-2.4643
66.30888,-2.4982
66.31884,-2.5477
66.3288,-2.5785
66.33877,-2.6356
66.34873,-2.6516
66.3587,-2.6707
66.36866,-2.6939
66.37862,-2.6892
66.38859,-2.6893
66.39855,-2.6885
66.40852,-2.6866
66.41851,-2.6729
66.4285,-2.6147
66.43848,-2.6127
66.44847,-2.5947
66.45846,-2.5717
66.46844,-2.5815
66.47843,-2.5426
66.48841,-2.5387
66.4984,-2.5486
66.50838,-2.5439
66.51837,-2.5416
66.52836,-2.5148
66.53835,-2.5089
66.54835,-2.4849
66.55833,-2.4688
66.56831,-2.4572
66.5783,-2.4472
66.58829,-2.4179
66.59827,-2.3895
66.60826,-2.3457
66.61824,-2.3201
66.62823,-2.2733
66.63821,-2.2291
66.6482,-2.1989
66.65819,-2.1625
66.66826,-2.1406
66.67841,-2.0877
66.68857,-2.0645
66.69872,-2.0752
66.70888,-2.0397
66.71902,-2.0611
66.72918,-2.0436
66.73933,-2.0712
66.74949,-2.039
66.75964,-1.9689
66.76979,-1.9155
66.77995,-1.888
66.7901,-1.9159
66.80007,-1.96
66.81003,-1.9517
66.81998,-1.9761
66.82994,-1.9882
66.8399,-1.9438
66.84986,-1.9638
66.85982,-1.9516
66.86977,-1.9612
66.87974,-1.963
66.88969,-1.9619
66.89965,-1.9592
66.90961,-1.9981
66.91956,-2.1077
66.92947,-2.2377
66.9394,-2.3582
66.94933,-2.4161
66.95925,-2.4431
66.96918,-2.4031
66.9791,-2.2089
66.98903,-2.0983
66.99895,-2.0165
67.00888,-1.9681
67.01881,-1.9537
67.02873,-1.9345
67.03866,-1.9114
67.04868,-1.9013
67.05869,-1.904
67.06871,-1.8845
67.07872,-1.8748
67.08874,-1.8835
67.09875,-1.8767
67.10877,-1.8589
67.11878,-1.8536
67.1288,-1.8554
67.13882,-1.8673
67.14883,-1.8905
67.15885,-1.8941
67.16886,-1.8986
67.17887,-1.8853
67.18888,-1.8582
67.1989,-1.8442
67.20891,-1.8233
67.21892,-1.8218
67.22894,-1.7828
67.23895,-1.7692
67.24896,-1.7492
67.25897,-1.7508
67.26898,-1.7578
67.279,-1.7693
67.28901,-1.7921
67.29901,-1.8111
67.30901,-1.8226
67.319,-1.8201
67.32899,-1.7962
67.33899,-1.7619
67.34898,-1.7296
67.35898,-1.6991
67.36897,-1.6901
67.37896,-1.7498
67.38895,-1.8479
67.39895,-1.9663
67.40894,-2.0379
67.41895,-2.0865
67.42894,-2.1235
67.43894,-2.1549
67.44894,-2.1767
67.45893,-2.1651
67.46893,-2.1549
67.47893,-2.1611
67.48893,-2.1563
67.49892,-2.1627
67.50893,-2.1698
67.51892,-2.177
67.52892,-2.215
67.53892,-2.221
67.54892,-2.2204
67.55891,-2.2279
67.56892,-2.2436
67.57891,-2.2668
67.58891,-2.2834
67.59891,-2.2915
67.60891,-2.2948
67.6189,-2.2878
67.6289,-2.2912
67.6389,-2.3244
67.6489,-2.3558
67.6589,-2.3973
67.6689,-2.4008
67.67889,-2.3679
67.68889,-2.3254
67.69888,-2.2997
67.70888,-2.2751
67.71887,-2.2303
67.72887,-2.1723
67.73886,-2.0992
67.74886,-2.0151
67.75886,-1.9491
67.76885,-1.8718
67.77885,-1.8122
67.78884,-1.7403
67.7989,-1.7349
67.80897,-1.7945
67.81904,-1.8405
67.8291,-1.8398
67.83916,-1.8946
67.84923,-1.9351
67.85929,-1.9828
67.86936,-1.9799
67.87943,-1.9438
67.88949,-2.0016
67.89955,-1.986
67.90961,-1.9312
67.91965,-1.8304
67.92965,-1.6955
67.93964,-1.6186
67.94965,-1.5613
67.95964,-1.6599
67.96964,-1.6563
67.97964,-1.6396
67.98963,-1.6451
67.99963,-1.7099
68.00963,-1.8161
68.01962,-1.9354
68.02962,-2.0457
68.03962,-2.1553
68.04964,-2.2534
68.05965,-2.3465
68.06966,-2.4424
68.07968,-2.5252
68.0897,-2.6116
68.09971,-2.702
68.10973,-2.7741
68.11974,-2.8198
68.12976,-2.8709
68.13977,-2.9076
68.14979,-2.9293
68.15981,-2.9815
68.16979,-3.0288
68.17974,-3.0151
68.1897,-3.019
68.19965,-2.9573
68.20959,-2.9475
68.21955,-2.9135
68.2295,-2.9299
68.23946,-2.9736
68.2494,-2.9999
68.25936,-3.0071
68.26931,-3.0013
68.27927,-3.0292
68.28922,-3.059
68.29927,-3.0746
68.30933,-3.0435
68.31938,-3.0022
68.32944,-2.9492
68.3395,-2.8962
68.34956,-2.8194
68.35961,-2.7513
68.36967,-2.7205
68.37972,-2.6578
68.38978,-2.5475
68.39983,-2.4269
68.40989,-2.2823
68.41991,-2.1774
68.42988,-2.0752
68.43985,-1.9846
68.44982,-1.9225
68.45979,-1.8752
68.46976,-1.7862
68.47974,-1.7121
68.48971,-1.7129
68.49968,-1.8441
68.50965,-1.8533
68.51962,-1.8383
68.52959,-1.8878
68.53957,-2.0005
68.54957,-2.0059
68.55957,-2.0531
68.56957,-1.9885
68.57957,-1.9021
68.58957,-1.7823
68.59957,-1.6356
68.60957,-1.6966
68.61957,-1.6903
68.62957,-1.6156
68.63956,-1.6563
68.64957,-1.6558
68.65957,-1.6505
68.66956,-1.7293
68.67951,-1.773
68.68948,-1.8596
68.69944,-2.0071
68.7094,-2.1534
68.71937,-2.2913
68.72933,-2.4205
68.7393,-2.5422
68.74926,-2.6487
68.75922,-2.7385
68.76919,-2.8042
68.77915,-2.8799
68.78912,-2.9634
68.7992,-3.0389
68.80928,-3.0979
68.81936,-3.1246
68.82944,-3.1815
68.83952,-3.1952
68.8496,-3.2013
68.85968,-3.1999
68.86976,-3.1859
68.87984,-3.1558
68.88992,-3.1276
68.9,-3.0958
68.91008,-3.0741
68.92012,-3.044
68.93011,-3.0131
68.94011,-3.0143
68.9501,-3.0225
68.9601,-3.0527
68.97009,-3.0448
68.98009,-3.0486
68.99008,-3.0313
69.00008,-3.0193
69.01007,-3.0117
69.02007,-3.0044
69.03006,-3.0169
69.04005,-3.0042
69.05006,-2.9738
69.06005,-2.9273
69.07005,-2.8947
69.08005,-2.8815
69.09004,-2.8673
69.10004,-2.8036
69.11004,-2.7198
69.12003,-2.6435
69.13004,-2.5585
69.14003,-2.5032
69.15002,-2.4437
69.16003,-2.3261
69.17006,-2.2526
69.18008,-2.2687
69.1901,-2.3063
69.20012,-2.2963
69.21014,-2.3298
69.22016,-2.3684
69.23019,-2.4175
69.2402,-2.5043
69.25023,-2.5292
69.26025,-2.5654
69.27027,-2.5993
69.28029,-2.5932
69.29031,-2.6008
69.30032,-2.5989
69.3103,-2.6021
69.32029,-2.5915
69.33027,-2.5877
69.34026,-2.6218
69.35024,-2.6492
69.36023,-2.6725
69.37021,-2.6601
69.3802,-2.6328
69.39018,-2.5973
69.40017,-2.5466
69.41016,-2.4467
69.42014,-2.3845
69.43015,-2.3546
69.44015,-2.3285
69.45015,-2.279
69.46015,-2.2238
69.47015,-2.1825
69.48016,-2.1767
69.49017,-2.1504
69.50017,-2.1371
69.51017,-2.1558
69.52017,-2.1514
69.53017,-2.1493
69.54018,-2.1119
69.55017,-2.1061
69.56016,-2.1119
69.57014,-2.0903
69.58013,-2.0759
69.59012,-2.0441
69.60011,-2.0156
69.61009,-1.9528
69.62008,-1.8876
69.63007,-1.8331
69.64005,-1.7903
69.65004,-1.7562
69.66003,-1.7354
69.67004,-1.7401
69.68005,-1.7336
69.69006,-1.7329
69.70007,-1.7397
69.71008,-1.7472
69.72009,-1.7608
69.7301,-1.75
69.74011,-1.7464
69.75012,-1.7417
69.76014,-1.7473
69.77015,-1.7474
69.78016,-1.7707
69.79017,-1.7793
69.80014,-1.7863
69.81011,-1.7918
69.82009,-1.8086
69.83006,-1.8121
69.84003,-1.8158
69.85001,-1.8093
69.85998,-1.8038
69.86995,-1.8129
69.87992,-1.7927
69.88989,-1.7861
69.89986,-1.7815
69.90984,-1.7875
69.91985,-1.8091
69.92984,-1.8281
69.93983,-1.8359
69.94983,-1.8459
69.95982,-1.85
69.96982,-1.8573
69.97981,-1.8591
69.98981,-1.8581
69.99981,-1.8469
70.0098,-1.822
70.0198,-1.7984
70.02979,-1.7999
70.03979,-1.7852
70.04987,-1.7913
70.05994,-1.7675
70.07001,-1.7404
70.08009,-1.7366
70.09016,-1.7522
70.10023,-1.7541
70.11031,-1.7553
70.12038,-1.7351
70.13046,-1.6982
70.14053,-1.6861
70.1506,-1.6695
70.16068,-1.6614
70.17073,-1.6563
70.18075,-1.651
70.19076,-1.6526
70.20078,-1.659
70.21079,-1.6331
70.22081,-1.5917
70.23083,-1.5374
70.24084,-1.5034
70.25086,-1.5005
70.26087,-1.49
70.27089,-1.4897
70.28091,-1.4506
70.29092,-1.4182
70.30091,-1.3847
70.31089,-1.379
70.32088,-1.3533
70.33086,-1.3421
70.34084,-1.3332
70.35082,-1.3169
70.3608,-1.322
70.37079,-1.3165
70.38077,-1.3024
70.39075,-1.2854
70.40073,-1.2809
70.41072,-1.2704
70.42072,-1.2034
70.43075,-1.122
70.44077,-1.0998
70.45078,-1.0952
70.4608,-1.0885
70.47082,-1.0814
70.48083,-1.0777
70.49085,-1.0961
70.50087,-1.0976
70.51089,-1.0812
70.52091,-1.0713
70.53093,-1.0691
70.54095,-1.041
70.55095,-1.0519
70.56095,-1.0452
70.57095,-1.0335
70.58095,-1.008
70.59095,-0.9758
70.60095,-0.9698
70.61095,-0.9792
70.62095,-0.9695
70.63095,-0.9499
70.64095,-0.9041
70.65095,-0.8625
70.66095,-0.8353
70.67095,-0.812
70.68095,-0.7209
70.69095,-0.6514
70.70095,-0.575
70.71095,-0.555
70.72095,-0.5413
70.73095,-0.5523
70.74095,-0.6427
70.75095,-0.6343
70.76095,-0.6331
70.77095,-0.6333
70.78094,-0.6624
70.79095,-0.6845
70.80091,-0.6947
70.81087,-0.6976
70.82084,-0.6641
70.8308,-0.7046
70.84077,-0.7278
70.85073,-0.7165
70.86069,-0.7621
70.87066,-0.7678
70.88062,-0.7915
70.89059,-0.8087
70.90055,-0.834
70.91051,-0.8374
70.92051,-0.8322
70.93051,-0.8413
70.94051,-0.8159
70.95052,-0.8396
70.96052,-0.8418
70.97052,-0.8489
70.98052,-0.8468
70.99052,-0.835
71.00053,-0.861
71.01053,-0.8921
71.02053,-0.9137
71.03053,-0.8944
71.04053,-0.8745
71.05062,-0.888
71.0607,-0.8315
71.07078,-0.859
71.08086,-0.876
71.09094,-0.8681
71.10102,-0.8713
71.11111,-0.8761
71.12119,-0.909
71.13126,-0.9119
71.14135,-0.9058
71.15143,-0.9094
71.16151,-0.9032
71.17162,-0.9198
71.18171,-0.9318
71.1918,-0.9385
71.2019,-0.949
71.21198,-0.9565
71.22208,-0.9617
71.23217,-0.959
71.24226,-0.94
71.25236,-0.9283
71.26245,-0.9259
71.27254,-0.9308
71.28264,-0.9227
71.29273,-0.9512
71.30268,-0.9946
71.31263,-0.9989
71.32259,-0.9878
71.33253,-0.9717
71.34249,-0.9395
71.35244,-0.9086
71.3624,-0.9018
71.37234,-0.8956
71.38229,-0.9185
71.39225,-0.974
71.4022,-0.9938
71.41216,-0.9785
71.42214,-0.905
71.43214,-0.8774
71.44214,-0.8725
71.45213,-0.8468
71.46214,-0.8512
71.47213,-0.8411
71.48212,-0.831
71.49213,-0.8257
71.50212,-0.8147
71.51212,-0.8205
71.52212,-0.823
71.53212,-0.842
71.54211,-0.8463
71.5521,-0.84
71.56209,-0.8413
71.57207,-0.8369
71.58206,-0.8529
71.59205,-0.8567
71.60204,-0.8456
71.61202,-0.8265
71.62201,-0.8222
71.632,-0.8236
71.64198,-0.8326
71.65197,-0.8316
71.66196,-0.8309
71.67194,-0.8337
71.68192,-0.8206
71.69189,-0.8191
71.70187,-0.8092
71.71184,-0.8173
71.72181,-0.8071
71.73179,-0.802
71.74176,-0.7981
71.75173,-0.7964
71.76171,-0.8036
71.77168,-0.8047
71.78166,-0.8115
71.79163,-0.8039
71.80164,-0.8154
71.81163,-0.8171
71.82162,-0.8009
71.83162,-0.7945
71.84162,-0.7968
71.85162,-0.7967
71.86161,-0.8004
71.87161,-0.7977
71.88161,-0.7759
71.8916,-0.7761
71.9016,-0.7515
71.9116,-0.7467
71.92159,-0.7804
71.93158,-0.808
71.94157,-0.8287
71.95155,-0.8477
71.96154,-0.8343
71.97153,-0.8285
71.98151,-0.7883
71.9915,-0.7597
72.00149,-0.7455
72.01148,-0.7373
72.02147,-0.738
72.03146,-0.744
72.04144,-0.7421
72.05146,-0.7352
72.06146,-0.729
72.07146,-0.7193
72.08147,-0.7335
72.09147,-0.7621
72.10147,-0.7965
72.11147,-0.808
72.12148,-0.7957
72.13148,-0.7837
72.14148,-0.7635
72.15148,-0.7484
72.16148,-0.7262
72.17149,-0.7296
72.18149,-0.74
72.19149,-0.7448
72.20149,-0.7599
72.21149,-0.7631
72.22149,-0.7705
72.23149,-0.7545
72.24149,-0.754
72.2515,-0.7476
72.2615,-0.7199
72.2715,-0.709
72.2815,-0.7051
72.2915,-0.7039
72.3016,-0.7026
72.31169,-0.7138
72.32178,-0.7054
72.33187,-0.7109
72.34196,-0.7198
72.35204,-0.7185
72.36214,-0.7156
72.37222,-0.7177
72.38232,-0.7085
72.3924,-0.7131
72.40249,-0.7125
72.41258,-0.7268
72.42262,-0.7357
72.4326,-0.733
72.44258,-0.7223
72.45256,-0.7198
72.46255,-0.7145
72.47253,-0.7081
72.48251,-0.702
72.49249,-0.6835
72.50246,-0.6822
72.51244,-0.6915
72.52243,-0.7069
72.53241,-0.7065
72.54239,-0.7081
72.55241,-0.6909
72.56244,-0.6911
72.57246,-0.6777
72.58248,-0.6849
72.5925,-0.6793
72.60252,-0.6901
72.61254,-0.6913
72.62257,-0.7002
72.63259,-0.7065
72.64261,-0.7036
72.65263,-0.701
72.66265,-0.6954
72.67265,-0.6882
72.6826,-0.6823
72.69256,-0.6852
72.70251,-0.6775
72.71246,-0.6795
72.72241,-0.6851
72.73236,-0.6883
72.74231,-0.687
72.75227,-0.7011
72.76221,-0.6888
72.77216,-0.6879
72.78212,-0.6748
72.79207,-0.6631
72.80215,-0.6674
72.81224,-0.6606
72.82233,-0.6722
72.83241,-0.6861
72.84249,-0.6846
72.85257,-0.6923
72.86266,-0.6966
72.87273,-0.6891
72.88282,-0.6911
72.8929,-0.6879
72.90298,-0.6861
72.91306,-0.6776
72.92307,-0.6669
72.93301,-0.6572
72.94295,-0.659
72.95288,-0.6581
72.96281,-0.6677
72.97275,-0.674
72.98268,-0.684
72.99261,-0.6783
73.00255,-0.6689
73.01249,-0.6668
73.02242,-0.6568
73.03236,-0.6514
73.04229,-0.6624
73.05228,-0.6577
73.06226,-0.6604
73.07225,-0.6596
73.08224,-0.65
73.09222,-0.6463
73.10221,-0.6509
73.1122,-0.6526
73.12218,-0.6548
73.13217,-0.6501
73.14216,-0.6496
73.15215,-0.6549
73.16213,-0.6393
73.1721,-0.6379
73.18208,-0.6238
73.19205,-0.623
73.20203,-0.6127
73.212,-0.6173
73.22197,-0.621
73.23195,-0.6257
73.24192,-0.6165
73.25189,-0.6127
73.26186,-0.5988
73.27184,-0.5791
73.28181,-0.5868
73.29179,-0.5957
73.30179,-0.6
73.31178,-0.605
73.32177,-0.6043
73.33176,-0.6053
73.34175,-0.5899
73.35174,-0.5842
73.36173,-0.5795
73.37172,-0.5514
73.38171,-0.5416
73.3917,-0.5198
73.4017,-0.4971
73.41168,-0.4849
73.42174,-0.4724
73.43185,-0.4511
73.44196,-0.4564
73.45207,-0.4384
73.46218,-0.4272
73.47229,-0.4235
73.48241,-0.4028
73.49252,-0.3998
73.50262,-0.404
73.51273,-0.4051
73.52285,-0.4078
73.53296,-0.4116
73.54307,-0.4064
73.55304,-0.3971
73.563,-0.3973
73.57298,-0.3859
73.58294,-0.3846
73.59291,-0.3718
73.60287,-0.3788
73.61284,-0.3767
73.62281,-0.3748
73.63277,-0.3874
73.64275,-0.3841
73.65271,-0.3771
73.66268,-0.3601
73.67268,-0.3652
73.6827,-0.3749
73.69273,-0.3854
73.70276,-0.4042
73.71279,-0.399
73.72282,-0.3925
73.73284,-0.3924
73.74287,-0.4025
73.7529,-0.4121
73.76293,-0.4395
73.77296,-0.4533
73.78299,-0.4662
73.79301,-0.4874
73.80302,-0.5002
73.81302,-0.5032
73.82301,-0.5171
73.83301,-0.5207
73.84301,-0.5184
73.853,-0.5147
73.86301,-0.5218
73.873,-0.53
73.883,-0.528
73.893,-0.5334
73.90299,-0.543
73.91299,-0.5378
73.92299,-0.5404
73.93299,-0.5394
73.94299,-0.5248
73.95298,-0.5272
73.96297,-0.5228
73.97297,-0.5305
73.98296,-0.5255
73.99296,-0.5145
74.00295,-0.5262
74.01295,-0.5273
74.02294,-0.5381
74.03294,-0.5496
74.04293,-0.5509
74.05293,-0.5596
74.06293,-0.553
74.07293,-0.5538
74.08292,-0.5509
74.09293,-0.538
74.10292,-0.5169
74.11292,-0.49
74.12292,-0.4724
74.13291,-0.4649
74.14291,-0.4745
74.15291,-0.4958
74.16291,-0.5268
74.17288,-0.5309
74.18284,-0.514
74.19279,-0.5064
74.20275,-0.4989
74.2127,-0.5086
74.22266,-0.5103
74.23261,-0.5157
74.24256,-0.521
74.25252,-0.5143
74.26247,-0.511
74.27243,-0.4939
74.28238,-0.5137
74.29234,-0.518
74.30237,-0.5288
74.31239,-0.5252
74.32242,-0.5149
74.33244,-0.5095
74.34247,-0.5105
74.35249,-0.5047
74.36252,-0.5147
74.37254,-0.5229
74.38256,-0.5203
74.39259,-0.5343
74.40261,-0.5442
74.41264,-0.5547
74.42269,-0.5544
74.43278,-0.5422
74.44286,-0.5333
74.45295,-0.5262
74.46304,-0.5247
74.47313,-0.5193
74.48322,-0.5084
74.49331,-0.5175
74.5034,-0.5324
74.51348,-0.5376
74.52357,-0.5363
74.53366,-0.5341
74.54375,-0.5279
74.55375,-0.5166
74.56375,-0.5168
74.57375,-0.5181
74.58375,-0.5204
74.59375,-0.5233
74.60374,-0.5262
74.61375,-0.5239
74.62374,-0.5315
74.63374,-0.5316
74.64375,-0.5264
74.65374,-0.523
74.66374,-0.5226
74.67374,-0.5194
74.68374,-0.5256
74.69373,-0.5226
74.70373,-0.5147
74.71373,-0.5151
74.72372,-0.5186
74.73372,-0.5025
74.74371,-0.5098
74.75372,-0.5146
74.76371,-0.5167
74.7737,-0.5127
74.78371,-0.5185
74.7937,-0.5157
74.80368,-0.5076
74.81365,-0.5165
74.82362,-0.5014
74.8336,-0.5064
74.84357,-0.501
74.85354,-0.4995
74.86351,-0.5017
74.87348,-0.5013
74.88345,-0.4992
74.89342,-0.4994
74.9034,-0.5236
74.91337,-0.5331
74.92335,-0.5444
74.93333,-0.5337
74.94333,-0.5267
74.95332,-0.5217
74.96331,-0.5139
74.9733,-0.5069
74.98329,-0.5137
74.99328,-0.5133
75.00327,-0.52
75.01326,-0.5222
75.02325,-0.5293
75.03324,-0.5199
75.04324,-0.5167
75.05327,-0.5183
75.0633,-0.5139
75.07333,-0.5129
75.08336,-0.505
75.09338,-0.5168
75.10341,-0.5148
75.11344,-0.5096
75.12347,-0.5175
75.1335,-0.5202
75.14352,-0.5139
75.15355,-0.5083
75.16358,-0.4995
75.17364,-0.5037
75.18371,-0.5079
75.19378,-0.5122
75.20385,-0.5159
75.21392,-0.5132
75.22399,-0.518
75.23406,-0.5204
75.24413,-0.5143
75.2542,-0.5121
75.26427,-0.5063
75.27434,-0.5045
75.28441,-0.5062
75.29448,-0.5112
75.30441,-0.5251
75.31434,-0.5158
75.32427,-0.5144
75.3342,-0.5132
75.34413,-0.5013
75.35406,-0.4985
75.364,-0.4924
75.37392,-0.4832
75.38386,-0.4971
75.39379,-0.5062
75.40372,-0.5166
75.41365,-0.5207
75.42365,-0.5144
75.43371,-0.5097
75.44377,-0.5011
75.45383,-0.4965
75.46389,-0.4881
75.47395,-0.485
75.48402,-0.491
75.49407,-0.4937
75.50414,-0.4916
75.5142,-0.4887
75.52426,-0.4744
75.53432,-0.4682
75.54438,-0.4596
75.5544,-0.4544
75.56441,-0.4462
75.57442,-0.4495
75.58442,-0.4587
75.59443,-0.4541
75.60444,-0.4513
75.61445,-0.4459
75.62445,-0.4504
75.63446,-0.4506
75.64447,-0.4322
75.65447,-0.4217
75.66448,-0.4107
75.67448,-0.41
75.68444,-0.4079
75.6944,-0.4073
75.70438,-0.404
75.71434,-0.3926
75.72431,-0.3745
75.73428,-0.3582
75.74424,-0.3522
75.75421,-0.3519
75.76418,-0.3438
75.77414,-0.3521
75.78411,-0.3593
75.79408,-0.3592
75.8041,-0.3504
75.81413,-0.3585
75.82415,-0.3647
75.83418,-0.3721
75.8442,-0.3681
75.85422,-0.3728
75.86424,-0.3581
75.87427,-0.3563
75.88429,-0.3745
75.89432,-0.3918
75.90434,-0.4041
75.91437,-0.4252
75.92436,-0.4233
75.93433,-0.436
75.94429,-0.442
75.95425,-0.465
75.96423,-0.4855
75.97419,-0.4877
75.98415,-0.4866
75.99412,-0.4844
76.00408,-0.484
76.01405,-0.475
76.02402,-0.4671
76.03398,-0.4614
76.04395,-0.4654
76.05399,-0.4476
76.06402,-0.4452
76.07404,-0.4431
76.08408,-0.4463
76.09411,-0.4446
76.10413,-0.4325
76.11417,-0.4353
76.1242,-0.4548
76.13423,-0.4479
76.14426,-0.4448
76.15429,-0.4597
76.16432,-0.4577
76.17432,-0.4657
76.1843,-0.4701
76.19428,-0.4787
76.20426,-0.4879
76.21425,-0.5082
76.22423,-0.5009
76.23421,-0.4938
76.24419,-0.4842
76.25417,-0.4734
76.26414,-0.4624
76.27413,-0.4602
76.28411,-0.4569
76.29409,-0.4621
76.3041,-0.4736
76.31411,-0.4718
76.32411,-0.4631
76.33412,-0.4707
76.34412,-0.4634
76.35413,-0.4676
76.36414,-0.4633
76.37415,-0.4628
76.38416,-0.4693
76.39416,-0.4624
76.40417,-0.4535
76.41417,-0.4591
76.42418,-0.459
76.43418,-0.4593
76.44418,-0.4607
76.45418,-0.4678
76.46418,-0.4611
76.47418,-0.4652
76.48418,-0.4612
76.49418,-0.4686
76.50418,-0.4679
76.51418,-0.4732
76.52419,-0.4774
76.53418,-0.4792
76.54418,-0.4772
76.55418,-0.4805
76.56418,-0.4872
76.57417,-0.4864
76.58418,-0.4798
76.59417,-0.4751
76.60417,-0.4712
76.61417,-0.4605
76.62417,-0.47
76.63416,-0.4593
76.64417,-0.4549
76.65416,-0.4612
76.66416,-0.4641
76.67416,-0.4563
76.68415,-0.4586
76.69415,-0.4624
76.70414,-0.4646
76.71413,-0.4691
76.72413,-0.4654
76.73412,-0.4693
76.74411,-0.4604
76.7541,-0.4512
76.7641,-0.4526
76.77409,-0.4472
76.78408,-0.4565
76.79408,-0.4607
76.80415,-0.4741
76.81422,-0.4777
76.8243,-0.4765
76.83438,-0.4701
76.84446,-0.4756
76.85453,-0.4673
76.86461,-0.4688
76.87469,-0.4752
76.88476,-0.4681
76.89484,-0.4614
76.90491,-0.4517
76.91499,-0.4451
76.92503,-0.4494
76.93503,-0.4468
76.94502,-0.45
76.95502,-0.4484
76.96502,-0.4585
76.97501,-0.4646
76.98502,-0.4612
76.99501,-0.4675
77.005,-0.4675
77.01501,-0.4644
77.025,-0.4658
77.035,-0.458
77.045,-0.458
77.05502,-0.4613
77.06502,-0.4616
77.07502,-0.4673
77.08501,-0.4613
77.09502,-0.4512
77.10502,-0.4487
77.11502,-0.4424
77.12502,-0.4466
77.13503,-0.454
77.14503,-0.4549
77.15503,-0.4604
77.16503,-0.4599
77.17505,-0.4582
77.18504,-0.4531
77.19503,-0.4503
77.20502,-0.4408
77.21502,-0.4522
77.22501,-0.4466
77.235,-0.451
77.245,-0.4448
77.25499,-0.4407
77.26498,-0.4429
77.27497,-0.4299
77.28497,-0.445
77.29496,-0.4378
77.30497,-0.4426
77.31497,-0.4452
77.32497,-0.4342
77.33496,-0.44
77.34496,-0.4272
77.35496,-0.434
77.36495,-0.4361
77.37495,-0.4432
77.38495,-0.4458
77.39494,-0.4541
77.40495,-0.4511
77.41494,-0.4408
77.42493,-0.428
77.43494,-0.4312
77.44493,-0.419
77.45493,-0.4314
77.46494,-0.4267
77.47493,-0.4266
77.48493,-0.4372
77.49493,-0.4399
77.50493,-0.4433
77.51492,-0.449
77.52493,-0.4543
77.53492,-0.4447
77.54492,-0.4514
77.55495,-0.4436
77.56497,-0.4398
77.57499,-0.4347
77.58501,-0.4303
77.59504,-0.4372
77.60506,-0.4327
77.61508,-0.4363
77.62511,-0.4283
77.63512,-0.4318
77.64515,-0.4336
77.65517,-0.4249
77.66519,-0.4328
77.67522,-0.4292
77.6852,-0.4288
77.69518,-0.4237
77.70517,-0.4245
77.71516,-0.4284
77.72514,-0.4231
77.73513,-0.4295
77.74512,-0.4214
77.7551,-0.4237
77.76509,-0.4272
77.77508,-0.4269
77.78506,-0.4286
77.79505,-0.4388
77.80512,-0.4349
77.81519,-0.4337
77.82525,-0.4361
77.8353,-0.4291
77.84537,-0.421
77.85543,-0.4298
77.86549,-0.4229
77.87556,-0.4175
77.88562,-0.4214
77.89568,-0.4338
77.90575,-0.4366
77.91581,-0.436
77.92583,-0.4268
77.93579,-0.4271
77.94576,-0.4132
77.95573,-0.4279
77.96569,-0.4259
77.97565,-0.4277
77.98562,-0.4364
77.99559,-0.4438
78.00555,-0.4333
78.01552,-0.4306
78.02548,-0.4346
78.03545,-0.4333
78.04542,-0.4212
78.05544,-0.4322
78.06544,-0.4281
78.07545,-0.4334
78.08546,-0.4275
78.09547,-0.4382
78.10548,-0.4234
78.11549,-0.4352
78.1255,-0.4295
78.13551,-0.435
78.14552,-0.4301
78.15553,-0.4275
78.16553,-0.4278
78.17553,-0.4266
78.18551,-0.4284
78.19549,-0.4283
78.20547,-0.4282
78.21545,-0.4316
78.22543,-0.432
78.23541,-0.4347
78.24539,-0.4341
78.25537,-0.435
78.26535,-0.4316
78.27533,-0.4285
78.28531,-0.4292
78.29529,-0.4294
78.30529,-0.4334
78.31528,-0.4238
78.32526,-0.4287
78.33525,-0.4364
78.34524,-0.4397
78.35522,-0.4263
78.36522,-0.4287
78.37521,-0.4198
78.38519,-0.4169
78.39518,-0.4183
78.40517,-0.4254
78.41515,-0.4281
78.42516,-0.4271
78.43516,-0.4267
78.44516,-0.4371
78.45516,-0.4279
78.46516,-0.4216
78.47517,-0.4238
78.48517,-0.4172
78.49517,-0.4117
78.50518,-0.4132
78.51518,-0.4198
78.52518,-0.4175
78.53519,-0.4138
78.54519,-0.416
78.5552,-0.4212
78.56519,-0.4249
78.5752,-0.4239
78.5852,-0.4199
78.5952,-0.4191
78.6052,-0.4257
78.6152,-0.425
78.6252,-0.4159
78.6352,-0.4147
78.6452,-0.409
78.6552,-0.4069
78.66521,-0.4141
78.67521,-0.4177
78.68523,-0.4243
78.69524,-0.4233
78.70526,-0.4163
78.71528,-0.4165
78.7253,-0.4105
78.73531,-0.4067
78.74533,-0.405
78.75535,-0.4111
78.76537,-0.4116
78.77538,-0.4174
78.7854,-0.4296
78.79542,-0.428
78.80539,-0.4218
78.81536,-0.4104
78.82533,-0.4008
78.83531,-0.3891
78.84528,-0.4034
78.85526,-0.4023
78.86523,-0.4046
78.8752,-0.4186
78.88517,-0.4219
78.89514,-0.4309
78.90511,-0.418
78.91508,-0.4074
78.92513,-0.407
78.9352,-0.402
78.94527,-0.396
78.95535,-0.4079
78.96542,-0.4002
78.97549,-0.4176
78.98557,-0.4182
78.99564,-0.4216
79.00571,-0.4171
79.01579,-0.4073
79.02586,-0.4019
79.03593,-0.3997
79.04601,-0.4029
79.05599,-0.4068
79.06599,-0.4081
79.07599,-0.4134
79.08599,-0.4164
79.09599,-0.4137
79.10598,-0.4021
79.11598,-0.4029
79.12598,-0.4006
79.13598,-0.4025
79.14597,-0.4081
79.15597,-0.408
79.16597,-0.4069
79.17599,-0.4069
79.18601,-0.3944
79.19604,-0.4025
79.20606,-0.4026
79.21609,-0.4087
79.22611,-0.4109
79.23614,-0.4075
79.24616,-0.3981
79.25619,-0.4043
79.26621,-0.3953
79.27624,-0.3942
79.28626,-0.3871
79.29629,-0.3928
79.30628,-0.3927
79.31628,-0.4009
79.32627,-0.4025
79.33627,-0.4114
79.34627,-0.4116
79.35626,-0.4049
79.36626,-0.4039
79.37625,-0.404
79.38625,-0.4039
79.39625,-0.4002
79.40624,-0.4043
79.41624,-0.4029
79.42624,-0.4049
79.43623,-0.4042
79.44623,-0.4009
79.45622,-0.3981
79.46622,-0.3947
79.47621,-0.3997
79.48621,-0.3944
79.4962,-0.3922
79.5062,-0.3964
79.51619,-0.4
79.52618,-0.3922
79.53618,-0.3877
79.54617,-0.3855
79.55618,-0.3955
79.56617,-0.4022
79.57616,-0.395
79.58616,-0.4061
79.59615,-0.4051
79.60615,-0.3934
79.61614,-0.4052
79.62614,-0.4011
79.63613,-0.4063
79.64613,-0.4015
79.65612,-0.3963
79.66611,-0.3987
79.67611,-0.3965
79.6861,-0.4022
79.6961,-0.3979
79.7061,-0.3959
79.71609,-0.3888
79.72609,-0.4031
79.73608,-0.4086
79.74609,-0.3998
79.75608,-0.4007
79.76608,-0.4009
79.77607,-0.3904
79.78607,-0.3918
79.79607,-0.3944
79.80607,-0.3879
79.81606,-0.3994
79.82606,-0.3912
79.83606,-0.3975
79.84605,-0.3955
79.85605,-0.3981
79.86605,-0.4035
79.87605,-0.3988
79.88605,-0.3941
79.89604,-0.391
79.90604,-0.3946
79.91604,-0.4009
79.92604,-0.3992
79.93603,-0.3873
79.94601,-0.3935
79.95601,-0.3885
79.966,-0.3801
79.97599,-0.3826
79.98598,-0.3874
79.99597,-0.3911
80.00596,-0.3895
80.01595,-0.3839
80.02594,-0.3829
80.03593,-0.3843
80.04592,-0.3904
80.05601,-0.3856
80.06609,-0.3859
80.07618,-0.3801
80.08627,-0.3809
80.09634,-0.3806
80.10643,-0.3844
80.11652,-0.3923
80.1266,-0.385
80.13669,-0.3857
80.14677,-0.3793
80.15685,-0.3867
80.16694,-0.3843
80.17699,-0.3869
80.18698,-0.381
80.19698,-0.3828
80.20698,-0.3795
80.21698,-0.3839
80.22697,-0.3806
80.23698,-0.3892
80.24697,-0.3803
80.25697,-0.3816
80.26697,-0.3759
80.27697,-0.3715
80.28696,-0.3721
80.29697,-0.3717
80.30701,-0.3841
80.31705,-0.383
80.32709,-0.3841
80.33713,-0.3878
80.34717,-0.3873
80.35721,-0.3711
80.36724,-0.369
80.37728,-0.3776
80.38732,-0.374
80.39736,-0.3794
80.40739,-0.3806
80.41743,-0.3856
80.42744,-0.3763
80.4374,-0.3802
80.44736,-0.3835
80.45733,-0.3927
80.46729,-0.3834
80.47726,-0.3698
80.48722,-0.3694
80.49718,-0.3751
80.50715,-0.3847
80.51711,-0.3796
80.52708,-0.387
80.53704,-0.382
80.547,-0.3762
80.55705,-0.3768
80.56709,-0.3773
80.57713,-0.3788
80.58717,-0.3771
80.59721,-0.3702
80.60726,-0.3717
80.6173,-0.3704
80.62734,-0.3791
80.63738,-0.3806
80.64742,-0.3807
80.65747,-0.3911
80.66751,-0.3924
80.67751,-0.3703
80.68745,-0.3796
80.69738,-0.3706
80.70732,-0.3652
80.71726,-0.3641
80.7272,-0.3687
80.73714,-0.3758
80.74709,-0.3801
80.75703,-0.3839
80.76696,-0.3743
80.7769,-0.3671
80.78684,-0.3723
80.79678,-0.367
80.80679,-0.3631
80.81679,-0.3692
80.82678,-0.377
80.83678,-0.3704
80.84678,-0.376
80.85678,-0.3731
80.86678,-0.3755
80.87678,-0.366
80.88677,-0.3707
80.89677,-0.3708
80.90677,-0.3765
80.91677,-0.3767
80.92677,-0.3685
80.93677,-0.3689
80.94676,-0.3617
80.95676,-0.3661
80.96675,-0.3673
80.97675,-0.3761
80.98674,-0.377
80.99673,-0.3731
81.00673,-0.3702
81.01673,-0.3708
81.02673,-0.3698
81.03672,-0.3601
81.04671,-0.3692
81.05667,-0.3699
81.06664,-0.3688
81.0766,-0.3736
81.08656,-0.362
81.09653,-0.356
81.10648,-0.357
81.11645,-0.3654
81.12641,-0.3695
81.13638,-0.3733
81.14634,-0.3743
81.1563,-0.3816
81.16626,-0.3624
81.17629,-0.357
81.18637,-0.3635
81.19646,-0.3627
81.20654,-0.3653
81.21662,-0.3707
81.2267,-0.3697
81.23679,-0.3585
81.24686,-0.3673
81.25695,-0.3603
81.26703,-0.3793
81.27711,-0.3792
81.28719,-0.3733
81.29728,-0.3716
81.30731,-0.3767
81.31734,-0.367
81.32738,-0.3602
81.3374,-0.3527
81.34743,-0.3483
81.35746,-0.3517
81.36749,-0.3527
81.37752,-0.3608
81.38755,-0.3694
81.39758,-0.3702
81.40761,-0.3631
81.41764,-0.367
81.42768,-0.3596
81.43774,-0.3679
81.44781,-0.3604
81.45787,-0.3573
81.46793,-0.3531
81.47799,-0.3571
81.48805,-0.3638
81.49812,-0.3614
81.50818,-0.3647
81.51824,-0.3784
81.5283,-0.3745
81.53836,-0.3733
81.54842,-0.3647
81.55832,-0.3625
81.56821,-0.3589
81.5781,-0.3678
81.58799,-0.3607
81.59789,-0.3623
81.60777,-0.3633
81.61767,-0.36
81.62756,-0.3553
81.63745,-0.3562
81.64735,-0.3678
81.65723,-0.3648
81.66713,-0.3612
81.67714,-0.3547
81.68723,-0.3588
81.69733,-0.3579
81.70744,-0.3549
81.71754,-0.3494
81.72763,-0.3497
81.73773,-0.3443
81.74783,-0.3472
81.75793,-0.3506
81.76804,-0.3522
81.77813,-0.3601
81.78823,-0.3603
81.79833,-0.361
81.80824,-0.3591
81.81813,-0.3616
81.82803,-0.3677
81.83793,-0.3682
81.84782,-0.356
81.85772,-0.3429
81.86762,-0.3432
81.87752,-0.3433
81.88741,-0.3474
81.89732,-0.3568
81.90721,-0.3555
81.91711,-0.3581
81.92711,-0.3558
81.93721,-0.3595
81.94731,-0.3584
81.95741,-0.3565
81.96751,-0.364
81.97762,-0.3498
81.98772,-0.3535
81.99783,-0.3481
82.00793,-0.3458
82.01803,-0.3512
82.02813,-0.3497
82.03823,-0.3495
82.04833,-0.353
82.05823,-0.3546
82.06812,-0.3561
82.078,-0.3565
82.0879,-0.3452
82.09779,-0.3454
82.10767,-0.3433
82.11756,-0.3478
82.12745,-0.3517
82.13734,-0.3451
82.14723,-0.3462
82.15712,-0.3559
82.16701,-0.3451
82.17697,-0.3546
82.187,-0.3504
82.19704,-0.3455
82.20708,-0.3447
82.21712,-0.344
82.22715,-0.3463
82.23718,-0.3517
82.24722,-0.3556
82.25726,-0.3556
82.2673,-0.3474
82.27733,-0.3449
82.28737,-0.3423
82.2974,-0.34
82.30747,-0.3423
82.31755,-0.3471
82.32762,-0.3482
82.33769,-0.3519
82.34776,-0.3528
82.35783,-0.3592
82.3679,-0.3645
82.37798,-0.3477
82.38805,-0.3481
82.39812,-0.3493
82.4082,-0.3486
82.41827,-0.3467
82.42833,-0.3486
82.4384,-0.347
82.44848,-0.3509
82.45855,-0.356
82.46862,-0.3407
82.47869,-0.3402
82.48876,-0.3383
82.49883,-0.3434
82.5089,-0.3455
82.51897,-0.347
82.52905,-0.3481
82.53912,-0.3434
82.54919,-0.3393
82.55909,-0.3369
82.56898,-0.3341
82.57888,-0.3387
82.58878,-0.3427
82.59867,-0.3402
82.60856,-0.3393
82.61845,-0.343
82.62835,-0.3519
82.63824,-0.3451
82.64814,-0.3452
82.65804,-0.3402
82.66793,-0.3394
82.6779,-0.3396
82.68793,-0.3275
82.69798,-0.3397
82.70801,-0.3438
82.71805,-0.3559
82.72808,-0.3539
82.73811,-0.3544
82.74815,-0.3473
82.75819,-0.3454
82.76823,-0.3426
82.77826,-0.3457
82.7883,-0.3441
82.79833,-0.3476
82.80828,-0.3457
82.81823,-0.3423
82.82818,-0.3473
82.83813,-0.3419
82.84808,-0.3445
82.85802,-0.3504
82.86797,-0.3437
82.87792,-0.3437
82.88787,-0.3492
82.89782,-0.3431
82.90777,-0.3493
82.91772,-0.3451
82.92772,-0.3421
82.93775,-0.3386
82.94778,-0.3406
82.95782,-0.344
82.96785,-0.3522
82.97788,-0.3546
82.98792,-0.3537
82.99796,-0.3418
83.00799,-0.3387
83.01802,-0.3385
83.02805,-0.3414
83.03809,-0.3395
83.04812,-0.3456
83.05811,-0.3392
83.06808,-0.3375
83.07807,-0.3458
83.08805,-0.3394
83.09804,-0.3468
83.10802,-0.3502
83.118,-0.3514
83.12799,-0.3539
83.13797,-0.354
83.14796,-0.3448
83.15794,-0.3406
83.16792,-0.3432
83.1779,-0.3435
83.18788,-0.3409
83.19785,-0.3419
83.20783,-0.3429
83.21781,-0.3477
83.22778,-0.3608
83.23776,-0.3504
83.24774,-0.3372
83.25771,-0.3424
83.26769,-0.3392
83.27767,-0.3355
83.28764,-0.3408
83.29762,-0.3496
83.30775,-0.3494
83.31787,-0.3443
83.328,-0.3422
83.33811,-0.3383
83.34824,-0.3446
83.35836,-0.3472
83.36848,-0.3432
83.3786,-0.3466
83.38873,-0.3592
83.39884,-0.3633
83.40897,-0.3442
83.41909,-0.3451
