time_s,measured_value
0.00984,-0.4185
0.01967,-0.4121
0.02951,-0.4156
0.03934,-0.4125
0.04918,-0.4154
0.05901,-0.4267
0.06885,-0.4329
0.07868,-0.436
0.08852,-0.4369
0.09836,-0.4305
0.10819,-0.4319
0.11803,-0.4255
0.12795,-0.4288
0.13794,-0.4289
0.14794,-0.4164
0.15794,-0.4212
0.16793,-0.4249
0.17793,-0.42
0.18792,-0.421
0.19792,-0.4251
0.20792,-0.4222
0.21791,-0.4288
0.22791,-0.4249
0.23791,-0.4153
0.2479,-0.4119
0.2579,-0.4136
0.2679,-0.4168
0.2779,-0.4044
0.2879,-0.4049
0.2979,-0.4169
0.3079,-0.4319
0.31789,-0.4404
0.32789,-0.4439
0.33789,-0.45
0.34789,-0.4405
0.35789,-0.4263
0.36788,-0.4186
0.37791,-0.4149
0.38795,-0.4182
0.39799,-0.4153
0.40803,-0.416
0.41808,-0.4119
0.42812,-0.4126
0.43816,-0.4173
0.4482,-0.4284
0.45825,-0.4262
0.46829,-0.4309
0.47833,-0.4226
0.48837,-0.4235
0.49841,-0.4303
0.50845,-0.4281
0.51848,-0.4234
0.52852,-0.4291
0.53855,-0.4222
0.54858,-0.4276
0.55862,-0.4182
0.56865,-0.4132
0.57869,-0.4219
0.58872,-0.435
0.59875,-0.4294
0.60879,-0.4223
0.61882,-0.4157
0.62884,-0.4127
0.63884,-0.4078
0.64884,-0.4179
0.65884,-0.4197
0.66883,-0.4307
0.67883,-0.438
0.68883,-0.4457
0.69883,-0.4304
0.70883,-0.4214
0.71883,-0.4255
0.72883,-0.4322
0.73883,-0.4149
0.74882,-0.4164
0.75884,-0.4224
0.76883,-0.4243
0.77882,-0.4218
0.78882,-0.415
0.79881,-0.4102
0.80881,-0.4126
0.8188,-0.4271
0.8288,-0.4385
0.83879,-0.4411
0.84878,-0.4331
0.85878,-0.4233
0.86877,-0.4259
0.87875,-0.4228
0.88872,-0.4235
0.89869,-0.4406
0.90865,-0.4424
0.91862,-0.4509
0.92859,-0.4299
0.93855,-0.4166
0.94852,-0.4044
0.95849,-0.404
0.96845,-0.4186
0.97842,-0.4341
0.98839,-0.4398
0.99835,-0.4287
1.00836,-0.423
1.01835,-0.4096
1.02835,-0.4082
1.03834,-0.4128
1.04834,-0.4284
1.05834,-0.4343
1.06833,-0.4259
1.07833,-0.4303
1.08832,-0.4443
1.09832,-0.4411
1.10832,-0.4341
1.11831,-0.4407
1.12833,-0.4275
1.13836,-0.4208
1.14839,-0.4131
1.15842,-0.4108
1.16845,-0.4151
1.17849,-0.4256
1.18852,-0.4258
1.19855,-0.419
1.20858,-0.4187
1.21861,-0.4231
1.22864,-0.4325
1.23868,-0.4328
1.24871,-0.4334
1.2587,-0.4289
1.2687,-0.4324
1.27869,-0.4338
1.28869,-0.437
1.29868,-0.4352
1.30867,-0.4384
1.31867,-0.4379
1.32866,-0.4289
1.33866,-0.4128
1.34865,-0.4008
1.35864,-0.4121
1.36864,-0.4181
1.37863,-0.4285
1.38862,-0.4334
1.39861,-0.4334
1.40861,-0.4329
1.4186,-0.4299
1.42859,-0.4193
1.43858,-0.4209
1.44857,-0.428
1.45856,-0.4352
1.46855,-0.4395
1.47854,-0.4431
1.48853,-0.4353
1.49852,-0.4282
1.50849,-0.4278
1.51847,-0.4242
1.52844,-0.4224
1.53841,-0.4132
1.54839,-0.4143
1.55836,-0.4202
1.56833,-0.4191
1.57831,-0.4055
1.58828,-0.4122
1.59825,-0.4319
1.60823,-0.4389
1.6182,-0.4342
1.62828,-0.4367
1.63846,-0.4402
1.64864,-0.4329
1.65883,-0.4452
1.66901,-0.4444
1.67919,-0.4325
1.68937,-0.4281
1.69955,-0.4235
1.70974,-0.4279
1.71992,-0.4344
1.7301,-0.4224
1.74028,-0.4182
1.75046,-0.4171
1.76046,-0.4251
1.77044,-0.4088
1.78042,-0.4112
1.7904,-0.4251
1.80038,-0.428
1.81036,-0.4271
1.82034,-0.4302
1.83031,-0.429
1.84029,-0.4411
1.85027,-0.4353
1.86025,-0.4343
1.87023,-0.4239
1.8802,-0.4277
1.89014,-0.4207
1.90008,-0.439
1.91001,-0.4427
1.91995,-0.4426
1.92988,-0.4304
1.93982,-0.4191
1.94975,-0.4121
1.95969,-0.4204
1.96962,-0.4141
1.97956,-0.4229
1.98949,-0.4235
1.99943,-0.4221
2.00944,-0.4161
2.01944,-0.4248
2.02945,-0.4224
2.03945,-0.429
2.04946,-0.4312
2.05946,-0.4383
2.06947,-0.4484
2.07947,-0.446
2.08948,-0.4368
2.09948,-0.4263
2.10949,-0.4161
2.1195,-0.4056
2.12949,-0.4048
2.13946,-0.415
2.14943,-0.4373
2.15941,-0.4441
2.16938,-0.4351
2.17935,-0.4274
2.18932,-0.4292
2.1993,-0.4215
2.20927,-0.4254
2.21924,-0.4209
2.22922,-0.4076
2.23919,-0.4076
2.24916,-0.4298
2.25918,-0.45
2.26919,-0.4522
2.27921,-0.4491
2.28922,-0.4375
2.29923,-0.4265
2.30924,-0.4188
2.31925,-0.4096
2.32926,-0.4135
2.33927,-0.4082
2.34929,-0.4195
2.3593,-0.4252
2.36931,-0.4374
2.3793,-0.4289
2.38927,-0.4254
2.39923,-0.4227
2.4092,-0.4192
2.41916,-0.416
2.42913,-0.4255
2.43909,-0.4293
2.44906,-0.4427
2.45902,-0.4399
2.46899,-0.4464
2.47895,-0.4487
2.48892,-0.4417
2.49888,-0.4207
2.50891,-0.4119
2.51893,-0.416
2.52896,-0.431
2.53898,-0.4547
2.54901,-0.4416
2.55903,-0.4346
2.56905,-0.4292
2.57908,-0.4252
2.5891,-0.4264
2.59913,-0.4193
2.60915,-0.4055
2.61917,-0.4103
2.62921,-0.4237
2.63921,-0.44
2.64921,-0.4468
2.65921,-0.4332
2.66921,-0.4295
2.67921,-0.4324
2.68921,-0.4263
2.69921,-0.4238
2.70921,-0.4282
2.71922,-0.439
2.72922,-0.4354
2.73922,-0.4341
2.74922,-0.4287
2.75931,-0.4192
2.76938,-0.4193
2.77946,-0.4275
2.78953,-0.4377
2.7996,-0.4345
2.80968,-0.4311
2.81975,-0.4277
2.82982,-0.4326
2.8399,-0.4283
2.84997,-0.4187
2.86004,-0.4169
2.87012,-0.4248
2.88014,-0.4276
2.8901,-0.4379
2.90006,-0.4429
2.91003,-0.4372
2.91999,-0.4322
2.92996,-0.4249
2.93992,-0.4364
2.94988,-0.4403
2.95985,-0.434
2.96981,-0.428
2.97978,-0.4376
2.98974,-0.4297
2.9997,-0.4127
3.0097,-0.4284
3.01969,-0.4468
3.02968,-0.4534
3.03967,-0.4475
3.04967,-0.442
3.05966,-0.4299
3.06965,-0.4231
3.07964,-0.4384
3.08963,-0.4364
3.09962,-0.4392
3.10962,-0.4417
3.11961,-0.4333
3.12961,-0.4241
3.1396,-0.431
3.1496,-0.4335
3.1596,-0.4403
3.1696,-0.4421
3.17959,-0.4325
3.18959,-0.4303
3.19959,-0.4302
3.20958,-0.4241
3.21958,-0.4428
3.22958,-0.4392
3.23958,-0.4321
3.24957,-0.4326
3.25961,-0.4314
3.26964,-0.4379
3.27967,-0.441
3.2897,-0.4371
3.29973,-0.4368
3.30976,-0.434
3.31979,-0.4426
3.32982,-0.4551
3.33985,-0.4421
3.34989,-0.438
3.35992,-0.4369
3.36995,-0.4428
3.37996,-0.4412
3.38995,-0.4129
3.39995,-0.4163
3.40994,-0.4365
3.41993,-0.4434
3.42992,-0.4464
3.43992,-0.4438
3.44991,-0.4364
3.4599,-0.4141
3.46989,-0.413
3.47989,-0.4151
3.48988,-0.4176
3.49987,-0.4342
3.50989,-0.4472
3.5199,-0.4425
3.5299,-0.4585
3.5399,-0.4487
3.54991,-0.4463
3.55991,-0.4326
3.56991,-0.4245
3.57992,-0.4094
3.58992,-0.4198
3.59992,-0.4415
3.60993,-0.4597
3.61993,-0.4518
3.62993,-0.4411
3.63992,-0.4299
3.6499,-0.4248
3.65988,-0.4263
3.66987,-0.425
3.67985,-0.4177
3.68983,-0.4284
3.69981,-0.4398
3.7098,-0.4451
3.71978,-0.4416
3.72976,-0.4272
3.73974,-0.4273
3.74973,-0.4328
3.7597,-0.4244
3.76967,-0.4065
3.77964,-0.4161
3.78961,-0.4302
3.79957,-0.4535
3.80954,-0.4558
3.81951,-0.4462
3.82948,-0.4315
3.83945,-0.4339
3.84942,-0.4277
3.85938,-0.4228
3.86935,-0.426
3.87939,-0.4411
3.88948,-0.4501
3.89958,-0.4461
3.90967,-0.4322
3.91977,-0.433
3.92986,-0.4258
3.93995,-0.4237
3.95005,-0.4318
3.96014,-0.4351
3.97024,-0.4375
3.98033,-0.4392
3.99043,-0.4431
4.00052,-0.4319
4.01056,-0.4362
4.0206,-0.4178
4.03064,-0.4225
4.04067,-0.4314
4.05071,-0.447
4.06075,-0.4473
4.07078,-0.4534
4.08082,-0.4531
4.09086,-0.4431
4.10089,-0.4309
4.11093,-0.4248
4.12097,-0.4301
4.13102,-0.4443
4.14107,-0.4367
4.15112,-0.4363
4.16117,-0.4317
4.17122,-0.4396
4.18128,-0.4314
4.19133,-0.4203
4.20138,-0.4201
4.21143,-0.4298
4.22148,-0.438
4.23154,-0.4317
4.24159,-0.4389
4.25164,-0.4469
4.26154,-0.4413
4.27144,-0.4374
4.28133,-0.4441
4.29123,-0.4347
4.30112,-0.4354
4.31102,-0.4389
4.32091,-0.4355
4.33081,-0.4383
4.34071,-0.4312
4.3506,-0.4428
4.3605,-0.429
4.37039,-0.4167
4.38038,-0.4125
4.39046,-0.415
4.40054,-0.4261
4.41061,-0.4306
4.42069,-0.4261
4.43077,-0.4423
4.44085,-0.4481
4.45092,-0.4473
4.461,-0.449
4.47108,-0.4396
4.48115,-0.4192
4.49123,-0.4281
4.50131,-0.4367
4.51123,-0.4289
4.52114,-0.4286
4.53105,-0.4408
4.54097,-0.4449
4.55088,-0.4332
4.5608,-0.4235
4.57071,-0.4224
4.58062,-0.4305
4.59054,-0.4411
4.60045,-0.4433
4.61037,-0.4345
4.62028,-0.4375
4.63027,-0.4346
4.64033,-0.4408
4.65039,-0.4314
4.66045,-0.4321
4.67051,-0.4325
4.68057,-0.4298
4.69063,-0.4329
4.70069,-0.4347
4.71075,-0.4338
4.72081,-0.4373
4.73087,-0.435
4.74093,-0.4299
4.75099,-0.4311
4.76097,-0.4419
4.77094,-0.4416
4.78091,-0.433
4.79088,-0.4196
4.80085,-0.4142
4.81082,-0.4189
4.82079,-0.4332
4.83076,-0.435
4.84073,-0.4437
4.8507,-0.4441
4.86067,-0.4435
4.87064,-0.4345
4.88068,-0.4439
4.89076,-0.4446
4.90085,-0.437
4.91093,-0.4309
4.92102,-0.4329
4.93111,-0.4217
4.94119,-0.4175
4.95128,-0.4307
4.96136,-0.4371
4.97145,-0.438
4.98154,-0.4347
4.99162,-0.4411
5.00171,-0.4339
5.01169,-0.4299
5.02167,-0.434
5.03164,-0.4379
5.04162,-0.4383
5.0516,-0.4425
5.06158,-0.4383
5.07155,-0.4307
5.08153,-0.4292
5.09151,-0.4275
5.10149,-0.4212
5.11147,-0.4276
5.12144,-0.4291
5.13146,-0.4235
5.14147,-0.4298
5.15148,-0.433
5.1615,-0.4335
5.17151,-0.4475
5.18152,-0.4467
5.19154,-0.4467
5.20155,-0.4395
5.21156,-0.4369
5.22157,-0.4275
5.23159,-0.4182
5.2416,-0.4113
5.25161,-0.42
5.2616,-0.4231
5.27159,-0.4337
5.28158,-0.4304
5.29156,-0.4297
5.30155,-0.4317
5.31153,-0.4355
5.32152,-0.4289
5.33151,-0.4235
5.34149,-0.4229
5.35148,-0.417
5.36147,-0.428
5.37145,-0.4255
5.38145,-0.4262
5.39144,-0.4311
5.40144,-0.4337
5.41143,-0.4319
5.42142,-0.4316
5.43142,-0.4325
5.44141,-0.4405
5.4514,-0.4251
5.46139,-0.4154
5.47139,-0.4105
5.48138,-0.3997
5.49137,-0.3967
5.50137,-0.3961
5.51136,-0.4103
5.52136,-0.4249
5.53135,-0.4335
5.54134,-0.4237
5.55134,-0.4101
5.56133,-0.4172
5.57132,-0.4113
5.58132,-0.4114
5.59131,-0.4151
5.60131,-0.429
5.6113,-0.4172
5.62129,-0.404
5.63128,-0.403
5.64125,-0.4098
5.65123,-0.4082
5.6612,-0.4182
5.67118,-0.4107
5.68115,-0.4137
5.69112,-0.4032
5.7011,-0.4001
5.71107,-0.4072
5.72105,-0.4004
5.73102,-0.4101
5.74099,-0.4058
5.75097,-0.4145
5.76101,-0.425
5.77105,-0.4212
5.78109,-0.4035
5.79113,-0.3993
5.80118,-0.3903
5.81122,-0.386
5.82126,-0.4038
5.8313,-0.4049
5.84134,-0.4165
5.85138,-0.4096
5.86142,-0.3991
5.87146,-0.3879
5.88148,-0.3809
5.89148,-0.3899
5.90148,-0.3877
5.91147,-0.3903
5.92147,-0.4007
5.93147,-0.3963
5.94147,-0.3956
5.95146,-0.4016
5.96146,-0.4119
5.97146,-0.3922
5.98145,-0.3997
5.99145,-0.4038
6.00145,-0.397
6.01141,-0.3887
6.02136,-0.3778
6.03131,-0.3796
6.04126,-0.3817
6.0512,-0.3867
6.06115,-0.4067
6.0711,-0.4127
6.08104,-0.4148
6.09099,-0.406
6.10094,-0.3881
6.11088,-0.3767
6.12083,-0.3883
6.13085,-0.3834
6.14094,-0.388
6.15102,-0.3722
6.16111,-0.3611
6.1712,-0.3662
6.18128,-0.3767
6.19137,-0.3962
6.20146,-0.4075
6.21154,-0.4056
6.22163,-0.3855
6.23172,-0.3724
6.2418,-0.3749
6.25189,-0.3788
6.2619,-0.3919
6.27189,-0.3944
6.28187,-0.3858
6.29186,-0.3847
6.30185,-0.3847
6.31184,-0.3774
6.32183,-0.3877
6.33181,-0.3837
6.3418,-0.3778
6.35179,-0.3636
6.36178,-0.3524
6.37177,-0.3428
6.38183,-0.3627
6.39195,-0.3823
6.40207,-0.3903
6.41218,-0.3925
6.4223,-0.3824
6.43241,-0.3642
6.44253,-0.366
6.45264,-0.3631
6.46276,-0.3685
6.47287,-0.3713
6.48299,-0.3729
6.4931,-0.3769
6.50322,-0.3728
6.5131,-0.368
6.52298,-0.3654
6.53285,-0.3674
6.54273,-0.3735
6.5526,-0.3861
6.56248,-0.3788
6.57235,-0.3691
6.58223,-0.3735
6.5921,-0.3712
6.60198,-0.3695
6.61186,-0.3675
6.62173,-0.3669
6.63169,-0.379
6.64169,-0.3999
6.65169,-0.3989
6.66169,-0.3936
6.67169,-0.382
6.68168,-0.3789
6.69168,-0.3765
6.70168,-0.3715
6.71168,-0.3726
6.72168,-0.375
6.73168,-0.3686
6.74168,-0.3732
6.75168,-0.3738
6.7617,-0.3819
6.7717,-0.3869
6.7817,-0.3842
6.7917,-0.3719
6.8017,-0.3769
6.8117,-0.3759
6.8217,-0.3809
6.8317,-0.3728
6.8417,-0.3841
6.8517,-0.3878
6.8617,-0.3886
6.8717,-0.3902
6.88172,-0.4012
6.89173,-0.4033
6.90174,-0.3992
6.91175,-0.3809
6.92176,-0.3713
6.93177,-0.3583
6.94177,-0.3765
6.95178,-0.3898
6.96179,-0.3849
6.9718,-0.3842
6.98181,-0.3835
6.99182,-0.3728
7.00182,-0.3811
7.01181,-0.3825
7.02179,-0.384
7.03177,-0.3811
7.04176,-0.3752
7.05174,-0.3808
7.06172,-0.3827
7.0717,-0.3769
7.08168,-0.3723
7.09167,-0.3735
7.10165,-0.3847
7.11163,-0.3802
7.12161,-0.3699
7.13164,-0.3754
7.14167,-0.3828
7.1517,-0.3897
7.16174,-0.3889
7.17177,-0.3835
7.1818,-0.3755
7.19183,-0.3787
7.20187,-0.3733
7.2119,-0.3747
7.22193,-0.3823
7.23197,-0.3847
7.242,-0.3912
7.25203,-0.3811
7.2621,-0.3917
7.27217,-0.3929
7.28223,-0.3887
7.2923,-0.3807
7.30236,-0.387
7.31243,-0.3813
7.3225,-0.3817
7.33256,-0.376
7.34263,-0.386
7.35269,-0.3788
7.36276,-0.3787
7.37282,-0.3994
7.38284,-0.3947
7.3928,-0.3948
7.40276,-0.3999
7.41272,-0.4048
7.42268,-0.3931
7.43264,-0.3822
7.4426,-0.386
7.45256,-0.3752
7.46252,-0.3844
7.47248,-0.3878
7.48244,-0.3964
7.4924,-0.4016
7.50236,-0.3976
7.51239,-0.3896
7.52242,-0.3952
7.53246,-0.3989
7.54249,-0.3993
7.55252,-0.3953
7.56255,-0.4018
7.57258,-0.4019
7.58261,-0.3959
7.59264,-0.3813
7.60267,-0.394
7.61271,-0.4124
7.62274,-0.4136
7.63277,-0.4056
7.6428,-0.395
7.65283,-0.4038
7.66286,-0.4
7.67289,-0.4131
7.68292,-0.4282
7.69295,-0.4157
7.70297,-0.4003
7.713,-0.393
7.72303,-0.3841
7.73306,-0.3989
7.74309,-0.3986
7.75312,-0.4095
7.7631,-0.4091
7.77306,-0.3998
7.78302,-0.4009
7.79297,-0.4078
7.80293,-0.4177
7.81289,-0.4229
7.82285,-0.4132
7.83281,-0.406
7.84277,-0.4156
7.85272,-0.422
7.86268,-0.408
7.87264,-0.4104
7.88262,-0.4374
7.89261,-0.4362
7.9026,-0.4316
7.91259,-0.4272
7.92258,-0.4284
7.93257,-0.429
7.94256,-0.4398
7.95255,-0.4278
7.96254,-0.4205
7.97253,-0.4109
7.98252,-0.4153
7.99252,-0.4225
8.00251,-0.439
8.01247,-0.4393
8.02244,-0.4212
8.0324,-0.4165
8.04237,-0.4307
8.05233,-0.4309
8.0623,-0.4265
8.07226,-0.4272
8.08223,-0.4246
8.09219,-0.4155
8.10216,-0.4114
8.11212,-0.422
8.12209,-0.4142
8.13209,-0.4151
8.14212,-0.4155
8.15216,-0.4122
8.16219,-0.4152
8.17223,-0.4046
8.18226,-0.4223
8.19229,-0.4233
8.20233,-0.435
8.21236,-0.4482
8.2224,-0.4463
8.23243,-0.4365
8.24246,-0.4278
8.2525,-0.4215
8.26249,-0.4175
8.27248,-0.4121
8.28247,-0.4144
8.29246,-0.4129
8.30245,-0.422
8.31244,-0.4192
8.32243,-0.4188
8.33242,-0.4192
8.34242,-0.4328
8.35241,-0.434
8.3624,-0.4393
8.37239,-0.4366
8.38243,-0.4267
8.39248,-0.4252
8.40254,-0.4264
8.41259,-0.4156
8.42265,-0.3993
8.4327,-0.4068
8.44276,-0.4151
8.45281,-0.429
8.46287,-0.4367
8.47292,-0.4403
8.48298,-0.4293
8.49303,-0.4355
8.50309,-0.4257
8.51311,-0.4248
8.52313,-0.4188
8.53315,-0.4165
8.54317,-0.4274
8.5532,-0.4385
8.56322,-0.4242
8.57324,-0.4112
8.58326,-0.4182
8.59328,-0.4285
8.6033,-0.4162
8.61332,-0.4069
8.62334,-0.4105
8.63336,-0.4292
8.64336,-0.4384
8.65336,-0.4312
8.66336,-0.4264
8.67335,-0.423
8.68335,-0.4155
8.69335,-0.4275
8.70335,-0.4142
8.71335,-0.4089
8.72335,-0.4123
8.73334,-0.4217
8.74334,-0.4222
8.75334,-0.4222
8.76335,-0.4195
8.77335,-0.4241
8.78335,-0.4368
8.79335,-0.4328
8.80335,-0.4243
8.81335,-0.423
8.82336,-0.4052
8.83336,-0.4066
8.84336,-0.4066
8.85336,-0.3988
8.86336,-0.4213
8.87336,-0.4447
8.88337,-0.4312
8.89336,-0.4204
8.90336,-0.4073
8.91335,-0.4039
8.92335,-0.4053
8.93334,-0.4052
8.94334,-0.4094
8.95333,-0.4148
8.96333,-0.4014
8.97332,-0.4131
8.98332,-0.4203
8.99331,-0.4285
9.00331,-0.4287
9.01331,-0.4268
9.02331,-0.4276
9.0333,-0.4269
9.0433,-0.4233
9.0533,-0.4134
9.06329,-0.4072
9.07329,-0.4058
9.08329,-0.4021
9.09329,-0.4173
9.10328,-0.4283
9.11328,-0.4307
9.12328,-0.4238
9.13328,-0.4139
9.14327,-0.4182
9.15327,-0.4385
9.16326,-0.4342
9.17326,-0.414
9.18326,-0.4142
9.19325,-0.4199
9.20325,-0.4126
9.21325,-0.4263
9.22324,-0.4233
9.23324,-0.4293
9.24323,-0.4117
9.25323,-0.4019
9.26322,-0.4023
9.2732,-0.4137
9.28318,-0.4245
9.29317,-0.4343
9.30315,-0.4306
9.31314,-0.4178
9.32312,-0.4207
9.3331,-0.4275
9.34309,-0.4102
9.35307,-0.412
9.36306,-0.4173
9.37304,-0.4162
9.38304,-0.4294
9.39305,-0.4217
9.40306,-0.4307
9.41307,-0.4224
9.42308,-0.4248
9.43309,-0.4169
9.4431,-0.417
9.4531,-0.4197
9.46311,-0.4168
9.47312,-0.4257
9.48313,-0.4236
9.49314,-0.4257
9.50315,-0.4159
9.51314,-0.4265
9.52313,-0.4245
9.53313,-0.4131
9.54312,-0.406
9.55311,-0.4023
9.5631,-0.4083
9.57309,-0.4164
9.58308,-0.4175
9.59307,-0.4228
9.60306,-0.4238
9.61305,-0.4449
9.62304,-0.4494
9.63307,-0.4292
9.64314,-0.4217
9.65321,-0.4182
9.66328,-0.4229
9.67335,-0.4209
9.68342,-0.4094
9.69348,-0.4065
9.70355,-0.4068
9.71362,-0.4079
9.72369,-0.406
9.73376,-0.4021
9.74383,-0.4081
9.7539,-0.4179
9.76388,-0.4262
9.77386,-0.4207
9.78384,-0.4241
9.79382,-0.4233
9.8038,-0.4289
9.81379,-0.4319
9.82377,-0.4282
9.83375,-0.4379
9.84373,-0.4323
9.85371,-0.432
9.86369,-0.4265
9.87367,-0.4215
9.88368,-0.4177
9.8937,-0.4145
9.90373,-0.398
9.91375,-0.3983
9.92378,-0.4186
9.9338,-0.4373
9.94383,-0.4358
9.95385,-0.4253
9.96388,-0.4168
9.9739,-0.4202
9.98392,-0.4135
9.99395,-0.4185
10.00397,-0.4217
10.01396,-0.4184
10.02394,-0.4169
10.03392,-0.415
10.04391,-0.4149
10.05389,-0.4201
10.06387,-0.4362
10.07385,-0.4347
10.08383,-0.4476
10.09382,-0.4356
10.1038,-0.4284
10.11378,-0.4176
10.12376,-0.4095
10.13376,-0.4099
10.14377,-0.4126
10.15378,-0.4247
10.16379,-0.4197
10.1738,-0.42
10.18381,-0.4165
10.19382,-0.4231
10.20383,-0.4171
10.21384,-0.4238
10.22385,-0.4207
10.23386,-0.4153
10.24387,-0.4208
10.25388,-0.4282
10.26395,-0.4352
10.27402,-0.4137
10.2841,-0.4104
10.29417,-0.4182
10.30424,-0.4278
10.31432,-0.4256
10.32439,-0.4095
10.33446,-0.4136
10.34453,-0.4253
10.35461,-0.4287
10.36468,-0.4112
10.37475,-0.4208
10.38476,-0.4216
10.39469,-0.427
10.40462,-0.4434
10.41455,-0.4425
10.42448,-0.4322
10.43441,-0.4222
10.44434,-0.4228
10.45427,-0.4205
10.4642,-0.4238
10.47413,-0.4308
10.48406,-0.4272
10.49399,-0.4176
10.50392,-0.4244
10.5139,-0.419
10.52387,-0.4246
10.53384,-0.4212
10.54381,-0.4254
10.55378,-0.419
10.56375,-0.4184
10.57372,-0.424
10.58368,-0.4307
10.59365,-0.4406
10.60362,-0.4341
10.61359,-0.421
10.62356,-0.4208
10.63356,-0.4242
10.64358,-0.4227
10.65361,-0.4279
10.66363,-0.4275
10.67366,-0.4285
10.68368,-0.4307
10.69371,-0.4257
10.70373,-0.4347
10.71376,-0.4374
10.72378,-0.4424
10.73381,-0.4412
10.74383,-0.4366
10.75386,-0.4384
10.76393,-0.4396
10.774,-0.4445
10.78406,-0.4413
10.79413,-0.4322
10.8042,-0.4333
10.81427,-0.431
10.82433,-0.4317
10.8344,-0.443
10.84447,-0.4634
10.85454,-0.4744
10.8646,-0.4713
10.87467,-0.4591
10.8847,-0.4489
10.8947,-0.4516
10.9047,-0.4552
10.91469,-0.434
10.92469,-0.4342
10.93468,-0.4487
10.94468,-0.4756
10.95467,-0.4783
10.96467,-0.4701
10.97467,-0.4634
10.98466,-0.4536
10.99466,-0.4482
11.00465,-0.442
11.01463,-0.4467
11.02461,-0.4618
11.03458,-0.4601
11.04455,-0.4535
11.05453,-0.4425
11.0645,-0.4452
11.07447,-0.4496
11.08445,-0.4505
11.09442,-0.4455
11.10439,-0.4485
11.11437,-0.4419
11.12434,-0.4603
11.13434,-0.4583
11.14437,-0.4514
11.15439,-0.4541
11.16441,-0.4642
11.17443,-0.4668
11.18446,-0.466
11.19448,-0.4574
11.2045,-0.449
11.21452,-0.4537
11.22455,-0.4621
11.23457,-0.4701
11.24459,-0.4646
11.25462,-0.448
11.26464,-0.4465
11.27466,-0.4367
11.28468,-0.4417
11.29469,-0.4615
11.30471,-0.4576
11.31473,-0.4428
11.32475,-0.4415
11.33477,-0.4398
11.34479,-0.4269
11.35481,-0.4411
11.36483,-0.4706
11.37484,-0.4707
11.38484,-0.4751
11.39482,-0.4838
11.4048,-0.4893
11.41478,-0.4671
11.42475,-0.4434
11.43473,-0.431
11.44471,-0.4426
11.45469,-0.4566
11.46466,-0.4608
11.47464,-0.4637
11.48462,-0.4647
11.49459,-0.4708
11.50457,-0.4679
11.51455,-0.4654
11.52453,-0.4575
11.53451,-0.4631
11.54449,-0.452
11.55447,-0.4383
11.56444,-0.4339
11.57442,-0.4357
11.5844,-0.4528
11.59438,-0.4527
11.60436,-0.4469
11.61434,-0.4539
11.62431,-0.441
11.63431,-0.4391
11.64432,-0.4489
11.65433,-0.4564
11.66434,-0.4567
11.67435,-0.4548
11.68436,-0.4513
11.69437,-0.4534
11.70437,-0.4681
11.71438,-0.4673
11.72439,-0.4411
11.7344,-0.4313
11.74441,-0.4287
11.75442,-0.4261
11.76439,-0.4342
11.77436,-0.4441
11.78433,-0.4534
11.7943,-0.4442
11.80427,-0.4364
11.81424,-0.4328
11.82421,-0.4204
11.83418,-0.4338
11.84415,-0.4408
11.85413,-0.4568
11.8641,-0.48
11.87407,-0.4651
11.88411,-0.4549
11.89422,-0.4406
11.90433,-0.4474
11.91444,-0.4655
11.92455,-0.4644
11.93465,-0.4582
11.94476,-0.4408
11.95487,-0.4261
11.96498,-0.4209
11.97509,-0.4205
11.9852,-0.4346
11.99531,-0.4289
12.00541,-0.4414
12.01541,-0.442
12.02541,-0.4545
12.03541,-0.4701
12.0454,-0.4731
12.0554,-0.4555
12.06539,-0.4497
12.07539,-0.4347
12.08539,-0.4311
12.09538,-0.426
12.10538,-0.4441
12.11537,-0.4475
12.12537,-0.4584
12.13537,-0.4618
12.14537,-0.4735
12.15536,-0.4622
12.16536,-0.4402
12.17536,-0.4252
12.18535,-0.4277
12.19535,-0.4333
12.20535,-0.4366
12.21535,-0.4491
12.22534,-0.4423
12.23534,-0.4481
12.24534,-0.4473
12.25533,-0.4397
12.26534,-0.4335
12.27533,-0.4309
12.28533,-0.4405
12.29533,-0.438
12.30532,-0.437
12.31532,-0.4246
12.32532,-0.4207
12.33532,-0.4229
12.34531,-0.4389
12.35531,-0.4446
12.36531,-0.4569
12.3753,-0.444
12.38533,-0.4341
12.39539,-0.4379
12.40545,-0.4263
12.41551,-0.426
12.42556,-0.4379
12.43562,-0.4522
12.44568,-0.4538
12.45574,-0.4408
12.46579,-0.4343
12.47585,-0.4378
12.48591,-0.4443
12.49597,-0.4359
12.50602,-0.4342
12.51595,-0.4311
12.52588,-0.4254
12.5358,-0.4205
12.54573,-0.4199
12.55566,-0.4242
12.56558,-0.4355
12.57551,-0.4474
12.58543,-0.4647
12.59536,-0.4473
12.60529,-0.4458
12.61521,-0.4463
12.62514,-0.4433
12.63511,-0.4429
12.64512,-0.4383
12.65513,-0.4463
12.66514,-0.448
12.67516,-0.4459
12.68517,-0.4421
12.69518,-0.4419
12.70519,-0.4349
12.7152,-0.4311
12.72521,-0.442
12.73522,-0.4451
12.74523,-0.4479
12.75524,-0.4367
12.76526,-0.4405
12.77528,-0.4386
12.78529,-0.4418
12.7953,-0.4478
12.80532,-0.4421
12.81533,-0.4516
12.82535,-0.4451
12.83536,-0.4386
12.84538,-0.421
12.85539,-0.4293
12.86541,-0.4356
12.87542,-0.4555
12.88544,-0.4753
12.89547,-0.4916
12.90549,-0.4916
12.91552,-0.4994
12.92554,-0.499
12.93556,-0.5232
12.94559,-0.5379
12.95561,-0.5374
12.96563,-0.5387
12.97566,-0.5357
12.98568,-0.5196
12.99571,-0.5262
13.00573,-0.5305
13.01572,-0.5216
13.02571,-0.5243
13.03571,-0.562
13.0457,-0.5563
13.05569,-0.5409
13.06568,-0.5544
13.07567,-0.5529
13.08567,-0.5488
13.09566,-0.5482
13.10565,-0.5576
13.11564,-0.5713
13.12563,-0.5739
13.13567,-0.5869
13.14571,-0.5898
13.15575,-0.5892
13.16579,-0.5916
13.17583,-0.5858
13.18587,-0.5829
13.19591,-0.5807
13.20595,-0.5902
13.21599,-0.5943
13.22603,-0.6035
13.23607,-0.6176
13.24611,-0.6255
13.25615,-0.6213
13.26616,-0.6319
13.27614,-0.6032
13.28613,-0.5731
13.29612,-0.5826
13.30611,-0.5926
13.3161,-0.5976
13.32608,-0.5964
13.33607,-0.5944
13.34606,-0.6166
13.35605,-0.6528
13.36603,-0.6544
13.37602,-0.6557
13.38604,-0.6634
13.39609,-0.6512
13.40613,-0.6311
13.41618,-0.6162
13.42622,-0.59
13.43627,-0.5777
13.44632,-0.5618
13.45636,-0.5724
13.46641,-0.6118
13.47645,-0.6525
13.4865,-0.6745
13.49654,-0.68
13.50659,-0.6717
13.51657,-0.6569
13.52654,-0.648
13.53651,-0.6438
13.54648,-0.6198
13.55645,-0.6139
13.56642,-0.6094
13.57639,-0.5901
13.58636,-0.5927
13.59634,-0.5945
13.60631,-0.6149
13.61628,-0.6447
13.62625,-0.6623
13.63623,-0.6621
13.64621,-0.6432
13.65619,-0.6206
13.66617,-0.62
13.67615,-0.6064
13.68613,-0.6118
13.69611,-0.6145
13.70609,-0.633
13.71607,-0.648
13.72606,-0.655
13.73604,-0.6549
13.74602,-0.6521
13.756,-0.6505
13.76606,-0.6476
13.77611,-0.6293
13.78616,-0.6077
13.79621,-0.5792
13.80626,-0.5534
13.81631,-0.5545
13.82637,-0.5815
13.83642,-0.5902
13.84647,-0.6058
13.85652,-0.6202
13.86657,-0.6084
13.87662,-0.6113
13.8866,-0.6175
13.89649,-0.6026
13.90637,-0.6082
13.91626,-0.6108
13.92615,-0.6177
13.93604,-0.6361
13.94593,-0.6245
13.95581,-0.6156
13.9657,-0.6092
13.97559,-0.6098
13.98548,-0.6099
13.99537,-0.618
14.00525,-0.6155
14.01526,-0.5909
14.02526,-0.588
14.03527,-0.6025
14.04527,-0.6219
14.05527,-0.6201
14.06528,-0.5898
14.07528,-0.5741
14.08529,-0.5954
14.09529,-0.6075
14.10529,-0.6004
14.1153,-0.6035
14.1253,-0.6078
14.13533,-0.6161
14.14537,-0.6271
14.15541,-0.62
14.16545,-0.6243
14.17549,-0.6163
14.18553,-0.6028
14.19557,-0.5805
14.20561,-0.5742
14.21565,-0.5864
14.22569,-0.5977
14.23573,-0.5773
14.24578,-0.5507
14.25582,-0.5321
14.26591,-0.5507
14.276,-0.581
14.2861,-0.6234
14.29619,-0.6341
14.30628,-0.5912
14.31637,-0.5282
14.32647,-0.5281
14.33656,-0.5319
14.34665,-0.54
14.35674,-0.5659
14.36684,-0.559
14.37693,-0.5477
14.38695,-0.5382
14.3969,-0.5584
14.40685,-0.5693
14.41681,-0.5487
14.42675,-0.5379
14.43671,-0.5067
14.44666,-0.4741
14.45661,-0.4903
14.46656,-0.5158
14.47651,-0.5193
14.48646,-0.5109
14.49641,-0.4964
14.50636,-0.4757
14.51637,-0.4793
14.52639,-0.5022
14.5364,-0.5145
14.54641,-0.4838
14.55643,-0.4612
14.56644,-0.434
14.57645,-0.4229
14.58647,-0.3955
14.59648,-0.3864
14.60649,-0.3506
14.61651,-0.3095
14.62652,-0.2848
14.63652,-0.2776
14.64649,-0.2951
14.65647,-0.3104
14.66644,-0.3274
14.67641,-0.3007
14.68639,-0.2892
14.69636,-0.2873
14.70634,-0.2804
14.71631,-0.2886
14.72629,-0.2951
14.73626,-0.2746
14.74624,-0.2766
14.75621,-0.3045
14.76626,-0.3229
14.7763,-0.3415
14.78634,-0.3529
14.79639,-0.3341
14.80643,-0.337
14.81647,-0.3528
14.82651,-0.3635
14.83656,-0.3782
14.8466,-0.368
14.85664,-0.35
14.86668,-0.3558
14.87673,-0.3802
14.88675,-0.4086
14.89675,-0.4217
14.90676,-0.4202
14.91676,-0.4334
14.92676,-0.4323
14.93676,-0.434
14.94676,-0.4272
14.95677,-0.4009
14.96677,-0.3682
14.97677,-0.3088
14.98677,-0.2548
14.99678,-0.2327
15.00678,-0.2338
15.01679,-0.2611
15.02678,-0.2686
15.03677,-0.2629
15.04676,-0.2732
15.05676,-0.2842
15.06675,-0.3051
15.07674,-0.3147
15.08673,-0.3144
15.09672,-0.2968
15.10672,-0.2684
15.11671,-0.2433
15.1267,-0.1959
15.13671,-0.166
15.1467,-0.1563
15.15669,-0.1553
15.16667,-0.1459
15.17666,-0.1444
15.18665,-0.1286
15.19664,-0.1327
15.20663,-0.1361
15.21662,-0.1273
15.22661,-0.0853
15.2366,-0.0523
15.24659,-0.0404
15.25658,-0.0393
15.26656,-0.0382
15.27655,-0.0267
15.28653,-0.0341
15.29651,-0.0484
15.3065,-0.0853
15.31648,-0.1154
15.32646,-0.1683
15.33645,-0.2145
15.34643,-0.2598
15.35641,-0.2838
15.3664,-0.3207
15.37638,-0.3307
15.38641,-0.35
15.39647,-0.3654
15.40653,-0.3766
15.41658,-0.3911
15.42665,-0.4032
15.43671,-0.4009
15.44676,-0.4039
15.45683,-0.4009
15.46689,-0.3875
15.47694,-0.3761
15.48701,-0.375
15.49706,-0.38
15.50712,-0.3934
15.51714,-0.4137
15.52715,-0.4242
15.53717,-0.4335
15.54718,-0.4414
15.5572,-0.4323
15.56721,-0.4268
15.57722,-0.4313
15.58724,-0.4377
15.59725,-0.4585
15.60726,-0.4521
15.61728,-0.4117
15.62729,-0.3894
15.63729,-0.4066
15.64727,-0.425
15.65725,-0.4311
15.66723,-0.4323
15.67721,-0.4521
15.68719,-0.4599
15.69717,-0.4838
15.70715,-0.4881
15.71713,-0.4969
15.72711,-0.4886
15.73709,-0.4707
15.74707,-0.4667
15.75705,-0.4632
15.76704,-0.4388
15.77703,-0.4039
15.78701,-0.4118
15.797,-0.4506
15.80699,-0.4563
15.81697,-0.4252
15.82696,-0.3933
15.83695,-0.3649
15.84693,-0.3438
15.85692,-0.3062
15.86691,-0.2752
15.87689,-0.278
15.8869,-0.3005
15.89693,-0.3097
15.90696,-0.2909
15.91698,-0.256
15.92701,-0.2018
15.93704,-0.175
15.94707,-0.1765
15.9571,-0.1897
15.96712,-0.1928
15.97715,-0.1668
15.98718,-0.1702
15.99721,-0.2022
16.00723,-0.2355
16.01722,-0.2488
16.02719,-0.2235
16.03717,-0.2082
16.04714,-0.2147
16.05712,-0.2201
16.0671,-0.1814
16.07707,-0.1238
16.08705,-0.0417
16.09702,0.0435
16.107,0.0901
16.11698,0.1267
16.12696,0.1453
16.13693,0.1595
16.14691,0.1607
16.15689,0.1713
16.16687,0.1788
16.17685,0.2056
16.18683,0.2407
16.19681,0.2757
16.20679,0.3306
16.21677,0.3928
16.22675,0.4565
16.23673,0.5552
16.24671,0.6437
16.25669,0.7481
16.26671,0.867
16.27671,1.0034
16.28671,1.1787
16.29671,1.3741
16.30671,1.518
16.3167,1.6221
16.3267,1.7032
16.3367,1.8195
16.3467,1.9467
16.3567,2.1117
16.3667,2.237
16.3767,2.2587
16.38671,2.2039
16.39673,2.0759
16.40675,1.9551
16.41676,1.9145
16.42678,1.9574
16.4368,2.1015
16.44682,2.2651
16.45683,2.3049
16.46685,2.2646
16.47687,2.1454
16.48689,2.0365
16.4969,1.9056
16.50692,1.6916
16.51701,1.4393
16.52707,1.2984
16.53714,1.1861
16.54721,1.1408
16.55728,1.0513
16.56735,0.9389
16.57742,0.8244
16.58748,0.7832
16.59755,0.7784
16.60762,0.779
16.61769,0.7653
16.62776,0.742
16.63782,0.6924
16.64784,0.6394
16.65786,0.5604
16.66788,0.4773
16.67789,0.4791
16.68791,0.5849
16.69793,0.6234
16.70795,0.5739
16.71797,0.5221
16.72799,0.4943
16.738,0.4344
16.74802,0.3084
16.75804,0.2274
16.7681,0.1909
16.77815,0.1241
16.7882,0.0155
16.79825,-0.0688
16.80831,-0.138
16.81836,-0.1779
16.82841,-0.2292
16.83846,-0.2691
16.84851,-0.3009
16.85857,-0.314
16.86862,-0.3176
16.87867,-0.2806
16.88867,-0.2
16.89861,-0.1228
16.90854,-0.0159
16.91848,0.0756
16.92842,0.165
16.93835,0.2021
16.94829,0.1492
16.95823,0.087
16.96816,0.0431
16.9781,0.07
16.98804,0.1676
16.99797,0.3267
17.00791,0.4921
17.01798,0.6901
17.02805,0.877
17.03811,0.987
17.04818,0.9881
17.05824,0.9466
17.0683,0.9668
17.07837,1.038
17.08843,1.0632
17.0985,1.0619
17.10856,0.9941
17.11863,0.9156
17.12869,0.8569
17.13871,0.8026
17.14864,0.7846
17.15857,0.7947
17.1685,0.7722
17.17844,0.7063
17.18837,0.6259
17.1983,0.5405
17.20823,0.473
17.21816,0.4304
17.22809,0.3217
17.23803,0.1854
17.24796,0.035
17.25789,-0.0799
17.26788,-0.1598
17.27787,-0.2287
17.28786,-0.2746
17.29785,-0.3225
17.30784,-0.3783
17.31783,-0.4163
17.32781,-0.4624
17.3378,-0.4923
17.34779,-0.4774
17.35778,-0.4614
17.36777,-0.4545
17.37776,-0.4592
17.38777,-0.4688
17.39778,-0.4731
17.4078,-0.5008
17.41782,-0.56
17.42784,-0.7961
17.43785,-0.877
17.44787,-0.834
17.45789,-0.7305
17.46791,-0.664
17.47792,-0.6125
17.48794,-0.6855
17.49796,-0.7787
17.50797,-0.7964
17.51796,-0.7416
17.52794,-0.6625
17.53791,-0.6081
17.54788,-0.6266
17.55785,-0.6557
17.56782,-0.6791
17.57779,-0.6813
17.58776,-0.6882
17.59773,-0.7006
17.6077,-0.7095
17.61767,-0.6977
17.62765,-0.712
17.63764,-0.6998
17.64766,-0.67
17.65767,-0.643
17.66769,-0.6195
17.6777,-0.6342
17.68772,-0.68
17.69774,-0.6853
17.70775,-0.6797
17.71777,-0.6548
17.72778,-0.644
17.7378,-0.6534
17.74782,-0.6714
17.75783,-0.6911
17.76789,-0.7012
17.77794,-0.716
17.78798,-0.7115
17.79803,-0.6989
17.80808,-0.7006
17.81813,-0.6929
17.82818,-0.6911
17.83823,-0.7219
17.84828,-0.7586
17.85833,-0.7588
17.86838,-0.7243
17.87843,-0.6747
17.88846,-0.6393
17.89847,-0.6322
17.90847,-0.6452
17.91847,-0.6495
17.92848,-0.6593
17.93848,-0.6437
17.94848,-0.6183
17.95849,-0.6093
17.96849,-0.6243
17.9785,-0.6333
17.9885,-0.646
17.9985,-0.6392
18.00851,-0.6359
18.01859,-0.6259
18.02866,-0.6287
18.03874,-0.5919
18.04881,-0.5749
18.05889,-0.579
18.06896,-0.5881
18.07904,-0.5818
18.08911,-0.5668
18.09919,-0.5393
18.10926,-0.5413
18.11934,-0.565
18.12941,-0.6388
18.13942,-0.6785
18.14936,-0.67
18.15931,-0.6542
18.16925,-0.6472
18.17919,-0.6597
18.18914,-0.6635
18.19908,-0.6558
18.20902,-0.6146
18.21897,-0.5983
18.22891,-0.6239
18.23885,-0.6321
18.2488,-0.637
18.25874,-0.6679
18.26869,-0.6709
18.27863,-0.6652
18.28857,-0.6488
18.29852,-0.6232
18.30846,-0.5947
18.3184,-0.585
18.32835,-0.6356
18.33829,-0.6587
18.34823,-0.6675
18.35818,-0.6769
18.36812,-0.6463
18.37807,-0.5957
18.38806,-0.561
18.39809,-0.5063
18.40813,-0.455
18.41816,-0.4508
18.4282,-0.4453
18.43823,-0.4207
18.44827,-0.3778
18.4583,-0.3217
18.46834,-0.2721
18.47837,-0.2205
18.48841,-0.1696
18.49844,-0.0714
18.50847,0.031
18.51846,0.2024
18.52843,0.3741
18.53841,0.4418
18.54839,0.4838
18.55837,0.479
18.56834,0.4381
18.57832,0.4149
18.5883,0.4181
18.59828,0.4592
18.60826,0.4648
18.61823,0.4375
18.62821,0.4527
18.63822,0.5222
18.64824,0.628
18.65826,0.7239
18.66829,0.7544
18.67831,0.7783
18.68834,0.8653
18.69836,0.9867
18.70838,1.0157
18.7184,1.0535
18.72843,1.0946
18.73845,1.1367
18.74848,1.1675
18.7585,1.1608
18.76851,1.1312
18.77852,1.0698
18.78853,1.0337
18.79854,0.9926
18.80855,0.909
18.81857,0.8268
18.82858,0.8379
18.83859,0.8789
18.8486,1.0045
18.85861,1.1135
18.86862,1.1748
18.87863,1.1954
18.88867,1.1852
18.89871,1.1524
18.90876,1.1859
18.9188,1.1826
18.92885,1.1699
18.93889,1.1675
18.94894,1.1503
18.95899,1.1378
18.96903,1.1497
18.97908,1.1279
18.98912,1.1259
18.99917,1.1398
19.00922,1.1823
19.01928,1.2088
19.02933,1.2087
19.03938,1.1851
19.04944,1.1266
19.05949,1.1047
19.06954,1.0592
19.0796,0.8811
19.08965,0.6428
19.0997,0.4232
19.10976,0.1714
19.11981,0.0134
19.12987,-0.0586
19.13989,-0.1316
19.14989,-0.1778
19.15988,-0.1823
19.16988,-0.1592
19.17987,-0.144
19.18987,-0.1475
19.19987,-0.1489
19.20986,-0.154
19.21986,-0.19
19.22985,-0.2443
19.23985,-0.295
19.24984,-0.3611
19.25984,-0.4372
19.26981,-0.4852
19.27977,-0.4861
19.28974,-0.4777
19.2997,-0.4573
19.30967,-0.4329
19.31963,-0.4229
19.3296,-0.4217
19.33956,-0.4078
19.34953,-0.431
19.35949,-0.4721
19.36946,-0.5284
19.37943,-0.5913
19.38943,-0.6263
19.39945,-0.6586
19.40948,-0.6673
19.41951,-0.6145
19.42954,-0.5654
19.43957,-0.5333
19.4496,-0.5285
19.45963,-0.5677
19.46966,-0.6308
19.47969,-0.6791
19.48972,-0.6945
19.49975,-0.6793
19.50978,-0.647
19.5198,-0.6257
19.52981,-0.5779
19.53983,-0.5411
19.54984,-0.5056
19.55986,-0.4648
19.56987,-0.4243
19.57989,-0.4124
19.5899,-0.4287
19.59991,-0.4266
19.60993,-0.3983
19.61994,-0.3633
19.62996,-0.287
19.63993,-0.1992
19.64984,-0.1354
19.65976,-0.1164
19.66967,-0.1316
19.67959,-0.1465
19.6895,-0.1315
19.69942,-0.0595
19.70933,0.1137
19.71925,0.2721
19.72916,0.4728
19.73908,0.6191
19.74899,0.6857
19.75891,0.6845
19.76888,0.6822
19.77886,0.6843
19.78883,0.6688
19.7988,0.6929
19.80878,0.7172
19.81875,0.7059
19.82872,0.6546
19.83869,0.6179
19.84867,0.6895
19.85864,0.8308
19.86861,1.0262
19.87859,1.2017
19.8886,1.3498
19.89863,1.4643
19.90866,1.5669
19.91868,1.6313
19.92871,1.6209
19.93873,1.4855
19.94876,1.2693
19.95878,1.0894
19.96881,1.0683
19.97883,1.1615
19.98886,1.2408
19.99889,1.2807
20.00891,1.259
20.01899,1.154
20.02907,1.023
20.03914,0.8983
20.04922,0.8129
20.0593,0.7364
20.06937,0.6595
20.07945,0.5734
20.08952,0.444
20.0996,0.2977
20.10967,0.1925
20.11975,0.162
20.12983,0.1703
20.13986,0.2554
20.14985,0.4443
20.15984,0.6872
20.16982,0.9471
20.17981,0.9779
20.1898,1.0187
20.19979,1.1174
20.20978,1.1903
20.21977,1.1502
20.22976,1.05
20.23974,0.9722
20.24973,0.9612
20.25972,0.9481
20.26974,0.9882
20.27974,1.0364
20.28974,1.059
20.29974,0.9201
20.30973,0.653
20.31973,0.2637
20.32973,0.1213
20.33973,0.0365
20.34972,0.0571
20.35972,0.1444
20.36972,0.2042
20.37972,0.2791
20.38971,0.3451
20.39968,0.4945
20.40966,0.6926
20.41963,0.9089
20.42961,1.0921
20.43958,1.2161
20.44955,1.2838
20.45953,1.2846
20.4695,1.2384
20.47948,1.1652
20.48945,1.1478
20.49942,1.276
20.5094,1.5257
20.5194,1.6605
20.52939,1.6509
20.53939,1.6269
20.54939,1.7611
20.55938,1.844
20.56938,1.8807
20.57938,1.979
20.58937,2.1263
20.59937,2.2311
20.60937,2.2753
20.61937,2.2678
20.62936,2.2029
20.63938,2.2067
20.6494,2.3318
20.65942,2.4936
20.66944,2.6006
20.67946,2.5922
20.68949,2.4581
20.69951,2.3057
20.70953,1.9776
20.71955,1.5938
20.72958,1.4221
20.7396,1.4291
20.74962,1.448
20.75964,1.3535
20.76961,1.2624
20.77958,1.2999
20.78955,1.3406
20.79952,1.448
20.80948,1.6672
20.81945,1.8147
20.82942,1.8363
20.83939,1.627
20.84936,1.333
20.85932,1.1187
20.86929,0.9086
20.87926,0.616
20.88926,0.5749
20.89928,0.4863
20.90931,0.3387
20.91933,0.1998
20.92936,0.0913
20.93938,0.0121
20.94941,-0.0531
20.95943,-0.1421
20.96946,-0.1992
20.97948,-0.2177
20.98951,-0.2315
20.99953,-0.2531
21.00956,-0.3013
21.01964,-0.346
21.02971,-0.4026
21.03979,-0.4614
21.04986,-0.52
21.05994,-0.5576
21.07001,-0.5919
21.08009,-0.6144
21.09017,-0.6484
21.10024,-0.6184
21.11032,-0.5785
21.12039,-0.5353
21.13047,-0.5149
21.14051,-0.5172
21.15051,-0.5389
21.16052,-0.5484
21.17052,-0.552
21.18052,-0.5563
21.19053,-0.5552
21.20053,-0.5314
21.21054,-0.4542
21.22054,-0.3881
21.23054,-0.3727
21.24055,-0.3431
21.25055,-0.2721
21.26055,-0.174
21.27055,-0.0932
21.28055,-0.0283
21.29054,0.0166
21.30054,0.0125
21.31053,0.0063
21.32053,0.0126
21.33052,-0.0384
21.34052,-0.1475
21.35051,-0.1756
21.36051,-0.1311
21.3705,-0.0314
21.3805,0.0867
21.39047,0.174
21.40042,0.3001
21.41038,0.5348
21.42033,0.7604
21.43028,0.891
21.44024,0.9601
21.45019,0.9929
21.46014,1.0026
21.4701,1.0045
21.48005,0.9825
21.49,0.9651
21.49996,0.9633
21.50991,0.9914
21.51992,1.0311
21.52992,1.0404
21.53993,1.0238
21.54994,1.0729
21.55994,1.1658
21.56995,1.2161
21.57995,1.2694
21.58996,1.2768
21.59996,1.2781
21.60997,1.285
21.61997,1.3385
21.62998,1.3845
21.64,1.4213
21.65002,1.3967
21.66005,1.3125
21.67008,1.2496
21.68011,1.2594
21.69013,1.3818
21.70016,1.5607
21.71019,1.7155
21.72021,1.7961
21.73024,1.8038
21.74027,1.8783
21.7503,1.9798
21.76032,2.0118
21.77029,2.0583
21.78025,2.0895
21.79021,2.1218
21.80017,2.1314
21.81014,2.1569
21.8201,2.1851
21.83006,2.2175
21.84002,2.3034
21.84999,2.378
21.85995,2.4353
21.86991,2.5117
21.87987,2.5795
21.88986,2.6333
21.89986,2.6873
21.90986,2.6971
21.91986,2.7273
21.92986,2.6832
21.93987,2.6169
21.94987,2.5779
21.95987,2.6193
21.96987,2.6931
21.97988,2.7609
21.98988,2.8518
21.99988,2.9767
22.00988,3.0562
22.01989,3.0787
22.02989,3.0916
22.03989,3.0923
22.0499,3.059
22.0599,3.0473
22.0699,3.1293
22.07991,3.231
22.08991,3.2579
22.09991,3.2231
22.10992,3.1524
22.11992,3.0811
22.12992,3.0433
22.13995,3.0143
22.14998,2.9908
22.16002,2.9489
22.17006,2.8909
22.18009,2.7679
22.19013,2.6318
22.20016,2.6101
22.2102,2.7589
22.22023,3.0147
22.23027,3.262
22.24031,3.3455
22.25034,3.2887
22.26038,3.2663
22.27048,3.1652
22.28059,2.9454
22.29069,2.719
22.3008,2.5367
22.3109,2.3632
22.32101,2.2667
22.33111,2.1971
22.34122,2.0033
22.35132,1.751
22.36143,1.5535
22.37153,1.3419
22.38164,1.0659
22.39169,0.765
22.40167,0.5283
22.41166,0.3125
22.42165,0.2388
22.43164,0.1982
22.44163,0.2523
22.45162,0.0841
22.46161,0.0263
22.4716,0.0311
22.48159,-0.0902
22.49158,-0.2481
22.50157,-0.3979
22.51156,-0.5894
22.52155,-0.7264
22.53153,-0.7982
22.54152,-0.9354
22.5515,-1.0206
22.56149,-0.9783
22.57147,-0.8674
22.58145,-0.8375
22.59144,-0.8394
22.60142,-0.8338
22.6114,-0.8603
22.62139,-0.8744
22.63137,-0.8881
22.64135,-0.8862
22.65132,-0.8388
22.66129,-0.8507
22.67126,-0.8758
22.68122,-0.8192
22.69119,-0.795
22.70116,-0.7898
22.71113,-0.806
22.7211,-0.8833
22.73107,-0.8608
22.74104,-0.8372
22.75101,-0.816
22.76098,-0.7931
22.77096,-0.7632
22.78093,-0.7241
22.7909,-0.6788
22.80088,-0.5775
22.81085,-0.4834
22.82083,-0.4114
22.8308,-0.3689
22.84077,-0.3833
22.85075,-0.3927
22.86072,-0.4158
22.8707,-0.4054
22.88067,-0.332
22.89068,-0.2727
22.90067,-0.208
22.91067,-0.1606
22.92067,-0.1377
22.93067,-0.1319
22.94066,-0.1605
22.95066,-0.189
22.96066,-0.2987
22.97066,-0.4876
22.98065,-0.5226
22.99065,-0.3975
23.00065,-0.3205
23.01065,-0.359
23.02064,-0.402
23.03063,-0.4683
23.04062,-0.4989
23.05061,-0.4816
23.0606,-0.4754
23.07059,-0.4514
23.08058,-0.4679
23.09057,-0.5193
23.10056,-0.5405
23.11055,-0.5518
23.12054,-0.5438
23.13054,-0.5143
23.14058,-0.542
23.15067,-0.5141
23.16077,-0.4781
23.17086,-0.4179
23.18095,-0.3912
23.19105,-0.4744
23.20114,-0.5192
23.21123,-0.5549
23.22133,-0.599
23.23142,-0.5314
23.24151,-0.3971
23.25161,-0.334
23.2617,-0.3236
23.27171,-0.3898
23.28171,-0.4272
23.29172,-0.438
23.30172,-0.1444
23.31172,0.0468
23.32173,0.2074
23.33173,0.3092
23.34173,0.3415
23.35174,0.3669
23.36174,0.4419
23.37174,0.6193
23.38175,0.6913
23.39174,0.7446
23.40173,0.7726
23.41171,0.7577
23.4217,0.7683
23.43168,0.8205
23.44167,0.869
23.45165,0.9098
23.46164,0.9739
23.47162,1.0694
23.4816,1.23
23.49159,1.4224
23.50157,1.5883
23.51156,1.7555
23.52155,1.9
23.53153,1.9467
23.54151,2.0191
23.5515,2.0852
23.56148,2.0949
23.57147,2.0879
23.58145,2.123
23.59144,2.1482
23.60142,2.1954
23.61141,2.2542
23.62139,2.2812
23.63138,2.1815
23.64137,2.1174
23.65137,2.1463
23.66138,2.2408
23.67138,2.2779
23.68138,2.2465
23.69138,2.2582
23.70138,2.387
23.71138,2.5224
23.72138,2.592
23.73138,2.6545
23.74139,2.7348
23.75139,2.8209
23.76139,2.8986
23.77142,2.9947
23.78145,3.1409
23.79148,3.3182
23.80151,3.4752
23.81154,3.5788
23.82158,3.5982
23.83161,3.3795
23.84164,3.08
23.85167,2.7318
23.8617,2.5373
23.87173,2.3783
23.88176,2.2047
23.89179,2.0329
23.90179,1.9789
23.91179,1.78
23.92178,1.4608
23.93178,1.3402
23.94177,1.0657
23.95177,0.7982
23.96177,0.5644
23.97177,0.3664
23.98176,0.1964
23.99176,0.0889
24.00175,0.0314
24.01175,0.0182
24.02171,-0.0271
24.03166,-0.1572
24.0416,-0.3169
24.05154,-0.4487
24.06149,-0.511
24.07143,-0.5338
24.08137,-0.585
24.09131,-0.6981
24.10126,-0.7927
24.1112,-0.8505
24.12114,-0.8355
24.13108,-0.7814
24.14106,-0.6368
24.15106,-0.5287
24.16106,-0.5268
24.17106,-0.5728
24.18106,-0.5939
24.19107,-0.6616
24.20107,-0.7979
24.21107,-0.9212
24.22107,-0.9708
24.23107,-0.9838
24.24108,-0.9956
24.25108,-1.0209
24.26108,-1.0486
24.27113,-1.0736
24.28117,-1.1268
24.29122,-1.1926
24.30126,-1.2574
24.3113,-1.2898
24.32135,-1.2977
24.33139,-1.2953
24.34143,-1.2936
24.35148,-1.3043
24.36152,-1.3045
24.37157,-1.3173
24.38161,-1.3185
24.39163,-1.3485
24.40162,-1.3568
24.41162,-1.3407
24.42161,-1.2944
24.4316,-1.2635
24.44159,-1.2406
24.45158,-1.2469
24.46158,-1.2793
24.47157,-1.316
24.48156,-1.3554
24.49155,-1.3678
24.50154,-1.3585
24.51154,-1.3364
24.5215,-1.321
24.53146,-1.2946
24.54141,-1.2921
24.55137,-1.2975
24.56133,-1.3202
24.57129,-1.3566
24.58124,-1.3556
24.5912,-1.335
24.60116,-1.3029
24.61112,-1.2991
24.62107,-1.3177
24.63103,-1.3247
24.64105,-1.3401
24.65113,-1.3311
24.6612,-1.3102
24.67128,-1.2973
24.68136,-1.3049
24.69143,-1.3089
24.70151,-1.311
24.71159,-1.3322
24.72166,-1.3494
24.73174,-1.3848
24.74182,-1.4157
24.7519,-1.4314
24.76197,-1.4518
24.77201,-1.4445
24.78205,-1.4241
24.79208,-1.4173
24.80211,-1.4138
24.81215,-1.3914
24.82218,-1.3734
24.83222,-1.3707
24.84225,-1.3787
24.85229,-1.4096
24.86232,-1.4399
24.87236,-1.4712
24.88239,-1.5031
24.8924,-1.5046
24.90239,-1.5225
24.91237,-1.4855
24.92236,-1.4473
24.93234,-1.3977
24.94232,-1.3689
24.95231,-1.3648
24.96229,-1.3978
24.97228,-1.4019
24.98226,-1.4068
24.99224,-1.3835
25.00223,-1.3777
25.01221,-1.3532
25.02221,-1.3473
25.03221,-1.3437
25.04221,-1.3284
25.05221,-1.2935
25.06221,-1.2658
25.07221,-1.2078
25.08221,-1.1607
25.09221,-1.142
25.10221,-1.1412
25.1122,-1.1234
25.1222,-1.1006
25.1322,-1.0644
25.14219,-1.042
25.15217,-1.0341
25.16214,-1.0461
25.17212,-1.0701
25.1821,-1.0894
25.19207,-1.0996
25.20205,-1.1044
25.21203,-1.091
25.222,-1.0874
25.23198,-1.0645
25.24196,-1.018
25.25193,-0.9751
25.26191,-0.9576
25.27191,-0.9463
25.2819,-0.9479
25.29189,-0.93
25.30188,-0.9122
25.31188,-0.9064
25.32187,-0.9344
25.33186,-0.9926
25.34186,-1.0444
25.35185,-1.1024
25.36184,-1.1339
25.37183,-1.1665
25.38183,-1.1999
25.39183,-1.2372
25.40182,-1.2744
25.41181,-1.3019
25.4218,-1.3082
25.4318,-1.3305
25.44179,-1.3428
25.45178,-1.3284
25.46177,-1.3033
25.47176,-1.2743
25.48176,-1.2534
25.49175,-1.2254
25.50174,-1.2042
25.51173,-1.1823
25.52173,-1.1787
25.53173,-1.1677
25.54173,-1.1675
25.55173,-1.1825
25.56173,-1.1798
25.57173,-1.1662
25.58173,-1.1759
25.59173,-1.174
25.60173,-1.1869
25.61172,-1.1761
25.62172,-1.1257
25.63172,-1.0898
25.64174,-1.0568
25.65173,-1.0736
25.66173,-1.0759
25.67172,-1.0788
25.68171,-1.0966
25.69171,-1.1137
25.7017,-1.1273
25.71169,-1.1419
25.72169,-1.1521
25.73168,-1.1288
25.74167,-1.1241
25.75167,-1.1349
25.76166,-1.1511
25.77178,-1.167
25.78189,-1.1643
25.79199,-1.176
25.8021,-1.1667
25.8122,-1.159
25.82231,-1.1611
25.83241,-1.1577
25.84252,-1.1643
25.85262,-1.1695
25.86273,-1.1912
25.87284,-1.2048
25.88294,-1.2221
25.893,-1.2256
25.90299,-1.2441
25.91299,-1.2649
25.92299,-1.269
25.93299,-1.2865
25.94299,-1.2844
25.95299,-1.2779
25.96299,-1.2695
25.97299,-1.267
25.98298,-1.2683
25.99298,-1.2713
26.00298,-1.2639
26.01298,-1.2693
26.02298,-1.2511
26.03297,-1.2655
26.04297,-1.261
26.05296,-1.2359
26.06295,-1.1534
26.07294,-1.068
26.08294,-0.981
26.09293,-0.9043
26.10292,-0.8253
26.11291,-0.7473
26.1229,-0.6951
26.1329,-0.6707
26.1429,-0.6687
26.1529,-0.6637
26.1629,-0.716
26.1729,-0.9398
26.1829,-0.9559
26.1929,-0.9764
26.2029,-0.9253
26.21291,-0.8839
26.22291,-0.8949
26.23291,-0.9219
26.24291,-1.0412
26.25291,-1.1389
26.26291,-1.2126
26.2729,-1.2716
26.28288,-1.314
26.29287,-1.346
26.30285,-1.3844
26.31284,-1.4303
26.32282,-1.4546
26.33281,-1.4816
26.34279,-1.5135
26.35278,-1.5541
26.36276,-1.5629
26.37275,-1.5587
26.38273,-1.5517
26.39273,-1.5334
26.40273,-1.5234
26.41274,-1.5145
26.42274,-1.5054
26.43275,-1.495
26.44275,-1.514
26.45275,-1.5511
26.46276,-1.572
26.47276,-1.5989
26.48277,-1.6003
26.49277,-1.5999
26.50278,-1.6081
26.51278,-1.6212
26.52278,-1.6328
26.53278,-1.6315
26.54277,-1.6301
26.55277,-1.6059
26.56277,-1.5942
26.57277,-1.6069
26.58276,-1.6015
26.59276,-1.5919
26.60276,-1.5871
26.61275,-1.6023
26.62275,-1.6038
26.63275,-1.5936
26.64275,-1.5789
26.65272,-1.5501
26.6627,-1.5586
26.67268,-1.5642
26.68265,-1.5413
26.69263,-1.5244
26.70261,-1.5298
26.71259,-1.5156
26.72256,-1.4872
26.73254,-1.4508
26.74252,-1.4375
26.75249,-1.4329
26.76247,-1.4557
26.77249,-1.4092
26.78251,-1.3172
26.79252,-1.2015
26.80254,-1.0991
26.81256,-1.0672
26.82257,-1.096
26.83259,-1.1274
26.8426,-1.1524
26.85262,-1.1642
26.86263,-1.1863
26.87265,-1.222
26.88267,-1.263
26.8927,-1.2845
26.90275,-1.2995
26.91281,-1.3167
26.92286,-1.366
26.93291,-1.3995
26.94296,-1.4184
26.95301,-1.4115
26.96306,-1.4091
26.97311,-1.3818
26.98317,-1.4076
26.99322,-1.3956
27.00327,-1.3942
27.01332,-1.3752
27.02332,-1.3511
27.03332,-1.3683
27.04331,-1.3974
27.05331,-1.4324
27.06331,-1.4911
27.07331,-1.5441
27.0833,-1.5978
27.0933,-1.6283
27.1033,-1.685
27.11329,-1.7258
27.12329,-1.7643
27.13329,-1.7701
27.14329,-1.7355
27.15328,-1.7041
27.16328,-1.6577
27.17328,-1.614
27.18328,-1.5637
27.19327,-1.5286
27.20327,-1.5928
27.21326,-1.5621
27.22326,-1.5348
27.23326,-1.5024
27.24326,-1.4909
27.25325,-1.4844
27.26325,-1.5061
27.27327,-1.5082
27.28329,-1.4896
27.29331,-1.4989
27.30334,-1.5149
27.31336,-1.5319
27.32338,-1.5527
27.3334,-1.605
27.34342,-1.6663
27.35344,-1.7212
27.36346,-1.7711
27.37348,-1.8193
27.3835,-1.8634
27.39351,-1.8937
27.40349,-1.9351
27.41347,-1.9752
27.42345,-2.0183
27.43343,-2.0563
27.44341,-2.079
27.45339,-2.0816
27.46338,-2.07
27.47336,-2.0937
27.48334,-2.1212
27.49332,-2.112
27.5033,-2.1019
27.51328,-2.0893
27.5233,-2.0796
27.53332,-2.0621
27.54334,-2.0466
27.55336,-2.0342
27.56337,-2.0131
27.57339,-2.005
27.58341,-2.0039
27.59343,-1.9871
27.60345,-1.9851
27.61346,-1.9923
27.62348,-1.984
27.6335,-1.982
27.6435,-1.9674
27.65347,-1.9484
27.66343,-1.9459
27.6734,-1.9279
27.68337,-1.9318
27.69334,-1.9158
27.70331,-1.925
27.71327,-1.9386
27.72324,-1.9123
27.73321,-1.9102
27.74318,-1.9079
27.75315,-1.8785
27.76312,-1.8293
27.77314,-1.7983
27.78317,-1.7728
27.79319,-1.7403
27.80322,-1.7235
27.81324,-1.6542
27.82327,-1.6003
27.8333,-1.5604
27.84332,-1.5224
27.85335,-1.4654
27.86337,-1.4033
27.8734,-1.3628
27.88342,-1.341
27.89344,-1.3602
27.90343,-1.3691
27.91343,-1.3802
27.92342,-1.379
27.93342,-1.359
27.94341,-1.3488
27.95341,-1.3327
27.9634,-1.3329
27.9734,-1.3435
27.98339,-1.3611
27.99339,-1.3665
28.00339,-1.3372
28.01338,-1.3235
28.02338,-1.3272
28.03338,-1.3453
28.04338,-1.3642
28.05338,-1.3768
28.06338,-1.3843
28.07337,-1.3942
28.08337,-1.4087
28.09337,-1.3914
28.10337,-1.3977
28.11337,-1.3978
28.12337,-1.4261
28.13337,-1.4531
28.1434,-1.4804
28.15348,-1.5039
28.16355,-1.4898
28.17362,-1.4729
28.18369,-1.4711
28.19377,-1.4692
28.20384,-1.4645
28.21391,-1.4524
28.22398,-1.4245
28.23405,-1.4006
28.24413,0.5191
28.2542,1.1346
28.26427,0.9123
28.27432,-0.1737
28.28436,-1.2993
28.2944,-1.5112
28.30444,-1.5188
28.31448,-1.4263
28.32452,-1.3686
28.33456,-1.414
28.3446,-1.4837
28.35464,-1.5403
28.36468,-1.5825
28.37472,-1.6426
28.38476,-1.714
28.3948,-1.7745
28.40483,-1.8186
28.41486,-1.8401
28.42488,-1.8466
28.43491,-1.8563
28.44494,-1.875
28.45497,-1.8714
28.465,-1.8771
28.47503,-1.8561
28.48506,-1.8376
28.49509,-1.8227
28.50512,-1.8023
28.51515,-1.7875
28.52513,-1.8049
28.53509,-1.7695
28.54506,-1.7379
28.55502,-1.7129
28.56499,-1.6832
28.57495,-1.6438
28.58492,-1.6494
28.59488,-1.6251
28.60485,-1.5722
28.61481,-1.5051
28.62477,-1.4848
28.63474,-1.514
28.64468,-1.5283
28.6546,-1.5144
28.66452,-1.5241
28.67444,-1.5427
28.68436,-1.5867
28.69429,-1.6341
28.70421,-1.6506
28.71413,-1.6632
28.72405,-1.6535
28.73397,-1.6033
28.74389,-1.5839
28.75381,-1.5899
28.76373,-1.6062
28.77374,-1.6128
28.78376,-1.6006
28.79377,-1.58
28.80378,-1.5499
28.8138,-1.5259
28.82381,-1.5104
28.83382,-1.4866
28.84384,-1.4748
28.85385,-1.3511
28.86386,-1.2072
28.87388,-1.1137
28.88389,-1.0819
28.8939,-1.0908
28.90389,-1.0947
28.91389,-1.1071
28.92388,-1.0999
28.93387,-1.0609
28.94386,-1.0608
28.95386,-1.0538
28.96385,-1.0582
28.97384,-1.072
28.98383,-1.084
28.99383,-1.082
29.00382,-1.0635
29.01381,-1.0384
29.02388,-0.9916
29.03395,-0.9373
29.04403,-0.8737
29.0541,-0.7765
29.06417,-0.6645
29.07424,-0.5807
29.08431,-0.5357
29.09438,-0.5063
29.10446,-0.4527
29.11453,-0.4063
29.1246,-0.3621
29.13467,-0.3384
29.14469,-0.2962
29.15463,-0.2514
29.16458,-0.196
29.17453,-0.1398
29.18448,-0.1039
29.19443,-0.0775
29.20438,-0.0812
29.21432,-0.0811
29.22427,-0.1342
29.23422,-0.1649
29.24417,-0.1695
29.25412,-0.193
29.26406,-0.2327
29.27415,-0.2984
29.28422,-0.3337
29.2943,-0.3617
29.30437,-0.3753
29.31445,-0.3863
29.32452,-0.4022
29.3346,-0.4297
29.34468,-0.4875
29.35475,-0.5534
29.36483,-0.6014
29.3749,-0.6163
29.38498,-0.6316
29.39501,-0.638
29.405,-0.6595
29.41499,-0.7078
29.42498,-0.7575
29.43497,-0.8218
29.44496,-0.8973
29.45495,-0.9617
29.46494,-1.0296
29.47493,-1.076
29.48492,-1.1058
29.49491,-1.1337
29.5049,-1.1897
29.51489,-1.2791
29.52489,-1.3319
29.53488,-1.3583
29.54488,-1.3581
29.55488,-1.3428
29.56488,-1.3204
29.57487,-1.2698
29.58487,-1.2256
29.59487,-1.1835
29.60487,-1.1478
29.61486,-1.1392
29.62486,-1.1379
29.63486,-1.1392
29.64485,-1.1359
29.65485,-1.1245
29.66484,-1.1155
29.67484,-1.0469
29.68484,-0.9685
29.69483,-0.8695
29.70483,-0.777
29.71482,-0.6838
29.72482,-0.6141
29.73481,-0.5697
29.74481,-0.5562
29.7548,-0.5068
29.7648,-0.4637
29.77479,-0.4485
29.78479,-0.4508
29.79478,-0.4355
29.80477,-0.3588
29.81477,-0.2658
29.82476,-0.147
29.83475,0.0035
29.84475,0.1154
29.85474,0.1938
29.86473,0.2423
29.87473,0.3188
29.88472,0.3752
29.8947,0.4305
29.90468,0.4931
29.91465,0.5548
29.92463,0.6436
29.9346,0.7223
29.94457,0.771
29.95455,0.8073
29.96452,0.8647
29.97449,0.8913
29.98447,0.8827
29.99444,0.8912
30.00442,0.9139
30.01439,0.9131
30.02442,0.8758
30.03445,0.8019
30.04448,0.6574
30.05451,0.5028
30.06454,0.3438
30.07456,0.2332
30.08459,0.1359
30.09462,0.0048
30.10465,-0.201
30.11468,-0.3528
30.12471,-0.4684
30.13474,-0.5799
30.14475,-0.6878
30.15474,-0.7812
30.16473,-0.8672
30.17472,-0.9329
30.18471,-0.9946
30.1947,-1.0639
30.2047,-1.1377
30.21469,-1.212
30.22468,-1.2834
30.23467,-1.2677
30.24466,-1.2301
30.25465,-1.1989
30.26464,-1.1958
30.27464,-1.1936
30.28464,-1.1542
30.29464,-1.105
30.30464,-1.0622
30.31464,-1.0396
30.32463,-1.0503
30.33463,-1.0295
30.34463,-0.9742
30.35463,-0.9069
30.36463,-0.8479
30.37462,-0.7619
30.38462,-0.7128
30.39466,-0.6683
30.40474,-0.5966
30.41482,-0.5569
30.4249,-0.5765
30.43497,-0.603
30.44505,-0.5987
30.45513,-0.6231
30.46521,-0.6428
30.47528,-0.6698
30.48536,-0.6654
30.49544,-0.6471
30.50552,-0.6331
30.5156,-0.5997
30.5256,-0.5749
30.53559,-0.5399
30.54559,-0.5203
30.55559,-0.5402
30.56559,-0.5722
30.57558,-0.6269
30.58558,-0.6772
30.59558,-0.7744
30.60557,-0.8624
30.61557,-0.8903
30.62556,-0.8835
30.63556,-0.879
30.64556,-0.8916
30.65556,-0.9348
30.66556,-0.952
30.67555,-0.9372
30.68555,-0.884
30.69555,-0.9239
30.70555,-0.9528
30.71555,-1.0875
30.72554,-1.1959
30.73554,-1.2805
30.74554,-1.3358
30.75554,-1.3902
30.76553,-1.4575
30.77553,-1.4765
30.78553,-1.5027
30.79553,-1.5125
30.80553,-1.4883
30.81553,-1.4639
30.82553,-1.4076
30.83552,-1.37
30.84552,-1.3592
30.85552,-1.3779
30.86552,-1.4261
30.87552,-1.4585
30.88552,-1.5183
30.89553,-1.5754
30.90552,-1.6483
30.91551,-1.7054
30.9255,-1.756
30.9355,-1.8027
30.94549,-1.8507
30.95548,-1.9042
30.96548,-1.943
30.97547,-1.9686
30.98546,-1.9851
30.99545,-1.9979
31.00544,-2.0092
31.01544,-2.0298
31.02543,-2.0684
31.03543,-2.0921
31.04542,-2.1224
31.05541,-2.1287
31.06541,-2.1473
31.0754,-2.152
31.08539,-2.1948
31.09539,-2.2121
31.10538,-2.2712
31.11537,-2.2958
31.12537,-2.3078
31.13536,-2.3407
31.14536,-2.3429
31.15536,-2.3594
31.16536,-2.3499
31.17536,-2.3688
31.18536,-2.3885
31.19536,-2.3924
31.20536,-2.395
31.21536,-2.3893
31.22536,-2.3914
31.23536,-2.3851
31.24537,-2.39
31.25537,-2.3664
31.26537,-2.247
31.27539,-2.1605
31.28542,-1.9921
31.29545,-1.7184
31.30548,-1.5683
31.31551,-1.5828
31.32553,-1.6159
31.33556,-1.6323
31.34559,-1.6321
31.35562,-1.6383
31.36564,-1.5548
31.37567,-1.4319
31.3857,-1.332
31.3957,-1.2676
31.40566,-1.1896
31.41563,-1.1551
31.42559,-1.1492
31.43556,-1.1405
31.44552,-1.1413
31.45549,-1.1533
31.46545,-1.1592
31.47542,-1.143
31.48538,-1.1298
31.49534,-1.1037
31.50531,-1.058
31.51527,-0.9941
31.52539,-0.9621
31.53549,-0.9613
31.5456,-0.9411
31.55571,-0.9515
31.56582,-0.9424
31.57593,-0.8994
31.58604,-0.8609
31.59614,-0.7993
31.60625,-0.7383
31.61636,-0.702
31.62647,-0.7091
31.63658,-0.6786
31.6466,-0.6875
31.65652,-0.7006
31.66645,-0.7564
31.67637,-0.7882
31.6863,-0.8614
31.69622,-0.9572
31.70615,-1.064
31.71608,-1.1764
31.726,-1.2909
31.73593,-1.391
31.74585,-1.4938
31.75578,-1.5553
31.7657,-1.6028
31.7757,-1.6319
31.7857,-1.6386
31.79569,-1.6357
31.80569,-1.6501
31.81569,-1.6635
31.82568,-1.6546
31.83568,-1.652
31.84567,-1.6343
31.85567,-1.6477
31.86566,-1.6648
31.87566,-1.6633
31.88565,-1.6483
31.89565,-1.6348
31.90566,-1.606
31.91566,-1.5597
31.92566,-1.5092
31.93567,-1.4362
31.94567,-1.3723
31.95567,-1.3258
31.96568,-1.3
31.97568,-1.2623
31.98568,-1.2287
31.99569,-1.2407
32.00569,-1.2549
32.01569,-1.2493
32.02572,-1.2341
32.03574,-1.219
32.04576,-1.2007
32.05579,-1.1898
32.06581,-1.1569
32.07584,-1.1209
32.08586,-1.0851
32.09588,-1.0218
32.10591,-0.9474
32.11593,-0.864
32.12595,-0.8379
32.13597,-0.8422
32.14599,-0.8703
32.15599,-0.891
32.16599,-0.902
32.17599,-0.9058
32.18599,-0.9159
32.19598,-0.8983
32.20598,-0.8958
32.21598,-0.8873
32.22598,-0.8914
32.23598,-0.897
32.24598,-0.9041
32.25597,-0.9076
32.26597,-0.894
32.27598,-0.888
32.28597,-0.8889
32.29596,-0.8825
32.30595,-0.8294
32.31594,-0.8019
32.32593,-0.7551
32.33592,-0.7136
32.34591,-0.6688
32.3559,-0.7728
32.36589,-0.8251
32.37588,-0.8149
32.38587,-0.8087
32.39588,-0.8047
32.40591,-0.8004
32.41594,-0.7645
32.42596,-0.7272
32.43599,-0.6573
32.44602,-0.577
32.45605,-0.494
32.46608,-0.473
32.47611,-0.4785
32.48614,-0.4915
32.49617,-0.5177
32.5062,-0.5689
32.51622,-0.6347
32.5262,-0.7023
32.53617,-0.7606
32.54614,-0.8166
32.55611,-0.853
32.56608,-0.8761
32.57605,-0.9131
32.58602,-0.9452
32.59599,-0.9789
32.60596,-1.0071
32.61593,-1.0296
32.6259,-1.0559
32.63587,-1.0974
32.64589,-1.1217
32.65596,-1.1323
32.66603,-1.1273
32.67611,-1.1438
32.68618,-1.1321
32.69625,-1.1194
32.70632,-1.0893
32.7164,-1.0767
32.72647,-1.0664
32.73654,-1.0626
32.74661,-1.0575
32.75668,-1.0668
32.76675,-1.0784
32.77675,-1.0761
32.78675,-1.0515
32.79674,-1.0071
32.80673,-0.9768
32.81673,-0.9487
32.82672,-0.9368
32.83671,-0.9147
32.84671,-0.8816
32.8567,-0.846
32.86669,-0.8311
32.87669,-0.8383
32.88668,-0.8376
32.89668,-0.851
32.90668,-0.8798
32.91668,-0.8965
32.92668,-0.8809
32.93668,-0.8642
32.94668,-0.8444
32.95668,-0.8215
32.96669,-0.8006
32.97669,-0.7824
32.98669,-0.7627
32.99669,-0.7048
33.00669,-0.6643
33.01669,-0.647
33.0267,-0.6451
33.03669,-0.6577
33.0467,-0.6536
33.05669,-0.6428
33.06669,-0.6241
33.07669,-0.6072
33.08669,-0.6029
33.09669,-0.6008
33.10669,-0.57
33.11669,-0.5189
33.12669,-0.4802
33.13668,-0.4277
33.14667,-0.3894
33.15665,-0.392
33.16662,-0.3937
33.17659,-0.3826
33.18657,-0.3492
33.19654,-0.3137
33.20651,-0.2584
33.21649,-0.1772
33.22646,-0.0903
33.23643,-0.0062
33.24641,0.0857
33.25638,0.1247
33.26635,0.1528
33.27641,0.1614
33.28643,0.1892
33.29646,0.2434
33.30649,0.3259
33.31652,0.4364
33.32655,0.5253
33.33657,0.572
33.3466,0.5827
33.35663,0.6099
33.36666,0.6351
33.37669,0.7126
33.38672,0.7607
33.39673,0.7282
33.40673,0.6197
33.41673,0.4922
33.42672,0.3987
33.43672,0.3272
33.44672,0.323
33.45671,0.3238
33.46671,0.3111
33.47671,0.3164
33.48671,0.342
33.4967,0.3824
33.5067,0.4188
33.5167,0.4499
33.52669,0.4817
33.53667,0.4804
33.54667,0.4729
33.55665,0.464
33.56664,0.4605
33.57663,0.4794
33.58662,0.5089
33.5966,0.5729
33.60659,0.6321
33.61658,0.671
33.62657,0.6989
33.63656,0.7007
33.64656,0.6962
33.65656,0.7075
33.66656,0.7702
33.67657,0.8312
33.68657,0.8848
33.69658,0.8899
33.70658,0.8808
33.71658,0.8613
33.72658,0.8607
33.73658,0.8671
33.74659,0.8778
33.75659,0.8744
33.76659,0.8614
33.77666,0.808
33.78674,0.7638
33.79681,0.6815
33.80688,0.5979
33.81696,0.5218
33.82703,0.4075
33.8371,0.2752
33.84718,0.1861
33.85725,0.064
33.86732,0.0582
33.8774,0.0839
33.88747,-0.1739
33.89751,-0.1921
33.9075,-0.1756
33.9175,-0.1546
33.92749,-0.3112
33.93748,-0.3563
33.94747,-0.4217
33.95747,-0.4413
33.96746,-0.4053
33.97745,-0.3636
33.98744,-0.3414
33.99744,-0.3405
34.00743,-0.3825
34.01742,-0.3693
34.02743,-0.3325
34.03743,-0.2995
34.04744,-0.3002
34.05745,-0.3076
34.06745,-0.3597
34.07746,-0.4102
34.08746,-0.4743
34.09747,-0.5099
34.10748,-0.5268
34.11748,-0.5468
34.12749,-0.5693
34.13749,-0.6085
34.14748,-0.65
34.15745,-0.6919
34.16742,-0.7503
34.17738,-0.7801
34.18735,-0.7987
34.19731,-0.8291
34.20728,-0.875
34.21724,-0.9104
34.22721,-0.9265
34.23717,-0.9474
34.24714,-0.9481
34.25711,-0.9354
34.26707,-0.9323
34.27706,-0.9521
34.28704,-0.9519
34.29703,-0.959
34.30702,-0.9783
34.31701,-0.9897
34.32699,-1.005
34.33698,-0.9918
34.34697,-0.9951
34.35695,-0.9925
34.36694,-0.9979
34.37692,-0.9587
34.38691,-0.9357
34.39692,-0.9027
34.40696,-0.893
34.41699,-0.8904
34.42702,-0.8897
34.43706,-0.867
34.44709,-0.836
34.45713,-0.8164
34.46716,-0.7605
34.47719,-0.7203
34.48722,-0.684
34.49726,-0.6431
34.50729,-0.5919
34.51733,-0.5296
34.52733,-0.501
34.53733,-0.5031
34.54733,-0.4915
34.55733,-0.4691
34.56733,-0.444
34.57734,-0.4041
34.58734,-0.3645
34.59734,-0.3347
34.60734,-0.3399
34.61734,-0.3501
34.62734,-0.3763
34.63734,-0.3924
34.64734,-0.3891
34.65732,-0.3942
34.66731,-0.392
34.6773,-0.3594
34.68728,-0.3397
34.69727,-0.3393
34.70725,-0.3841
34.71724,-0.3742
34.72723,-0.2622
34.73721,-0.1296
34.7472,-0.0161
34.75718,0.0282
34.76717,0.0722
34.77716,0.0986
34.78714,0.1126
34.79712,0.133
34.80709,0.1686
34.81707,0.1878
34.82705,0.1843
34.83703,0.1872
34.84701,0.1946
34.85699,0.2129
34.86696,0.1911
34.87694,0.172
34.88692,0.1644
34.89696,0.1235
34.90705,0.0847
34.91714,0.0493
34.92723,0.0056
34.93732,-0.0157
34.94741,-0.0436
34.9575,-0.0632
34.96759,-0.0791
34.97767,-0.0784
34.98776,-0.072
34.99785,-0.0829
35.00794,-0.0879
35.01803,-0.0967
35.02804,-0.1173
35.03804,-0.1462
35.04805,-0.165
35.05806,-0.1739
35.06806,-0.2024
35.07807,-0.2154
35.08807,-0.2312
35.09808,-0.2394
35.10809,-0.2181
35.11809,-0.189
35.1281,-0.1542
35.1381,-0.1333
35.14811,-0.1326
35.15811,-0.1385
35.16811,-0.118
35.17811,-0.098
35.18811,-0.0897
35.19812,-0.1017
35.20812,-0.0952
35.21812,-0.0864
35.22812,-0.0761
35.23812,-0.0869
35.24813,-0.0881
35.25813,-0.0885
35.26813,-0.0704
35.27813,-0.0723
35.28813,-0.1043
35.29812,-0.1302
35.30812,-0.1277
35.31812,-0.1149
35.32811,-0.1131
35.33811,-0.0745
35.34811,-0.0487
35.3581,-0.0449
35.3681,-0.0717
35.3781,-0.1311
35.3881,-0.1852
35.39809,-0.2217
35.40809,-0.2585
35.41808,-0.2527
35.42808,-0.2147
35.43807,-0.1699
35.44807,-0.124
35.45806,-0.0942
35.46806,-0.0795
35.47805,-0.0787
35.48804,-0.0715
35.49804,-0.0725
35.50803,-0.08
35.51803,-0.0676
35.52803,-0.0761
35.53802,-0.0966
35.54802,-0.138
35.55801,-0.1831
35.56801,-0.2145
35.57801,-0.2221
35.58801,-0.1985
35.598,-0.2026
35.60799,-0.2394
35.61799,-0.2629
35.62799,-0.2914
35.63799,-0.3072
35.648,-0.3288
35.65802,-0.3337
35.66805,-0.3488
35.67807,-0.2592
35.68809,-0.1878
35.69811,-0.126
35.70813,-0.1011
35.71815,-0.0662
35.72818,-0.0516
35.7382,-0.0164
35.74822,0.0014
35.75824,0.0109
35.76826,0.0268
35.77826,-0.0032
35.78827,-0.0301
35.79827,-0.0563
35.80828,-0.0666
35.81828,-0.0952
35.82829,-0.132
35.83829,-0.1898
35.84829,-0.2754
35.8583,-0.3402
35.8683,-0.3831
35.8783,-0.429
35.88831,-0.4592
35.89833,-0.4878
35.90837,-0.5104
35.91841,-0.5293
35.92844,-0.5525
35.93848,-0.5781
35.94852,-0.6102
35.95855,-0.6238
35.96859,-0.6338
35.97863,-0.6436
35.98866,-0.6555
35.9987,-0.6636
36.00874,-0.6707
36.01877,-0.6656
36.0287,-0.6436
36.03863,-0.6219
36.04856,-0.6121
36.05848,-0.6046
36.06841,-0.5732
36.07834,-0.5331
36.08827,-0.508
36.0982,-0.4988
36.10812,-0.5114
36.11805,-0.4998
36.12798,-0.4937
36.13791,-0.4842
36.1479,-0.4776
36.15796,-0.477
36.16801,-0.477
36.17807,-0.4731
36.18812,-0.4875
36.19817,-0.4798
36.20823,-0.4492
36.21828,-0.4207
36.22834,-0.3996
36.23839,-0.3824
36.24845,-0.3122
36.2585,-0.257
36.26855,-0.2175
36.27854,-0.2082
36.28852,-0.201
36.29851,-0.1947
36.30849,-0.1848
36.31848,-0.1639
36.32846,-0.145
36.33845,-0.1552
36.34843,-0.1931
36.35841,-0.2327
36.3684,-0.2879
36.37838,-0.328
36.38837,-0.3521
36.39838,-0.3713
36.40842,-0.3579
36.41846,-0.3627
36.42849,-0.3926
36.43853,-0.4235
36.44857,-0.4436
36.4586,-0.4416
36.46864,-0.4415
36.47867,-0.4441
36.48871,-0.3942
36.49874,-0.3226
36.50878,-0.2501
36.51882,-0.1917
36.52881,-0.1462
36.53881,-0.1236
36.54881,-0.1321
36.55881,-0.1171
36.56881,-0.0792
36.5788,-0.03
36.5888,0.0116
36.5988,0.0453
36.6088,0.0658
36.6188,0.0952
36.6288,0.1124
36.63879,0.1213
36.64878,0.1351
36.65874,0.1215
36.6687,0.0737
36.67866,-0.2374
36.68861,-0.2283
36.69857,-0.2691
36.70853,-0.2454
36.71849,-0.2755
36.72845,-0.332
36.73841,-0.3925
36.74837,-0.4073
36.75834,-0.3964
36.7683,-0.4113
36.77834,-0.4815
36.78836,-0.576
36.79838,-0.6569
36.8084,-0.7049
36.81842,-0.7117
36.82845,-0.7171
36.83847,-0.7344
36.84849,-0.7331
36.85851,-0.7313
36.86853,-0.7278
36.87856,-0.7113
36.88858,-0.6915
36.89857,-0.6867
36.90855,-0.661
36.91852,-0.6339
36.92849,-0.6107
36.93847,-0.5929
36.94844,-0.5797
36.95841,-0.5584
36.96838,-0.5263
36.97836,-0.4995
36.98833,-0.4842
36.9983,-0.4536
37.00827,-0.4486
37.01825,-0.4405
37.02826,-0.3976
37.03826,-0.3533
37.04826,-0.2962
37.05827,-0.23
37.06828,-0.1615
37.07828,-0.1351
37.08829,-0.1338
37.09829,-0.1429
37.1083,-0.156
37.1183,-0.1539
37.12831,-0.1435
37.13831,-0.1413
37.14832,-0.1272
37.15831,-0.1303
37.16832,-0.1318
37.17831,-0.1518
37.18832,-0.1741
37.19831,-0.1926
37.20832,-0.2309
37.21832,-0.2643
37.22832,-0.2813
37.23832,-0.2939
37.24832,-0.294
37.25832,-0.2912
37.26832,-0.3066
37.27842,-0.2954
37.28852,-0.2729
37.29863,-0.1824
37.30872,-0.0997
37.31882,-0.0162
37.32892,0.0596
37.33902,0.0524
37.34912,-0.1685
37.35922,-0.1525
37.36932,-0.1829
37.37943,-0.116
37.38952,-0.1184
37.39958,-0.1209
37.4096,-0.1225
37.41962,-0.1215
37.42963,-0.0699
37.43965,-0.0367
37.44967,-0.0441
37.45969,-0.0345
37.4697,-0.0355
37.47972,-0.0353
37.48973,-0.0479
37.49975,-0.0826
37.50977,-0.1084
37.51979,-0.1528
37.52974,-0.1908
37.53968,-0.2303
37.54963,-0.2904
37.55958,-0.337
37.56953,-0.3918
37.57948,-0.4487
37.58942,-0.5034
37.59937,-0.5671
37.60932,-0.6138
37.61927,-0.6507
37.62922,-0.6958
37.63916,-0.7491
37.64914,-0.7845
37.65913,-0.8047
37.66912,-0.8267
37.67912,-0.8253
37.68911,-0.8428
37.6991,-0.8313
37.7091,-0.8525
37.71909,-0.8443
37.72908,-0.8473
37.73908,-0.864
37.74907,-0.8706
37.75906,-0.8596
37.76906,-0.8564
37.77908,-0.837
37.78909,-0.8061
37.79911,-0.7493
37.80912,-0.7069
37.81913,-0.6723
37.82915,-0.6305
37.83916,-0.6073
37.84917,-0.591
37.85919,-0.5767
37.8692,-0.5792
37.87922,-0.6071
37.88923,-0.6485
37.89924,-0.6749
37.90924,-0.7023
37.91925,-0.7011
37.92926,-0.6955
37.93926,-0.6706
37.94927,-0.6487
37.95928,-0.6346
37.96928,-0.626
37.97929,-0.6101
37.9893,-0.5968
37.9993,-0.5757
38.00931,-0.5752
38.01931,-0.5767
38.02928,-0.5649
38.03924,-0.5681
38.0492,-0.5695
38.05916,-0.5811
38.06912,-0.5859
38.07908,-0.5742
38.08904,-0.5631
38.099,-0.5528
38.10896,-0.5508
38.11892,-0.6277
38.12888,-0.629
38.13884,-0.6475
38.14883,-0.667
38.15883,-0.6795
38.16883,-0.6873
38.17883,-0.6833
38.18883,-0.6417
38.19883,-0.5904
38.20883,-0.5643
38.21883,-0.5874
38.22883,-0.5905
38.23883,-0.5913
38.24883,-0.5284
38.25883,-0.4824
38.26883,-0.4623
38.27893,-0.4648
38.28904,-0.13
38.29914,-0.1872
38.30925,-0.4024
38.31935,-0.4198
38.32945,-0.5203
38.33955,-0.5792
38.34966,-0.6293
38.35976,-0.6688
38.36987,-0.6915
38.37997,-0.6971
38.39007,-0.7046
38.40013,-0.7424
38.41014,-0.7752
38.42014,-0.8128
38.43015,-0.8203
38.44016,-0.8433
38.45016,-0.8746
38.46017,-0.9309
38.47017,-0.9789
38.48018,-1.0097
38.49019,-1.0397
38.50019,-1.0452
38.5102,-1.035
38.52021,-1.0431
38.53024,-1.0559
38.54026,-1.0742
38.55028,-1.073
38.5603,-1.0446
38.57032,-1.0236
38.58034,-0.9739
38.59036,-0.9552
38.60038,-0.9393
38.6104,-0.9358
38.62041,-0.9086
38.63043,-0.8814
38.64045,-0.8481
38.65044,-0.8329
38.66039,-0.8249
38.67035,-0.8015
38.6803,-0.7804
38.69025,-0.7628
38.7002,-0.7309
38.71015,-0.7212
38.7201,-0.7059
38.73006,-0.7139
38.74001,-0.7324
38.74996,-0.7271
38.75991,-0.735
38.76986,-0.7506
38.77985,-0.7696
38.78983,-0.7753
38.7998,-0.7516
38.80979,-0.724
38.81977,-0.7105
38.82975,-0.6742
38.83973,-0.624
38.84971,-0.5477
38.85969,-0.4666
38.86967,-0.3868
38.87965,-0.3427
38.88963,-0.3451
38.89964,-0.3526
38.90966,-0.3592
38.91969,-0.3794
38.92971,-0.3936
38.93974,-0.4035
38.94976,-0.4328
38.95979,-0.4425
38.96981,-0.4818
38.97984,-0.5147
38.98986,-0.5141
38.99988,-0.5282
39.00991,-0.5472
39.01993,-0.53
39.03001,-0.5278
39.04008,-0.5472
39.05016,-0.5356
39.06023,-0.4956
39.07031,-0.4697
39.08038,-0.4505
39.09046,-0.4943
39.10053,-0.5387
39.11061,-0.5713
39.12068,-0.6001
39.13076,-0.6287
39.14083,-0.6566
39.15084,-0.6734
39.16077,-0.6874
39.1707,-0.6982
39.18063,-0.7392
39.19056,-0.7586
39.20048,-0.7344
39.21041,-0.6955
39.22034,-0.6537
39.23027,-0.6296
39.2402,-0.6378
39.25013,-0.6488
39.26006,-0.6506
39.26999,-0.7025
39.28005,-0.7821
39.29011,-0.8522
39.30017,-0.9003
39.31024,-0.9285
39.3203,-0.947
39.33036,-0.9488
39.34043,-0.9431
39.35049,-0.9351
39.36055,-0.9066
39.37062,-0.8793
39.38068,-0.8593
39.39074,-0.8597
39.40075,-0.8675
39.41068,-0.8828
39.4206,-0.8767
39.43053,-0.8793
39.44046,-0.8945
39.45039,-0.9067
39.46032,-0.9286
39.47025,-0.9427
39.48018,-0.9533
39.4901,-0.9594
39.50003,-0.9608
39.50996,-0.9253
39.51989,-0.8769
39.53005,-0.8513
39.5402,-0.8439
39.55035,-0.8406
39.56049,-0.8563
39.57064,-0.8674
39.58079,-0.889
39.59093,-0.8918
39.60108,-0.8693
39.61123,-0.8577
39.62137,-0.8445
39.63152,-0.8368
39.64167,-0.8042
39.65174,-0.757
39.66174,-0.7014
39.67174,-0.6505
39.68174,-0.6086
39.69173,-0.5529
39.70173,-0.5004
39.71173,-0.4909
39.72173,-0.4524
39.73172,-0.4481
39.74172,-0.4387
39.75172,-0.3869
39.76171,-0.3783
39.77171,-0.3684
39.7816,-0.3562
39.79148,-0.3628
39.80137,-0.353
39.81126,-0.353
39.82114,-0.3517
39.83103,-0.3553
39.84092,-0.3547
39.8508,-0.3785
39.86069,-0.4032
39.87057,-0.4189
39.88046,-0.4139
39.89035,-0.4066
39.90031,-0.3869
39.91034,-0.3547
39.92036,-0.3096
39.9304,-0.3018
39.94043,-0.2993
39.95045,-0.3193
39.96048,-0.3333
39.97052,-0.3337
39.98055,-0.3415
39.99057,-0.347
40.0006,-0.3451
40.01064,-0.3647
40.02066,-0.3496
40.03069,-0.3265
40.04072,-0.3603
40.05074,-0.373
40.06077,-0.3538
40.07079,-0.3747
40.08082,-0.3893
40.09084,-0.3755
40.10087,-0.3486
40.1109,-0.3179
40.12092,-0.3666
40.13095,-0.4127
40.14097,-0.3836
40.151,-0.2116
40.16105,-0.0771
40.17108,0.0239
40.18112,0.0352
40.19116,0.0425
40.20119,0.1041
40.21124,0.1526
40.22127,0.1907
40.23131,0.2076
40.24135,0.212
40.25138,0.2052
40.26143,0.2111
40.27146,0.2386
40.28141,0.2815
40.29136,0.3359
40.30132,0.3742
40.31126,0.3871
40.32121,0.4079
40.33116,0.4448
40.34111,0.4649
40.35106,0.4805
40.36101,0.5064
40.37096,0.5191
40.38091,0.5374
40.39086,0.5432
40.40083,0.5162
40.41081,0.4587
40.42078,0.3773
40.43076,0.3048
40.44074,0.2056
40.45072,0.1191
40.4607,0.0307
40.47068,-0.0708
40.48065,-0.1627
40.49063,-0.237
40.50061,-0.2846
40.51059,-0.3304
40.52057,-0.3693
40.53057,-0.4103
40.54056,-0.4395
40.55055,-0.476
40.56054,-0.4995
40.57053,-0.5167
40.58052,-0.5313
40.59052,-0.5461
40.60051,-0.5665
40.6105,-0.5877
40.62049,-0.5814
40.63048,-0.5954
40.64047,-0.6026
40.65053,-0.6178
40.66063,-0.5977
40.67072,-0.5661
40.68082,-0.5514
40.69091,-0.5207
40.70101,-0.5463
40.71111,-0.5355
40.7212,-0.5221
40.7313,-0.5354
40.74139,-0.5311
40.75149,-0.5226
40.76159,-0.5135
40.77168,-0.5061
40.78163,-0.4916
40.79157,-0.4781
40.80151,-0.4644
40.81145,-0.4517
40.82139,-0.4489
40.83133,-0.4433
40.84127,-0.4443
40.85122,-0.4416
40.86116,-0.455
40.8711,-0.4792
40.88104,-0.476
40.89098,-0.4401
40.90099,-0.4099
40.91105,-0.3958
40.92111,-0.3678
40.93117,-0.3595
40.94123,-0.3494
40.9513,-0.3743
40.96136,-0.4144
40.97142,-0.4337
40.98148,-0.4179
40.99155,-0.4221
41.00161,-0.4622
41.01167,-0.4918
41.02173,-0.5236
41.0317,-0.549
41.04166,-0.5824
41.05162,-0.5784
41.06157,-0.5843
41.07153,-0.5796
41.08149,-0.5785
41.09145,-0.5714
41.10141,-0.5869
41.11137,-0.5825
41.12133,-0.5502
41.13129,-0.486
41.14125,-0.4089
41.15125,-0.3057
41.16128,-0.1964
41.17132,-0.0861
41.18135,0.0008
41.19139,0.0521
41.20143,0.1001
41.21146,0.138
41.2215,0.1563
41.23153,0.1754
41.24157,0.1884
41.25161,0.2028
41.26164,0.205
41.27168,0.2036
41.28164,0.1884
41.2916,0.1606
41.30155,0.1207
41.3115,0.0731
41.32146,0.0247
41.33141,-0.0389
41.34137,-0.1161
41.35132,-0.1951
41.36127,-0.2841
41.37123,-0.3814
41.38118,-0.4724
41.39113,-0.5575
41.40114,-0.638
41.41119,-0.7121
41.42123,-0.7654
41.43128,-0.81
41.44133,-0.8343
41.45138,-0.8567
41.46143,-0.8764
41.47148,-0.8832
41.48153,-0.8963
41.49157,-0.9144
41.50162,-0.9537
41.51167,-0.9703
41.52172,-0.9696
41.53165,-0.9798
41.54156,-0.9881
41.55147,-0.9368
41.56138,-0.92
41.57129,-0.9011
41.5812,-0.8744
41.59111,-0.8438
41.60103,-0.8342
41.61094,-0.8102
41.62085,-0.7862
41.63076,-0.7415
41.64067,-0.6886
41.65068,-0.6463
41.66076,-0.6214
41.67085,-0.5924
41.68093,-0.5595
41.69102,-0.5027
41.70111,-0.4646
41.71119,-0.4147
41.72128,-0.3868
41.73137,-0.3507
41.74145,-0.2937
41.75154,-0.2305
41.76162,-0.167
41.77171,-0.0932
41.78173,-0.0539
41.79174,-0.0176
41.80176,0.0018
41.81178,0.0118
41.8218,0.0375
41.83181,0.0241
41.84183,0.0282
41.85185,0.0673
41.86187,0.0998
41.87188,0.124
41.8819,0.1489
41.89192,0.1599
41.90192,0.1728
41.9119,0.1745
41.92188,0.1783
41.93185,0.184
41.94183,0.1958
41.95181,0.1326
41.96178,0.0696
41.97176,0.0662
41.98174,0.1291
41.99171,0.1845
42.00169,0.2252
42.01167,0.2744
42.02164,0.3078
42.03167,0.3186
42.04167,0.3097
42.05167,0.2901
42.06167,0.2864
42.07167,0.3038
42.08167,0.3326
42.09167,0.3632
42.10168,0.3991
42.11168,0.4515
42.12168,0.4957
42.13168,0.5453
42.14168,0.6003
42.15168,0.6386
42.16168,0.6887
42.17168,0.7266
42.18168,0.7411
42.19167,0.7438
42.20167,0.72
42.21167,0.6957
42.22167,0.6752
42.23167,0.6661
42.24166,0.6701
42.25166,0.6991
42.26166,0.7253
42.27166,0.7073
42.28168,0.7158
42.29167,0.707
42.30167,0.6897
42.31166,0.6413
42.32166,0.576
42.33166,0.5122
42.34166,0.4609
42.35165,0.4311
42.36165,0.39
42.37165,0.3261
42.38164,0.2749
42.39164,0.2254
42.40165,0.1734
42.41167,0.1309
42.42168,0.0896
42.4317,0.0578
42.44172,0.0469
42.45174,0.0365
42.46175,0.0362
42.47177,0.055
42.48178,0.0806
42.4918,0.1205
42.50182,0.1435
42.51184,0.1473
42.52185,0.1411
42.53188,0.172
42.54189,0.1818
42.55191,0.1735
42.56192,0.1676
42.57193,0.171
42.58194,0.1749
42.59196,0.1712
42.60197,0.1419
42.61198,0.1157
42.62199,0.1298
42.63201,0.1342
42.64202,0.1499
42.65202,0.1402
42.66197,0.1
42.67192,0.0723
42.68188,0.025
42.69183,0.0031
42.70179,0.0055
42.71174,0.0381
42.72169,0.0464
42.73165,0.0395
42.7416,0.0164
42.75156,0.0046
42.76151,0.0092
42.77147,0.0009
42.78148,-0.0275
42.79149,-0.045
42.8015,-0.0724
42.81151,-0.0978
42.82153,-0.1196
42.83154,-0.123
42.84155,-0.115
42.85156,-0.114
42.86157,-0.0996
42.87158,-0.0616
42.88159,-0.0114
42.89161,0.0134
42.90165,-0.0192
42.91173,-0.1034
42.92181,-0.1212
42.93189,-0.1481
42.94197,-0.1406
42.95205,-0.1437
42.96213,-0.0818
42.97221,0.0153
42.98228,0.2072
42.99237,0.3708
43.00245,0.495
43.01252,0.5668
43.0226,0.5736
43.03259,0.5309
43.04259,0.4931
43.05258,0.4319
43.06257,0.3703
43.07256,0.3071
43.08255,0.2577
43.09254,0.213
43.10254,0.1798
43.11253,0.1412
43.12252,0.1084
43.13251,0.0759
43.1425,-0.021
43.1525,-0.0982
43.1625,-0.1977
43.1725,-0.3067
43.1825,-0.3948
43.19249,-0.449
43.20249,-0.4688
43.21249,-0.499
43.22249,-0.5412
43.23249,-0.5997
43.24249,-0.6512
43.25248,-0.6892
43.26248,-0.7206
43.27248,-0.743
43.28249,-0.758
43.29248,-0.7752
43.30249,-0.7738
43.31248,-0.768
43.32249,-0.7777
43.33249,-0.7695
43.34249,-0.7487
43.35249,-0.7475
43.36249,-0.7516
43.37249,-0.7377
43.38249,-0.7392
43.39249,-0.734
43.4025,-0.7144
43.4125,-0.7083
43.4225,-0.6908
43.4325,-0.6675
43.4425,-0.6495
43.4525,-0.6315
43.46249,-0.6259
43.47249,-0.6246
43.48249,-0.609
43.49249,-0.6009
43.50249,-0.6164
43.51249,-0.6346
43.52249,-0.6522
43.53248,-0.692
43.54248,-0.744
43.55247,-0.791
43.56246,-0.8387
43.57245,-0.8658
43.58244,-0.8949
43.59243,-0.9348
43.60242,-0.9788
43.61241,-0.9948
43.6224,-1.0072
43.63239,-1.0063
43.64238,-1.0154
43.65239,-1.0247
43.6624,-1.0303
43.6724,-1.0065
43.68241,-0.984
43.69242,-0.9802
43.70243,-0.9994
43.71244,-0.9856
43.72244,-0.9722
43.73245,-0.9904
43.74246,-1.0413
43.75247,-1.0728
43.76247,-1.094
43.77248,-1.0975
43.78248,-1.1088
43.79247,-1.115
43.80246,-1.143
43.81246,-1.1693
43.82245,-1.1959
43.83244,-1.2257
43.84244,-1.2236
43.85243,-1.2285
43.86242,-1.2515
43.87241,-1.2552
43.88241,-1.2684
43.8924,-1.2551
43.90239,-1.2485
43.91238,-1.2145
43.92237,-1.2363
43.93237,-1.2674
43.94236,-1.3025
43.95235,-1.2868
43.96234,-1.264
43.97233,-1.2656
43.98232,-1.2303
43.99231,-1.1751
44.0023,-1.1015
44.01229,-1.01
44.02228,-0.911
44.03237,-0.825
44.04245,-0.7767
44.05254,-0.7679
44.06263,-0.7783
44.07272,-0.845
44.08281,-0.9601
44.09289,-1.0865
44.10298,-1.1984
44.11307,-1.2753
44.12315,-1.3307
44.13324,-1.3822
44.14333,-1.4293
44.15341,-1.4637
44.16347,-1.473
44.17353,-1.4926
44.1836,-1.5048
44.19366,-1.5211
44.20372,-1.5366
44.21378,-1.5506
44.22385,-1.5608
44.23391,-1.5579
44.24397,-1.5537
44.25403,-1.5466
44.2641,-1.5501
44.27416,-1.5321
44.28413,-1.5209
44.29411,-1.5135
44.30409,-1.4976
44.31406,-1.4958
44.32404,-1.4833
44.33402,-1.4553
44.34399,-1.4274
44.35397,-1.4082
44.36395,-1.393
44.37393,-1.3789
44.3839,-1.3781
44.39388,-1.3536
44.40383,-1.3241
44.41373,-1.3068
44.42363,-1.2747
44.43354,-1.2524
44.44344,-1.2357
44.45334,-1.2188
44.46324,-1.1598
44.47314,-1.0969
44.48304,-1.0351
44.49294,-0.9907
44.50285,-0.9633
44.51274,-0.9466
44.52265,-0.9229
44.53268,-0.874
44.54272,-0.835
44.55276,-0.8246
44.5628,-0.8116
44.57284,-0.7802
44.58287,-0.7452
44.59291,-0.7243
44.60295,-0.7148
44.61299,-0.7264
44.62303,-0.7344
44.63306,-0.7443
44.6431,-0.7579
44.65312,-0.7579
44.66311,-0.7611
44.6731,-0.7521
44.6831,-0.739
44.69309,-0.7316
44.70308,-0.7236
44.71307,-0.7077
44.72307,-0.6989
44.73306,-0.7193
44.74305,-0.738
44.75304,-0.7361
44.76304,-0.7292
44.77303,-0.7085
44.78303,-0.6724
44.79303,-0.662
44.80303,-0.7137
44.81303,-0.7958
44.82303,-0.8499
44.83303,-0.8917
44.84303,-0.8935
44.85303,-0.863
44.86303,-0.8214
44.87303,-0.8205
44.88303,-0.8522
44.89302,-0.7902
44.90303,-0.7351
44.91302,-0.6602
44.92301,-0.6182
44.93301,-0.585
44.943,-0.5408
44.953,-0.4886
44.96299,-0.4296
44.97298,-0.3897
44.98298,-0.3458
44.99297,-0.301
45.00296,-0.2539
45.01295,-0.195
45.02295,-0.1431
45.03295,-0.0969
45.04294,-0.0589
45.05293,-0.0464
45.06292,-0.0583
45.07291,-0.111
45.0829,-0.17
45.0929,-0.2157
45.10289,-0.2723
45.11288,-0.3609
45.12288,-0.4399
45.13287,-0.5178
45.14286,-0.5804
45.15284,-0.6384
45.16282,-0.7045
45.1728,-0.7642
45.18279,-0.8304
45.19276,-0.8877
45.20274,-0.9253
45.21272,-0.9492
45.2227,-0.9632
45.23268,-0.9749
45.24266,-0.9771
45.25264,-1.0047
45.26262,-1.0166
45.2726,-1.0198
45.28271,-0.9909
45.29281,-0.9692
45.30291,-0.9698
45.31301,-0.9645
45.32312,-0.9544
45.33322,-0.9611
45.34332,-0.9678
45.35343,-0.9621
45.36353,-0.9563
45.37363,-0.9407
45.38374,-0.9177
45.39384,-0.925
45.40389,-0.921
45.41387,-0.9208
45.42385,-0.9056
45.43383,-0.8741
45.44381,-0.8736
45.45379,-0.8497
45.46378,-0.8431
45.47375,-0.831
45.48374,-0.813
45.49372,-0.8149
45.5037,-0.8187
45.51368,-0.8186
45.52366,-0.8269
45.53368,-0.8209
45.5437,-0.844
45.55371,-0.8794
45.56372,-0.907
45.57373,-0.9174
45.58375,-0.923
45.59376,-0.8917
45.60377,-0.864
45.61378,-0.8422
45.6238,-0.8481
45.63381,-0.8401
45.64383,-0.8244
45.65382,-0.811
45.66379,-0.8185
45.67376,-0.822
45.68373,-0.8336
45.69371,-0.8575
45.70368,-0.8686
45.71365,-0.8943
45.72362,-0.9117
45.73359,-0.9102
45.74356,-0.9077
45.75354,-0.9229
45.76351,-0.9293
45.77348,-0.915
45.7835,-0.8818
45.79353,-0.8616
45.80355,-1.0202
45.81357,-1.0311
45.82359,-1.0017
45.83361,-0.9399
45.84363,-0.8083
45.85365,-0.6724
45.86367,-0.5656
45.8737,-0.4707
45.88372,-0.9017
45.89374,-0.8924
45.90374,-0.7301
45.91373,-0.6184
45.92372,-0.5458
45.93371,-0.4295
45.9437,-0.3478
45.95369,-0.2939
45.96368,-0.2449
45.97367,-0.2212
45.98366,-0.2575
45.99365,-0.3276
46.00364,-0.4028
46.01363,-0.4545
46.02362,-0.4798
46.03362,-0.5243
46.04362,-0.5439
46.05362,-0.567
46.06362,-0.6015
46.07362,-0.6426
46.08362,-0.6784
46.09362,-0.7157
46.10363,-0.7649
46.11363,-0.8156
46.12363,-0.9116
46.13363,-0.9896
46.14363,-1.0683
46.15364,-1.1193
46.16365,-1.1683
46.17366,-1.2093
46.18366,-1.2467
46.19367,-1.2728
46.20367,-1.2916
46.21368,-1.2974
46.22369,-1.3127
46.2337,-1.3153
46.2437,-1.3072
46.25371,-1.2846
46.26371,-1.2903
46.27372,-1.2909
46.28368,-1.2816
46.29363,-1.2783
46.30359,-1.2632
46.31355,-1.272
46.3235,-1.26
46.33346,-1.2597
46.34342,-1.2536
46.35337,-1.2506
46.36333,-1.2348
46.37329,-1.2127
46.38324,-1.1993
46.3932,-1.1914
46.40323,-1.1829
46.41332,-1.1528
46.42342,-1.1277
46.43351,-1.1075
46.44361,-1.1026
46.4537,-1.0999
46.4638,-1.0963
46.4739,-1.0901
46.48399,-1.0783
46.49409,-1.0507
46.50418,-1.0307
46.51428,-1.0179
46.52438,-0.9954
46.53437,-0.9697
46.54435,-0.9527
46.55433,-0.9739
46.56432,-0.9843
46.5743,-0.9635
46.58428,-0.9488
46.59427,-0.9625
46.60425,-0.9576
46.61423,-0.9411
46.62422,-0.917
46.6342,-0.9003
46.64418,-0.8772
46.65423,-0.8419
46.66433,-0.8331
46.67443,-0.8412
46.68453,-0.8087
46.69463,-0.783
46.70473,-0.8088
46.71482,-0.8618
46.72493,-0.9021
46.73502,-0.9143
46.74512,-0.9055
46.75522,-0.8784
46.76532,-0.853
46.77542,-0.8068
46.78535,-0.7221
46.79527,-0.6349
46.80519,-0.5448
46.81512,-0.4928
46.82504,-0.4141
46.83496,-0.3665
46.84489,-0.3342
46.85481,-0.3224
46.86473,-0.347
46.87466,-0.4277
46.88458,-0.5074
46.8945,-0.5921
46.90447,-0.6565
46.91444,-0.7132
46.92441,-0.7387
46.93438,-0.7714
46.94434,-0.7981
46.95431,-0.8291
46.96428,-0.8641
46.97425,-0.9021
46.98421,-0.9351
46.99419,-0.9643
47.00415,-1.015
47.01412,-1.0815
47.02409,-1.1494
47.03412,-1.2245
47.04414,-1.2759
47.05416,-1.3228
47.06419,-1.3554
47.07421,-1.3861
47.08423,-1.3709
47.09426,-1.3591
47.10428,-1.3341
47.1143,-1.3117
47.12432,-1.2937
47.13435,-1.2594
47.14437,-1.2416
47.1544,-1.2369
47.1644,-1.2174
47.1744,-1.203
47.18439,-1.1748
47.19439,-1.1777
47.20439,-1.1689
47.21439,-1.1455
47.22439,-1.1212
47.23439,-1.093
47.24439,-1.0701
47.25439,-1.0171
47.26439,-0.9602
47.27438,-0.9213
47.2844,-0.8973
47.29443,-0.8674
47.30445,-0.8111
47.31446,-0.7308
47.32449,-0.6489
47.33451,-0.5986
47.34452,-0.5907
47.35455,-0.5966
47.36457,-0.5976
47.37458,-0.5998
47.38461,-0.6052
47.39463,-0.5886
47.40463,-0.5609
47.41461,-0.5179
47.42459,-0.4824
47.43457,-0.4544
47.44455,-0.444
47.45453,-0.4321
47.46451,-0.4006
47.47449,-0.3788
47.48447,-0.3918
47.49446,-0.3972
47.50444,-0.4017
47.51442,-0.4159
47.5244,-0.4251
47.53453,-0.4176
47.54465,-0.4118
47.55477,-0.4095
47.5649,-0.4255
47.57502,-0.4508
47.58514,-0.471
47.59526,-0.4503
47.60539,-0.4333
47.61551,-0.4234
47.62563,-0.3938
47.63576,-0.4804
47.64588,-0.4762
47.65592,-0.5116
47.66586,-0.5482
47.67579,-0.6125
47.68573,-0.6533
47.69567,-0.6905
47.7056,-0.6341
47.71554,-0.5331
47.72548,-0.4554
47.73542,-0.4018
47.74535,-0.3536
47.75529,-0.3179
47.76523,-0.3087
47.77517,-0.3298
47.78514,-0.3566
47.79511,-0.3921
47.80509,-0.4672
47.81506,-0.5275
47.82504,-0.5812
47.83501,-0.6191
47.84499,-0.6553
47.85496,-0.6855
47.86493,-0.7246
47.87491,-0.7628
47.88488,-0.7953
47.89486,-0.8363
47.90487,-0.8777
47.9149,-0.9509
47.92493,-1.0366
47.93496,-1.1016
47.94499,-1.1544
47.95502,-1.2014
47.96505,-1.2303
47.97508,-1.2568
47.98511,-1.2687
47.99514,-1.2934
48.00517,-1.3097
48.0152,-1.291
48.02523,-1.2696
48.03519,-1.2769
48.04514,-1.2707
48.05509,-1.2627
48.06504,-1.2472
48.075,-1.229
48.08495,-1.204
48.0949,-1.1833
48.10485,-1.1594
48.11481,-1.1619
48.12476,-1.1431
48.13471,-1.1399
48.14466,-1.0928
48.15468,-1.0243
48.16478,-0.9754
48.17487,-0.9004
48.18496,-0.789
48.19505,-0.6738
48.20514,-0.5504
48.21523,-0.4702
48.22532,-0.4082
48.23541,-0.3535
48.2455,-0.3185
48.25559,-0.2807
48.26568,-0.2541
48.27577,-0.2374
48.28575,-0.215
48.2957,-0.2043
48.30566,-0.2144
48.31562,-0.2227
48.32558,-0.2042
48.33554,-0.1671
48.34549,-0.1503
48.35545,-0.155
48.36541,-0.1969
48.37537,-0.2361
48.38533,-0.2753
48.39529,-0.3039
48.40526,-0.3354
48.41523,-0.3242
48.4252,-0.302
48.43517,-0.3755
48.44514,-0.3743
48.45511,-0.4087
48.46508,-0.42
48.47506,-0.4061
48.48503,-0.3707
48.495,-0.3645
48.50497,-0.3855
48.51494,-0.4298
48.52491,-0.4754
48.53498,-0.5131
48.54505,-0.5203
48.55512,-0.5219
48.56519,-0.4814
48.57525,-0.4087
48.58532,-0.3388
48.59539,-0.3111
48.60545,-0.3012
48.61552,-0.3041
48.62559,-0.3309
48.63565,-0.3941
48.64572,-0.4712
48.65578,-0.5618
48.66579,-0.6241
48.67581,-0.6593
48.68583,-0.6952
48.69584,-0.7131
48.70585,-0.7276
48.71587,-0.7385
48.72588,-0.7579
48.73589,-0.7661
48.74591,-0.7891
48.75592,-0.8203
48.76594,-0.8388
48.77595,-0.8492
48.78601,-0.8717
48.79606,-0.8955
48.80611,-0.939
48.81617,-0.9305
48.82622,-0.9167
48.83627,-0.9192
48.84633,-0.8874
48.85638,-0.8423
48.86644,-0.8255
48.87649,-0.8344
48.88654,-0.8166
48.8966,-0.8289
48.90657,-0.8372
48.91647,-0.8298
48.92636,-0.8492
48.93625,-0.8603
48.94614,-0.8701
48.95603,-0.8581
48.96592,-0.8542
48.97581,-0.8209
48.9857,-0.8159
48.99559,-0.8107
49.00549,-0.783
49.01538,-0.7645
49.02527,-0.7195
49.0353,-0.6516
49.04533,-0.6013
49.05537,-0.5748
49.0654,-0.5728
49.07543,-0.5848
49.08546,-0.5838
49.0955,-0.6037
49.10553,-0.6119
49.11557,-0.5943
49.1256,-0.5817
49.13563,-0.6023
49.14566,-0.6057
49.15569,-0.588
49.16569,-0.5973
49.17569,-0.5982
49.18569,-0.5609
49.1957,-0.5147
49.2057,-0.5125
49.2157,-0.5105
49.2257,-0.4278
49.23571,-0.3434
49.24571,-0.2804
49.25571,-0.2783
49.26571,-0.298
49.27571,-0.207
49.28567,-0.1577
49.29563,-0.1341
49.30558,-0.1501
49.31554,-0.1411
49.32549,-0.121
49.33545,-0.0961
49.34541,-0.0974
49.35536,-0.0538
49.36531,-0.0524
49.37527,-0.0986
49.38522,-0.105
49.39518,-0.0588
49.40517,0.0201
49.41517,0.0734
49.42517,0.1393
49.43517,0.1967
49.44516,0.2457
49.45516,0.2773
49.46516,0.258
49.47515,0.2388
49.48515,0.2089
49.49515,0.187
49.50515,0.1756
49.51514,0.1578
49.52514,0.1313
49.53525,0.1179
49.54535,0.1022
49.55546,0.0781
49.56557,0.0736
49.57567,0.0614
49.58578,0.0473
49.59589,0.0252
49.60599,0.0241
49.6161,0.0473
49.62621,0.0817
49.63631,0.1156
49.64642,0.1048
49.65644,0.1061
49.66636,0.1105
49.67629,0.0995
49.68621,0.0697
49.69614,0.0453
49.70607,0.0355
49.716,0.0472
49.72592,0.0582
49.73585,0.0832
49.74577,0.0925
49.7557,0.1219
49.76563,0.1359
49.77555,0.1414
49.78564,0.1281
49.79573,0.1119
49.80582,0.0997
49.8159,0.0847
49.82599,0.0661
49.83608,0.0595
49.84617,0.0476
49.85625,0.0386
49.86634,0.0235
49.87643,0.0255
49.88652,0.014
49.89661,0.0015
49.90663,0.0052
49.91657,-0.0023
49.92652,-0.0228
49.93647,-0.0359
49.94642,-0.0489
49.95636,-0.0515
49.96631,-0.0702
49.97626,-0.0742
49.98621,-0.0442
49.99615,-0.0207
50.0061,-0.0099
50.01605,-0.0207
50.026,-0.0106
50.03607,-0.0227
50.04613,-0.035
50.05619,-0.0355
50.06625,-0.0389
50.0763,-0.064
50.08636,-0.0748
50.09642,-0.0778
50.10648,-0.0636
50.11654,-0.0398
50.12659,0.0272
50.13665,0.1298
50.14671,0.2139
50.15672,0.2661
50.16669,0.2795
50.17667,0.312
50.18664,0.3212
50.19661,0.3305
50.20658,0.3304
50.21655,0.3248
50.22652,0.3256
50.2365,0.3217
50.24647,0.3135
50.25644,0.3173
50.26641,0.32
50.27638,0.303
50.28639,0.3173
50.29638,0.3536
50.30637,0.3939
50.31636,0.4312
50.32635,0.4688
50.33633,0.5428
50.34632,0.6332
50.35631,0.6874
50.3663,0.7506
50.37629,0.8103
50.38628,0.9092
50.39627,1.0211
50.40625,1.0972
50.41622,1.1178
50.42619,1.0868
50.43616,1.0493
50.44613,1.0356
50.4561,1.058
50.46607,1.0911
50.47604,1.1303
50.48601,1.1849
50.49598,1.238
50.50595,1.2657
50.51592,1.272
50.52589,1.2535
50.53596,1.1727
50.54602,1.0738
50.55609,0.9844
50.56615,0.9106
50.57622,0.8499
50.58628,0.7989
50.59634,0.7724
50.60641,0.7433
50.61647,0.7083
50.62654,0.6777
50.6366,0.6838
50.64667,0.6734
50.6567,0.6573
50.66666,0.6358
50.67661,0.6075
50.68657,0.5888
50.69653,0.5926
50.70649,0.6002
50.71644,0.6036
50.7264,0.5903
50.73635,0.5699
50.74631,0.5627
50.75627,0.5726
50.76623,0.5847
50.77618,0.6225
50.78624,0.67
50.79628,0.7115
50.80634,0.7281
50.81638,0.743
50.82643,0.7536
50.83648,0.7677
50.84653,0.7693
50.85658,0.7797
50.86663,0.7718
50.87668,0.7629
50.88673,0.7618
50.89678,0.7649
50.9068,0.7801
50.91678,0.7689
50.92676,0.7641
50.93674,0.778
50.94673,0.7831
50.95671,0.7834
50.96669,0.779
50.97668,0.7624
50.98666,0.7289
50.99665,0.6865
51.00663,0.6473
51.01661,0.6369
51.0266,0.6451
51.03662,0.6589
51.04665,0.6727
51.05667,0.6794
51.0667,0.6705
51.07672,0.6871
51.08675,0.6909
51.09677,0.6972
51.1068,0.6873
51.11682,0.6346
51.12685,0.5686
51.13687,0.5011
51.1469,0.4492
51.15693,0.4197
51.16694,0.4076
51.17695,0.3967
51.18697,0.3642
51.19698,0.3778
51.207,0.3689
51.21701,0.3604
51.22702,0.3325
51.23704,0.3136
51.24705,0.2885
51.25707,0.2626
51.26708,0.2234
51.2771,0.1994
51.28708,0.2128
51.29705,0.1497
51.30701,0.0936
51.31698,0.0782
51.32695,0.0752
51.33691,0.016
51.34688,-0.0407
51.35685,-0.047
51.36681,-0.0602
51.37678,-0.1
51.38675,-0.1412
51.39671,-0.1757
51.40669,-0.2346
51.41668,-0.3162
51.42667,-0.3862
51.43666,-0.4364
51.44665,-0.5093
51.45663,-0.5646
51.46663,-0.5941
51.47661,-0.6301
51.4866,-0.6448
51.49659,-0.6557
51.50658,-0.6381
51.51657,-0.5996
51.52655,-0.5819
51.53657,-0.5926
51.54659,-0.6002
51.5566,-0.5626
51.56662,-0.5142
51.57663,-0.4937
51.58665,-0.4975
51.59666,-0.5196
51.60667,-0.5221
51.61669,-0.5372
51.62671,-0.5608
51.63672,-0.5759
51.64673,-0.5761
51.65674,-0.5435
51.66674,-0.531
51.67673,-0.5146
51.68673,-0.4899
51.69672,-0.4812
51.70671,-0.4712
51.71671,-0.4497
51.7267,-0.4006
51.7367,-0.3817
51.74669,-0.3675
51.75669,-0.3525
51.76668,-0.3341
51.77668,-0.3399
51.78667,-0.3385
51.79668,-0.3223
51.80667,-0.3051
51.81667,-0.2973
51.82667,-0.301
51.83667,-0.2966
51.84667,-0.2927
51.85667,-0.2856
51.86667,-0.2966
51.87667,-0.3052
51.88667,-0.3091
51.89667,-0.3095
51.90668,-0.3174
51.91668,-0.3283
51.92667,-0.3102
51.93667,-0.3005
51.94667,-0.2843
51.95667,-0.2875
51.96667,-0.2888
51.97667,-0.2738
51.98667,-0.2725
51.99667,-0.2796
52.00666,-0.2778
52.01666,-0.2413
52.02666,-0.1764
52.03666,-0.0862
52.04667,0.003
52.05667,0.0343
52.06667,-0.0793
52.07668,-0.3813
52.08668,-0.4653
52.09669,-0.5227
52.10669,-0.4699
52.1167,-0.3757
52.1267,-0.3026
52.1367,-0.2712
52.14671,-0.2327
52.15671,-0.2391
52.16671,-0.184
52.17672,-0.1459
52.18672,-0.1324
52.19672,-0.0386
52.20672,-0.0361
52.21672,0.0843
52.22673,0.1413
52.23673,0.1752
52.24673,0.1568
52.25673,0.113
52.26674,-0.0489
52.27674,-0.2509
52.2868,-0.4423
52.29685,-0.5693
52.3069,-0.6405
52.31695,-0.677
52.327,-0.7027
52.33705,-0.7089
52.3471,-0.7087
52.35715,-0.7184
52.36721,-0.7437
52.37726,-0.7583
52.38731,-0.769
52.39736,-0.7907
52.40739,-0.819
52.41738,-0.8421
52.42738,-0.8635
52.43738,-0.8686
52.44738,-0.8573
52.45737,-0.8375
52.46737,-0.8378
52.47737,-0.8169
52.48737,-0.8038
52.49736,-0.7983
52.50736,-0.7718
52.51736,-0.7762
52.52736,-0.7773
52.53738,-0.7578
52.5474,-0.7514
52.55742,-0.735
52.56744,-0.7185
52.57745,-0.6965
52.58747,-0.685
52.59749,-0.6752
52.60751,-0.6812
52.61753,-0.7022
52.62755,-0.683
52.63757,-0.638
52.64759,-0.5952
52.65763,-0.5502
52.66771,-0.521
52.67778,-0.4721
52.68785,-0.4354
52.69792,-0.3885
52.70799,-0.3616
52.71807,-0.3506
52.72814,-0.3533
52.73821,-0.3517
52.74828,-0.3587
52.75835,-0.3531
52.76843,-0.3448
52.7785,-0.3315
52.7884,-0.2974
52.7983,-0.2387
52.8082,-0.2225
52.8181,-0.2626
52.828,-0.3032
52.83789,-0.334
52.84779,-0.3504
52.85769,-0.3666
52.86759,-0.3745
52.87749,-0.3859
52.88739,-0.3758
52.89729,-0.3588
52.90724,-0.3139
52.91726,-0.3188
52.92727,-0.2477
52.93728,-0.2023
52.94729,-0.2515
52.95731,-0.2321
52.96732,-0.273
52.97733,-0.2667
52.98734,-0.2824
52.99736,-0.2736
53.00737,-0.2293
53.01738,-0.2263
53.02739,-0.1873
53.0374,-0.1617
53.04741,-0.1547
53.05741,-0.1689
53.06741,-0.2187
53.07742,-0.3308
53.08743,-0.4407
53.09743,-0.5233
53.10744,-0.5748
53.11744,-0.615
53.12745,-0.6531
53.13745,-0.6781
53.14746,-0.6771
53.15746,-0.6708
53.16746,-0.6671
53.17746,-0.6713
53.18746,-0.6629
53.19746,-0.6514
53.20746,-0.6273
53.21746,-0.603
53.22746,-0.5681
53.23745,-0.5465
53.24745,-0.5434
53.25745,-0.5641
53.26745,-0.5888
53.27745,-0.5893
53.2875,-0.5703
53.29755,-0.5427
53.3076,-0.5338
53.31765,-0.531
53.32769,-0.5272
53.33774,-0.546
53.34779,-0.5403
53.35784,-0.5015
53.36789,-0.4945
53.37794,-0.4736
53.38799,-0.4425
53.39803,-0.4172
53.40807,-0.3471
53.4181,-0.2816
53.42812,-0.2413
53.43814,-0.2227
53.44817,-0.2053
53.45819,-0.1822
53.46822,-0.1686
53.47824,-0.1542
53.48827,-0.1639
53.49829,-0.1645
53.50831,-0.1626
53.51834,-0.1537
53.52836,-0.1464
53.53836,-0.1538
53.54836,-0.1743
53.55835,-0.2047
53.56835,-0.2339
53.57834,-0.2334
53.58834,-0.2039
53.59833,-0.1638
53.60833,-0.1269
53.61832,-0.1067
53.62832,-0.1306
53.63831,-0.1246
53.64831,-0.1103
53.6583,-0.1343
53.6683,-0.1195
53.6783,-0.0871
53.68829,0.0155
53.69829,0.1259
53.70829,0.1872
53.71828,0.1837
53.72828,0.2163
53.73828,0.1976
53.74828,0.1862
53.75827,0.2339
53.76827,0.3218
53.77827,0.4263
53.78825,0.4728
53.79822,0.2721
53.80819,0.3545
53.81816,0.4143
53.82813,0.5197
53.8381,0.6194
53.84808,0.6586
53.85805,0.6387
53.86802,0.6214
53.87799,0.6318
53.88796,0.6519
53.89793,0.6373
53.90792,0.618
53.91792,0.5922
53.92793,0.5939
53.93792,0.5872
53.94792,0.58
53.95792,0.5355
53.96792,0.4768
53.97792,0.4143
53.98792,0.3622
53.99792,0.3024
54.00792,0.2292
54.01793,0.1771
54.02792,0.1319
54.03795,0.1018
54.04797,0.0711
54.05799,0.0551
54.06802,0.0533
54.07804,0.0487
54.08806,0.0404
54.09808,0.0096
54.1081,-0.002
54.11812,-0.0025
54.12814,-0.0075
54.13816,-0.0096
54.14819,-0.0029
54.15824,-0.0018
54.1683,0.0188
54.17838,0.0182
54.18845,0.0387
54.19851,0.062
54.20858,0.055
54.21865,0.0534
54.22873,0.079
54.23879,0.0944
54.24886,0.1117
54.25893,0.1164
54.269,0.1377
54.27907,0.152
54.28899,0.1603
54.29892,0.1784
54.30883,0.18
54.31876,0.1706
54.32868,0.1675
54.3386,0.1598
54.34852,0.1532
54.35844,0.1647
54.36836,0.1769
54.37828,0.1811
54.3882,0.1901
54.39812,0.1842
54.40812,0.1798
54.41817,0.1635
54.42824,0.1494
54.4383,0.1472
54.44836,0.1615
54.45842,0.161
54.46848,0.1439
54.47854,0.1091
54.4886,0.0436
54.49866,0.0221
54.50872,0.0102
54.51878,-0.0015
54.52884,-0.0124
54.53883,-0.0388
54.54881,-0.0028
54.55879,0.0561
54.56876,0.1195
54.57874,0.1229
54.58872,0.0115
54.5987,0.013
54.60868,-0.021
54.61865,0.091
54.62863,0.0306
54.63861,0.0672
54.64859,0.188
54.65863,0.2974
54.66873,0.3964
54.67883,0.4638
54.68892,0.483
54.69902,0.4869
54.70912,0.4429
54.71922,0.3792
54.72932,0.3149
54.73941,0.2468
54.74951,0.1924
54.75961,0.1211
54.76971,0.0723
54.77981,0.0343
54.78974,0.0341
54.79967,0.0071
54.80961,-0.0404
54.81954,-0.0782
54.82947,-0.1201
54.8394,-0.1618
54.84933,-0.1866
54.85927,-0.2123
54.8692,-0.2271
54.87913,-0.2408
54.88906,-0.2562
54.89899,-0.2571
54.90895,-0.2553
54.91891,-0.2841
54.92888,-0.2839
54.93885,-0.2781
54.94881,-0.2485
54.95877,-0.2282
54.96874,-0.2246
54.97871,-0.2072
54.98867,-0.1845
54.99863,-0.1667
55.0086,-0.1605
55.01857,-0.1521
55.02853,-0.1049
55.03853,-0.1067
55.04852,-0.1014
55.05851,-0.1202
55.06851,-0.1066
55.0785,-0.0926
55.0885,-0.0818
55.09849,-0.044
55.10848,0.0072
55.11848,0.0407
55.12847,0.0567
55.13846,0.0698
55.14846,0.0697
55.15847,0.0945
55.1685,0.1022
55.17853,0.096
55.18856,0.1033
55.19859,0.1069
55.20861,0.1113
55.21864,0.0961
55.22867,0.087
55.2387,0.067
55.24873,0.0397
55.25876,0.0029
55.26879,-0.03
55.27882,-0.055
55.28881,-0.0586
55.29881,-0.0721
55.3088,-0.0735
55.31879,-0.1142
55.32879,-0.0754
55.33878,-0.1072
55.34878,-0.1842
55.35877,-0.2236
55.36876,-0.2525
55.37876,-0.2154
55.38875,-0.2228
55.39875,-0.2078
55.40874,-0.1571
55.41871,-0.1122
55.42868,-0.1349
55.43866,-0.2033
55.44863,-0.1762
55.45861,-0.1303
55.46858,-0.0757
55.47855,-0.0364
55.48853,-0.0479
55.4985,-0.0743
55.50848,-0.1237
55.51845,-0.0783
55.52842,-0.0465
55.53852,-0.1341
55.54862,-0.1202
55.55872,-0.0829
55.56882,-0.0388
55.57892,-0.0263
55.58902,-0.0426
55.59912,-0.0718
55.60922,-0.1114
55.61932,-0.1638
55.62942,-0.2108
55.63951,-0.2478
55.64961,-0.2774
55.65966,-0.3143
55.66967,-0.3688
55.67966,-0.4023
55.68966,-0.4184
55.69967,-0.4188
55.70966,-0.4225
55.71966,-0.433
55.72966,-0.442
55.73966,-0.445
55.74966,-0.4417
55.75966,-0.461
55.76966,-0.4605
55.77966,-0.5057
55.78967,-0.5054
55.79965,-0.4969
55.80964,-0.5066
55.81962,-0.5432
55.82961,-0.5307
55.83959,-0.5117
55.84958,-0.4771
55.85957,-0.4614
55.86955,-0.4479
55.87954,-0.4425
55.88952,-0.4323
55.89951,-0.4246
55.90949,-0.4394
55.91946,-0.4393
55.92944,-0.4288
55.93941,-0.4023
55.94938,-0.36
55.95935,-0.3199
55.96933,-0.27
55.9793,-0.2219
55.98927,-0.1515
55.99924,-0.1084
56.00922,-0.0683
56.01919,-0.0415
56.02916,-0.0139
56.03921,-0.0084
56.04926,0.0123
56.05931,0.0249
56.06935,0.0336
56.0794,0.0543
56.08945,0.063
56.09949,0.0714
56.10954,0.0687
56.11959,0.0576
56.12963,0.0432
56.13968,0.0124
56.14973,-0.0089
56.15975,-0.043
56.16973,-0.1296
56.17972,-0.1747
56.18971,-0.2435
56.1997,-0.2305
56.20969,-0.2587
56.21967,-0.26
56.22966,-0.284
56.23965,-0.2835
56.24964,-0.2973
56.25962,-0.2679
56.26961,-0.2251
56.2796,-0.1869
56.28956,-0.1896
56.29952,-0.391
56.30948,-0.4242
56.31944,-0.4494
56.3294,-0.4374
56.33936,-0.4119
56.34932,-0.3832
56.35928,-0.388
56.36924,-0.4154
56.3792,-0.4235
56.38916,-0.4019
56.39912,-0.3948
56.40911,-0.3844
56.41914,-0.3538
56.42916,-0.3598
56.43919,-0.353
56.44921,-0.3424
56.45924,-0.3535
56.46926,-0.3605
56.47929,-0.3924
56.48932,-0.4436
56.49934,-0.5013
56.50937,-0.5359
56.51939,-0.587
56.52942,-0.6219
56.53941,-0.6293
56.54939,-0.6458
56.55937,-0.6464
56.56936,-0.6518
56.57934,-0.6568
56.58932,-0.6626
56.5993,-0.6745
56.60929,-0.6905
56.61927,-0.6939
56.62925,-0.6779
56.63924,-0.6852
56.64922,-0.6756
56.65924,-0.6692
56.66928,-0.677
56.67933,-0.689
56.68938,-0.7027
56.69942,-0.6731
56.70947,-0.6542
56.71951,-0.6277
56.72956,-0.617
56.7396,-0.6077
56.74965,-0.601
56.7597,-0.6007
56.76974,-0.5959
56.77979,-0.5789
56.78983,-0.5673
56.79987,-0.5487
56.8099,-0.5422
56.81994,-0.5441
56.82998,-0.556
56.84001,-0.5571
56.85005,-0.5286
56.86008,-0.5224
56.87012,-0.5257
56.88015,-0.5147
56.89019,-0.516
56.90023,-0.5458
56.91024,-0.5469
56.92024,-0.5324
56.93024,-0.5356
56.94024,-0.5281
56.95023,-0.4943
56.96023,-0.4829
56.97023,-0.4972
56.98023,-0.4489
56.99023,-0.4001
57.00022,-0.3516
57.01022,-0.328
57.02022,-0.2669
57.03022,-0.2261
57.04021,-0.2092
57.0502,-0.1966
57.0602,-0.1606
57.07019,-0.1288
57.08018,-0.0575
57.09018,0.0521
57.10017,0.1084
57.11016,0.1355
57.12015,0.1413
57.13015,0.1179
57.14014,0.1073
57.15013,0.0906
57.16013,0.0813
57.17014,0.084
57.18013,0.0845
57.19014,0.0967
57.20014,0.1107
57.21014,0.1139
57.22014,0.143
57.23014,0.1519
57.24014,0.1785
57.25014,0.1905
57.26014,0.1225
57.27015,0.1297
57.28015,0.1132
57.29023,0.1057
57.3003,0.0729
57.31038,0.0346
57.32046,0.0133
57.33054,-0.0242
57.34061,-0.035
57.35069,-0.0631
57.36077,-0.0309
57.37084,-0.0488
57.38092,-0.0775
57.391,-0.0872
57.40107,-0.0898
57.41109,-0.1005
57.42101,-0.1037
57.43093,-0.1034
57.44086,-0.1387
57.45078,-0.1976
57.4607,-0.2412
57.47062,-0.2629
57.48054,-0.2599
57.49046,-0.2692
57.50038,-0.2778
57.5103,-0.2707
57.52022,-0.2501
57.53014,-0.2171
57.5401,-0.1971
57.55006,-0.2098
57.56001,-0.2405
57.56997,-0.25
57.57993,-0.2626
57.58988,-0.2603
57.59983,-0.2893
57.60979,-0.3318
57.61975,-0.3686
57.6297,-0.401
57.63966,-0.433
57.64961,-0.4705
57.65961,-0.5061
57.66964,-0.5369
57.67967,-0.5649
57.6897,-0.597
57.69973,-0.6086
57.70976,-0.5907
57.71979,-0.5533
57.72982,-0.5545
57.73984,-0.562
57.74987,-0.5606
57.7599,-0.5816
57.76993,-0.5988
57.77996,-0.5893
57.78996,-0.5593
57.79997,-0.5604
57.80998,-0.5651
57.81999,-0.5591
57.83,-0.5368
57.84001,-0.5277
57.85002,-0.5131
57.86003,-0.5166
57.87004,-0.5164
57.88005,-0.5138
57.89006,-0.489
57.90007,-0.4775
57.91011,-0.4742
57.92018,-0.4464
57.93025,-0.4269
57.94032,-0.399
57.95039,-0.4057
57.96046,-0.3454
57.97053,-0.291
57.9806,-0.2651
57.99067,-0.2395
58.00074,-0.2106
58.01081,-0.204
58.02087,-0.1825
58.03094,-0.1605
58.04099,-0.1424
58.05101,-0.1234
58.06104,-0.1078
58.07106,-0.1001
58.08109,-0.0897
58.09111,-0.1013
58.10113,-0.1067
58.11116,-0.1061
58.12118,-0.1125
58.1312,-0.106
58.14123,-0.1091
58.15125,-0.1185
58.16124,-0.1218
58.17122,-0.1087
58.18118,-0.0969
58.19115,-0.099
58.20112,-0.0947
58.21109,-0.0989
58.22106,-0.1135
58.23103,-0.1577
58.241,-0.1847
58.25097,-0.207
58.26094,-0.1801
58.27091,-0.1554
58.28088,-0.1489
58.29085,-0.1201
58.30082,-0.127
58.31079,-0.1671
58.32076,-0.2006
58.33073,-0.2455
58.3407,-0.2722
58.35067,-0.2793
58.36064,-0.2722
58.37061,-0.2382
58.38058,-0.1291
58.39055,0.0153
58.40052,0.1527
58.41051,0.268
58.42053,0.3291
58.43054,0.338
58.44055,0.3105
58.45056,0.2842
58.46057,0.2706
58.47058,0.2602
58.48059,0.234
58.4906,0.1981
58.50061,0.1558
58.51062,0.1492
58.52063,0.1847
58.53064,0.2103
58.54066,0.2424
58.55069,0.2543
58.56071,0.2474
58.57072,0.2253
58.58075,0.2226
58.59077,0.2334
58.60079,0.2381
58.61081,0.2442
58.62083,0.262
58.63085,0.2996
58.64087,0.3327
58.65089,0.3533
58.66094,0.3729
58.671,0.3987
58.68106,0.3972
58.69113,0.4006
58.70119,0.4032
58.71125,0.4177
58.72131,0.4265
58.73138,0.4386
58.74144,0.4405
58.7515,0.4467
58.76156,0.4259
58.77163,0.4183
58.78169,0.422
58.79159,0.4128
58.80149,0.4111
58.81138,0.4086
58.82127,0.4152
58.83117,0.3976
58.84106,0.3788
58.85096,0.3685
58.86086,0.3632
58.87075,0.3565
58.88065,0.3635
58.89054,0.368
58.90044,0.3591
58.91044,0.355
58.92054,0.3295
58.93064,0.3073
58.94075,0.2937
58.95085,0.2943
58.96095,0.2825
58.97105,0.2728
58.98116,0.255
58.99126,0.2369
59.00137,0.2306
59.01147,0.2302
59.02157,0.2245
59.03167,0.2382
59.04168,0.2462
59.05168,0.2578
59.06167,0.279
59.07167,0.3092
59.08166,0.341
59.09166,0.3587
59.10165,0.371
59.11164,0.3754
59.12164,0.3793
59.13163,0.3772
59.14163,0.3625
59.15162,0.325
59.16163,0.2624
59.17163,0.2006
59.18164,0.1193
59.19164,0.0524
59.20165,-0.0049
59.21165,-0.0564
59.22166,-0.1098
59.23166,-0.159
59.24167,-0.1828
59.25167,-0.2075
59.26168,-0.2158
59.27168,-0.2224
59.28169,-0.2264
59.29168,-0.2415
59.30167,-0.2407
59.31165,-0.2346
59.32164,-0.2406
59.33163,-0.2422
59.34161,-0.2432
59.3516,-0.2308
59.36158,-0.2199
59.37157,-0.2133
59.38156,-0.1981
59.39154,-0.1975
59.40153,-0.175
59.41153,-0.1228
59.42155,-0.0554
59.43156,0.0366
59.44158,0.127
59.45159,0.1952
59.46161,0.2563
59.47162,0.3314
59.48164,0.4144
59.49165,0.4758
59.50167,0.4968
59.51168,0.4877
59.5217,0.4728
59.53171,0.4319
59.5417,0.3867
59.55169,0.3202
59.56168,0.2724
59.57167,0.2556
59.58167,0.2155
59.59166,0.1816
59.60165,0.1418
59.61164,0.0947
59.62163,0.0666
59.63162,0.0422
59.64161,0.0204
59.6516,0.0064
59.66159,-0.0124
59.67159,-0.0243
59.68158,-0.0435
59.69158,-0.0741
59.70157,-0.066
59.71157,-0.045
59.72156,-0.021
59.73156,0.0055
59.74155,0.0509
59.75154,0.0517
59.76154,0.0642
59.77153,0.1029
59.78153,0.1344
59.79155,0.1537
59.80157,0.1788
59.81158,0.1809
59.82161,0.1876
59.83162,0.2017
59.84164,0.1871
59.85166,0.1885
59.86168,0.1997
59.8717,0.2155
59.88172,0.2444
59.89174,0.2625
59.90176,0.2961
59.91175,0.3326
59.92172,0.3468
59.93168,0.3488
59.94164,0.3316
59.9516,0.3026
59.96156,0.2803
59.97152,0.2474
59.98148,0.2038
59.99144,0.173
60.0014,0.1546
60.01136,0.1669
60.02132,0.1731
60.03128,0.1909
60.04128,0.2142
60.05129,0.24
60.06129,0.1942
60.0713,0.1825
60.0813,0.162
60.0913,0.1737
60.10131,0.2032
60.11131,0.2106
60.12132,0.2142
60.13132,0.1818
60.14132,0.2074
60.15133,0.2295
60.16133,0.2599
60.17133,0.3125
60.18133,0.3391
60.19133,0.3698
60.20132,0.3763
60.21132,0.3875
60.22132,0.4136
60.23132,0.4367
60.24131,0.4843
60.25131,0.527
60.26131,0.5946
60.27131,0.653
60.28131,0.7138
60.29138,0.773
60.30146,0.809
60.31153,0.8295
60.32161,0.8288
60.33168,0.7983
60.34175,0.7675
60.35183,0.7634
60.3619,0.7383
60.37198,0.6866
60.38205,0.6464
60.39213,0.6069
60.4022,0.5905
60.41223,0.5788
60.4222,0.5705
60.43216,0.5647
60.44213,0.5746
60.4521,0.5715
60.46206,0.5661
60.47203,0.555
60.482,0.5316
60.49197,0.5281
60.50193,0.517
60.5119,0.5079
60.52187,0.4824
60.53183,0.4792
60.54183,0.4713
60.55182,0.4819
60.56182,0.4902
60.57181,0.4988
60.58181,0.5076
60.5918,0.5078
60.6018,0.4785
60.61179,0.4581
60.62178,0.4305
60.63177,0.4224
60.64177,0.422
60.65176,0.4081
60.66177,0.3911
60.67177,0.3832
60.68177,0.3864
60.69178,0.3774
60.70178,0.357
60.71179,0.3548
60.72179,0.327
60.7318,0.3252
60.7418,0.3355
60.7518,0.3418
60.76181,0.3428
60.77181,0.3409
60.78182,0.3268
60.79182,0.3109
60.80181,0.2816
60.8118,0.2776
60.8218,0.2807
60.83179,0.2809
60.84179,0.2669
60.85178,0.2601
60.86177,0.2625
60.87177,0.2659
60.88176,0.2455
60.89175,0.2226
60.90175,0.2153
60.91177,0.2052
60.92179,0.1957
60.93182,0.1938
60.94185,0.1728
60.95188,0.1562
60.96191,0.1618
60.97194,0.1586
60.98197,0.1675
60.99199,0.1612
61.00202,0.1678
61.01205,0.1856
61.02208,0.1857
61.03211,0.2073
61.04209,0.2399
61.05207,0.2984
61.06205,0.3576
61.07203,0.3979
61.082,0.393
61.09198,0.3981
61.10196,0.4099
61.11193,0.4405
61.12191,0.4575
61.13189,0.4792
61.14187,0.4805
61.15185,0.4762
61.16184,0.4713
61.17183,0.4546
61.18181,0.3853
61.1918,0.3531
61.20179,0.3022
61.21177,0.3314
61.22176,0.3099
61.23174,0.3259
61.24173,0.3922
61.25172,0.4543
61.2617,0.4425
61.27169,0.4475
61.28168,0.4868
61.29168,0.5233
61.30169,0.5176
61.31169,0.4922
61.32169,0.4829
61.3317,0.4664
61.34171,0.4636
61.35171,0.4862
61.36172,0.5089
61.37172,0.5188
61.38173,0.5352
61.39173,0.5442
61.40174,0.5621
61.4118,0.5605
61.42191,0.5572
61.43202,0.5502
61.44213,0.5556
61.45224,0.5381
61.46235,0.5184
61.47246,0.5116
61.48257,0.4567
61.49268,0.4
61.50279,0.3406
61.5129,0.297
61.52301,0.2552
61.53312,0.2253
61.5431,0.189
61.55307,0.1565
61.56305,0.1348
61.57302,0.1043
61.583,0.0803
61.59297,0.052
61.60295,0.0412
61.61292,0.0134
61.62289,-0.0027
61.63287,-0.0386
61.64285,-0.0518
61.65282,-0.0314
61.66281,-0.0154
61.67281,-0.0016
61.68281,0.0065
61.69281,0.0135
61.70281,0.0254
61.71281,0.037
61.72281,0.0545
61.73281,0.072
61.74281,0.079
61.75282,0.0832
61.76282,0.088
61.77282,0.0771
61.78282,0.0787
61.79278,0.1028
61.80275,0.1127
61.81271,0.1224
61.82267,0.1493
61.83263,0.1952
61.84259,0.2214
61.85256,0.2487
61.86252,0.247
61.87248,0.2479
61.88245,0.2429
61.89241,0.2406
61.90237,0.2494
61.91241,0.2696
61.92251,0.2965
61.93262,0.3351
61.94272,0.3974
61.95283,0.4852
61.96293,0.6
61.97304,0.6777
61.98314,0.7056
61.99325,0.734
62.00335,0.7675
62.01346,0.8882
62.02356,1.0753
62.03367,1.2559
62.04357,1.4163
62.05347,1.5251
62.06337,1.5984
62.07327,1.6234
62.08316,1.6087
62.09306,1.5635
62.10296,1.4923
62.11286,1.4658
62.12276,1.4345
62.13266,1.3525
62.14256,1.2657
62.15245,1.1985
62.16243,1.1126
62.17245,1.0442
62.18247,0.9837
62.19249,0.9535
62.2025,0.9653
62.21252,0.9744
62.22254,0.945
62.23256,0.8423
62.24257,0.751
62.25259,0.6792
62.26261,0.6475
62.27262,0.6452
62.28264,0.65
62.29264,0.6456
62.30263,0.6451
62.31263,0.6507
62.32262,0.6362
62.33261,0.622
62.34261,0.6121
62.3526,0.6054
62.36259,0.5821
62.37259,0.557
62.38258,0.5428
62.39257,0.5331
62.40257,0.5268
62.41257,0.5159
62.42257,0.4978
62.43256,0.4965
62.44256,0.4959
62.45256,0.4955
62.46256,0.4912
62.47256,0.4912
62.48256,0.5022
62.49256,0.5101
62.50256,0.5126
62.51255,0.5049
62.52255,0.4954
62.53255,0.491
62.54261,0.4855
62.55266,0.4721
62.56271,0.4553
62.57276,0.4435
62.58281,0.4574
62.59287,0.4701
62.60292,0.4931
62.61297,0.5023
62.62302,0.5127
62.63308,0.516
62.64313,0.5354
62.65318,0.5526
62.66324,0.5804
62.67326,0.5993
62.68329,0.606
62.69331,0.6059
62.70333,0.5916
62.71336,0.5876
62.72338,0.6071
62.7334,0.611
62.74343,0.604
62.75345,0.5895
62.76347,0.58
62.77349,0.5808
62.78352,0.5662
62.79352,0.5643
62.80352,0.565
62.81353,0.5713
62.82353,0.587
62.83353,0.6378
62.84353,0.6691
62.85353,0.6517
62.86353,0.6348
62.87354,0.6365
62.88354,0.6466
62.89354,0.6521
62.90354,0.6639
62.91358,0.6692
62.92365,0.687
62.93372,0.7178
62.94378,0.7562
62.95385,0.7851
62.96392,0.815
62.97399,0.8125
62.98405,0.8425
62.99412,0.8387
63.00419,0.816
63.01426,0.8106
63.02433,0.8367
63.03439,0.8904
63.04432,0.9609
63.05424,0.9368
63.06416,0.9342
63.07409,0.8799
63.08401,0.8416
63.09393,0.7955
63.10385,0.8146
63.11377,0.8017
63.1237,0.6943
63.13362,0.764
63.14354,0.8501
63.15346,0.9427
63.16341,0.9634
63.17338,0.8694
63.18335,0.4281
63.19332,0.4201
63.20329,0.3665
63.21326,0.3863
63.22323,0.4105
63.2332,0.4925
63.24317,0.4897
63.25314,0.4339
63.26311,0.3564
63.27308,0.3681
63.28305,0.3603
63.29307,0.3624
63.30309,0.2619
63.31311,0.317
63.32313,0.3345
63.33315,0.3724
63.34317,0.3942
63.3532,0.4197
63.36322,0.4259
63.37324,0.4619
63.38326,0.5063
63.39328,0.5593
63.4033,0.6048
63.41332,0.6204
63.42332,0.6331
63.43332,0.6402
63.44332,0.6251
63.45332,0.6329
63.46332,0.6387
63.47332,0.6581
63.48332,0.7057
63.49332,0.7403
63.50332,0.7621
63.51332,0.7737
63.52332,0.7557
63.53332,0.7089
63.54335,0.6269
63.55338,0.523
63.5634,0.402
63.57343,0.279
63.58345,0.1472
63.59348,0.0239
63.6035,-0.1062
63.61353,-0.211
63.62356,-0.2987
63.63358,-0.384
63.64361,-0.4649
63.65364,-0.5507
63.66365,-0.6188
63.67366,-0.6718
63.68367,-0.7186
63.69368,-0.7849
63.70369,-0.8244
63.7137,-0.8609
63.72371,-0.8813
63.73372,-0.8978
63.74373,-0.9182
63.75374,-0.9261
63.76375,-0.9246
63.77376,-0.9215
63.78377,-0.9221
63.79378,-0.8895
63.80378,-0.8631
63.81379,-0.8253
63.82379,-0.8266
63.83379,-0.8259
63.8438,-0.8206
63.8538,-0.8131
63.86381,-0.7974
63.87381,-0.7673
63.88382,-0.7375
63.89382,-0.7273
63.90382,-0.704
63.91384,-0.6842
63.92387,-0.6829
63.9339,-0.6881
63.94393,-0.6779
63.95396,-0.6705
63.96399,-0.6689
63.97402,-0.6581
63.98405,-0.6684
63.99408,-0.6669
64.0041,-0.6984
64.01414,-0.7365
64.02416,-0.7705
64.03419,-0.782
64.04417,-0.7745
64.05414,-0.7686
64.06411,-0.7939
64.07407,-0.8081
64.08405,-0.8153
64.09401,-0.7998
64.10398,-0.7495
64.11395,-0.6731
64.12392,-0.592
64.13389,-0.5152
64.14385,-0.4552
64.15382,-0.4114
64.16382,-0.3804
64.17384,-0.3521
64.18385,-0.3209
64.19387,-0.3055
64.20389,-0.3119
64.21391,-0.2989
64.22393,-0.2995
64.23395,-0.3146
64.24397,-0.3341
64.25398,-0.3476
64.264,-0.3656
64.27402,-0.3659
64.28403,-0.3786
64.29404,-0.3738
64.30405,-0.3914
64.31405,-0.3745
64.32405,-0.3466
64.33406,-0.3717
64.34406,-0.3829
64.35407,-0.3891
64.36407,-0.4079
64.37408,-0.4253
64.38409,-0.4254
64.39409,-0.4407
64.40409,-0.4287
64.41409,-0.4094
64.42406,-0.4459
64.43404,-0.4291
64.44402,-0.3409
64.45399,-0.1874
64.46397,-0.0185
64.47395,0.1277
64.48393,0.2153
64.49391,0.2527
64.50388,0.2567
64.51386,0.241
64.52384,0.2183
64.53382,0.1398
64.54384,0.0577
64.55383,-0.0079
64.56383,-0.082
64.57383,-0.1687
64.58382,-0.2596
64.59382,-0.3764
64.60382,-0.5119
64.61382,-0.6446
64.62381,-0.7785
64.6338,-0.8876
64.64381,-0.9559
64.6538,-1.0187
64.66379,-1.1057
64.67377,-1.1864
64.68374,-1.2517
64.69371,-1.3162
64.70369,-1.3617
64.71366,-1.41
64.72363,-1.4409
64.73361,-1.447
64.74358,-1.4543
64.75356,-1.4549
64.76353,-1.4411
64.77351,-1.3839
64.78348,-1.3454
64.79353,-1.3162
64.80356,-1.3266
64.8136,-1.3467
64.82364,-1.347
64.83368,-1.3502
64.84372,-1.3176
64.85376,-1.31
64.8638,-1.3064
64.87383,-1.2934
64.88387,-1.3147
64.89391,-1.3038
64.90395,-1.281
64.91397,-1.2826
64.92397,-1.27
64.93396,-1.2724
64.94395,-1.2756
64.95394,-1.2715
64.96394,-1.2437
64.97393,-1.1973
64.98392,-1.1897
64.99392,-1.1861
65.00391,-1.1765
65.0139,-1.1599
65.0239,-1.1398
65.03389,-1.1338
65.04398,-1.1153
65.05408,-1.0956
65.06418,-1.0947
65.07428,-1.0926
65.08438,-1.0968
65.09447,-1.0976
65.10458,-1.0921
65.11468,-1.0845
65.12477,-1.0393
65.13487,-0.9722
65.14497,-0.9237
65.15507,-0.882
65.16512,-0.8623
65.17509,-0.8575
65.18507,-0.8587
65.19505,-0.8496
65.20502,-0.8499
65.215,-0.8668
65.22498,-0.8464
65.23496,-0.846
65.24494,-0.8561
65.25492,-0.9105
65.2649,-0.8649
65.27488,-0.8466
65.28486,-0.8214
65.29485,-0.8092
65.30485,-0.7828
65.31484,-0.7694
65.32484,-0.7561
65.33483,-0.6986
65.34482,-0.6796
65.35481,-0.6785
65.36481,-0.6579
65.3748,-0.642
65.3848,-0.6272
65.39478,-0.6253
65.40478,-0.6229
65.41477,-0.6576
65.42477,-0.6422
65.43478,-0.6478
65.44478,-0.599
65.45478,-0.5387
65.46478,-0.4706
65.47478,-0.3906
65.48478,-0.3143
65.49478,-0.247
65.50478,-0.207
65.51478,-0.1632
65.52478,-0.1321
65.53478,-0.0978
65.54478,-0.1046
65.55478,-0.128
65.56477,-0.1309
65.57477,-0.0591
65.58476,-0.0056
65.59476,0.0773
65.60475,0.1049
65.61475,0.0951
65.62475,0.0424
65.63474,-0.0304
65.64474,-0.1174
65.65473,-0.2073
65.66474,-0.2861
65.67473,-0.3743
65.68472,-0.4515
65.69472,-0.5201
65.70471,-0.5537
65.71471,-0.6032
65.7247,-0.6836
65.7347,-0.7438
65.74469,-0.8111
65.75468,-0.8666
65.76468,-0.909
65.77467,-0.9407
65.78467,-0.9535
65.79474,-0.9755
65.8048,-0.9938
65.81487,-0.9658
65.82494,-0.9513
65.835,-0.9401
65.84507,-0.9205
65.85513,-0.9023
65.8652,-0.8825
65.87527,-0.8731
65.88533,-0.8605
65.8954,-0.866
65.90546,-0.8799
65.91546,-0.8879
65.92538,-0.8938
65.9353,-0.8809
65.94522,-0.879
65.95514,-0.8581
65.96506,-0.8352
65.97498,-0.8252
65.9849,-0.8136
65.99482,-0.8007
66.00474,-0.7975
66.01466,-0.7858
66.02458,-0.7823
66.0345,-0.7712
66.04455,-0.7597
66.0546,-0.7861
66.06465,-0.8118
66.0747,-0.8381
66.08475,-0.8796
66.0948,-0.8812
66.10484,-0.8695
66.1149,-0.8283
66.12495,-0.8343
66.13499,-0.8339
66.14504,-0.8136
66.15509,-0.8231
66.16514,-0.8452
66.17517,-0.8223
66.1852,-0.8003
66.19523,-0.7993
66.20526,-0.7887
66.21529,-0.7443
66.22533,-0.7152
66.23535,-0.6878
66.24538,-0.6449
66.25542,-0.5575
66.26545,-0.4827
66.27547,-0.4124
66.28551,-0.3412
66.29551,-0.2687
66.30551,-0.2122
66.31551,-0.1537
66.32551,-0.0912
66.33551,-0.0336
66.34551,0.0269
66.35551,0.0782
66.36552,0.1371
66.37551,0.1643
66.38551,0.2279
66.39552,0.2951
66.40552,0.3624
66.4155,0.4123
66.42547,0.454
66.43543,0.4945
66.4454,0.5412
66.45536,0.566
66.46532,0.6064
66.47528,0.62
66.48524,0.6441
66.49521,0.6576
66.50517,0.6619
66.51514,0.6593
66.5251,0.65
66.53506,0.6437
66.54509,0.6351
66.55511,0.6011
66.56513,0.5918
66.57516,0.5741
66.58518,0.5375
66.5952,0.4949
66.60522,0.4511
66.61525,0.4009
66.62527,0.3385
66.63529,0.2878
66.64532,0.2484
66.65533,0.213
66.66535,0.1893
66.67535,0.1659
66.68536,0.1605
66.69536,0.1553
66.70536,0.146
66.71536,0.1295
66.72536,0.1309
66.73537,0.1201
66.74537,0.1099
66.75537,0.0936
66.76537,0.0683
66.77538,0.06
66.78538,0.058
66.79537,0.036
66.80537,0.03
66.81536,0.0236
66.82536,0.0163
66.83535,0.0232
66.84534,0.0225
66.85533,0.0161
66.86533,0.0159
66.87532,0.0208
66.88531,0.0375
66.89531,0.0431
66.9053,0.0122
66.91529,-0.0157
66.92528,-0.0142
66.93526,-0.0058
66.94524,0.0154
66.95522,0.0431
66.96521,0.0826
66.97519,0.1183
66.98518,0.158
66.99516,0.1994
67.00514,0.2232
67.01512,0.2337
67.02511,0.2337
67.03509,0.2312
67.04507,0.2398
67.05505,0.2552
67.06503,0.2914
67.07501,0.3563
67.08499,0.3998
67.09497,0.4462
67.10495,0.4841
67.11494,0.5108
67.12492,0.5058
67.1349,0.4972
67.14487,0.5217
67.15485,0.5536
67.16486,0.608
67.17489,0.6816
67.18492,0.718
67.19495,0.7516
67.20498,0.8023
67.21501,0.8171
67.22504,0.8427
67.23508,0.8405
67.24511,0.8638
67.25514,0.8883
67.26517,0.9129
67.2752,0.9235
67.28523,0.9176
67.29531,0.906
67.30538,0.8669
67.31544,0.8372
67.32552,0.7918
67.33558,0.755
67.34565,0.7464
67.35571,0.7192
67.36578,0.7072
67.37585,0.6999
67.38592,0.6928
67.39599,0.6934
67.40605,0.699
67.41609,0.6886
67.42609,0.6825
67.4361,0.6544
67.4461,0.639
67.4561,0.6404
67.4661,0.6407
67.4761,0.637
67.48611,0.6301
67.49612,0.6358
67.50612,0.6469
67.51612,0.6496
67.52612,0.6467
67.53613,0.633
67.5461,0.6408
67.55608,0.6526
67.56606,0.6649
67.57603,0.6531
67.58601,0.6591
67.59598,0.6593
67.60596,0.6439
67.61593,0.5499
67.6259,0.5104
67.63588,0.5589
67.64585,0.5979
67.65582,0.6086
67.66586,0.5963
67.67592,0.5791
67.68599,0.5728
67.69605,0.5683
67.70612,0.5757
67.71619,0.6111
67.72626,0.6517
67.73632,0.6832
67.74639,0.7358
67.75645,0.7097
67.76653,0.6836
67.77659,0.6808
67.78666,0.6619
67.79666,0.6065
67.80666,0.5608
67.81666,0.5269
67.82666,0.5108
67.83666,0.4956
67.84666,0.4673
67.85667,0.4329
67.86666,0.3798
67.87666,0.3238
67.88667,0.3111
67.89667,0.2944
67.90667,0.2753
67.91663,0.2373
67.92654,0.1887
67.93645,0.1397
67.94637,0.0893
67.95628,0.0631
67.9662,0.0495
67.97611,0.0454
67.98603,0.0582
67.99594,0.0531
68.00586,0.0882
68.01577,0.1051
68.02569,0.1364
68.0356,0.1487
68.04559,0.1622
68.05559,0.1764
68.06559,0.1825
68.07558,0.2131
68.08558,0.2475
68.09558,0.2856
68.10558,0.3135
68.11557,0.3339
68.12557,0.3521
68.13557,0.3862
68.14556,0.4162
68.15556,0.4563
68.1656,0.5118
68.17565,0.592
68.18571,0.6613
68.19577,0.743
68.20583,0.7937
68.21588,0.8278
68.22594,0.8582
68.236,0.8844
68.24606,0.9167
68.25611,0.9378
68.26617,0.9701
68.27623,0.9933
68.28629,1.0331
68.29633,1.0708
68.30636,1.1101
68.31639,1.1497
68.32642,1.1781
68.33646,1.2001
68.34649,1.202
68.35652,1.2392
68.36655,1.2674
68.37659,1.2935
68.38662,1.3112
68.39665,1.319
68.40668,1.3276
68.41671,1.3264
68.42672,1.299
68.43672,1.2746
68.44673,1.2311
68.45673,1.176
68.46674,1.1007
68.47675,1.0009
68.48676,0.8779
68.49677,0.7384
68.50677,0.587
68.51678,0.4421
68.52678,0.3268
68.53679,0.236
68.54679,0.1671
68.55679,0.0928
68.56678,0.0278
68.57677,-0.0189
68.58677,-0.0535
68.59676,-0.0939
68.60676,-0.1158
68.61676,-0.1397
68.62675,-0.1458
68.63675,-0.1413
68.64674,-0.1357
68.65674,-0.1298
68.66673,-0.1225
68.67673,-0.1148
68.68672,-0.1083
68.69672,-0.1214
68.70671,-0.1382
68.71671,-0.1567
68.7267,-0.1651
68.73669,-0.1742
68.74668,-0.1935
68.75668,-0.2251
68.76667,-0.2432
68.77666,-0.2676
68.78666,-0.2864
68.79666,-0.292
68.80666,-0.293
68.81666,-0.2788
68.82665,-0.2667
68.83665,-0.2459
68.84666,-0.2251
68.85665,-0.2093
68.86665,-0.1927
68.87666,-0.185
68.88665,-0.1868
68.89665,-0.2075
68.90665,-0.2292
68.91666,-0.2269
68.92665,-0.2484
68.93664,-0.261
68.94663,-0.277
68.95663,-0.2757
68.96662,-0.2552
68.97661,-0.2313
68.9866,-0.2007
68.9966,-0.1402
69.00659,-0.0698
69.01658,0.0191
69.02657,0.0749
69.03657,0.0986
69.04655,0.1232
69.05653,0.1461
69.0665,0.1947
69.07648,0.246
69.08646,0.289
69.09643,0.3413
69.10641,0.3788
69.11639,0.4282
69.12636,0.464
69.13634,0.5085
69.14632,0.5509
69.15629,0.5975
69.16629,0.6325
69.1763,0.6395
69.18632,0.6452
69.19633,0.6376
69.20634,0.6137
69.21635,0.5759
69.22636,0.5301
69.23638,0.4884
69.24639,0.4559
69.25641,0.4348
69.26642,0.4161
69.27644,0.4121
69.28645,0.3992
69.29646,0.3917
69.30646,0.3911
69.31646,0.3797
69.32647,0.3656
69.33647,0.3455
69.34648,0.337
69.35648,0.3073
69.36649,0.2963
69.3765,0.2727
69.3865,0.2496
69.39651,0.2346
69.40651,0.2371
69.41656,0.2499
69.42663,0.2547
69.4367,0.2535
69.44677,0.244
69.45684,0.2443
69.46692,0.2476
69.47699,0.2728
69.48706,0.2862
69.49713,0.2985
69.5072,0.3116
69.51728,0.3221
69.52735,0.3203
69.53742,0.2842
69.54742,0.2572
69.55742,0.2309
69.56742,0.2088
69.57742,0.1948
69.58742,0.1775
69.59742,0.157
69.60742,0.1293
69.61742,0.1121
69.62742,0.1053
69.63741,0.0905
69.64742,0.0775
69.65742,0.0819
69.66742,0.0708
69.67741,0.057
69.68742,0.0398
69.69741,0.0393
69.70741,0.0638
69.71741,0.0891
69.72741,0.1264
69.7374,0.1403
69.74741,0.1378
69.7574,0.126
69.7674,0.1186
69.7774,0.1053
69.7874,0.107
69.7974,0.1154
69.8074,0.1098
69.8174,0.0925
69.82739,0.0632
69.83739,0.0303
69.84739,-0.0201
69.85739,-0.0617
69.86739,-0.0978
69.87739,-0.107
69.88739,-0.1085
69.89738,-0.1169
69.90739,-0.1245
69.91739,-0.151
69.92738,-0.1893
69.93739,-0.2191
69.94738,-0.2109
69.95738,-0.233
69.96738,-0.2579
69.97738,-0.2607
69.98737,-0.2583
69.99738,-0.2527
70.00737,-0.2634
70.01737,-0.2801
70.02737,-0.2769
70.03737,-0.2635
70.04736,-0.2354
70.05735,-0.2286
70.06734,-0.2299
70.07733,-0.2405
70.08732,-0.2387
70.09731,-0.2777
70.1073,-0.3025
70.11729,-0.3198
70.12728,-0.3218
70.13727,-0.3281
70.14726,-0.3211
70.15725,-0.3089
70.16727,-0.3155
70.17727,-0.2955
70.18728,-0.2791
70.19728,-0.258
70.20728,-0.2422
70.21729,-0.2211
70.22729,-0.2019
70.2373,-0.1928
70.2473,-0.1769
70.2573,-0.1638
70.26731,-0.1483
70.27731,-0.1364
70.28732,-0.1282
70.29728,-0.1148
70.30725,-0.1018
70.31721,-0.088
70.32718,-0.0731
70.33715,-0.0619
70.34711,-0.0655
70.35708,-0.0666
70.36705,-0.0551
70.37701,-0.05
70.38698,-0.0412
70.39695,-0.0217
70.40691,-0.0151
70.41692,-0.0244
70.42692,-0.0255
70.43691,-0.0327
70.44691,-0.0423
70.45691,-0.0619
70.4669,-0.0671
70.47691,-0.0639
70.4869,-0.0578
70.49689,-0.0412
70.5069,-0.0238
70.51689,-0.0245
70.52689,-0.0139
70.53689,-0.0162
70.54691,0.0025
70.5569,0.0118
70.56689,0.0152
70.5769,0.0012
70.58689,-0.0152
70.59689,-0.0343
70.60689,-0.0391
70.61689,-0.011
70.62688,0.0101
70.63689,0.0287
70.64688,0.0433
70.65688,0.0227
70.66693,0.0002
70.67703,-0.0237
70.68713,-0.0325
70.69722,-0.0248
70.70732,-0.0302
70.71741,-0.0374
70.72751,-0.0535
70.73761,-0.0491
70.7477,-0.0628
70.7578,-0.0712
70.76789,-0.0797
70.77799,-0.1037
70.78809,-0.1159
70.7981,-0.1269
70.8081,-0.145
70.8181,-0.1222
70.82809,-0.097
70.83809,-0.0703
70.84808,-0.0467
70.85809,-0.0393
70.86808,-0.0182
70.87807,0.0051
70.88807,0.0227
70.89807,0.0322
70.90807,0.0255
70.91807,0.0256
70.92808,0.0216
70.93808,-0.01
70.94809,-0.0449
70.95809,-0.0713
70.9681,-0.0947
70.97811,-0.0914
70.98811,-0.0752
70.99812,-0.0561
71.00813,-0.0344
71.01814,-0.0219
71.02814,-0.0033
71.03815,0.0171
71.04812,0.0569
71.05809,0.1013
71.06806,0.1567
71.07803,0.2024
71.08801,0.2291
71.09798,0.2292
71.10795,0.246
71.11792,0.2783
71.12789,0.3156
71.13786,0.3689
71.14783,0.4412
71.15781,0.5043
71.16782,0.5664
71.17783,0.6049
71.18784,0.6478
71.19785,0.6905
71.20786,0.72
71.21788,0.726
71.22789,0.7426
71.23791,0.7579
71.24792,0.7839
71.25793,0.813
71.26794,0.8118
71.27796,0.7716
71.28797,0.7455
71.29797,0.6932
71.30796,0.6248
71.31796,0.544
71.32795,0.4669
71.33794,0.3775
71.34794,0.2902
71.35793,0.2102
71.36794,0.1391
71.37793,0.0937
71.38792,0.0568
71.39792,0.0048
71.40791,-0.0325
71.41791,-0.0967
71.42791,-0.1564
71.4379,-0.1954
71.4479,-0.2314
71.4579,-0.2553
71.4679,-0.2838
71.47789,-0.2822
71.48789,-0.2668
71.49789,-0.2439
71.50788,-0.2062
71.51788,-0.1754
71.52788,-0.1579
71.53787,-0.1539
71.54787,-0.1585
71.55787,-0.1614
71.56786,-0.1638
71.57786,-0.15
71.58785,-0.134
71.59785,-0.1388
71.60785,-0.1487
71.61784,-0.1395
71.62784,-0.1489
71.63783,-0.1746
71.64783,-0.1963
71.65783,-0.2182
71.66782,-0.2302
71.67778,-0.2288
71.68774,-0.2268
71.69771,-0.2546
71.70767,-0.2657
71.71764,-0.283
71.7276,-0.298
71.73756,-0.3123
71.74754,-0.3207
71.7575,-0.3224
71.76746,-0.3138
71.77743,-0.3158
71.78739,-0.3055
71.79742,-0.2877
71.80744,-0.2568
71.81746,-0.233
71.82748,-0.1875
71.83749,-0.1545
71.84752,-0.1297
71.85754,-0.0815
71.86755,-0.027
71.87758,0.0542
71.8876,0.1437
71.89761,0.2524
71.90763,0.3611
71.91769,0.4343
71.92778,0.4887
71.93787,0.531
71.94796,0.5856
71.95805,0.6441
71.96814,0.7108
71.97823,0.7617
71.98833,0.8009
71.99841,0.8441
72.00851,0.8504
72.0186,0.8224
72.02869,0.7731
72.03878,0.7512
72.04877,0.7016
72.05875,0.6565
72.06874,0.6013
72.07873,0.5444
72.08872,0.4881
72.09871,0.4469
72.1087,0.4251
72.11868,0.4261
72.12867,0.4337
72.13866,0.4474
72.14864,0.4537
72.15863,0.4529
72.16863,0.4461
72.17863,0.4319
72.18864,0.4385
72.19865,0.4501
72.20866,0.475
72.21866,0.501
72.22866,0.5243
72.23867,0.5292
72.24867,0.5361
72.25868,0.5479
72.26868,0.5682
72.27869,0.5795
72.2887,0.5769
72.29872,0.5463
72.30875,0.5074
72.31877,0.4823
72.32879,0.4602
72.33881,0.4427
72.34884,0.4222
72.35886,0.403
72.36889,0.3792
72.37891,0.3587
72.38893,0.3354
72.39896,0.312
72.40898,0.3065
72.41902,0.2769
72.42907,0.2642
72.43911,0.2412
72.44916,0.2187
72.4592,0.2012
72.46925,0.1925
72.47929,0.1656
72.48933,0.1447
72.49937,0.1518
72.50942,0.1424
72.51946,0.1234
72.52951,0.101
72.53955,0.0872
72.54948,0.0635
72.55939,0.0314
72.56932,0.0192
72.57924,0.0128
72.58916,0.0127
72.59908,0.0262
72.60901,0.0535
72.61893,0.0773
72.62885,0.1007
72.63877,0.1245
72.64869,0.1493
72.65862,0.1851
72.66858,0.227
72.67858,0.2344
72.68858,0.25
72.69858,0.2589
72.70857,0.2631
72.71857,0.2813
72.72858,0.31
72.73857,0.3307
72.74857,0.3448
72.75857,0.3337
72.76857,0.3138
72.77856,0.3023
72.78857,0.2908
72.79854,0.2956
72.8085,0.314
72.81847,0.3191
72.82844,0.3275
72.83841,0.3185
72.84837,0.2991
72.85835,0.2947
72.86831,0.3068
72.87828,0.3214
72.88825,0.3391
72.89822,0.3536
72.90819,0.3572
72.91817,0.3586
72.92816,0.3989
72.93815,0.4599
72.94814,0.4989
72.95813,0.5218
72.96812,0.5479
72.97811,0.5717
72.9881,0.5949
72.99809,0.6012
73.00808,0.564
73.01807,0.5469
73.02806,0.542
73.03805,0.5311
73.04816,0.5149
73.05827,0.486
73.06837,0.4673
73.07848,0.4476
73.08859,0.4325
73.09869,0.4305
73.1088,0.4319
73.11891,0.4196
73.12902,0.4002
73.13913,0.3722
73.14924,0.3615
73.15935,0.3631
73.1694,0.3539
73.17941,0.3546
73.18942,0.3421
73.19943,0.3352
73.20944,0.3253
73.21946,0.3017
73.22947,0.2841
73.23948,0.2887
73.24949,0.307
73.2595,0.3155
73.26951,0.2907
73.27952,0.2836
73.28953,0.2907
73.29948,0.3004
73.30945,0.3178
73.3194,0.3293
73.32937,0.3512
73.33932,0.3745
73.34929,0.378
73.35925,0.3898
73.36921,0.3987
73.37917,0.3961
73.38913,0.3977
73.39909,0.4024
73.40905,0.4004
73.41905,0.4028
73.42908,0.407
73.43911,0.4196
73.44913,0.423
73.45916,0.425
73.46918,0.408
73.47921,0.3911
73.48923,0.382
73.49926,0.3583
73.50929,0.3427
73.51932,0.324
73.52934,0.3268
73.53937,0.3445
73.54936,0.3575
73.55936,0.3523
73.56935,0.3475
73.57935,0.3504
73.58935,0.3486
73.59934,0.3438
73.60934,0.3199
73.61933,0.28
73.62933,0.229
73.63932,0.2091
73.64931,0.181
73.65931,0.1599
73.66931,0.1538
73.67931,0.1282
73.6893,0.1176
73.6993,0.0997
73.70929,0.0862
73.71929,0.0448
73.72929,0.0098
73.73928,-0.012
73.74928,-0.0079
73.75927,0.0082
73.76927,0.0505
73.77927,0.0795
73.78926,0.1056
73.79926,0.1029
73.80925,0.1036
73.81924,0.1313
73.82923,0.1442
73.83923,0.1417
73.84922,0.1292
73.85921,0.1258
73.86921,0.1099
73.8792,0.1014
73.88919,0.0976
73.89919,0.1007
73.90918,0.0987
73.91917,0.1082
73.92918,0.1092
73.93918,0.1206
73.94918,0.1205
73.95918,0.1084
73.96918,0.1024
73.97918,0.1101
73.98918,0.1133
73.99918,0.1322
74.00919,0.138
74.01918,0.1424
74.02918,0.1438
74.03918,0.1342
74.04919,0.1284
74.05918,0.1303
74.06918,0.1636
74.07918,0.1703
74.08917,0.1965
74.09917,0.2022
74.10916,0.1936
74.11916,0.1894
74.12915,0.1608
74.13915,0.1216
74.14915,0.1284
74.15914,0.1671
74.16918,0.1839
74.17925,0.2023
74.18933,0.2147
74.19941,0.2595
74.20948,0.2872
74.21956,0.2868
74.22964,0.282
74.23971,0.2871
74.24979,0.3318
74.25986,0.4069
74.26994,0.5705
74.28001,0.8279
74.29009,0.7865
74.30009,0.7312
74.31008,0.7864
74.32008,0.7917
74.33007,0.7442
74.34007,0.7199
74.35007,0.737
74.36006,0.7607
74.37006,0.7992
74.38005,0.8278
74.39005,0.8315
74.40004,0.8293
74.41003,0.794
74.42004,0.7809
74.43004,0.7708
74.44004,0.7783
74.45004,0.7877
74.46003,0.7962
74.47003,0.8141
74.48003,0.8108
74.49003,0.8167
74.50002,0.8195
74.51003,0.8155
74.52002,0.7886
74.53002,0.7907
74.54002,0.7846
74.55002,0.7815
74.56002,0.7708
74.57002,0.7823
74.58002,0.7957
74.59003,0.7981
74.60002,0.8096
74.61002,0.8051
74.62003,0.8079
74.63003,0.8018
74.64003,0.8044
74.65003,0.7915
74.66003,0.7878
74.67001,0.8043
74.67998,0.8025
74.68995,0.8001
74.69992,0.8031
74.70988,0.7984
74.71986,0.8124
74.72982,0.8199
74.73979,0.805
74.74976,0.8074
74.75973,0.8134
74.7697,0.8099
74.77966,0.8156
74.78963,0.8178
74.79962,0.8037
74.80961,0.8109
74.81959,0.7985
74.82957,0.7954
74.83955,0.8037
74.84954,0.7953
74.85953,0.8064
74.86951,0.8043
74.87949,0.7934
74.88947,0.81
74.89946,0.8134
74.90945,0.8062
74.91946,0.81
74.9295,0.807
74.93954,0.8024
74.94958,0.7888
74.95962,0.7871
74.96966,0.7919
74.9797,0.8028
74.98974,0.812
74.99977,0.8049
75.00981,0.8039
75.01985,0.7969
75.02989,0.7802
75.03993,0.774
75.04993,0.7841
75.05993,0.796
75.06992,0.7919
75.07992,0.8
75.08991,0.806
75.09991,0.803
75.1099,0.793
75.1199,0.7962
75.12989,0.7859
75.13988,0.7737
75.14988,0.7696
75.15987,0.7811
75.16985,0.7792
75.17982,0.7724
75.1898,0.784
75.19977,0.7757
75.20973,0.7732
75.2197,0.7758
75.22968,0.7721
75.23964,0.7753
75.24961,0.7788
75.25958,0.7827
75.26955,0.7799
75.27952,0.7811
75.28949,0.7838
75.2996,0.7712
75.30969,0.764
75.31979,0.7715
75.3299,0.7623
75.33999,0.7783
75.35009,0.7894
75.36019,0.7868
75.37029,0.7983
75.38039,0.788
75.39049,0.7924
75.40058,0.7742
75.41068,0.7723
75.42072,0.7728
75.43073,0.7787
75.44073,0.772
75.45073,0.7699
75.46073,0.7818
75.47073,0.7833
75.48073,0.7885
75.49073,0.7912
75.50073,0.7875
75.51073,0.7933
75.52073,0.7926
75.53073,0.7907
75.54073,0.7996
75.55072,0.7916
75.56071,0.7806
75.57069,0.7779
75.58067,0.7737
75.59065,0.7579
75.60063,0.765
75.61062,0.7822
75.6206,0.7872
75.63058,0.7894
75.64056,0.7879
75.65054,0.7815
75.66053,0.7713
75.67052,0.772
75.68053,0.7859
75.69054,0.7998
75.70055,0.8087
75.71055,0.8159
75.72056,0.823
75.73057,0.7985
75.74057,0.7882
75.75058,0.7811
75.76058,0.7674
75.77059,0.7689
75.78059,0.7825
75.7906,0.7797
75.80061,0.7709
75.81061,0.7849
75.8206,0.7972
75.8306,0.7917
75.8406,0.7894
75.85059,0.7839
75.8606,0.7765
75.87059,0.7692
75.88059,0.767
75.89059,0.7774
75.90058,0.7876
75.91058,0.7848
75.92059,0.7938
75.93058,0.7773
75.94058,0.774
75.95058,0.7764
75.96057,0.7743
75.97057,0.7838
75.98057,0.7873
75.99056,0.7878
76.00056,0.7853
76.01056,0.7915
76.02055,0.7867
76.03056,0.7798
76.04055,0.7747
76.05055,0.78
76.06055,0.7797
76.07056,0.7975
76.08056,0.8022
76.09055,0.7901
76.10056,0.7849
76.11056,0.7727
76.12056,0.7718
76.13055,0.7721
76.14056,0.7738
76.15056,0.7732
76.16056,0.772
76.17054,0.784
76.1805,0.7899
76.19046,0.7965
76.20042,0.7942
76.21038,0.7838
76.22034,0.7782
76.2303,0.7757
76.24026,0.7826
76.25022,0.7815
76.26018,0.7826
76.27014,0.7893
76.2801,0.7809
76.29006,0.7726
76.3001,0.7652
76.31013,0.7667
76.32016,0.7622
76.33019,0.7587
76.34023,0.7604
76.35026,0.773
76.36029,0.779
76.37032,0.793
76.38035,0.7909
76.39038,0.7731
76.40041,0.7636
76.41045,0.7702
76.4205,0.7834
76.4306,0.7747
76.4407,0.774
76.45081,0.7649
76.46091,0.7605
76.47101,0.7657
76.48112,0.766
76.49122,0.7759
76.50132,0.7603
76.51142,0.7504
76.52152,0.754
76.53162,0.7495
76.54173,0.76
76.55167,0.7664
76.56161,0.757
76.57155,0.7438
76.58148,0.7385
76.59142,0.7431
76.60136,0.7431
76.61129,0.7469
76.62123,0.7407
76.63116,0.7318
76.6411,0.7368
76.65104,0.7487
76.66097,0.747
76.67096,0.7582
76.68101,0.7575
76.69106,0.7369
76.7011,0.7256
76.71114,0.7082
76.72119,0.7054
76.73124,0.7304
76.74128,0.7524
76.75133,0.7591
76.76138,0.7544
76.77142,0.723
76.78146,0.7027
76.79151,0.6954
76.80148,0.6975
76.81144,0.7048
76.8214,0.7146
76.83135,0.7196
76.84131,0.7242
76.85127,0.7194
76.86123,0.7101
76.87119,0.692
76.88115,0.6904
76.89111,0.6923
76.90106,0.7113
76.91102,0.7369
76.92101,0.7368
76.93104,0.7206
76.94106,0.7026
76.95107,0.6936
76.96109,0.6878
76.97111,0.6983
76.98113,0.708
76.99115,0.723
77.00117,0.7221
77.01118,0.6981
77.02121,0.6893
77.03123,0.684
77.04124,0.6833
77.05124,0.6928
77.06123,0.7144
77.07124,0.7141
77.08123,0.7012
77.09122,0.7101
77.10122,0.7095
77.11122,0.7018
77.12122,0.7041
77.13121,0.7099
77.1412,0.7183
77.15121,0.7201
77.1612,0.7143
77.1712,0.7077
77.18119,0.7203
77.19118,0.7249
77.20117,0.7141
77.21117,0.7139
77.22116,0.7087
77.23115,0.7116
77.24114,0.7032
77.25113,0.696
77.26112,0.7196
77.27112,0.7417
77.28111,0.7493
77.2911,0.7251
77.3011,0.6988
77.3111,0.7077
77.3211,0.7213
77.3311,0.7137
77.3411,0.7143
77.3511,0.721
77.3611,0.7132
77.3711,0.7127
77.3811,0.7238
77.3911,0.7233
77.4011,0.7266
77.4111,0.7214
77.4211,0.7231
77.43111,0.7149
77.4411,0.7172
77.4511,0.714
77.4611,0.7033
77.4711,0.7215
77.48109,0.7204
77.4911,0.7293
77.50109,0.7266
77.51109,0.7256
77.52109,0.7166
77.53109,0.7063
77.54108,0.718
77.55113,0.7216
77.56119,0.7181
77.57124,0.7223
77.58128,0.7033
77.59133,0.7073
77.60139,0.7124
77.61143,0.7206
77.62148,0.7223
77.63154,0.7321
77.64159,0.7248
77.65163,0.7237
77.66168,0.7233
77.67171,0.7102
77.68172,0.7089
77.69172,0.7126
77.70172,0.7102
77.71172,0.7159
77.72173,0.7132
77.73172,0.7203
77.74172,0.7198
77.75172,0.7175
77.76173,0.7174
77.77173,0.7164
77.78173,0.7132
77.79173,0.7168
77.80175,0.7136
77.81174,0.7177
77.82174,0.7143
77.83173,0.7128
77.84173,0.7062
77.85172,0.7084
77.86172,0.7074
77.87171,0.7074
77.88171,0.716
77.89171,0.7259
77.9017,0.7145
77.9117,0.7122
77.9217,0.7133
77.93169,0.7251
77.94168,0.7217
77.95168,0.7133
77.96167,0.7143
77.97166,0.7067
77.98165,0.7083
77.99165,0.7123
78.00163,0.7126
78.01163,0.7172
78.02162,0.7089
78.03161,0.7134
78.0416,0.7082
78.05161,0.7154
78.06161,0.721
78.07162,0.7216
78.08163,0.7138
78.09164,0.7115
78.10165,0.7142
78.11166,0.714
78.12166,0.7198
78.13167,0.7239
78.14168,0.7147
78.15168,0.7273
78.16169,0.7172
78.17171,0.7066
78.18172,0.707
78.19172,0.7009
78.20172,0.7004
78.21172,0.706
78.22173,0.7133
78.23173,0.7278
78.24173,0.7223
78.25173,0.7278
78.26173,0.7214
78.27174,0.7019
78.28174,0.6948
78.29174,0.7069
78.30174,0.716
78.31174,0.7209
78.32173,0.7281
78.33173,0.7324
78.34173,0.7212
78.35172,0.6999
78.36172,0.6928
78.37171,0.7031
78.38171,0.7104
78.3917,0.7304
78.4017,0.7234
78.41169,0.7211
78.42169,0.7057
78.43169,0.7105
78.44169,0.7065
78.45169,0.7077
78.46169,0.723
78.47169,0.7205
78.48169,0.7173
78.49169,0.7161
78.50169,0.7153
78.51169,0.7128
78.52169,0.7043
78.53168,0.7011
78.54169,0.7033
78.5517,0.7029
78.56169,0.7114
78.57169,0.7072
78.58169,0.7048
78.59169,0.7095
78.60168,0.7029
78.61169,0.7012
78.62168,0.7091
78.63168,0.702
78.64169,0.6888
78.65168,0.6861
78.66168,0.6968
78.67167,0.7008
78.68164,0.7119
78.69161,0.7037
78.70158,0.6941
78.71156,0.6923
78.72153,0.6904
78.7315,0.6978
78.74147,0.7021
78.75144,0.7114
78.76141,0.7086
78.77139,0.6954
78.78136,0.691
78.79133,0.6898
78.80144,0.6858
78.81154,0.6901
78.82164,0.6867
78.83174,0.6863
78.84184,0.7096
78.85195,0.7023
78.86205,0.7078
78.87215,0.7026
78.88226,0.6922
78.89236,0.6895
78.90247,0.6831
78.91257,0.69
78.92262,0.7033
78.93262,0.6975
78.94263,0.7074
78.95263,0.7059
78.96263,0.6905
78.97263,0.6903
78.98264,0.6807
78.99265,0.6754
79.00265,0.6734
79.01265,0.676
79.02265,0.6785
79.03265,0.6828
79.04266,0.6849
79.05266,0.6686
79.06264,0.6679
79.07264,0.6646
79.08263,0.6683
79.09262,0.6668
79.10262,0.6819
79.11261,0.6882
79.1226,0.687
79.13259,0.6668
79.14259,0.6589
79.15257,0.6492
79.16257,0.6458
79.17256,0.6658
79.18256,0.6714
79.19255,0.6772
79.20255,0.6735
79.21254,0.6656
79.22253,0.6574
79.23253,0.6533
79.24252,0.651
79.25252,0.653
79.26251,0.6587
79.27251,0.6735
79.2825,0.6802
79.2925,0.6658
79.30251,0.6521
79.31251,0.6396
79.3225,0.6298
79.3325,0.65
79.34249,0.674
79.35249,0.6698
79.36248,0.6698
79.37247,0.6553
79.38248,0.6437
79.39247,0.6276
79.40247,0.6308
79.41246,0.6363
79.42245,0.6317
79.43245,0.6468
79.44244,0.6525
79.45244,0.6529
79.46243,0.6498
79.47243,0.647
79.48242,0.6609
79.49242,0.6528
79.50242,0.6477
79.51241,0.6376
79.52241,0.6367
79.5324,0.6316
79.5424,0.6301
79.5524,0.6469
79.5624,0.6432
79.5724,0.6467
79.5824,0.6572
79.59239,0.6538
79.60239,0.6475
79.6124,0.6554
79.62239,0.6398
79.63239,0.6272
79.64239,0.6279
79.65239,0.6261
79.66239,0.6383
79.67239,0.6422
79.68237,0.649
79.69234,0.6496
79.70233,0.6536
79.71231,0.6518
79.72229,0.6492
79.73227,0.6345
79.74225,0.6355
79.75223,0.6268
79.76221,0.6358
79.77219,0.6481
79.78217,0.6506
79.79215,0.6637
79.80216,0.6643
79.81217,0.6486
79.82218,0.6364
79.83219,0.6344
79.8422,0.6343
79.85221,0.6273
79.86222,0.6307
79.87222,0.6363
79.88223,0.6473
79.89224,0.6437
79.90225,0.6467
79.91226,0.6352
79.92234,0.6311
79.93246,0.6201
79.94257,0.6213
79.95268,0.6231
79.9628,0.6474
79.97292,0.6448
79.98303,0.6419
79.99315,0.624
80.00327,0.6154
80.01337,0.6193
80.02349,0.6203
80.03361,0.6299
80.04372,0.6479
80.05369,0.6376
80.06365,0.6232
80.07362,0.6247
80.08358,0.6178
80.09354,0.6237
80.1035,0.6268
80.11346,0.6359
80.12343,0.6392
80.13339,0.6352
80.14336,0.6148
80.15331,0.6049
80.16328,0.6086
80.17326,0.6203
80.18326,0.623
80.19325,0.6378
80.20325,0.6461
80.21324,0.6334
80.22324,0.6239
80.23324,0.6061
80.24323,0.6091
80.25323,0.6115
80.26322,0.6253
80.27322,0.6273
80.28322,0.6449
80.29321,0.6351
80.3032,0.6258
80.31318,0.6268
80.32315,0.627
80.33313,0.6245
80.34311,0.6194
80.35309,0.6246
80.36307,0.6173
80.37305,0.6144
80.38303,0.625
80.393,0.63
80.40298,0.6323
80.41296,0.6386
80.42298,0.6278
80.43304,0.6229
80.44312,0.6287
80.45318,0.6185
80.46324,0.6144
80.4733,0.6193
80.48337,0.6065
80.49343,0.6108
80.50349,0.6235
80.51356,0.6335
80.52362,0.6343
80.53368,0.6357
80.54375,0.6266
80.55371,0.6124
80.56367,0.5986
80.57364,0.5928
80.58361,0.6019
80.59357,0.6184
80.60354,0.6177
80.6135,0.6253
80.62347,0.6259
80.63344,0.6258
80.6434,0.6205
80.65337,0.6202
80.66334,0.6198
80.67336,0.62
80.68341,0.6314
80.69346,0.6274
80.70351,0.6195
80.71357,0.6166
80.72362,0.6227
80.73367,0.6187
80.74373,0.6234
80.75378,0.6095
80.76383,0.6213
80.77389,0.6146
80.78394,0.6253
80.79399,0.6328
80.80389,0.6276
80.8138,0.6298
80.82371,0.6206
80.83361,0.6116
80.84352,0.602
80.85342,0.6019
80.86333,0.6052
80.87324,0.6149
80.88314,0.6317
80.89304,0.628
80.90295,0.6255
80.91286,0.6187
80.92281,0.6086
80.93282,0.6063
80.94283,0.6026
80.95284,0.6243
80.96284,0.6359
80.97285,0.6303
80.98286,0.625
80.99286,0.6048
81.00287,0.6097
81.01287,0.6168
81.02288,0.6149
81.03288,0.6293
81.04289,0.6313
81.05296,0.6264
81.06301,0.6125
81.07307,0.6097
81.08311,0.6058
81.09316,0.606
81.10322,0.6239
81.11327,0.6307
81.12331,0.6344
81.13336,0.6305
81.14342,0.6341
81.15347,0.6126
81.16351,0.6094
81.17355,0.6103
81.18358,0.6133
81.19361,0.6157
81.20364,0.6223
81.21367,0.6295
81.22369,0.6183
81.23372,0.6254
81.24375,0.62
81.25378,0.6106
81.26381,0.5988
81.27383,0.6048
81.28387,0.6059
81.29389,0.6087
81.30386,0.6131
81.31383,0.6246
81.32379,0.6224
81.33376,0.6198
81.34372,0.605
81.35368,0.6057
81.36365,0.6154
81.37361,0.6183
81.38358,0.6129
81.39355,0.6133
81.40351,0.6165
81.41348,0.6141
81.42347,0.607
81.4335,0.6035
81.44353,0.6071
81.45355,0.5997
81.46358,0.6061
81.47361,0.6061
81.48364,0.6058
81.49367,0.6042
81.50369,0.5982
81.51373,0.6043
81.52375,0.6051
81.53378,0.6009
81.54381,0.6039
81.55379,0.6039
81.56376,0.6047
81.57373,0.6114
81.5837,0.617
81.59368,0.6181
81.60365,0.6147
81.61362,0.6081
81.6236,0.6043
81.63358,0.5922
81.64355,0.595
81.65352,0.5957
81.66349,0.598
81.6735,0.6115
81.68352,0.6121
81.69354,0.6071
81.70356,0.5931
81.71358,0.592
81.7236,0.5981
81.73362,0.6114
81.74364,0.6054
81.75366,0.6075
81.76368,0.6093
81.7737,0.6061
81.78372,0.5938
81.79374,0.6012
81.80375,0.6054
81.81375,0.6097
81.82375,0.5999
81.83376,0.6034
81.84376,0.5941
81.85376,0.6068
81.86376,0.6091
81.87376,0.6105
81.88377,0.6053
81.89377,0.5971
81.90377,0.6033
81.91377,0.6043
81.92377,0.611
81.93377,0.6246
81.94376,0.6071
81.95375,0.604
81.96375,0.601
81.97374,0.5934
81.98373,0.5938
81.99372,0.5841
82.00371,0.5811
82.0137,0.5925
82.0237,0.6093
82.03368,0.6103
82.04368,0.6144
82.05369,0.5949
82.06369,0.5802
82.07368,0.5831
82.08369,0.565
82.09369,0.5495
82.10369,0.5616
82.11369,0.5528
82.12369,0.5378
82.13369,0.5275
82.14369,0.5218
82.15369,0.515
82.1637,0.516
82.17368,0.5181
82.18369,0.53
82.19368,0.5358
82.20367,0.5333
82.21367,0.5338
82.22366,0.5362
82.23366,0.5297
82.24365,0.5389
82.25365,0.5294
82.26364,0.5351
82.27364,0.5317
82.28363,0.5269
82.29362,0.5329
82.30368,0.5311
82.31374,0.5302
82.3238,0.5356
82.33386,0.5182
82.34392,0.5199
82.35397,0.5241
82.36404,0.5219
82.37409,0.5316
82.38416,0.5379
82.39421,0.5377
82.40427,0.5414
82.41433,0.5517
82.42438,0.5447
82.43439,0.5422
82.44441,0.5428
82.45443,0.5488
82.46445,0.5541
82.47446,0.5637
82.48448,0.5578
82.49449,0.5571
82.50451,0.5559
82.51453,0.5465
82.52454,0.5574
82.53456,0.5577
82.54458,0.568
82.55453,0.5758
82.5645,0.5698
82.57446,0.5726
82.58442,0.5778
82.59438,0.5903
82.60434,0.5854
82.6143,0.5819
82.62426,0.5859
82.63422,0.5902
82.64418,0.5933
82.65414,0.5974
82.6641,0.599
82.67409,0.5906
82.68408,0.5899
82.69408,0.5749
82.70408,0.5778
82.71407,0.5706
82.72407,0.573
82.73407,0.5738
82.74406,0.5782
82.75406,0.5891
82.76405,0.59
82.77406,0.5851
82.78405,0.581
82.79404,0.5814
82.80405,0.5767
82.81406,0.5812
82.82405,0.5794
82.83405,0.5785
82.84405,0.5754
82.85405,0.5682
82.86404,0.5657
82.87405,0.5792
82.88404,0.5903
82.89404,0.5923
82.90404,0.5841
82.91404,0.5768
82.92404,0.5689
82.93404,0.5769
82.94403,0.5765
82.95403,0.5838
82.96403,0.5818
82.97402,0.586
82.98402,0.5833
82.99402,0.5822
83.00401,0.5799
83.01401,0.5724
83.024,0.5753
83.034,0.5919
83.044,0.599
83.05404,0.6045
83.06406,0.5969
83.07409,0.579
83.08411,0.5663
83.09415,0.5571
83.10417,0.5691
83.1142,0.5955
83.12422,0.6145
83.13425,0.6187
83.14427,0.6127
83.1543,0.6043
83.16432,0.5932
83.17434,0.5992
83.18434,0.5919
83.19434,0.5831
83.20434,0.5881
83.21434,0.5935
83.22434,0.5878
83.23434,0.5932
83.24434,0.5992
83.25434,0.5914
83.26434,0.6066
83.27434,0.6095
83.28434,0.6103
83.29434,0.6085
83.30432,0.6042
83.31429,0.591
83.32426,0.5782
83.33422,0.5905
83.34419,0.6024
83.35416,0.6111
83.36413,0.6175
83.3741,0.6223
83.38406,0.6075
83.39404,0.5893
83.404,0.5958
83.41397,0.6071
83.424,0.6075
83.43411,0.5992
83.44421,0.5993
83.45432,0.5991
83.46442,0.6067
83.47453,0.6015
83.48464,0.6067
83.49474,0.6084
83.50485,0.6054
83.51495,0.611
83.52506,0.6061
83.53516,0.6034
83.54527,0.6029
83.55527,0.6006
83.56526,0.6089
83.57526,0.6162
83.58525,0.6133
83.59524,0.6117
83.60523,0.6158
83.61523,0.5905
83.62522,0.5998
83.63522,0.6084
83.6452,0.6027
83.6552,0.6188
83.66519,0.6036
83.67519,0.5904
83.6852,0.5829
83.6952,0.5882
83.7052,0.5905
83.7152,0.6071
83.7252,0.6211
83.73521,0.6218
83.74522,0.6057
83.75522,0.5989
83.76522,0.5845
83.77523,0.5744
83.78523,0.5745
83.79523,0.5911
83.80524,0.6015
83.81523,0.6205
83.82523,0.6204
83.83522,0.6084
83.84522,0.6051
83.85522,0.5893
83.86521,0.5759
83.87521,0.5867
83.8852,0.5996
83.8952,0.5999
83.9052,0.6125
83.91519,0.6171
83.92517,0.6069
83.93513,0.5934
83.94509,0.5866
83.95506,0.5903
83.96502,0.59
83.97498,0.5863
83.98494,0.5938
83.9949,0.5874
84.00486,0.6021
84.01482,0.6064
84.02478,0.6121
84.03474,0.6133
84.0447,0.6137
84.05474,0.601
84.06477,0.5979
84.0748,0.5978
84.08482,0.5955
84.09486,0.5915
84.10488,0.5956
84.11491,0.602
84.12494,0.6019
84.13496,0.6029
84.145,0.6051
84.15502,0.6058
84.16505,0.5877
84.17509,0.5752
84.18513,0.5855
84.19519,0.5995
84.20524,0.6057
84.21529,0.6131
84.22533,0.6135
84.23538,0.5954
84.24543,0.5871
84.25548,0.5837
84.26553,0.5901
84.27557,0.5998
84.28562,0.6003
84.29567,0.6001
84.3056,0.5922
84.31551,0.5767
84.32542,0.5889
84.33534,0.5957
84.34525,0.5805
84.35517,0.5698
84.36509,0.567
84.375,0.5625
84.38492,0.5644
84.39484,0.58
84.40475,0.5832
84.41467,0.5878
84.42464,0.5731
84.43466,0.5539
84.44468,0.5253
84.4547,0.5309
84.46472,0.5382
84.47475,0.5361
84.48476,0.5448
84.49479,0.5593
84.50481,0.5704
84.51483,0.5597
84.52485,0.5454
84.53487,0.534
84.54489,0.5385
84.55503,0.5374
84.56519,0.5534
84.57533,0.5564
84.58548,0.5737
84.59563,0.5649
84.60577,0.5633
84.61592,0.5494
84.62607,0.5538
84.63622,0.5567
84.64636,0.5633
84.65651,0.5591
84.66666,0.5603
84.67672,0.5524
84.68667,0.5507
84.69662,0.5575
84.70658,0.5536
84.71654,0.5413
84.72649,0.5491
84.73645,0.5529
84.74641,0.5456
84.75636,0.5533
84.76631,0.552
84.77627,0.5614
84.78622,0.5468
84.79618,0.5492
84.80623,0.5331
84.81627,0.5498
84.82631,0.5593
84.83635,0.5625
84.84639,0.5629
84.85643,0.5478
84.86647,0.553
84.87651,0.5575
84.88656,0.5513
84.8966,0.5486
84.90664,0.5579
84.91668,0.5601
84.92664,0.5582
84.93653,0.5478
84.94642,0.5403
84.95631,0.5389
84.96619,0.5502
84.97607,0.5583
84.98596,0.5691
84.99585,0.5568
85.00574,0.5527
85.01563,0.5434
85.02551,0.548
85.03539,0.5495
85.04528,0.563
85.05539,0.5664
85.0655,0.5638
85.07561,0.5653
85.08572,0.5508
85.09582,0.5348
85.10593,0.5425
85.11604,0.5472
85.12614,0.5615
85.13625,0.5694
85.14636,0.5778
85.15647,0.5658
85.16658,0.5552
85.17661,0.555
85.18653,0.5511
85.19646,0.5413
85.20638,0.5524
85.2163,0.5474
85.22622,0.5435
85.23615,0.5385
85.24606,0.5549
85.25599,0.5625
85.26591,0.567
85.27583,0.5692
85.28575,0.5606
85.29568,0.558
85.30566,0.5648
85.31564,0.5547
85.32561,0.5581
85.33559,0.5563
85.34557,0.5447
85.35555,0.5286
85.36553,0.5341
85.37551,0.5476
85.38549,0.5613
85.39547,0.5606
85.40545,0.5606
85.41543,0.5499
85.42542,0.5401
85.43545,0.5519
85.44547,0.55
85.45549,0.561
85.46551,0.558
85.47553,0.5579
85.48555,0.5536
85.49557,0.5441
85.50559,0.5423
85.51562,0.5375
85.52563,0.5318
85.53566,0.5433
85.54568,0.5566
85.55566,0.5522
85.56565,0.5616
85.57565,0.5565
85.58563,0.5603
85.59562,0.5643
85.60561,0.5486
85.61559,0.5484
85.62559,0.5375
85.63557,0.5394
85.64556,0.5341
85.65555,0.5355
85.66553,0.5392
85.67558,0.5523
85.68567,0.5615
85.69576,0.5573
85.70584,0.5459
85.71593,0.5475
85.72601,0.5425
85.7361,0.5397
85.74619,0.5518
85.75627,0.5591
85.76636,0.5649
85.77644,0.5562
85.78653,0.5471
85.79662,0.5208
85.8066,0.5355
85.81659,0.5424
85.82658,0.5467
85.83657,0.5548
85.84656,0.5432
85.85654,0.545
85.86653,0.5508
85.87652,0.5546
85.88651,0.5532
85.89649,0.5567
85.90648,0.5399
85.91647,0.5232
85.92647,0.5247
85.93646,0.5334
85.94646,0.5321
85.95645,0.5227
85.96645,0.5148
85.97645,0.5239
85.98644,0.5381
85.99644,0.5419
86.00643,0.5362
86.01643,0.5131
86.02642,0.5073
86.03642,0.5062
86.04641,0.5109
86.05643,0.5074
86.06646,0.5101
86.07648,0.4969
86.0865,0.5021
86.09653,0.5091
86.10655,0.5153
86.11658,0.5286
86.1266,0.524
86.13663,0.521
86.14664,0.5197
86.15667,0.5246
86.16669,0.5228
86.1767,0.5239
86.18669,0.5207
86.19667,0.5239
86.20665,0.5209
86.21663,0.5171
86.22661,0.515
86.23659,0.5135
86.24657,0.5146
86.25655,0.5243
86.26653,0.5341
86.27651,0.527
86.28649,0.5332
86.29647,0.5322
86.30645,0.5307
86.31642,0.5297
86.32639,0.5268
86.33637,0.5213
86.34634,0.5209
86.35632,0.5382
86.36629,0.5422
86.37627,0.55
86.38625,0.5432
86.39622,0.537
86.4062,0.5094
86.41617,0.5169
86.42616,0.5234
86.43616,0.5362
86.44617,0.5449
86.45618,0.5493
86.46618,0.5546
86.47619,0.549
86.48619,0.5294
86.4962,0.5255
86.5062,0.5373
86.51621,0.5391
86.52621,0.5459
86.53622,0.5601
86.54623,0.5467
