time_s,measured_value
0.00994,0.1358
0.01988,0.1439
0.02982,0.1408
0.03976,0.1342
0.0497,0.1358
0.05964,0.125
0.06958,0.1245
0.07952,0.1287
0.08946,0.127
0.0994,0.1271
0.10934,0.1326
0.11928,0.1371
0.12925,0.1401
0.13924,0.1376
0.14923,0.1325
0.15922,0.1223
0.16921,0.1162
0.1792,0.12
0.18919,0.122
0.19918,0.136
0.20918,0.1381
0.21917,0.137
0.22916,0.1394
0.23915,0.1463
0.24914,0.1397
0.25915,0.1465
0.26916,0.1318
0.27916,0.128
0.28917,0.1213
0.29917,0.1186
0.30918,0.1222
0.31918,0.1242
0.32919,0.1229
0.3392,0.1292
0.3492,0.1298
0.35921,0.1316
0.36921,0.1318
0.37921,0.1314
0.38919,0.1302
0.39918,0.1281
0.40916,0.1262
0.41914,0.1256
0.42913,0.1355
0.43911,0.1367
0.44909,0.1386
0.45908,0.1405
0.46906,0.1409
0.47904,0.1446
0.48903,0.1289
0.49901,0.1334
0.50903,0.1255
0.51905,0.1139
0.52907,0.1239
0.53909,0.1395
0.54911,0.1446
0.55912,0.1428
0.56914,0.1389
0.57916,0.1373
0.58918,0.1359
0.5992,0.1338
0.60922,0.1309
0.61923,0.1129
0.62923,0.1175
0.63921,0.1249
0.64918,0.1333
0.65916,0.1378
0.66913,0.1446
0.6791,0.1417
0.68908,0.1331
0.69905,0.1304
0.70903,0.1215
0.719,0.1232
0.72897,0.1198
0.73895,0.1287
0.74892,0.1388
0.75894,0.1417
0.76896,0.1421
0.77898,0.1382
0.789,0.1299
0.79902,0.1373
0.80904,0.1268
0.81905,0.127
0.82907,0.1262
0.83909,0.1335
0.84911,0.1391
0.85913,0.1337
0.86915,0.1427
0.8792,0.1352
0.88929,0.1454
0.89938,0.1465
0.90947,0.1422
0.91956,0.1363
0.92965,0.1268
0.93973,0.109
0.94982,0.1144
0.95991,0.1218
0.97,0.1428
0.98009,0.1505
0.99018,0.1582
1.00027,0.1555
1.01027,0.1407
1.02027,0.1119
1.03027,0.1087
1.04027,0.1105
1.05027,0.1259
1.06027,0.1336
1.07027,0.1404
1.08027,0.1532
1.09027,0.154
1.10026,0.1468
1.11026,0.1458
1.12026,0.1307
1.13025,0.1115
1.14021,0.1166
1.15017,0.1183
1.16013,0.1248
1.17009,0.131
1.18005,0.1513
1.19001,0.1501
1.19997,0.1575
1.20993,0.1466
1.21989,0.1369
1.22985,0.1244
1.23981,0.1199
1.24977,0.1165
1.2598,0.1276
1.26983,0.1408
1.27986,0.1452
1.28989,0.1485
1.29992,0.1429
1.30995,0.131
1.31997,0.125
1.33,0.1265
1.34003,0.1274
1.35006,0.1337
1.36009,0.1306
1.37012,0.1351
1.38011,0.1362
1.39006,0.1446
1.40002,0.1512
1.40997,0.1454
1.41992,0.1313
1.42987,0.1208
1.43983,0.1228
1.44978,0.1082
1.45973,0.1172
1.46968,0.1233
1.47964,0.1326
1.48959,0.1488
1.49954,0.1563
1.50955,0.1565
1.51956,0.1297
1.52957,0.1166
1.53958,0.1115
1.54959,0.118
1.5596,0.1241
1.56961,0.1256
1.57962,0.119
1.58963,0.1331
1.59964,0.1448
1.60965,0.1591
1.61966,0.1506
1.62967,0.1373
1.63966,0.1241
1.64966,0.1192
1.65966,0.1292
1.66965,0.1243
1.67965,0.1361
1.68965,0.1361
1.69965,0.1375
1.70964,0.1359
1.71964,0.1304
1.72964,0.1395
1.73963,0.1373
1.74963,0.1369
1.75963,0.1318
1.76963,0.1268
1.77962,0.1206
1.78962,0.119
1.79962,0.132
1.80961,0.1366
1.81961,0.138
1.8296,0.1352
1.8396,0.1404
1.8496,0.14
1.85959,0.132
1.86959,0.121
1.87961,0.1147
1.88961,0.1172
1.89962,0.1328
1.90962,0.1542
1.91962,0.1483
1.92963,0.1369
1.93963,0.1358
1.94964,0.1441
1.95964,0.1488
1.96965,0.1328
1.97965,0.1257
1.98966,0.1351
1.99966,0.129
2.00966,0.1331
2.01966,0.1385
2.02966,0.1432
2.03965,0.1468
2.04965,0.1433
2.05965,0.1449
2.06965,0.1349
2.07965,0.1198
2.08964,0.1219
2.09964,0.1294
2.10964,0.1334
2.11964,0.1418
2.12967,0.1402
2.13973,0.1384
2.1498,0.142
2.15986,0.1502
2.16992,0.1463
2.17999,0.1509
2.19005,0.1307
2.20011,0.1195
2.21018,0.1309
2.22024,0.1374
2.2303,0.1467
2.24037,0.1518
2.25043,0.1482
2.26047,0.1427
2.2705,0.132
2.28053,0.1413
2.29056,0.1399
2.3006,0.1379
2.31063,0.1311
2.32066,0.1268
2.3307,0.1413
2.34073,0.1467
2.35076,0.1477
2.36079,0.1525
2.37083,0.1539
2.38087,0.1355
2.39093,0.1248
2.40098,0.1188
2.41104,0.1216
2.42109,0.1319
2.43115,0.1399
2.4412,0.1336
2.45126,0.138
2.46131,0.1408
2.47137,0.1411
2.48142,0.1424
2.49148,0.1403
2.50153,0.1384
2.51144,0.1372
2.52134,0.1243
2.53125,0.128
2.54115,0.1318
2.55106,0.1318
2.56096,0.139
2.57087,0.1377
2.58077,0.1314
2.59067,0.1359
2.60058,0.1368
2.61048,0.1412
2.62039,0.1396
2.63039,0.1313
2.64049,0.1317
2.65058,0.1258
2.66068,0.1282
2.67078,0.1301
2.68087,0.1325
2.69097,0.1437
2.70106,0.1439
2.71116,0.1422
2.72126,0.1431
2.73135,0.1303
2.74145,0.1274
2.75154,0.1243
2.7615,0.1342
2.77144,0.136
2.78139,0.151
2.79134,0.1545
2.80129,0.1483
2.81124,0.1447
2.82119,0.135
2.83114,0.1256
2.84108,0.129
2.85103,0.1365
2.86098,0.1299
2.87093,0.1386
2.88088,0.1419
2.89081,0.1373
2.90075,0.1471
2.91069,0.141
2.92063,0.1414
2.93056,0.1453
2.9405,0.1435
2.95044,0.1358
2.96038,0.1294
2.97031,0.1358
2.98025,0.1484
2.99019,0.1467
3.00013,0.1473
3.01012,0.1466
3.02012,0.141
3.03011,0.1441
3.0401,0.1407
3.0501,0.1317
3.06009,0.1367
3.07008,0.1462
3.08008,0.1415
3.09007,0.1334
3.10006,0.1509
3.11006,0.1416
3.12005,0.1486
3.13005,0.1495
3.14006,0.1506
3.15006,0.1502
3.16006,0.1418
3.17006,0.1338
3.18007,0.1466
3.19007,0.1477
3.20007,0.1529
3.21008,0.1469
3.22008,0.1536
3.23008,0.1407
3.24009,0.1387
3.25009,0.1427
3.2602,0.1345
3.2703,0.1419
3.28041,0.1312
3.29051,0.1373
3.30062,0.1349
3.31072,0.1435
3.32082,0.1462
3.33093,0.1477
3.34103,0.1505
3.35114,0.1341
3.36124,0.1302
3.37135,0.1369
3.38154,0.1254
3.39181,0.1406
3.40207,0.1406
3.41234,0.1406
3.42261,0.1491
3.43288,0.1439
3.44315,0.1464
3.45342,0.1386
3.46369,0.1277
3.47396,0.1402
3.48423,0.1372
3.4945,0.1437
3.50477,0.1411
3.51449,0.1349
3.52422,0.1338
3.53394,0.1335
3.54367,0.1428
3.55339,0.1571
3.56312,0.1607
3.57284,0.1507
3.58257,0.1341
3.5923,0.1243
3.60202,0.1351
3.61175,0.1398
3.62147,0.1473
3.63132,0.1525
3.64128,0.1477
3.65125,0.1471
3.66121,0.1344
3.67117,0.1339
3.68114,0.1366
3.6911,0.1315
3.70107,0.1293
3.71103,0.1423
3.72099,0.1409
3.73096,0.1504
3.74092,0.1614
3.75088,0.1541
3.76088,0.1503
3.77088,0.1348
3.78088,0.134
3.79087,0.1268
3.80087,0.1233
3.81087,0.1383
3.82086,0.1479
3.83086,0.155
3.84086,0.138
3.85085,0.1419
3.86085,0.1504
3.87085,0.1436
3.88086,0.1352
3.89088,0.1353
3.9009,0.126
3.91092,0.1369
3.92094,0.1359
3.93096,0.1467
3.94098,0.1574
3.951,0.1526
3.96102,0.1485
3.97104,0.1375
3.98106,0.1296
3.99108,0.1299
4.0011,0.1278
4.01118,0.1377
4.02127,0.1289
4.03136,0.1391
4.04144,0.1361
4.05153,0.1491
4.06162,0.1446
4.0717,0.1465
4.08179,0.1427
4.09187,0.1323
4.10196,0.1224
4.11205,0.1161
4.12213,0.125
4.13217,0.1298
4.14212,0.1436
4.15206,0.1511
4.16201,0.1535
4.17196,0.1476
4.18191,0.1308
4.19185,0.1247
4.2018,0.1156
4.21175,0.1163
4.2217,0.1308
4.23165,0.1366
4.24159,0.1437
4.25154,0.1408
4.26152,0.1323
4.27149,0.1353
4.28146,0.1419
4.29143,0.1383
4.3014,0.1364
4.31137,0.126
4.32134,0.1324
4.33131,0.136
4.34128,0.1369
4.35126,0.148
4.36123,0.1475
4.3712,0.1504
4.3812,0.1369
4.39124,0.1354
4.40128,0.1345
4.41132,0.1448
4.42136,0.149
4.4314,0.142
4.44144,0.1324
4.45147,0.1335
4.46151,0.1386
4.47155,0.148
4.48159,0.1542
4.49163,0.1585
4.50167,0.143
4.5117,0.1512
4.52172,0.1365
4.53175,0.1339
4.54177,0.1432
4.5518,0.1421
4.56182,0.1437
4.57185,0.138
4.58187,0.1322
4.5919,0.1486
4.60192,0.1489
4.61195,0.1429
4.62198,0.1473
4.63201,0.1438
4.64202,0.1309
4.65202,0.1431
4.66203,0.1426
4.67203,0.1424
4.68204,0.1518
4.69205,0.1514
4.70205,0.1528
4.71206,0.1366
4.72207,0.1263
4.73207,0.1325
4.74208,0.1315
4.75208,0.1352
4.76208,0.1437
4.77206,0.1409
4.78205,0.1492
4.79204,0.1569
4.80203,0.1439
4.81202,0.1338
4.82201,0.1359
4.832,0.1337
4.84198,0.1365
4.85197,0.1471
4.86196,0.1509
4.87195,0.1431
4.88195,0.142
4.89195,0.1461
4.90195,0.1284
4.91195,0.1346
4.92195,0.1416
4.93195,0.1488
4.94195,0.1381
4.95195,0.1391
4.96195,0.139
4.97196,0.1489
4.98196,0.1496
4.99196,0.1502
5.00196,0.1472
5.01193,0.1418
5.02189,0.1424
5.03186,0.1368
5.04182,0.1269
5.05179,0.1287
5.06175,0.1407
5.07172,0.1585
5.08168,0.1677
5.09165,0.1645
5.10161,0.1577
5.11158,0.147
5.12154,0.1237
5.13154,0.1144
5.14157,0.1231
5.15159,0.1371
5.16162,0.1475
5.17165,0.1529
5.18167,0.1559
5.1917,0.1579
5.20172,0.1524
5.21175,0.1377
5.22178,0.1324
5.2318,0.1318
5.24183,0.1311
5.25185,0.1196
5.26186,0.1394
5.27185,0.1518
5.28185,0.1602
5.29185,0.158
5.30185,0.1543
5.31185,0.147
5.32185,0.1409
5.33185,0.1429
5.34184,0.135
5.35184,0.1363
5.36184,0.1374
5.37184,0.1359
5.38182,0.1474
5.39178,0.1521
5.40174,0.1566
5.4117,0.1518
5.42166,0.1486
5.43162,0.145
5.44158,0.1365
5.45154,0.1454
5.4615,0.1457
5.47146,0.1505
5.48142,0.1481
5.49138,0.1569
5.50134,0.1476
5.51144,0.1375
5.52153,0.1427
5.53161,0.1402
5.5417,0.1434
5.55179,0.1446
5.56188,0.1518
5.57197,0.1488
5.58206,0.1432
5.59215,0.1512
5.60224,0.1501
5.61233,0.1458
5.62242,0.1527
5.63246,0.1568
5.64246,0.1483
5.65245,0.1406
5.66245,0.1297
5.67244,0.1439
5.68244,0.134
5.69243,0.142
5.70242,0.1485
5.71242,0.1551
5.72241,0.147
5.73241,0.15
5.7424,0.1414
5.7524,0.1416
5.76242,0.1338
5.77244,0.1396
5.78247,0.1446
5.79249,0.1509
5.80251,0.1578
5.81253,0.1575
5.82256,0.1497
5.83258,0.1418
5.8426,0.1321
5.85262,0.1462
5.86265,0.1323
5.87267,0.1465
5.88272,0.1466
5.89279,0.1566
5.90286,0.1556
5.91293,0.1473
5.923,0.1421
5.93307,0.15
5.94314,0.1454
5.95321,0.1402
5.96328,0.1443
5.97335,0.1412
5.98342,0.1406
5.9935,0.1382
6.00357,0.145
6.01349,0.1548
6.02341,0.1614
6.03333,0.1522
6.04325,0.1419
6.05317,0.1384
6.06309,0.1389
6.07301,0.1355
6.08294,0.1417
6.09286,0.1511
6.10278,0.1536
6.1127,0.1508
6.12262,0.1525
6.1326,0.1465
6.14265,0.1396
6.15269,0.1425
6.16274,0.1475
6.17278,0.1515
6.18282,0.1432
6.19287,0.1452
6.20291,0.1551
6.21295,0.1487
6.223,0.1445
6.23304,0.1424
6.24309,0.1411
6.25313,0.1515
6.26308,0.1448
6.27303,0.148
6.28298,0.1549
6.29293,0.1402
6.30288,0.148
6.31283,0.1519
6.32278,0.1471
6.33272,0.1614
6.34267,0.1679
6.35262,0.161
6.36257,0.1484
6.37252,0.1342
6.38254,0.138
6.39262,0.1475
6.40269,0.1626
6.41277,0.1729
6.42285,0.1728
6.43293,0.1646
6.443,0.1656
6.45308,0.1545
6.46316,0.1449
6.47324,0.1377
6.48332,0.1418
6.49339,0.1458
6.50347,0.155
6.51341,0.161
6.52332,0.164
6.53324,0.1557
6.54316,0.1465
6.55308,0.1539
6.56299,0.1545
6.57291,0.1468
6.58283,0.1508
6.59274,0.1511
6.60266,0.1459
6.61258,0.156
6.6225,0.1497
6.63248,0.1534
6.64253,0.1567
6.65257,0.1555
6.66262,0.1554
6.67267,0.1536
6.68271,0.1522
6.69276,0.1488
6.70281,0.1512
6.71285,0.1467
6.7229,0.15
6.73295,0.1497
6.74299,0.1636
6.75304,0.1566
6.76307,0.1459
6.7731,0.1451
6.78312,0.1432
6.79314,0.1449
6.80317,0.1533
6.81319,0.1548
6.82322,0.1521
6.83324,0.1536
6.84326,0.1505
6.85329,0.154
6.86331,0.1648
6.87333,0.1527
6.88335,0.1427
6.89336,0.144
6.90336,0.1351
6.91337,0.15
6.92338,0.1484
6.93338,0.1561
6.94339,0.1519
6.9534,0.1466
6.9634,0.1491
6.97341,0.1565
6.98341,0.1536
6.99342,0.1562
7.00343,0.1463
7.01337,0.1358
7.02332,0.141
7.03326,0.1487
7.04321,0.1476
7.05315,0.1503
7.06309,0.1573
7.07304,0.1536
7.08298,0.15
7.09293,0.1554
7.10287,0.1484
7.11281,0.1467
7.12276,0.1428
7.13275,0.1483
7.14278,0.1541
7.15281,0.1449
7.16284,0.1444
7.17287,0.1462
7.1829,0.144
7.19293,0.1514
7.20296,0.1435
7.21299,0.1623
7.22302,0.1579
7.23305,0.1621
7.24308,0.1545
7.25311,0.1497
7.26309,0.1437
7.27306,0.1367
7.28304,0.1442
7.29301,0.1648
7.30299,0.1683
7.31296,0.1628
7.32294,0.1556
7.33292,0.1616
7.34289,0.1551
7.35287,0.1581
7.36284,0.1533
7.37282,0.1563
7.38284,0.1476
7.3929,0.1533
7.40296,0.1575
7.41302,0.1612
7.42308,0.1696
7.43314,0.1497
7.4432,0.1497
7.45326,0.1545
7.46332,0.1559
7.47338,0.1527
7.48344,0.1534
7.4935,0.1487
7.50356,0.1492
7.51353,0.1403
7.52349,0.1495
7.53346,0.1547
7.54342,0.1583
7.55338,0.1657
7.56335,0.16
7.57331,0.1562
7.58328,0.1569
7.59324,0.1543
7.60321,0.1496
7.61317,0.1554
7.62313,0.1538
7.63315,0.1498
7.64321,0.15
7.65327,0.1556
7.66333,0.1623
7.67339,0.1728
7.68345,0.1632
7.69351,0.1584
7.70357,0.159
7.71363,0.1495
7.72369,0.1464
7.73375,0.1603
7.74381,0.1535
7.75387,0.1595
7.76384,0.1631
7.77382,0.1585
7.7838,0.1587
7.79377,0.1599
7.80375,0.1578
7.81372,0.1572
7.8237,0.1575
7.83367,0.1592
7.84365,0.151
7.85363,0.1532
7.8636,0.1659
7.87358,0.1633
7.88357,0.1567
7.89356,0.1595
7.90356,0.1514
7.91356,0.1593
7.92356,0.1632
7.93355,0.1646
7.94355,0.1524
7.95355,0.152
7.96354,0.1413
7.97354,0.1539
7.98354,0.152
7.99354,0.1582
8.00353,0.1577
8.01353,0.1633
8.02353,0.1658
8.03353,0.1657
8.04352,0.1625
8.05352,0.1564
8.06352,0.1421
8.07351,0.143
8.08351,0.1455
8.09351,0.152
8.10351,0.1595
8.1135,0.1629
8.1235,0.1682
8.1335,0.1582
8.14349,0.159
8.15349,0.1565
8.16349,0.1563
8.17348,0.1441
8.18348,0.1558
8.19347,0.1554
8.20347,0.167
8.21346,0.1607
8.22346,0.1681
8.23346,0.1635
8.24345,0.1562
8.25345,0.1515
8.26347,0.1562
8.27349,0.1575
8.28351,0.1528
8.29353,0.1544
8.30354,0.1645
8.31356,0.1566
8.32358,0.1584
8.3336,0.1613
8.34362,0.1639
8.35364,0.1672
8.36366,0.1643
8.37368,0.1637
8.3837,0.1625
8.39371,0.1528
8.40371,0.1615
8.41372,0.155
8.42373,0.1507
8.43374,0.158
8.44375,0.1571
8.45375,0.1645
8.46376,0.161
8.47377,0.1565
8.48378,0.1597
8.49378,0.1702
8.50379,0.1689
8.51377,0.1615
8.52374,0.1494
8.53371,0.1527
8.54369,0.1571
8.55366,0.1668
8.56364,0.1675
8.57361,0.1582
8.58358,0.1547
8.59355,0.162
8.60353,0.1631
8.6135,0.1629
8.62348,0.1588
8.63346,0.1556
8.64346,0.1502
8.65345,0.1504
8.66345,0.1633
8.67345,0.157
8.68344,0.1626
8.69344,0.1611
8.70343,0.1552
8.71343,0.1595
8.72343,0.161
8.73342,0.1542
8.74342,0.1606
8.75341,0.1665
8.76341,0.1608
8.77341,0.159
8.7834,0.1656
8.79339,0.1604
8.80339,0.1624
8.81338,0.1506
8.82338,0.1609
8.83337,0.1516
8.84336,0.162
8.85336,0.1652
8.86335,0.1566
8.87334,0.1519
8.88339,0.1579
8.89349,0.1693
8.90359,0.1699
8.91369,0.155
8.92379,0.1595
8.93389,0.1666
8.94398,0.1684
8.95408,0.1616
8.96418,0.1608
8.97428,0.1645
8.98438,0.1639
8.99448,0.1672
9.00458,0.1659
9.01455,0.1635
9.02453,0.1677
9.03451,0.16
9.04448,0.1536
9.05446,0.1618
9.06443,0.1539
9.07441,0.1643
9.08438,0.1586
9.09436,0.1611
9.10433,0.1651
9.11431,0.1735
9.12428,0.1637
9.13433,0.1638
9.14442,0.1567
9.15451,0.1503
9.1646,0.1578
9.17469,0.1666
9.18478,0.1638
9.19486,0.1711
9.20495,0.167
9.21504,0.1697
9.22513,0.1699
9.23522,0.1741
9.24531,0.1683
9.2554,0.162
9.26533,0.1623
9.27525,0.1548
9.28518,0.1677
9.2951,0.1663
9.30503,0.1656
9.31495,0.1733
9.32487,0.167
9.3348,0.1696
9.34472,0.1673
9.35465,0.1641
9.36457,0.1618
9.3745,0.1606
9.38451,0.1644
9.39458,0.1645
9.40465,0.1645
9.41472,0.1652
9.42479,0.1674
9.43486,0.1724
9.44493,0.1644
9.455,0.1601
9.46507,0.154
9.47514,0.1546
9.48521,0.161
9.49528,0.1595
9.50535,0.1661
9.51526,0.1722
9.52516,0.1698
9.53506,0.1698
9.54496,0.1528
9.55486,0.1563
9.56475,0.1589
9.57465,0.1635
9.58455,0.158
9.59445,0.1614
9.60435,0.1552
9.61425,0.1633
9.62415,0.1654
9.63412,0.174
9.64414,0.1724
9.65416,0.1688
9.66417,0.1651
9.67419,0.1733
9.68421,0.1625
9.69423,0.1586
9.70425,0.1576
9.71427,0.1653
9.72429,0.1697
9.73431,0.1577
9.74433,0.1675
9.75435,0.1587
9.76436,0.151
9.77437,0.1529
9.78438,0.1521
9.79438,0.1604
9.80439,0.1663
9.8144,0.1793
9.82441,0.1626
9.83442,0.1563
9.84443,0.1481
9.85444,0.16
9.86444,0.1569
9.87445,0.1645
9.88447,0.1689
9.89445,0.1731
9.90443,0.1508
9.91442,0.1605
9.9244,0.16
9.93439,0.1651
9.94437,0.1727
9.95435,0.1738
9.96434,0.1613
9.97432,0.161
9.9843,0.1472
9.99429,0.1487
10.00427,0.1495
10.01432,0.1568
10.02435,0.1638
10.0344,0.1569
10.04444,0.155
10.05447,0.1646
10.06452,0.1605
10.07455,0.1562
10.08459,0.1647
10.09463,0.1652
10.10467,0.1707
10.11471,0.1646
10.12475,0.1623
10.13478,0.1652
10.14479,0.1553
10.1548,0.164
10.16481,0.1524
10.17482,0.1543
10.18483,0.1597
10.19484,0.162
10.20485,0.1718
10.21486,0.1691
10.22487,0.1563
10.23488,0.1635
10.24489,0.1595
10.2549,0.1534
10.2649,0.1607
10.2749,0.1594
10.2849,0.1687
10.2949,0.158
10.30491,0.1552
10.31491,0.1569
10.32491,0.161
10.33491,0.1637
10.34491,0.1614
10.35491,0.1487
10.36491,0.1567
10.37491,0.156
10.38493,0.1718
10.39495,0.1808
10.40497,0.1725
10.41499,0.1592
10.42501,0.1472
10.43503,0.1531
10.44505,0.1829
10.45507,0.1942
10.46509,0.1718
10.47511,0.1629
10.48513,0.1809
10.49515,0.1536
10.50517,0.1371
10.51518,0.1396
10.52517,0.1605
10.53516,0.1707
10.54515,0.1875
10.55514,0.1911
10.56513,0.171
10.57511,0.161
10.5851,0.1587
10.59509,0.1729
10.60508,0.1877
10.61507,0.2066
10.62506,0.2058
10.63505,0.1981
10.64503,0.1766
10.65501,0.1479
10.66499,0.1505
10.67497,0.1637
10.68495,0.1592
10.69493,0.1459
10.70491,0.1211
10.71489,0.1175
10.72487,0.1451
10.73485,0.1695
10.74484,0.1977
10.75482,0.2131
10.76484,0.1795
10.77486,0.1378
10.78487,0.1268
10.79489,0.124
10.80491,0.1402
10.81493,0.1626
10.82495,0.1814
10.83497,0.1837
10.84498,0.1576
10.855,0.1399
10.86502,0.1358
10.87504,0.1329
10.88505,0.1366
10.89505,0.1536
10.90505,0.1507
10.91505,0.1239
10.92505,0.1188
10.93505,0.1318
10.94505,0.1448
10.95505,0.1479
10.96504,0.1265
10.97505,0.1166
10.98504,0.1083
10.99504,0.095
11.00504,0.0916
11.01503,0.0834
11.02501,0.064
11.03499,0.0574
11.04497,0.0441
11.05496,0.0374
11.06494,0.0433
11.07492,0.0409
11.0849,0.0533
11.09488,0.0637
11.10486,0.0707
11.11485,0.0723
11.12483,0.0517
11.13486,0.0471
11.14495,0.0538
11.15503,0.044
11.16512,0.0409
11.1752,0.0611
11.18528,0.09
11.19537,0.0797
11.20545,0.0844
11.21553,0.0835
11.22562,0.0813
11.2357,0.0953
11.24579,0.0947
11.25587,0.091
11.26588,0.0902
11.27588,0.0896
11.28589,0.0765
11.29589,0.1092
11.3059,0.1381
11.3159,0.1751
11.32591,0.2077
11.33591,0.2486
11.34592,0.282
11.35592,0.27
11.36593,0.2483
11.37593,0.2407
11.38594,0.2388
11.39594,0.2287
11.40594,0.2163
11.41594,0.2216
11.42594,0.2272
11.43594,0.2392
11.44593,0.2289
11.45593,0.2201
11.46593,0.1945
11.47593,0.1459
11.48593,0.1152
11.49593,0.11
11.50593,0.1579
11.51593,0.2224
11.52592,0.2799
11.53591,0.2577
11.5459,0.1918
11.55589,0.136
11.56588,0.0905
11.57587,0.0317
11.58586,-0.0376
11.59585,-0.0911
11.60584,-0.1129
11.61584,-0.1241
11.62583,-0.1117
11.63583,-0.0746
11.64583,-0.0424
11.65583,-0.0119
11.66583,-0.086
11.67583,-0.0638
11.68583,0.0132
11.69583,0.1009
11.70583,0.1821
11.71583,0.2315
11.72583,0.2912
11.73583,0.3587
11.74584,0.4384
11.75584,0.542
11.76583,0.6057
11.77583,0.6379
11.78582,0.5666
11.79581,0.5087
11.8058,0.5039
11.8158,0.4553
11.82579,0.4135
11.83578,0.4131
11.84578,0.4468
11.85577,0.4869
11.86576,0.518
11.87575,0.575
11.88575,0.6127
11.89575,0.6394
11.90574,0.6732
11.91574,0.6987
11.92574,0.7225
11.93573,0.7777
11.94573,0.8544
11.95572,0.9606
11.96572,1.1027
11.97572,1.2985
11.98571,1.4781
11.99571,1.5874
12.0057,1.7173
12.01571,1.8052
12.0257,1.7613
12.0357,1.6337
12.0457,1.6011
12.0557,1.7018
12.0657,1.964
12.0757,2.1455
12.0857,2.1832
12.09569,2.1547
12.10569,2.0537
12.11569,1.9014
12.12569,1.6796
12.13569,1.4243
12.14569,1.207
12.15568,0.9847
12.16568,0.7906
12.17567,0.6164
12.18567,0.4437
12.19567,0.2826
12.20566,0.161
12.21566,0.0792
12.22565,0.0466
12.23565,0.0597
12.24565,0.1088
12.25564,0.1534
12.26565,0.1718
12.27565,0.1756
12.28565,0.1953
12.29565,0.2501
12.30565,0.2934
12.31565,0.3117
12.32566,0.3107
12.33566,0.3268
12.34566,0.3667
12.35566,0.4339
12.36566,0.4835
12.37566,0.543
12.3857,0.6471
12.39577,0.7868
12.40585,0.9391
12.41592,1.1309
12.42599,1.3106
12.43606,1.4229
12.44613,1.5595
12.45621,1.6571
12.46628,1.7347
12.47635,1.7694
12.48642,1.7453
12.49649,1.7057
12.50657,1.7013
12.51657,1.7057
12.52656,1.7237
12.53656,1.7656
12.54655,1.7066
12.55655,1.356
12.56654,0.9006
12.57654,0.7758
12.58653,0.4563
12.59653,0.6145
12.60652,0.9738
12.61652,1.4613
12.62651,1.9512
12.63651,2.6781
12.64651,3.1567
12.65651,3.3683
12.66651,3.1201
12.67651,2.5503
12.68651,1.9003
12.69651,1.3256
12.70651,0.8972
12.71651,0.5752
12.72651,0.3262
12.73651,0.1642
12.74651,0.0803
12.75651,-0.0024
12.76649,-0.0406
12.77646,-0.071
12.78643,-0.1149
12.7964,-0.144
12.80638,-0.2021
12.81635,-0.246
12.82632,-0.2883
12.83629,-0.3261
12.84626,-0.3097
12.85623,-0.303
12.86621,-0.2463
12.87618,-0.2543
12.8862,-0.2684
12.89622,-0.1353
12.90625,-0.1515
12.91628,-0.0955
12.92631,-0.1329
12.93634,-0.1376
12.94636,-0.1683
12.95639,-0.1956
12.96642,-0.1858
12.97645,-0.1539
12.98647,-0.122
12.9965,-0.0585
13.00653,-0.0056
13.01652,0.0438
13.02652,0.092
13.03651,0.1393
13.0465,0.1745
13.0565,0.2104
13.06649,0.2511
13.07648,0.3275
13.08648,0.3392
13.09647,0.4501
13.10646,0.6051
13.11646,0.7154
13.12645,0.6462
13.13645,0.9568
13.14644,1.1689
13.15644,1.6518
13.16643,1.9057
13.17643,2.1205
13.18643,2.1099
13.19642,2.4062
13.20642,2.79
13.21641,3.1915
13.22641,3.4229
13.2364,3.4751
13.2464,3.6338
13.2564,3.4594
13.26637,3.1993
13.27634,3.2812
13.28631,3.098
13.29628,2.68
13.30625,2.2502
13.31622,1.9461
13.32619,1.7212
13.33616,1.5059
13.34613,1.3019
13.3561,1.1644
13.36607,1.0802
13.37604,1.0218
13.38602,0.9395
13.39601,0.8296
13.406,0.703
13.41599,0.6497
13.42597,0.6099
13.43596,0.5483
13.44595,0.4409
13.45593,0.256
13.46592,0.1623
13.47591,0.0589
13.48589,-0.0887
13.49588,-0.277
13.50587,-0.4465
13.51598,-0.5863
13.52609,-0.6474
13.53621,-0.6954
13.54632,-0.6772
13.55643,-0.7237
13.56654,-0.6732
13.57665,-0.6673
13.58677,-0.5884
13.59688,-0.5008
13.60699,-0.376
13.6171,-0.2209
13.62721,-0.0944
13.63727,0.034
13.64727,0.1516
13.65727,0.1653
13.66728,0.2267
13.67728,0.2714
13.68728,0.3241
13.69728,0.3884
13.70728,0.4486
13.71728,0.5023
13.72728,0.5669
13.73728,0.6481
13.74728,0.7172
13.75728,0.7603
13.76727,0.7702
13.77727,0.7722
13.78726,0.7626
13.79725,0.7844
13.80724,0.8403
13.81723,0.9084
13.82723,0.9857
13.83722,1.0672
13.84721,1.1339
13.8572,1.2231
13.86719,1.3203
13.87718,1.4229
13.88718,1.5028
13.89718,1.573
13.90717,1.5937
13.91717,1.5922
13.92716,1.7326
13.93716,1.8307
13.94715,1.9578
13.95715,1.9949
13.96715,2.025
13.97714,2.0405
13.98714,2.0316
13.99713,1.9992
14.00713,1.9459
14.01713,1.878
14.02712,1.806
14.03712,1.7248
14.04711,1.6452
14.05711,1.5631
14.06711,1.481
14.0771,1.3768
14.0871,1.2615
14.0971,1.1428
14.10709,1.0067
14.11709,0.8851
14.12709,0.7974
14.13709,0.7399
14.14708,0.7089
14.15708,0.6861
14.16707,0.6517
14.17707,0.6318
14.18706,0.5846
14.19706,0.5273
14.20706,0.4776
14.21705,0.4336
14.22705,0.3762
14.23704,0.3593
14.24704,0.3447
14.25703,0.3432
14.26703,0.3486
14.27702,0.3714
14.28701,0.4202
14.29701,0.4294
14.307,0.3852
14.31699,0.3293
14.32699,0.3148
14.33698,0.3091
14.34697,0.2996
14.35697,0.3083
14.36696,0.3481
14.37695,0.4075
14.38695,0.4659
14.39695,0.5009
14.40696,0.4845
14.41696,0.4718
14.42696,0.4735
14.43696,0.469
14.44697,0.4878
14.45697,0.5324
14.46697,0.6114
14.47697,0.6945
14.48697,0.7902
14.49698,0.8985
14.50698,1.0116
14.51703,1.1512
14.52708,1.3267
14.53713,1.5035
14.54718,1.6535
14.55723,1.7485
14.56728,1.8359
14.57733,1.9174
14.58738,1.9993
14.59743,2.0605
14.60748,2.1186
14.61753,2.1529
14.62758,2.1967
14.63764,2.2417
14.6477,2.2838
14.65777,2.3231
14.66783,2.3681
14.67789,2.4862
14.68796,2.5432
14.69802,2.4329
14.70809,1.759
14.71815,1.9266
14.72821,2.1299
14.73828,2.4833
14.74834,2.639
14.7584,2.5232
14.76835,2.466
14.77827,2.6202
14.78819,2.5267
14.79811,2.2724
14.80803,2.0643
14.81795,1.7169
14.82787,1.3218
14.83779,0.9903
14.84771,0.7393
14.85763,0.5542
14.86756,0.3966
14.87748,0.2623
14.88744,0.1417
14.89743,0.0593
14.90743,0.0217
14.91742,-0.0393
14.92742,-0.0386
14.93742,-0.0724
14.94741,-0.0393
14.95741,-0.0456
14.9674,-0.0772
14.9774,-0.0826
14.98739,-0.0696
14.99739,-0.0524
15.00738,-0.0435
15.01743,-0.0153
15.02746,-0.0236
15.03749,-0.0396
15.04752,-0.0299
15.05755,0.0285
15.06758,-0.0343
15.07761,-0.0726
15.08764,-0.0645
15.09767,-0.0176
15.10771,0.0225
15.11774,0.0611
15.12777,0.1145
15.13778,0.1686
15.14778,0.2544
15.15778,0.3202
15.16777,0.374
15.17777,0.4241
15.18776,0.587
15.19776,0.7633
15.20776,0.8098
15.21775,1.1038
15.22775,1.2596
15.23775,0.9606
15.24774,1.1504
15.25774,1.7014
15.26773,1.5743
15.27773,1.8046
15.28772,2.2017
15.29772,2.4242
15.30771,1.8045
15.3177,1.9129
15.3277,2.0103
15.33769,2.0688
15.34768,2.3127
15.35768,2.4524
15.36767,2.3263
15.37767,2.4005
15.38767,2.6143
15.39766,2.8057
15.40766,3.0032
15.41765,3.0982
15.42765,3.0759
15.43764,2.705
15.44764,2.4694
15.45764,2.2488
15.46763,2.1369
15.47763,2.0826
15.48762,2.0015
15.49762,1.7109
15.50761,1.4381
15.51761,1.0944
15.5276,0.7669
15.5376,0.5186
15.54759,0.3151
15.55758,0.1235
15.56758,-0.0091
15.57757,-0.0968
15.58756,-0.1599
15.59756,-0.19
15.60755,-0.1968
15.61754,-0.1915
15.62753,-0.1899
15.63757,-0.2168
15.64765,-0.1729
15.65773,-0.1363
15.66781,-0.1078
15.67789,-0.0215
15.68797,-0.0023
15.69805,0.0463
15.70813,0.0419
15.71822,0.066
15.7283,0.0569
15.73838,0.0559
15.74846,0.0418
15.75854,0.1167
15.76855,0.086
15.77854,0.0636
15.78854,0.0488
15.79853,0.0493
15.80852,0.0264
15.81851,0.0304
15.8285,0.075
15.8385,0.106
15.84849,0.1526
15.85848,0.2727
15.86847,0.356
15.87847,0.4366
15.88845,0.4787
15.89841,0.4881
15.90838,0.4816
15.91835,0.4475
15.92831,0.4018
15.93828,0.3878
15.94824,0.4154
15.95821,0.4487
15.96817,0.5052
15.97814,0.5413
15.98811,0.6254
15.99807,0.6822
16.00804,0.7157
16.01807,0.7058
16.0281,0.6497
16.03813,0.614
16.04816,0.6485
16.0582,0.7109
16.06823,0.8035
16.07826,0.9539
16.08829,1.2157
16.09832,1.4399
16.10835,1.6202
16.11838,1.7357
16.12841,1.8207
16.13841,1.9109
16.14838,2.0056
16.15835,2.1248
16.16832,2.3343
16.17829,2.5761
16.18826,2.756
16.19823,2.8792
16.20819,2.964
16.21816,2.9763
16.22813,2.9784
16.2381,3.0219
16.24807,3.0959
16.25804,3.1797
16.26807,3.2969
16.27809,3.4777
16.28812,3.7507
16.29815,3.9968
16.30817,4.1351
16.3182,4.1726
16.32823,4.1223
16.33825,4.032
16.34828,3.9889
16.35831,4.0024
16.36833,4.0717
16.37836,4.2129
16.38839,4.3022
16.39839,4.3381
16.40838,4.3911
16.41838,4.3734
16.42838,4.2923
16.43837,4.2076
16.44837,4.0862
16.45837,3.9044
16.46836,3.6959
16.47836,3.448
16.48836,3.1744
16.49835,2.6498
16.50835,2.0187
16.51834,1.4975
16.52833,1.1117
16.53831,0.8566
16.5483,0.6679
16.55829,0.4962
16.56828,0.3614
16.57826,0.2702
16.58825,0.2158
16.59824,0.2011
16.60823,0.2402
16.61822,0.2478
16.6282,0.2404
16.63824,0.2357
16.64832,0.2269
16.65839,0.2143
16.66847,0.2184
16.67855,0.2407
16.68863,0.2545
16.69871,0.2969
16.70878,0.3452
16.71886,0.418
16.72894,0.4897
16.73902,0.5491
16.7491,0.6021
16.75918,0.6789
16.76918,0.7717
16.77918,0.8603
16.78918,0.9637
16.79919,1.118
16.80919,1.2527
16.81919,1.5564
16.82919,1.9529
16.8392,2.3736
16.8492,2.2008
16.8592,2.6949
16.8692,2.8996
16.8792,2.8464
16.8892,2.8534
16.8992,2.9023
16.90919,3.0161
16.91919,3.1773
16.92918,3.3517
16.93917,3.4674
16.94917,3.5424
16.95916,3.5665
16.96915,3.5591
16.97915,3.5174
16.98914,3.4207
16.99913,3.3049
17.00913,3.2304
17.01913,3.1875
17.02913,3.2367
17.03912,3.3087
17.04912,3.3136
17.05911,3.2989
17.06911,3.3025
17.07911,3.2919
17.0891,3.3371
17.0991,3.3829
17.1091,3.4275
17.11909,3.5042
17.12909,3.6038
17.13908,3.7354
17.14905,3.8997
17.15902,4.0104
17.16899,3.973
17.17896,3.7808
17.18893,3.498
17.1989,3.1676
17.20887,2.8364
17.21884,2.4566
17.22881,2.1032
17.23878,1.7812
17.24875,1.4314
17.25872,1.1173
17.26872,0.8751
17.27871,0.7191
17.2887,0.6181
17.29869,0.5519
17.30868,0.5217
17.31868,0.5404
17.32867,0.5189
17.33866,0.5187
17.34865,0.4447
17.35864,0.4972
17.36864,0.5423
17.37863,0.6491
17.38864,0.7877
17.39867,0.9668
17.4087,1.2115
17.41873,1.3941
17.42875,1.5857
17.43878,1.8258
17.44881,2.1325
17.45884,2.6701
17.46887,3.2037
17.4789,3.4235
17.48893,3.4931
17.49895,3.499
17.50898,3.6531
17.51895,4.1403
17.52891,4.3813
17.53887,4.3707
17.54884,4.5697
17.5588,4.6982
17.56877,4.6129
17.57873,4.9232
17.58869,5.0111
17.59866,4.6069
17.60862,4.188
17.61858,4.0179
17.62855,3.8253
17.63854,3.6987
17.64854,3.6108
17.65854,3.6559
17.66854,3.6114
17.67855,3.3607
17.68855,2.9548
17.69855,2.4909
17.70856,2.0838
17.71856,1.727
17.72856,1.412
17.73857,1.2002
17.74857,1.0444
17.75857,0.9524
17.76858,0.8987
17.77858,0.8225
17.78858,0.6829
17.79858,0.5535
17.80858,0.5204
17.81858,0.4973
17.82858,0.4659
17.83858,0.4998
17.84858,0.4922
17.85858,0.5469
17.86858,0.5353
17.87858,0.4998
17.88863,0.5002
17.89872,0.4506
17.90882,0.3704
17.91891,0.334
17.929,0.313
17.9391,0.3226
17.94919,0.3581
17.95929,0.3885
17.96938,0.4219
17.97948,0.4108
17.98957,0.4156
17.99966,0.4599
18.00976,0.5355
18.01977,0.7039
18.02977,1.0026
18.03977,1.4023
18.04977,1.8192
18.05977,2.23
18.06977,2.5771
18.07977,2.8337
18.08978,3.0744
18.09978,3.1424
18.10978,3.1229
18.11978,3.3368
18.12978,3.8488
18.13979,4.4419
18.14982,5.2096
18.15984,5.7435
18.16986,5.8684
18.17988,6.5165
18.18991,7.1701
18.19993,7.4321
18.20995,7.0682
18.21997,6.5037
18.23,6.0924
18.24002,5.8845
18.25004,5.7214
18.26006,5.4984
18.27004,5.2336
18.28001,4.7618
18.28998,4.2428
18.29995,3.7713
18.30991,3.2616
18.31988,2.6671
18.32985,1.9794
18.33982,1.2846
18.34979,0.7953
18.35976,0.4738
18.36973,0.287
18.3797,0.1542
18.38972,0.0715
18.39979,0.0142
18.40986,-0.0477
18.41994,-0.1005
18.43001,-0.1324
18.44008,-0.1689
18.45015,-0.1734
18.46023,-0.1734
18.4703,-0.155
18.48037,-0.1402
18.49044,-0.0899
18.50052,-0.0042
18.51059,0.1233
18.52057,0.2597
18.53056,0.4079
18.54054,0.5408
18.55052,0.6911
18.5605,0.8694
18.57049,1.1155
18.58047,1.434
18.59045,1.984
18.60044,2.2425
18.61042,2.0416
18.6204,1.6527
18.63038,1.2923
18.64036,1.0212
18.65031,0.8269
18.66027,0.6612
18.67023,0.5553
18.68019,0.422
18.69015,0.3047
18.70011,0.1462
18.71007,0.0109
18.72003,-0.06
18.72998,-0.0322
18.73994,-0.1075
18.7499,-0.1248
18.75986,-0.1129
18.76993,-0.1006
18.77997,-0.0929
18.79002,-0.085
18.80007,-0.0731
18.81012,-0.0511
18.82017,-0.0033
18.83022,0.0083
18.84026,-0.0163
18.85031,-0.0197
18.86036,-0.0205
18.87041,-0.0251
18.88046,-0.0327
18.89044,-0.0379
18.90036,-0.0522
18.91028,-0.0686
18.92019,-0.0559
18.93011,-0.0402
18.94003,0.0183
18.94995,0.081
18.95986,0.1448
18.96978,0.2211
18.9797,0.3059
18.98961,0.3993
18.99953,0.5071
19.00945,0.6086
19.01953,0.7003
19.02961,0.8787
19.03969,1.0382
19.04977,1.207
19.05985,1.3643
19.06993,1.5616
19.08001,1.7345
19.09008,1.8624
19.10016,1.9867
19.11024,2.0737
19.12032,2.1251
19.1304,2.1823
19.14045,2.2789
19.15045,2.4426
19.16045,2.6601
19.17045,2.8885
19.18045,3.1784
19.19045,3.4387
19.20045,3.554
19.21045,3.3667
19.22045,2.8987
19.23045,2.5809
19.24045,1.8619
19.25046,2.1577
19.26046,2.3772
19.27053,2.7955
19.2806,3.0307
19.29067,3.4401
19.30074,3.7961
19.31081,3.9189
19.32088,3.5654
19.33095,2.9428
19.34102,2.2778
19.35109,1.713
19.36116,1.2784
19.37123,0.9724
19.3813,0.7581
19.3913,0.5587
19.40122,0.3845
19.41115,0.289
19.42107,0.2161
19.43099,0.1463
19.44091,0.1159
19.45084,0.0753
19.46076,0.0241
19.47068,0.038
19.4806,0.0845
19.49053,0.1011
19.50045,0.1332
19.51037,0.1657
19.52034,0.1857
19.5303,0.1564
19.54026,0.1293
19.55023,0.1001
19.56019,0.126
19.57016,0.1406
19.58012,0.1562
19.59009,0.1824
19.60005,0.2502
19.61001,0.2716
19.61998,0.277
19.62994,0.2651
19.63994,0.2724
19.64997,0.2983
19.66,0.2932
19.67003,0.3157
19.68006,0.3268
19.69009,0.3336
19.70012,0.348
19.71015,0.3707
19.72018,0.3854
19.73021,0.4002
19.74024,0.3572
19.75027,0.3649
19.7603,0.4373
19.77027,0.5007
19.78023,0.4979
19.7902,0.5077
19.80017,0.5126
19.81014,0.5293
19.8201,0.5562
19.83007,0.5962
19.84004,0.6389
19.85001,0.7
19.85998,0.704
19.86994,0.7279
19.87991,0.7828
19.88995,0.866
19.90005,0.9423
19.91015,1.0381
19.92025,1.119
19.93035,1.3267
19.94045,1.2588
19.95055,1.385
19.96065,1.5165
19.97075,1.7241
19.98085,2.0284
19.99096,2.3389
20.00105,2.6318
20.01116,2.9904
20.02107,3.3832
20.03099,3.7671
20.04091,4.0142
20.05082,4.222
20.06074,4.5561
20.07065,4.9044
20.08057,5.1435
20.09049,5.2841
20.1004,5.3389
20.11032,5.3532
20.12023,5.3044
20.13015,5.2749
20.14013,5.2277
20.15017,5.191
20.16021,5.2271
20.17024,5.2523
20.18028,5.2122
20.19032,5.0912
20.20036,4.9675
20.2104,4.8215
20.22044,4.6066
20.23047,4.3013
20.24051,3.8261
20.25055,3.1547
20.26059,2.4325
20.2706,1.8443
20.28061,1.3757
20.29062,1.0616
20.30063,0.8632
20.31063,0.7147
20.32064,0.5206
20.33065,0.261
20.34066,-0.0172
20.35067,-0.2418
20.36067,-0.3532
20.37068,-0.4012
20.38069,-0.4317
20.39071,-0.4297
20.40074,-0.4341
20.41077,-0.4477
20.4208,-0.4545
20.43082,-0.4604
20.44085,-0.4785
20.45088,-0.4395
20.46091,-0.413
20.47093,-0.4016
20.48096,-0.3742
20.49099,-0.3479
20.50102,-0.3188
20.51104,-0.2895
20.52101,-0.2653
20.53098,-0.2284
20.54094,-0.1583
20.5509,-0.1001
20.56087,-0.0676
20.57083,-0.0503
20.5808,-0.0374
20.59076,-0.0062
20.60073,0.0226
20.61069,0.0522
20.62066,0.1251
20.63062,0.1996
20.64062,0.2263
20.65064,0.2903
20.66067,0.3634
20.6707,0.4302
20.68073,0.4925
20.69075,0.5799
20.70078,0.7101
20.71081,0.8191
20.72083,0.9585
20.73086,1.073
20.74089,1.1813
20.75091,1.3092
20.76094,1.2373
20.77094,1.3732
20.78094,1.6846
20.79093,1.8287
20.80093,2.2052
20.81092,2.5147
20.82092,2.6733
20.83092,2.706
20.84091,2.6393
20.85091,2.5346
20.8609,2.4933
20.8709,2.5245
20.8809,2.6551
20.8909,2.8042
20.90089,2.9213
20.91089,2.9363
20.92089,2.9051
20.93089,2.8348
20.94088,2.7888
20.95088,2.7919
20.96088,2.8482
20.97087,2.9191
20.98087,3.0479
20.99087,3.1715
21.00086,3.2211
21.01086,3.1184
21.02087,2.8703
21.03087,2.5325
21.04087,2.1844
21.05088,1.8423
21.06088,1.5047
21.07088,1.1602
21.08089,0.8933
21.09089,0.7507
21.10089,0.6603
21.1109,0.5578
21.1209,0.4533
21.1309,0.3401
21.1409,0.2152
21.15089,0.1475
21.16088,0.0809
21.17087,0.0743
21.18086,0.036
21.19086,-0.0097
21.20085,-0.0378
21.21084,-0.0339
21.22083,-0.0479
21.23082,-0.0954
21.24081,-0.0876
21.2508,-0.0542
21.26079,-0.0181
21.27087,0.0054
21.28094,0.0478
21.29102,0.1249
21.3011,0.2288
21.31117,0.3237
21.32125,0.4031
21.33133,0.4316
21.3414,0.4677
21.35148,0.498
21.36156,0.6323
21.37163,0.8629
21.38171,1.1991
21.39175,1.5244
21.40174,2.0342
21.41174,2.7193
21.42173,3.3183
21.43173,3.7879
21.44172,3.9146
21.45172,2.5639
21.46171,2.2819
21.47171,2.3081
21.4817,2.7415
21.4917,3.2324
21.50169,3.5705
21.51169,3.8963
21.52169,4.489
21.5317,4.9691
21.5417,5.0849
21.5517,4.7691
21.56171,4.4584
21.57171,4.2827
21.58171,4.1324
21.59171,4.0123
21.60172,3.75
21.61172,3.3984
21.62172,3.1188
21.63173,2.8862
21.64171,2.6361
21.65168,2.2664
21.66165,1.8149
21.67162,1.4029
21.68159,1.1046
21.69156,0.8897
21.70152,0.7272
21.71149,0.6064
21.72146,0.5508
21.73143,0.5203
21.7414,0.5167
21.75136,0.5311
21.76133,0.5497
21.77133,0.559
21.78131,0.5632
21.7913,0.5551
21.80129,0.5486
21.81128,0.5246
21.82127,0.4926
21.83126,0.4461
21.84125,0.3757
21.85124,0.2496
21.86123,0.1433
21.87121,0.0811
21.8812,0.019
21.89122,0.0112
21.90125,0.0272
21.91128,0.0621
21.92132,0.0853
21.93135,0.1313
21.94139,0.155
21.95142,0.1713
21.96145,0.204
21.97149,0.1944
21.98152,0.1958
21.99155,0.1604
22.00159,0.129
22.01162,0.1191
22.02161,0.1297
22.0316,0.1547
22.04159,0.1737
22.05158,0.1926
22.06157,0.2178
22.07156,0.2944
22.08154,0.395
22.09153,0.5051
22.10152,0.6542
22.11151,0.8162
22.1215,0.9405
22.13149,1.0571
22.1415,1.2238
22.15149,1.5062
22.16148,1.568
22.17147,1.6757
22.18147,1.9644
22.19146,2.0728
22.20145,2.5451
22.21144,2.9122
22.22144,3.1357
22.23143,3.3671
22.24142,3.5367
22.25141,3.6715
22.2614,3.8372
22.27148,4.0233
22.28156,4.1889
22.29163,4.3728
22.30171,4.5128
22.31178,4.5974
22.32186,4.6423
22.33193,4.4779
22.34201,3.8522
22.35208,4.2594
22.36216,4.734
22.37223,5.0386
22.38231,5.0443
22.39235,4.9372
22.40234,4.7739
22.41233,4.573
22.42233,4.3184
22.43232,4.1541
22.44232,4.1299
22.45231,4.2398
22.46231,4.3858
22.4723,4.4637
22.48229,4.3498
22.49229,4.1431
22.50228,3.9199
22.51227,3.6884
22.52225,3.4791
22.53222,3.3849
22.54219,3.3624
22.55216,3.3318
22.56213,3.2654
22.57211,3.1292
22.58208,2.8572
22.59205,2.4693
22.60202,1.9878
22.61199,1.5327
22.62196,1.1362
22.63194,0.824
22.64194,0.6024
22.65197,0.4576
22.662,0.3205
22.67204,0.2384
22.68207,0.1634
22.6921,0.0615
22.70213,-0.0564
22.71216,-0.1053
22.72219,-0.1661
22.73223,-0.2508
22.74226,-0.2266
22.75229,-0.224
22.76232,-0.2656
22.77229,-0.2692
22.78226,-0.1945
22.79223,-0.1052
22.80219,-0.0354
22.81216,0.0047
22.82213,-0.0037
22.8321,0.0635
22.84206,0.1182
22.85203,0.0474
22.862,0.0367
22.87196,0.0149
22.88193,0.0061
22.89193,0.0226
22.90195,0.0278
22.91198,0.0067
22.922,0.0591
22.93203,0.1514
22.94205,0.2569
22.95208,0.3231
22.9621,0.3752
22.97213,0.4207
22.98215,0.4625
22.99218,0.5443
23.0022,0.6542
23.01223,0.704
23.0222,0.8103
23.03217,0.7848
23.04214,0.7846
23.0521,0.8238
23.06207,0.841
23.07204,0.9049
23.08201,0.9595
23.09198,0.9883
23.10194,1.13
23.11191,1.3129
23.12188,1.4208
23.13185,1.2781
23.14183,1.1457
23.15181,1.0531
23.1618,1.3965
23.17179,1.7489
23.18177,1.9122
23.19176,1.9884
23.20174,2.0308
23.21173,2.0081
23.22171,2.0125
23.2317,2.0373
23.24168,2.0728
23.25167,2.0644
23.26165,2.0361
23.27165,2.0015
23.28165,1.9559
23.29165,1.8891
23.30165,1.7905
23.31165,1.6826
23.32165,1.5742
23.33164,1.4835
23.34164,1.3821
23.35164,1.29
23.36164,1.2234
23.37164,1.1831
23.38164,1.1741
23.39164,1.1852
23.40164,1.1542
23.41164,1.0706
23.42163,0.9557
23.43163,0.8201
23.44163,0.6815
23.45163,0.5727
23.46163,0.4992
23.47163,0.4831
23.48162,0.487
23.49162,0.5092
23.50162,0.5196
23.51162,0.4707
23.52173,0.4338
23.53184,0.4249
23.54195,0.4271
23.55207,0.4233
23.56218,0.4241
23.57229,0.4033
23.5824,0.371
23.59251,0.3454
23.60262,0.3078
23.61274,0.249
23.62285,0.2146
23.63296,0.1448
23.64302,0.0691
23.65302,0.0403
23.66302,0.0194
23.67301,0.0475
23.68301,0.0929
23.69301,0.1489
23.70301,0.2067
23.71301,0.297
23.72301,0.4213
23.73301,0.5991
23.74301,0.8207
23.75301,1.0309
23.76301,1.2575
23.77301,1.4253
23.78301,1.5673
23.79301,1.6622
23.80301,1.7117
23.81301,1.7054
23.82302,1.9108
23.83302,2.0388
23.84302,2.103
23.85302,2.0644
23.86302,2.2922
23.87302,2.4057
23.88302,2.5755
23.89304,2.7347
23.90303,2.8527
23.91302,2.9037
23.92302,3.0869
23.93302,3.1293
23.94301,3.1334
23.953,3.0943
23.963,3.043
23.97299,3.0065
23.98299,3.0204
23.99298,2.9961
24.00298,2.8983
24.01297,2.791
24.02299,2.7709
24.03298,2.8389
24.04298,2.8812
24.05297,2.8925
24.06297,2.8778
24.07297,2.7943
24.08296,2.6508
24.09295,2.5245
24.10295,2.4462
24.11295,2.3795
24.12294,2.29
24.13294,2.1268
24.14291,1.8879
24.15288,1.6111
24.16284,1.3472
24.1728,1.0846
24.18276,0.873
24.19272,0.7174
24.20268,0.6063
24.21264,0.5422
24.2226,0.5253
24.23256,0.5101
24.24252,0.5043
24.25248,0.5229
24.26244,0.5624
24.27248,0.5806
24.28251,0.6212
24.29255,0.6549
24.30259,0.6552
24.31262,0.6723
24.32266,0.6559
24.3327,0.6487
24.34273,0.6274
24.35277,0.6188
24.3628,0.6048
24.37284,0.5745
24.38288,0.5539
24.3929,0.5299
24.40288,0.4954
24.41286,0.4436
24.42283,0.4113
24.43281,0.4046
24.44279,0.366
24.45276,0.3069
24.46274,0.2334
24.47271,0.1912
24.48269,0.0758
24.49266,-0.0141
24.50264,-0.0919
24.51262,-0.1489
24.52261,-0.1902
24.53259,-0.2297
24.54258,-0.2865
24.55257,-0.3245
24.56256,-0.3471
24.57254,-0.3212
24.58253,-0.3736
24.59252,-0.4209
24.6025,-0.4773
24.61249,-0.4989
24.62248,-0.4424
24.63247,-0.3667
24.6425,-0.2758
24.65257,-0.1844
24.66265,-0.0967
24.67272,0.0052
24.68279,0.1347
24.69287,0.2947
24.70294,0.4332
24.71301,0.4975
24.72309,0.9185
24.73316,1.6194
24.74323,1.6886
24.75331,1.7627
24.76338,2.1163
24.7734,2.2329
24.78342,2.2793
24.79344,2.2061
24.80345,2.0383
24.81347,1.875
24.82349,1.845
24.8335,1.9087
24.84352,2.0022
24.85354,2.0384
24.86356,2.0874
24.87357,2.1196
24.88359,2.1812
24.89359,2.271
24.90358,2.3556
24.91356,2.4617
24.92355,2.5605
24.93354,2.6063
24.94353,2.6303
24.95351,2.6162
24.9635,2.6386
24.97348,2.6645
24.98347,2.7074
24.99346,2.7214
25.00344,2.7054
25.01343,2.709
25.02343,2.7173
25.03343,2.779
25.04344,2.928
25.05344,3.0301
25.06344,3.071
25.07344,3.076
25.08344,3.0482
25.09344,3.0636
25.10344,3.0198
25.11344,2.9301
25.12344,2.7921
25.13344,2.6081
25.14343,2.3512
25.15341,2.0272
25.16338,1.6658
25.17336,1.358
25.18333,1.0819
25.19331,0.8058
25.20328,0.5257
25.21326,0.2523
25.22323,0.0679
25.23321,-0.0915
25.24318,-0.2614
25.25316,-0.4243
25.26313,-0.5726
25.2732,-0.7207
25.28326,-0.8379
25.29333,-0.8922
25.30339,-0.872
25.31346,-0.8338
25.32352,-0.8764
25.33359,-0.939
25.34365,-0.884
25.35372,-0.9005
25.36378,-0.8919
25.37385,-0.836
25.38391,-0.8093
25.39392,-0.7809
25.40384,-0.7784
25.41377,-0.6069
25.4237,-0.6718
25.43363,-0.6674
25.44356,-0.6278
25.45349,-0.5482
25.46341,-0.4687
25.47334,-0.3782
25.48327,-0.2571
25.4932,-0.0766
25.50313,0.2504
25.51305,0.5977
25.52309,0.8621
25.53313,1.2805
25.54317,1.2626
25.55321,1.5309
25.56325,2.2531
25.57329,2.7481
25.58333,2.5699
25.59336,2.4274
25.6034,3.0198
25.61344,3.5871
25.62348,3.6691
25.63352,3.5888
25.64354,3.5127
25.65354,3.4577
25.66353,3.3498
25.67353,3.2378
25.68352,3.1621
25.69352,3.1722
25.70352,3.3163
25.71351,3.5422
25.72351,3.8091
25.7335,4.0561
25.7435,4.2119
25.75349,4.2431
25.76349,4.2587
25.77355,4.2441
25.78361,4.1791
25.79366,4.0463
25.80372,3.8343
25.81377,3.5486
25.82383,3.2229
25.83389,2.8748
25.84394,2.5126
25.854,2.1198
25.86406,1.7204
25.87411,1.3266
25.88417,0.9839
25.89418,0.7194
25.90415,0.4869
25.91412,0.2604
25.92408,0.0045
25.93405,-0.1986
25.94402,-0.3751
25.95399,-0.5042
25.96395,-0.6071
25.97392,-0.6916
25.98389,-0.7776
25.99385,-0.8407
26.00382,-0.8246
26.01379,-0.7856
26.02379,-0.7162
26.03378,-0.6951
26.04378,-0.7587
26.05377,-0.66
26.06377,-0.6247
26.07376,-0.599
26.08376,-0.5972
26.09376,-0.637
26.10375,-0.591
26.11375,-0.5476
26.12374,-0.3972
26.13374,-0.4146
26.14375,-0.3521
26.15377,-0.3675
26.16379,-0.3054
26.17381,-0.2297
26.18383,-0.15
26.19385,-0.0891
26.20387,-0.0579
26.21389,-0.0387
26.22392,-0.0244
26.23393,-0.0147
26.24396,-0.0292
26.25397,-0.0691
26.264,-0.1154
26.27401,-0.0492
26.28402,-0.0691
26.29403,-0.0532
26.30404,-0.0275
26.31405,0.1127
26.32407,0.1532
26.33408,0.1325
26.34409,0.1002
26.3541,0.1009
26.36411,0.1094
26.37412,0.1326
26.38413,0.1747
26.39413,0.2276
26.40409,0.3143
26.41406,0.3803
26.42403,0.4432
26.434,0.4806
26.44397,0.5867
26.45394,0.824
26.46391,0.872
26.47388,1.0844
26.48385,1.2629
26.49382,1.3408
26.50379,1.4048
26.51376,1.4084
26.52378,1.3934
26.53379,0.8987
26.54381,0.987
26.55383,1.2899
26.56385,1.0944
26.57386,0.888
26.58388,0.8561
26.5939,0.8596
26.60392,1.0283
26.61393,0.8204
26.62395,0.771
26.63397,0.8022
26.64398,0.8224
26.65398,0.8817
26.66397,0.8001
26.67397,0.6746
26.68397,0.5697
26.69397,0.5168
26.70396,0.4886
26.71396,0.4511
26.72396,0.3432
26.73396,0.2289
26.74395,0.1179
26.75395,0.0198
26.76395,-0.0783
26.77395,-0.1625
26.78393,-0.2279
26.79391,-0.2887
26.80389,-0.2918
26.81387,-0.2904
26.82385,-0.3085
26.83383,-0.2954
26.84381,-0.273
26.85379,-0.2391
26.86377,-0.2213
26.87375,-0.2122
26.88373,-0.1975
26.89377,-0.1031
26.90388,-0.0398
26.91397,-0.0543
26.92408,-0.0199
26.93418,-0.1128
26.94428,-0.1806
26.95438,-0.2206
26.96448,-0.2243
26.97458,-0.2279
26.98468,-0.1893
26.99478,-0.1815
27.00488,-0.1722
27.01498,-0.1593
27.02498,-0.1423
27.03497,-0.1078
27.04496,-0.0462
27.05495,-0.0242
27.06494,-0.0246
27.07493,-0.0403
27.08492,-0.0674
27.09492,-0.1008
27.10491,-0.0847
27.1149,0.0082
27.12489,0.1133
27.13488,0.2488
27.14488,0.303
27.15488,0.3335
27.16487,0.3823
27.17487,0.4222
27.18486,0.4768
27.19486,0.5307
27.20485,0.6268
27.21485,0.6747
27.22485,0.7952
27.23484,0.7732
27.24484,1.1155
27.25483,1.3244
27.26483,1.4861
27.27479,1.5875
27.28476,1.6869
27.29472,1.7826
27.30468,1.8529
27.31464,1.9278
27.3246,2.0544
27.33457,2.2099
27.34453,2.434
27.35449,2.6509
27.36445,2.8181
27.37441,2.9119
27.38438,2.9262
27.39437,2.888
27.40441,2.8184
27.41444,2.76
27.42447,2.7556
27.4345,2.8396
27.44453,2.9809
27.45457,3.1344
27.4646,3.3001
27.47463,3.3397
27.48466,3.1848
27.4947,3.14
27.50473,3.3631
27.51476,2.4073
27.52473,2.0493
27.5347,2.135
27.54467,1.8093
27.55463,2.158
27.5646,2.207
27.57457,2.1502
27.58453,2.4146
27.5945,2.6192
27.60447,2.709
27.61444,2.7108
27.6244,2.5654
27.63437,2.2859
27.64437,1.9984
27.6544,1.7249
27.66442,1.5294
27.67445,1.3939
27.68448,1.2571
27.6945,1.1407
27.70453,1.0382
27.71456,0.9414
27.72458,0.8329
27.73461,0.7241
27.74464,0.6145
27.75467,0.5358
27.76469,0.492
27.77477,0.4313
27.78484,0.3874
27.79492,0.3742
27.80499,0.3638
27.81506,0.409
27.82513,0.3734
27.83521,0.3196
27.84528,0.3334
27.85535,0.3306
27.86542,0.3382
27.8755,0.3347
27.88557,0.3188
27.89558,0.3019
27.90551,0.2976
27.91545,0.3278
27.92539,0.3849
27.93532,0.443
27.94526,0.5065
27.9552,0.5925
27.96514,0.6861
27.97507,0.804
27.98501,0.9708
27.99495,1.1142
28.00488,1.268
28.01482,1.18
28.02492,1.2902
28.03502,1.3313
28.04512,1.6966
28.05522,2.1128
28.06532,2.4892
28.07542,2.4891
28.08552,1.7497
28.09562,1.947
28.10571,1.832
28.11581,1.6696
28.12591,1.6512
28.13601,1.7508
28.14603,1.8325
28.15596,1.8202
28.16589,1.7904
28.17582,1.7636
28.18575,1.7548
28.19568,1.7484
28.20561,1.7275
28.21554,1.6842
28.22547,1.5503
28.2354,1.4202
28.24533,1.283
28.25526,1.125
28.26519,0.9496
28.27529,0.739
28.28539,0.5529
28.29549,0.4141
28.30559,0.3322
28.31569,0.268
28.32579,0.1995
28.3359,0.1349
28.34599,0.1057
28.3561,0.0804
28.3662,0.053
28.3763,0.0063
28.3864,0.0085
28.39641,-0.0192
28.40634,-0.0722
28.41627,-0.0452
28.42619,-0.0228
28.43612,-0.0463
28.44604,-0.0748
28.45597,-0.0759
28.46589,-0.0906
28.47582,-0.1048
28.48575,-0.1102
28.49567,-0.2007
28.5056,-0.2729
28.51552,-0.2714
28.52548,-0.189
28.53544,-0.1286
28.54539,-0.0477
28.55535,-0.015
28.5653,-0.0306
28.57526,-0.0468
28.58521,-0.1105
28.59517,-0.2068
28.60513,-0.2873
28.61508,-0.3249
28.62504,-0.264
28.63499,-0.1979
28.64498,-0.1397
28.65501,-0.1069
28.66504,-0.0829
28.67506,-0.0479
28.68509,-0.0345
28.69512,-0.0133
28.70514,0.0393
28.71517,0.0738
28.7252,0.078
28.73522,0.0454
28.74525,0.0469
28.75528,0.0725
28.7653,0.079
28.77538,0.0587
28.78546,0.0281
28.79553,0.0146
28.80561,0.0405
28.81568,0.073
28.82576,0.0901
28.83583,0.0891
28.84591,0.0883
28.85599,0.1093
28.86606,0.1099
28.87614,0.0922
28.88621,0.0633
28.89622,0.0524
28.90615,0.0534
28.91607,0.046
28.926,0.0589
28.93593,0.0923
28.94586,0.1579
28.95578,0.2188
28.96571,0.2873
28.97564,0.3504
28.98557,0.4109
28.99549,0.4936
29.00542,0.566
29.01535,0.6486
29.02534,0.7544
29.03534,0.8396
29.04533,0.9425
29.05532,0.8785
29.06531,1.0772
29.0753,1.099
29.08529,1.1665
29.09529,1.3901
29.10528,1.3361
29.11527,1.3628
29.12526,1.4357
29.13525,1.8471
29.14531,1.9693
29.15544,2.2146
29.16556,2.2474
29.17569,2.4109
29.18581,2.6195
29.19593,2.5374
29.20606,2.1817
29.21618,2.3785
29.22631,2.753
29.23643,3.1354
29.24656,3.5188
29.25668,3.8951
29.26681,4.1221
29.27679,4.0638
29.28676,3.4979
29.29674,3.509
29.30671,3.6532
29.31668,3.5444
29.32665,3.3607
29.33662,3.0208
29.3466,2.6041
29.35657,2.1556
29.36654,1.7578
29.37651,1.4253
29.38648,1.1462
29.39646,0.9469
29.40644,0.771
29.41642,0.6243
29.4264,0.4469
29.43637,0.3347
29.44635,0.2965
29.45633,0.2
29.46631,0.1918
29.47629,0.1802
29.48627,0.1665
29.49624,0.1387
29.50622,0.1227
29.5162,0.1011
29.5262,0.0469
29.5362,0.0551
29.5462,0.0417
29.5562,0.0677
29.56619,0.0644
29.57619,0.0005
29.58619,0.0314
29.59619,-0.0169
29.60619,-0.0212
29.61618,-0.102
29.62618,-0.127
29.63618,-0.0487
29.64618,-0.0769
29.65617,-0.0581
29.66617,-0.0323
29.67616,-0.0304
29.68616,0.0063
29.69615,0.0488
29.70614,0.0452
29.71614,0.0532
29.72613,0.0526
29.73613,0.075
29.74612,0.1414
29.75612,0.23
29.76611,0.3811
29.7761,0.5693
29.7861,0.7214
29.79609,0.8808
29.80608,1.1065
29.81607,1.3618
29.82607,1.4618
29.83606,1.8354
29.84605,2.1469
29.85604,2.6462
29.86603,3.028
29.87603,3.4459
29.88602,3.9549
29.89602,4.2796
29.90602,4.3875
29.91601,4.3538
29.92601,4.2661
29.936,4.1846
29.946,4.1523
29.956,4.2177
29.96599,4.5231
29.97599,4.982
29.98598,5.4204
29.99598,5.7697
30.00598,5.9896
30.01597,6.0798
30.02597,6.0501
30.03597,6.0015
30.04597,5.9648
30.05596,5.8769
30.06596,5.783
30.07595,5.8255
30.08595,6.011
30.09595,6.2779
30.10594,6.558
30.11594,6.7603
30.12594,6.7825
30.13593,6.6244
30.14594,6.4357
30.15593,6.2624
30.16593,6.0933
30.17592,5.908
30.18592,5.8222
30.19591,5.8461
30.20591,5.8987
30.2159,6.0293
30.2259,6.1125
30.2359,6.0587
30.24589,5.8462
30.25589,5.5338
30.26588,5.1568
30.27592,4.8073
30.28596,4.4902
30.296,4.1345
30.30604,3.7255
30.31608,3.2898
30.32612,2.8788
30.33616,2.5099
30.3462,2.1981
30.35624,1.8848
30.36628,1.5974
30.37631,1.3555
30.38635,1.1693
30.39643,1.0195
30.40654,0.8784
30.41664,0.71
30.42675,0.544
30.43685,0.435
30.44696,0.4005
30.45707,0.3697
30.46717,0.3562
30.47728,0.3162
30.48738,0.3233
30.49749,0.3402
30.5076,0.3616
30.5177,0.3884
30.52765,0.4307
30.53758,0.4817
30.54752,0.5386
30.55746,0.6315
30.5674,0.7978
30.57734,1.0378
30.58728,1.3215
30.59722,1.6914
30.60716,2.0571
30.6171,2.5055
30.62704,2.9093
30.63697,3.322
30.64693,3.8006
30.65691,4.2823
30.66689,4.7658
30.67686,5.2683
30.68684,5.7382
30.69682,6.1117
30.70679,6.3203
30.71677,6.2931
30.72674,6.2351
30.73672,6.0601
30.7467,5.8339
30.75667,5.7332
30.76665,5.795
30.77668,5.9151
30.78671,6.0919
30.79674,6.415
30.80676,6.4869
30.81679,6.5049
30.82682,6.3851
30.83685,6.196
30.84688,6.069
30.8569,5.933
30.86693,5.8204
30.87696,5.8764
30.88699,6.1704
30.89703,6.4985
30.90707,6.7784
30.91711,7.0808
30.92715,7.3624
30.93719,7.7032
30.94723,8.208
30.95728,8.6334
30.96732,8.9677
30.97736,9.2196
30.9874,9.4527
30.99744,9.5915
31.00748,9.6125
31.01752,9.43
31.02753,9.1217
31.03754,8.8585
31.04755,8.7081
31.05756,8.6282
31.06757,8.4975
31.07758,8.2276
31.08758,7.9026
31.09759,7.5389
31.1076,7.1645
31.11761,6.7945
31.12762,6.3712
31.13762,5.8317
31.14759,5.2447
31.15748,4.6282
31.16737,3.9726
31.17726,3.3638
31.18715,2.8252
31.19705,2.3762
31.20694,2.0099
31.21683,1.7359
31.22672,1.5039
31.23661,1.2711
31.24651,0.9846
31.2564,0.7128
31.26629,0.4819
31.27636,0.2836
31.28641,0.1849
31.29646,0.1172
31.30651,0.1415
31.31656,0.1822
31.3266,0.2015
31.33665,-0.1104
31.3467,-0.1311
31.35675,-0.1189
31.3668,-0.1442
31.37685,-0.2158
31.3869,-0.2837
31.39699,-0.3192
31.4071,-0.3449
31.41722,-0.3584
31.42733,-0.3196
31.43745,-0.203
31.44756,-0.0841
31.45768,0.0888
31.46779,0.2214
31.47791,0.2591
31.48802,0.2438
31.49813,0.2425
31.50825,0.1979
31.51836,0.1473
31.52839,0.0879
31.5384,0.0496
31.5484,0.0169
31.55841,0.0743
31.56842,0.0763
31.57842,0.041
31.58843,-0.0113
31.59843,-0.0044
31.60844,0.0608
31.61845,0.0929
31.62845,0.1286
31.63846,0.1878
31.64843,0.1937
31.65836,0.336
31.66828,0.4237
31.67821,0.6538
31.68813,0.993
31.69806,1.2384
31.70798,1.4967
31.71791,1.6208
31.72784,1.6734
31.73776,1.3015
31.74769,1.1097
31.75761,0.9619
31.76754,1.2712
31.77758,1.4939
31.78762,1.7367
31.79766,2.0035
31.8077,2.1788
31.81775,2.2737
31.82779,2.4003
31.83783,2.4428
31.84787,2.1608
31.85791,1.5546
31.86795,1.5678
31.87799,1.4348
31.88803,1.6291
31.89806,1.8883
31.90808,2.1008
31.9181,2.2548
31.92812,2.3533
31.93814,2.4098
31.94816,2.4074
31.95818,2.3277
31.9682,2.2308
31.97822,2.201
31.98824,2.0605
31.99826,1.8524
32.00828,1.6156
32.0183,1.4405
32.02829,1.2927
32.03828,1.1863
32.04827,1.112
32.05826,1.0355
32.06825,0.9539
32.07824,0.8116
32.08823,0.5777
32.09822,0.3647
32.10822,0.2173
32.11821,0.1827
32.1282,0.1025
32.13819,-0.0392
32.14815,-0.1901
32.15809,-0.2843
32.16803,-0.3984
32.17797,-0.5145
32.1879,-0.5747
32.19785,-0.624
32.20778,-0.6742
32.21772,-0.6478
32.22766,-0.6818
32.2376,-0.6895
32.24754,-0.6973
32.25748,-0.6718
32.26741,-0.6345
32.2774,-0.5553
32.28739,-0.4853
32.29738,-0.3979
32.30736,-0.3118
32.31735,-0.2288
32.32733,-0.1352
32.33732,0.1109
32.34731,0.2361
32.35729,0.786
32.36728,1.3772
32.37726,1.7565
32.38725,1.943
32.39729,1.9882
32.40739,1.9588
32.41749,1.9476
32.42759,2.0127
32.43769,2.1249
32.44779,2.227
32.45789,2.2991
32.46799,2.3473
32.4781,2.458
32.4882,2.543
32.49829,2.7126
32.5084,2.8992
32.5185,3.0265
32.5285,3.099
32.53849,3.1615
32.54849,3.2622
32.55849,3.4184
32.56849,3.4789
32.57849,3.4538
32.58848,3.3767
32.59848,3.284
32.60848,3.1613
32.61848,3.0066
32.62848,2.8474
32.63847,2.649
32.64846,2.4874
32.65843,2.3228
32.6684,2.1166
32.67837,1.9158
32.68834,1.6664
32.69831,1.4003
32.70828,1.136
32.71825,0.9075
32.72822,0.7259
32.73819,0.5729
32.74817,0.4442
32.75813,0.3317
32.7681,0.2425
32.77809,0.1915
32.78807,0.167
32.79805,0.1735
32.80803,0.1559
32.81801,0.1511
32.82799,0.1385
32.83797,0.0952
32.84795,0.0694
32.85793,0.0675
32.86791,0.0779
32.87789,0.0578
32.88787,0.0334
32.89789,0.0243
32.90794,0.0137
32.91798,0.0035
32.92804,-0.0201
32.93808,-0.0338
32.94813,-0.0412
32.95818,-0.0476
32.96823,-0.0417
32.97828,0.0006
32.98833,0.0486
32.99837,0.0761
33.00843,0.0961
33.01847,0.1125
33.02844,0.0988
33.03841,0.0925
33.04838,0.1058
33.05835,0.152
33.06832,0.2234
33.07829,0.3204
33.08826,0.4496
33.09823,0.5617
33.1082,0.6389
33.11817,0.717
33.12814,0.8208
33.1381,0.9263
33.14808,1.0092
33.15804,1.0859
33.16801,1.1664
33.17797,1.2593
33.18793,1.3409
33.1979,1.4306
33.20787,1.5299
33.21783,1.6252
33.22779,1.732
33.23776,1.862
33.24773,2.0049
33.25769,2.1319
33.26765,2.2326
33.27766,2.289
33.28766,2.3155
33.29766,2.2563
33.30766,2.1209
33.31767,2.0359
33.32767,1.9658
33.33767,1.9762
33.34767,2.0905
33.35767,2.2232
33.36767,2.3729
33.37767,2.4859
33.38768,2.6095
33.39768,2.74
33.40767,2.8323
33.41767,2.868
33.42767,2.8708
33.43766,2.9055
33.44765,2.9497
33.45765,2.9924
33.46765,2.9969
33.47764,2.9524
33.48764,2.9022
33.49763,2.857
33.50763,2.8532
33.51762,2.8622
33.52765,2.8843
33.53766,2.9182
33.54768,2.9658
33.55769,2.9768
33.56771,2.9746
33.57773,2.9448
33.58774,2.863
33.59776,2.7494
33.60777,2.6002
33.61779,2.4725
33.62781,2.4064
33.63782,2.471
33.64784,2.568
33.65783,2.6452
33.66783,2.6951
33.67783,2.7556
33.68783,2.7837
33.69783,2.8064
33.70782,2.8493
33.71782,2.9777
33.72782,3.1854
33.73782,3.3734
33.74781,3.5148
33.75781,3.5968
33.76781,3.6294
33.77787,3.67
33.78793,3.7131
33.79799,3.7597
33.80805,3.8035
33.81811,3.8424
33.82817,3.8522
33.83823,3.8921
33.84829,3.921
33.85835,3.9164
33.86841,3.8909
33.87847,3.8153
33.88853,3.696
33.89856,3.5415
33.90856,3.3031
33.91855,3.0124
33.92855,2.6911
33.93855,2.3709
33.94854,2.0536
33.95854,1.7736
33.96854,1.5012
33.97853,1.2603
33.98853,1.0358
33.99852,0.8835
34.00852,0.7463
34.01852,0.6338
34.02853,0.5435
34.03853,0.4668
34.04853,0.413
34.05853,0.3673
34.06853,0.3245
34.07854,0.2971
34.08854,0.2945
34.09854,0.3126
34.10854,0.3214
34.11854,0.3477
34.12854,0.3713
34.13855,0.3573
34.14855,0.3577
34.15854,0.3446
34.16853,0.3486
34.17853,0.3377
34.18852,0.3335
34.19852,0.3323
34.20851,0.3543
34.21851,0.3617
34.2285,0.3738
34.23849,0.3942
34.24849,0.4022
34.25848,0.3931
34.26847,0.3896
34.27848,0.3385
34.28848,0.2949
34.29848,0.2645
34.30848,0.2631
34.31848,0.3034
34.32848,0.3488
34.33848,0.4019
34.34848,0.4416
34.35848,0.4826
34.36848,0.5324
34.37848,0.5821
34.38848,0.6178
34.39848,0.6187
34.40847,0.625
34.41847,0.6211
34.42846,0.619
34.43846,0.6074
34.44846,0.5824
34.45845,0.5511
34.46844,0.5229
34.47844,0.4776
34.48843,0.4549
34.49843,0.4131
34.50843,0.3557
34.51842,0.315
34.52843,0.2905
34.53844,0.2782
34.54845,0.2965
34.55846,0.3254
34.56846,0.3585
34.57847,0.3783
34.58848,0.4278
34.59848,0.4496
34.60849,0.439
34.6185,0.4292
34.62851,0.4083
34.63852,0.399
34.64851,0.4101
34.65847,0.4032
34.66844,0.3774
34.67841,0.3326
34.68838,0.3049
34.69835,0.2882
34.70831,0.2759
34.71828,0.2821
34.72824,0.2729
34.73821,0.2793
34.74818,0.2857
34.75815,0.2636
34.76812,0.2352
34.77814,0.2109
34.78817,0.1883
34.7982,0.1571
34.80822,0.1455
34.81825,0.1386
34.82827,0.1592
34.8383,0.1905
34.84833,0.2295
34.85835,0.2528
34.86838,0.2639
34.87841,0.2792
34.88843,0.3028
34.89849,0.3239
34.90858,0.3515
34.91867,0.3688
34.92876,0.3834
34.93885,0.3883
34.94893,0.389
34.95902,0.4259
34.96911,0.4966
34.9792,0.5704
34.98928,0.623
34.99937,0.639
35.00946,0.6175
35.01955,0.585
35.02954,0.5322
35.03954,0.4645
35.04953,0.4038
35.05952,0.3683
35.06952,0.3367
35.07951,0.2948
35.08951,0.269
35.0995,0.2416
35.10949,0.1951
35.11949,0.1326
35.12948,0.0917
35.13947,0.0692
35.14948,0.0536
35.15948,0.0502
35.16947,0.0464
35.17947,0.0244
35.18946,0.032
35.19946,0.0715
35.20945,0.0918
35.21944,0.1091
35.22943,0.1349
35.23943,0.1681
35.24942,0.2407
35.25942,0.3082
35.26941,0.3653
35.27949,0.3916
35.28956,0.4087
35.29963,0.4533
35.3097,0.5217
35.31977,0.5998
35.32985,0.6559
35.33992,0.6942
35.34999,0.7644
35.36006,0.8289
35.37013,0.8816
35.3802,0.9067
35.39027,0.9982
35.40027,1.1127
35.41019,1.2315
35.42011,1.3203
35.43003,1.3756
35.43995,1.4254
35.44986,1.4574
35.45978,1.5013
35.4697,1.5355
35.47962,1.5394
35.48954,1.5686
35.49946,1.5925
35.50938,1.6455
35.51929,1.7293
35.5293,1.7972
35.5393,1.8116
35.5493,1.8147
35.55931,1.8135
35.56931,1.8257
35.57931,1.817
35.58931,1.7828
35.59932,1.7203
35.60931,1.6343
35.61932,1.5332
35.62932,1.4331
35.63932,1.3336
35.64931,1.2345
35.65928,1.1153
35.66924,0.9537
35.67921,0.7947
35.68918,0.6573
35.69915,0.5468
35.70911,0.487
35.71908,0.4428
35.72905,0.3907
35.73901,0.3488
35.74898,0.3203
35.75895,0.316
35.76891,0.3263
35.77893,0.3389
35.78896,0.3372
35.79898,0.3261
35.809,0.316
35.81902,0.3158
35.82904,0.3241
35.83907,0.3173
35.84909,0.3083
35.85911,0.3154
35.86913,0.2981
35.87915,0.2932
35.88917,0.2696
35.89923,0.2458
35.9093,0.2196
35.91936,0.1709
35.92942,0.1406
35.93948,0.1261
35.94955,0.0351
35.95961,-0.025
35.96967,-0.0408
35.97974,-0.0565
35.9898,-0.0538
35.99986,-0.0424
36.00993,-0.0497
36.01999,-0.1095
36.02998,-0.2067
36.03998,-0.2982
36.04997,-0.3825
36.05996,-0.4507
36.06995,-0.4995
36.07994,-0.5177
36.08994,-0.5214
36.09993,-0.5112
36.10992,-0.4955
36.11991,-0.512
36.1299,-0.5152
36.13989,-0.5193
36.14989,-0.4917
36.15989,-0.4624
36.16989,-0.4172
36.17989,-0.3747
36.18988,-0.3083
36.19988,-0.2288
36.20988,-0.1594
36.21988,-0.0347
36.22987,0.2059
36.23987,0.5333
36.24987,0.8582
36.25987,1.0995
36.26987,1.2901
36.27992,1.4319
36.28997,1.6039
36.30001,1.7577
36.31005,1.9693
36.3201,2.1662
36.33014,2.3605
36.34019,2.5512
36.35023,2.7006
36.36028,2.807
36.37032,2.8703
36.38037,2.891
36.39041,2.9045
36.40043,2.9124
36.41039,2.8514
36.42036,2.7547
36.43033,2.6342
36.44029,2.5458
36.45026,2.4844
36.46022,2.4243
36.47019,2.3234
36.48016,2.18
36.49012,2.0028
36.50009,1.8034
36.51006,1.5907
36.52002,1.3948
36.53003,1.1593
36.54002,0.8206
36.55001,0.4199
36.56,0.0726
36.56999,-0.1934
36.57998,-0.412
36.58997,-0.5591
36.59996,-0.6834
36.60995,-0.7554
36.61994,-0.8249
36.62993,-0.904
36.63992,-0.9588
36.6499,-0.9997
36.65987,-1.0156
36.66984,-0.8681
36.67981,-0.8238
36.68978,-0.7383
36.69975,-0.7608
36.70972,-0.6575
36.7197,-0.7517
36.72967,-0.6806
36.73964,-0.6223
36.74961,-0.623
36.75958,-0.6203
36.76955,-0.5716
36.77965,-0.555
36.78972,-0.5445
36.7998,-0.5302
36.80988,-0.523
36.81995,-0.5181
36.83002,-0.5203
36.8401,-0.5297
36.85018,-0.5254
36.86025,-0.4822
36.87033,-0.3623
36.8804,-0.2517
36.89048,-0.1527
36.90049,0.0718
36.91044,0.3256
36.92039,0.4953
36.93034,0.5626
36.94029,0.7029
36.95024,0.6926
36.96019,0.7009
36.97013,0.7503
36.98009,0.7109
36.99004,0.8863
36.99998,1.0452
37.00993,1.2503
37.01988,1.3394
37.02988,1.4974
37.03988,1.4283
37.04988,1.4391
37.05988,1.4542
37.06987,1.3481
37.07987,1.2614
37.08987,1.1056
37.09987,0.9001
37.10987,0.7367
37.11987,0.6013
37.12986,0.5029
37.13986,0.4212
37.14989,0.3709
37.15992,0.3221
37.16996,0.2824
37.17999,0.2302
37.19003,0.1917
37.20006,0.1414
37.2101,0.1239
37.22013,0.1188
37.23017,0.1427
37.2402,0.1552
37.25024,0.1495
37.26027,0.1212
37.27031,0.0788
37.28034,0.0564
37.29037,0.0289
37.30041,-0.0251
37.31044,-0.0663
37.32047,-0.1192
37.33051,-0.1989
37.34054,-0.2636
37.35057,-0.2891
37.36061,-0.336
37.37064,-0.3905
37.38068,-0.4717
37.39071,-0.5615
37.40073,-0.6253
37.41072,-0.646
37.42072,-0.6669
37.43071,-0.6924
37.4407,-0.7013
37.4507,-0.7056
37.46069,-0.7501
37.47068,-0.8072
37.48068,-0.8311
37.49067,-0.8457
37.50067,-0.8647
37.51066,-0.831
37.52066,-0.8194
37.53067,-0.7952
37.54068,-0.7597
37.55069,-0.705
37.56069,-0.6761
37.5707,-0.6261
37.58071,-0.5832
37.59072,-0.5193
37.60073,-0.4729
37.61073,-0.4201
37.62074,-0.3702
37.63075,-0.3207
37.64076,-0.2389
37.65078,-0.0863
37.66078,0.1192
37.67078,0.3371
37.68079,0.7106
37.69079,1.1411
37.70079,1.4874
37.7108,1.7126
37.7208,1.8519
37.7308,1.9215
37.74081,1.9546
37.75081,1.896
37.76082,1.796
37.77082,1.7216
37.7808,1.6853
37.79077,1.6669
37.80074,1.5798
37.81071,1.3773
37.82069,1.1444
37.83066,0.9345
37.84063,0.7388
37.85061,0.5978
37.86058,0.4781
37.87055,0.3907
37.88052,0.3255
37.8905,0.2792
37.90049,0.2304
37.91049,0.1999
37.9205,0.1515
37.9305,0.0899
37.94051,0.0199
37.95051,-0.0338
37.96051,-0.0778
37.97052,-0.1174
37.98052,-0.1459
37.99052,-0.1189
38.00053,-0.0695
38.01053,-0.0257
38.02054,-0.0101
38.03053,-0.0319
38.04052,-0.0725
38.05052,-0.09
38.06051,-0.1311
38.0705,-0.1322
38.0805,-0.1272
38.09049,-0.1041
38.10048,-0.1036
38.11048,-0.1081
38.12047,-0.1117
38.13046,-0.12
38.14046,-0.1242
38.15046,-0.0732
38.16046,-0.0627
38.17046,-0.0961
38.18045,-0.1061
38.19045,-0.0568
38.20045,0.0072
38.21045,0.0561
38.22044,0.1045
38.23044,0.2113
38.24044,0.2984
38.25044,0.438
38.26044,0.7006
38.27044,1.012
38.28052,1.1643
38.2906,1.3338
38.30067,1.5141
38.31075,1.6289
38.32083,1.6292
38.33091,1.618
38.34099,1.6261
38.35106,1.6793
38.36114,1.7181
38.37122,1.7506
38.3813,1.7668
38.39138,1.7396
38.40141,1.6805
38.41138,1.632
38.42136,1.5811
38.43134,1.5414
38.44132,1.4942
38.45129,1.3834
38.46127,1.2383
38.47125,1.1194
38.48123,1.0265
38.49121,0.9252
38.50119,0.8336
38.51116,0.7187
38.52114,0.6097
38.53116,0.5358
38.54118,0.4742
38.55119,0.3936
38.56121,0.3286
38.57122,0.2792
38.58123,0.2347
38.59125,0.2061
38.60126,0.1878
38.61128,0.1551
38.6213,0.1461
38.63131,0.1315
38.64132,0.1266
38.65133,0.1227
38.66133,0.1113
38.67132,0.0959
38.68132,0.0692
38.69131,0.0526
38.70131,0.0185
38.71131,-0.0327
38.7213,-0.0682
38.7313,-0.0988
38.74129,-0.0975
38.75129,-0.0709
38.76129,-0.0227
38.77128,-0.0547
38.7813,-0.069
38.79129,-0.0641
38.80129,-0.0695
38.81129,-0.0711
38.82128,-0.118
38.83128,-0.1696
38.84127,-0.1745
38.85127,-0.0696
38.86126,-0.0085
38.87126,0.0085
38.88126,0.0214
38.89125,0.0291
38.90127,0.0403
38.9113,0.0566
38.92133,0.0794
38.93137,0.0798
38.94139,0.133
38.95143,0.2523
38.96146,0.4533
38.97149,0.6507
38.98153,0.8945
38.99156,1.1901
39.00159,1.5216
39.01162,1.7716
39.02166,1.906
39.03169,1.8905
39.04172,1.8253
39.05175,1.8067
39.06179,1.8369
39.07182,1.8861
39.08185,1.9945
39.09188,2.1556
39.10192,2.3453
39.11195,2.5453
39.12199,2.6928
39.13202,2.7813
39.14205,2.8474
39.15204,2.9187
39.16196,2.986
39.17189,3.1126
39.18181,3.2613
39.19173,3.4524
39.20166,3.623
39.21158,3.6967
39.22151,3.7239
39.23143,3.7052
39.24136,3.617
39.25128,3.5858
39.2612,3.551
39.27113,3.5097
39.2812,3.4981
39.29127,3.5117
39.30134,3.5483
39.31141,3.5715
39.32148,3.5138
39.33154,3.4285
39.34161,3.3586
39.35168,3.2194
39.36175,3.0018
39.37181,2.7575
39.38188,2.47
39.39195,2.1976
39.40199,1.9255
39.41198,1.6225
39.42199,1.2439
39.43198,1.0105
39.44198,0.8065
39.45198,0.6195
39.46198,0.4465
39.47198,0.3186
39.48198,0.2388
39.49198,0.2208
39.50198,0.2153
39.51198,0.1849
39.52198,0.1561
39.53202,0.1407
39.54206,0.1498
39.5521,0.1869
39.56214,0.2538
39.57218,0.342
39.58223,0.4575
39.59227,0.6538
39.60231,0.9875
39.61235,1.3563
39.62239,1.7065
39.63243,2.1689
39.64247,2.6429
39.65248,2.9134
39.66245,2.9942
39.67241,3.0831
39.68238,3.3211
39.69234,3.6783
39.70231,3.8374
39.71228,3.8402
39.72224,3.8307
39.73221,3.8316
39.74217,3.8665
39.75214,3.986
39.7621,4.3042
39.77207,4.7516
39.78205,5.1267
39.79201,5.5071
39.80197,5.7035
39.81193,5.7447
39.82189,5.655
39.83185,5.5208
39.84181,5.3871
39.85176,5.4045
39.86172,5.5742
39.87169,5.8066
39.88165,6.0335
39.89161,6.2447
39.9016,6.5332
39.91162,6.5846
39.92163,6.6418
39.93166,6.7133
39.94168,6.9933
39.9517,7.5368
39.96172,8.0121
39.97174,8.3781
39.98176,8.7033
39.99178,8.8915
40.0018,8.8585
40.01182,8.6967
40.02184,8.4461
40.03185,8.2879
40.04185,8.4372
40.05185,8.8358
40.06185,9.2379
40.07185,9.4318
40.08185,9.5647
40.09185,9.4192
40.10186,8.9222
40.11186,8.2617
40.12186,7.5496
40.13186,6.9287
40.14186,6.5148
40.15188,6.227
40.1619,6.1583
40.17192,6.1421
40.18194,6.1362
40.19196,6.1292
40.20198,6.111
40.21201,6.11
40.22203,5.9814
40.23205,5.7788
40.24207,5.4166
40.25209,5.0837
40.26212,4.9645
40.27214,5.0003
40.28209,5.1731
40.29203,5.3001
40.30196,5.3444
40.3119,5.2247
40.32185,5.2242
40.33179,5.1747
40.34173,5.1197
40.35167,5.2216
40.36161,5.3579
40.37155,5.524
40.38149,5.7123
40.39143,5.8595
40.40144,5.9544
40.4115,6.0557
40.42156,6.219
40.43162,6.4283
40.44168,6.678
40.45175,6.9656
40.46181,7.221
40.47187,7.4655
40.48194,7.6907
40.492,7.8382
40.50206,7.6999
40.51213,7.4026
40.52219,7.2424
40.53226,7.2501
40.54232,7.3998
40.55239,7.8145
40.56246,8.6032
40.57252,9.3053
40.58259,9.6461
40.59266,9.3821
40.60272,8.7897
40.61279,8.2133
40.62285,7.9975
40.63292,8.0655
40.64298,8.2963
40.65303,8.5496
40.66306,8.8326
40.6731,8.922
40.68313,9.0052
40.69316,9.0159
40.70319,8.909
40.71322,8.7503
40.72326,8.6015
40.73329,8.3732
40.74332,7.9239
40.75335,7.1385
40.76338,6.2784
40.77341,5.2542
40.78334,4.1514
40.79327,3.1932
40.8032,2.3356
40.81312,1.6921
40.82305,1.3134
40.83298,1.0832
40.8429,0.9112
40.85283,0.7371
40.86276,0.58
40.87268,0.4487
40.88261,0.3408
40.89254,0.1965
40.90251,0.0106
40.9125,-0.078
40.9225,-0.0022
40.9325,0.0244
40.94249,-0.0105
40.95249,-0.0355
40.96249,-0.0551
40.97248,-0.0625
40.98248,-0.0737
40.99248,-0.1363
41.00248,-0.2017
41.01247,-0.2545
41.02247,-0.2768
41.03249,-0.2526
41.04249,-0.1765
41.0525,-0.0399
41.0625,0.126
41.07251,0.2535
41.08252,0.414
41.09253,0.643
41.10253,0.8797
41.11254,1.1563
41.12254,1.4721
41.13255,1.7927
41.14256,2.1725
41.15256,2.4871
41.16256,2.7804
41.17257,3.05
41.18257,3.2769
41.19257,3.4141
41.20258,3.4417
41.21258,3.439
41.22258,3.4515
41.23258,3.5114
41.24258,3.653
41.25259,3.8629
41.26259,4.276
41.27259,4.9608
41.28267,5.651
41.29272,5.9816
41.30279,5.9626
41.31285,5.6457
41.32291,5.3903
41.33297,5.3013
41.34303,5.2338
41.3531,5.2027
41.36316,5.3128
41.37322,5.6142
41.38328,6.0108
41.39334,6.2351
41.40337,6.2195
41.41337,6.0248
41.42336,5.8088
41.43335,5.612
41.44335,5.4383
41.45334,5.3366
41.46333,5.2805
41.47333,5.2975
41.48332,5.381
41.49331,5.4926
41.50331,5.5073
41.5133,5.4365
41.52329,5.2722
41.53323,5.0801
41.54317,4.8045
41.5531,4.4686
41.56303,4.0804
41.57297,3.6728
41.5829,3.224
41.59284,2.8253
41.60277,2.4005
41.61271,2.0221
41.62264,1.7209
41.63258,1.4658
41.64251,1.2331
41.65252,1.0878
41.66259,1.0009
41.67267,0.9229
41.68275,0.8526
41.69283,0.8091
41.7029,0.7494
41.71298,0.6778
41.72306,0.6002
41.73314,0.5327
41.74321,0.5005
41.75329,0.49
41.76337,0.4596
41.77345,0.4757
41.78342,0.5125
41.7934,0.5292
41.80338,0.5356
41.81335,0.5251
41.82332,0.5077
41.8333,0.5067
41.84327,0.5045
41.85325,0.5081
41.86322,0.508
41.8732,0.5201
41.88317,0.595
41.89315,0.7285
41.90314,0.8265
41.91315,0.8927
41.92317,0.943
41.93318,1.065
41.9432,1.3433
41.95321,1.8293
41.96322,2.3011
41.97324,2.5943
41.98325,2.4917
41.99326,1.9327
42.00327,1.1343
42.01329,0.5505
42.0233,0.2072
42.03329,-0.0387
42.04329,-0.1583
42.05328,-0.1734
42.06327,-0.1733
42.07326,-0.007
42.08325,0.2796
42.09324,0.6985
42.10323,1.1784
42.11323,1.7344
42.12322,2.1064
42.13321,2.2409
42.1432,2.1949
42.15321,1.8832
42.16321,1.5453
42.17321,1.6615
42.1832,1.7983
42.1932,1.8063
42.20319,1.8168
42.21319,1.9395
42.22318,2.1857
42.23318,2.498
42.24317,2.8182
42.25317,3.092
42.26316,3.2202
42.27316,3.498
42.28316,3.8338
42.29316,4.1278
42.30316,4.2722
42.31316,4.2476
42.32316,4.0414
42.33316,3.6675
42.34316,3.2115
42.35316,2.6487
42.36316,2.0325
42.37316,1.4747
42.38316,0.9043
42.39315,0.3318
42.40316,-0.0744
42.41315,-0.3138
42.42314,-0.4818
42.43313,-0.611
42.44312,-0.6944
42.45311,-0.795
42.4631,-0.8615
42.4731,-0.8964
42.48309,-0.8547
42.49308,-0.7164
42.50307,-0.579
42.51307,-0.436
42.52306,-0.371
42.53307,-0.3921
42.54307,-0.354
42.55307,-0.323
42.56308,-0.288
42.57308,-0.2569
42.58309,-0.2506
42.59309,-0.2498
42.6031,-0.2202
42.6131,-0.2417
42.6231,-0.2496
42.63311,-0.2529
42.64312,-0.2453
42.65313,-0.2639
42.66311,-0.2982
42.67309,-0.339
42.68307,-0.3511
42.69305,-0.3537
42.70304,-0.3355
42.71302,-0.3136
42.723,-0.2833
42.73298,-0.2465
42.74296,-0.2337
42.75294,-0.1431
42.76292,-0.095
42.7729,-0.0166
42.78297,0.1206
42.79303,0.314
42.80309,0.4836
42.81316,0.6563
42.82322,0.7705
42.83328,0.8495
42.84335,0.9526
42.85341,1.0252
42.86347,1.1055
42.87354,1.1153
42.8836,1.066
42.89366,1.01
42.90371,0.9512
42.91374,0.9317
42.92377,0.9121
42.9338,0.8205
42.94382,0.6398
42.95385,0.4745
42.96388,0.322
42.97392,0.1901
42.98394,0.0894
42.99397,0.0002
43.004,-0.0682
43.01403,-0.1283
43.02406,-0.1827
43.03405,-0.2254
43.04404,-0.2756
43.05402,-0.3368
43.06401,-0.3581
43.07399,-0.3512
43.08398,-0.3566
43.09396,-0.3626
43.10395,-0.3465
43.11394,-0.3335
43.12392,-0.2865
43.13391,-0.2774
43.14389,-0.2682
43.15388,-0.2755
43.16386,-0.2725
43.17384,-0.2808
43.18382,-0.2856
43.19379,-0.3069
43.20377,-0.3125
43.21375,-0.3234
43.22373,-0.35
43.23371,-0.3851
43.24369,-0.3971
43.25367,-0.3244
43.26365,-0.2591
43.27363,-0.1912
43.28362,-0.1772
43.29361,-0.1848
43.3036,-0.208
43.31359,-0.2388
43.32358,-0.2772
43.33356,-0.3067
43.34356,-0.3329
43.35354,-0.347
43.36353,-0.3342
43.37352,-0.2813
43.38351,-0.1751
43.3935,-0.0416
43.4035,0.1141
43.4135,0.3324
43.4235,0.534
43.4335,0.8224
43.4435,1.0964
43.4535,1.356
43.46349,1.5724
43.4735,1.7333
43.48349,1.9221
43.49349,2.1174
43.50349,2.3338
43.51349,2.5391
43.52349,2.7284
43.5335,2.8374
43.5435,2.8953
43.5535,2.8976
43.5635,2.8933
43.57351,2.9039
43.58351,2.9561
43.59351,3.0818
43.60351,3.2223
43.61352,3.399
43.62352,3.5966
43.63352,3.6849
43.64352,3.6445
43.65352,3.65
43.66351,3.9816
43.67349,4.1925
43.68348,4.3733
43.69347,4.5128
43.70345,4.602
43.71344,4.7298
43.72343,4.9161
43.73341,5.0388
43.7434,5.1008
43.75338,5.1371
43.76337,5.1862
43.77336,5.2195
43.78338,5.2329
43.7934,5.1957
43.80341,5.1354
43.81343,5.0671
43.82344,4.9984
43.83346,4.9725
43.84348,4.9718
43.8535,5.059
43.86351,5.185
43.87353,5.3179
43.88354,5.415
43.89356,5.4485
43.90361,5.49
43.9137,5.5394
43.92378,5.7043
43.93387,5.9769
43.94395,6.2365
43.95404,6.6534
43.96412,7.0329
43.97421,7.2784
43.98429,7.4189
43.99438,7.3145
44.00446,6.8952
44.01455,6.3929
44.02463,5.8047
44.03463,5.3088
44.04462,4.9414
44.05462,4.5792
44.06462,4.2903
44.07461,4.1181
44.08461,4.0672
44.0946,3.9309
44.1046,3.765
44.11459,3.6859
44.12459,3.7759
44.13459,3.8228
44.14458,3.8778
44.15456,3.8581
44.16453,3.7595
44.1745,3.6663
44.18446,3.6404
44.19443,3.3118
44.2044,3.072
44.21436,2.7054
44.22433,2.4203
44.23429,2.2113
44.24426,2.0142
44.25423,1.8353
44.26419,1.6634
44.27416,1.4586
44.28419,1.236
44.29422,1.0245
44.30424,0.8266
44.31427,0.6443
44.3243,0.3807
44.33432,0.2347
44.34435,0.1211
44.35437,0.0516
44.3644,-0.0147
44.37442,-0.0661
44.38445,-0.1281
44.39447,-0.1937
44.40449,-0.2541
44.41449,-0.2955
44.42448,-0.3277
44.43448,-0.343
44.44448,-0.4542
44.45448,-0.4506
44.46447,-0.4673
44.47447,-0.4891
44.48447,-0.5084
44.49446,-0.5365
44.50446,-0.529
44.51446,-0.5658
44.52446,-0.5763
44.53442,-0.5675
44.54438,-0.5352
44.55433,-0.4838
44.56429,-0.4383
44.57425,-0.4191
44.58421,-0.3868
44.59417,-0.377
44.60412,-0.3558
44.61408,-0.3063
44.62404,-0.2214
44.634,-0.0991
44.64396,0.02
44.65395,0.2501
44.66396,0.6825
44.67397,1.3242
44.68398,2.1119
44.69399,2.8524
44.704,3.3167
44.71401,3.6128
44.72402,3.8252
44.73403,3.9085
44.74404,3.8764
44.75405,3.8106
44.76406,3.695
44.77407,3.5409
44.78406,3.3808
44.79405,3.2352
44.80405,3.0975
44.81404,3.0091
44.82403,3.0105
44.83402,3.0284
44.84401,2.9733
44.854,2.6762
44.86399,2.1764
44.87398,1.4598
44.88397,1.0818
44.89396,0.7212
44.90398,0.4179
44.914,0.1692
44.92403,-0.0302
44.93405,-0.1764
44.94408,-0.2687
44.9541,-0.3095
44.96412,-0.3794
44.97415,-0.379
44.98417,-0.3642
44.9942,-0.3856
45.00422,-0.4025
45.01425,-0.4345
45.02427,-0.4473
45.03435,-0.4293
45.04443,-0.4148
45.05451,-0.3872
45.06459,-0.352
45.07466,-0.3281
45.08474,-0.3283
45.09482,-0.3071
45.1049,-0.2634
45.11497,-0.1724
45.12505,0.276
45.13513,1.1985
45.14521,1.82
45.15525,0.9717
45.16525,0.6952
45.17524,0.8454
45.18524,1.2414
45.19523,1.2171
45.20523,1.7666
45.21522,1.6642
45.22522,1.5637
45.23521,1.4295
45.2452,1.2446
45.2552,0.9998
45.26519,0.6036
45.27519,0.295
45.2852,0.1141
45.29519,0.0151
45.30519,-0.034
45.31518,-0.0554
45.32517,-0.1105
45.33517,-0.1737
45.34516,-0.2052
45.35516,-0.2588
45.36515,-0.291
45.37514,-0.2978
45.38514,-0.3418
45.39513,-0.3395
45.40513,-0.3456
45.41513,-0.2977
45.42514,-0.2653
45.43514,-0.2481
45.44514,-0.2462
45.45515,-0.308
45.46515,-0.3803
45.47515,-0.3913
45.48516,-0.4046
45.49516,-0.415
45.50516,-0.3745
45.51517,-0.2901
45.52517,-0.1439
45.53517,-0.0892
45.54517,-0.0628
45.55516,-0.0984
45.56516,-0.1092
45.57515,-0.0516
45.58515,0.0312
45.59514,0.1119
45.60514,0.2284
45.61513,0.4277
45.62513,0.7813
45.63512,1.2991
45.64512,1.901
45.6551,2.3981
45.66507,3.4157
45.67504,4.1489
45.68501,4.4903
45.69498,4.645
45.70494,3.6101
45.71492,3.5063
45.72488,3.7311
45.73485,3.9851
45.74482,3.8873
45.75479,3.5422
45.76476,2.9245
45.77473,2.0785
45.78473,1.3295
45.79473,1.1383
45.80473,1.0365
45.81472,1.1024
45.82472,1.0524
45.83472,0.8712
45.84472,0.626
45.85472,0.3604
45.86472,0.1356
45.87472,-0.0149
45.88472,-0.1429
45.89471,-0.1913
45.90474,-0.2453
45.91479,-0.3067
45.92484,-0.3332
45.93488,-0.3837
45.94493,-0.4258
45.95498,-0.4079
45.96502,-0.4592
45.97507,-0.4325
45.98512,-0.4594
45.99516,-0.5253
46.00521,-0.5045
46.01525,-0.5338
46.0253,-0.49
46.03532,-0.4083
46.04533,-0.3536
46.05534,-0.3125
46.06535,-0.2759
46.07536,-0.2837
46.08538,-0.2888
46.09539,-0.2923
46.1054,-0.2514
46.11541,-0.1122
46.12542,0.0501
46.13543,0.2138
46.14545,0.4001
46.15548,0.7069
46.16553,1.1358
46.17558,1.6414
46.18563,2.2822
46.19568,3.0363
46.20573,3.4728
46.21578,3.8323
46.22583,4.1574
46.23589,4.3376
46.24593,4.7405
46.25599,5.2907
46.26603,5.6477
46.27608,5.7964
46.28608,5.8537
46.29607,5.8625
46.30606,5.7986
46.31604,5.7357
46.32603,5.6069
46.33603,5.3584
46.34602,4.9303
46.356,4.352
46.36599,3.6648
46.37598,3.0053
46.38597,2.5649
46.39597,2.4428
46.40595,2.4225
46.41591,2.3719
46.42587,2.1617
46.43584,2.0279
46.4458,1.7578
46.45576,1.3803
46.46572,0.9027
46.47569,0.4824
46.48565,0.1876
46.49561,0.015
46.50557,-0.0938
46.51553,-0.1629
46.5255,-0.2136
46.53551,-0.2485
46.54551,-0.3055
46.55552,-0.3655
46.56552,-0.3931
46.57553,-0.4274
46.58553,-0.4462
46.59554,-0.4378
46.60554,-0.4412
46.61555,-0.4588
46.62555,-0.4383
46.63556,-0.4279
46.64557,-0.4162
46.65558,-0.4634
46.6656,-0.4787
46.67562,-0.4841
46.68564,-0.5019
46.69566,-0.5078
46.70569,-0.513
46.71571,-0.5124
46.72573,-0.4965
46.73575,-0.476
46.74577,-0.4835
46.75579,-0.4688
46.76582,-0.4642
46.77584,-0.4491
46.78584,-0.413
46.79584,-0.379
46.80584,-0.3501
46.81584,-0.3163
46.82584,-0.2719
46.83584,-0.2261
46.84584,-0.176
46.85583,-0.0882
46.86584,0.0766
46.87584,0.342
46.88583,0.715
46.89583,1.1106
46.90583,1.4937
46.91583,2.1515
46.92583,2.3304
46.93583,2.4813
46.94582,2.735
46.95582,2.8763
46.96582,3.0488
46.97581,3.2075
46.98581,3.264
46.99581,3.1998
47.00581,2.9872
47.0158,2.6784
47.0258,2.3483
47.0358,2.1012
47.04579,1.9178
47.05578,1.733
47.06577,1.4872
47.07576,1.2812
47.08575,1.0906
47.09575,0.8767
47.10574,0.6597
47.11573,0.4058
47.12572,0.1443
47.13571,-0.0347
47.1457,-0.2503
47.15571,-0.4113
47.16574,-0.5383
47.17576,-0.6587
47.18578,-0.7429
47.19581,-0.7756
47.20583,-0.7768
47.21586,-0.7376
47.22588,-0.7165
47.2359,-0.6783
47.24593,-0.6338
47.25595,-0.5888
47.26598,-0.5358
47.276,-0.4613
47.28605,-0.3257
47.29611,-0.0324
47.30616,0.468
47.31621,1.198
47.32627,1.9429
47.33632,2.6992
47.34637,3.2712
47.35643,3.8843
47.36648,4.7999
47.37653,4.9956
47.38659,5.2069
47.39664,5.5513
47.4067,5.7675
47.41677,5.7664
47.42683,5.7326
47.4369,5.6013
47.44697,5.3385
47.45703,5.0872
47.4671,4.8384
47.47717,4.5589
47.48723,4.2819
47.4973,3.9429
47.50736,3.5041
47.51743,3.0269
47.52749,2.5148
47.53742,1.9245
47.54735,1.289
47.55728,0.687
47.56721,0.1994
47.57713,-0.0663
47.58706,-0.1953
47.59699,-0.2942
47.60692,-0.3829
47.61684,-0.488
47.62677,-0.5827
47.6367,-0.6073
47.64663,-0.5541
47.65659,-0.5091
47.66658,-0.4315
47.67657,-0.3634
47.68656,-0.3115
47.69655,-0.214
47.70654,-0.0345
47.71653,0.3236
47.72652,0.8621
47.73651,1.1892
47.7465,1.5602
47.75649,2.099
47.76648,2.7302
47.77647,3.1023
47.78648,3.7624
47.79648,4.0987
47.80649,4.4223
47.81649,3.7668
47.8265,3.7716
47.8365,3.6035
47.84651,3.3352
47.85651,3.0486
47.86652,2.7451
47.87652,2.4796
47.88653,2.2639
47.89653,2.0634
47.90653,1.863
47.91652,1.6277
47.9265,1.3545
47.93649,1.1344
47.94647,0.9277
47.95646,0.763
47.96644,0.6306
47.97643,0.5275
47.98642,0.3572
47.9964,0.1621
48.00639,-0.0194
48.01637,-0.1484
48.02636,-0.25
48.03637,-0.327
48.04638,-0.4011
48.05639,-0.4939
48.06639,-0.5612
48.0764,-0.5863
48.08641,-0.6077
48.09642,-0.6338
48.10643,-0.6821
48.11644,-0.7258
48.12645,-0.7368
48.13646,-0.7267
48.14647,-0.6701
48.15647,-0.5559
48.16646,-0.3467
48.17645,-0.0463
48.18644,0.402
48.19643,0.9583
48.20641,1.515
48.2164,2.0001
48.22639,2.408
48.23638,2.973
48.24637,3.0096
48.25636,3.0594
48.26635,3.2952
48.27633,3.5486
48.2863,3.3878
48.29627,2.9509
48.30624,3.77
48.31621,3.8933
48.32618,3.9671
48.33614,3.8747
48.34611,3.7784
48.35608,3.7098
48.36605,3.5536
48.37601,3.2368
48.38598,2.7956
48.39595,2.3538
48.40599,2.008
48.41609,1.7753
48.42619,1.5798
48.43629,1.2656
48.4464,0.852
48.4565,0.5175
48.4666,0.2297
48.4767,0.019
48.4868,-0.1422
48.49691,-0.2843
48.50701,-0.4023
48.51711,-0.6338
48.52721,-0.7435
48.53722,-0.8187
48.54722,-0.9147
48.55722,-1.056
48.56723,-1.153
48.57723,-1.2345
48.58723,-1.3158
48.59723,-1.3235
48.60723,-1.3195
48.61724,-1.336
48.62724,-1.328
48.63725,-1.3109
48.64725,-1.284
48.65724,-1.2468
48.66721,-1.1783
48.67718,-1.0702
48.68715,-0.9408
48.69712,-0.7824
48.70709,-0.5969
48.71706,-0.3791
48.72703,-0.0442
48.737,0.4168
48.74697,0.9653
48.75694,1.394
48.76691,1.3968
48.77689,1.2447
48.78689,1.7305
48.79688,2.0143
48.80688,2.6908
48.81687,2.9426
48.82687,3.6702
48.83686,4.4704
48.84686,4.6569
48.85685,4.4496
48.86684,4.1997
48.87684,3.8479
48.88683,3.1787
48.89683,2.4912
48.90686,1.9322
48.9169,1.5944
48.92696,1.2501
48.937,0.9784
48.94706,0.6845
48.9571,0.4654
48.96715,0.2796
48.9772,0.0996
48.98725,-0.0562
48.9973,-0.1837
49.00735,-0.3244
49.0174,-0.4689
49.02745,-0.6095
49.03743,-0.7145
49.0474,-0.7409
49.05737,-0.7755
49.06733,-0.8243
49.0773,-0.8896
49.08727,-0.9165
49.09723,-0.9968
49.1072,-1.0612
49.11716,-1.0666
49.12713,-1.1161
49.1371,-1.1604
49.14706,-1.2208
49.15705,-1.276
49.16705,-1.3258
49.17704,-1.36
49.18704,-1.4206
49.19704,-1.453
49.20704,-1.4538
49.21703,-1.4568
49.22703,-1.4629
49.23703,-1.5023
49.24702,-1.5134
49.25702,-1.4952
49.26702,-1.4509
49.27702,-1.4211
49.287,-1.431
49.29697,-1.4656
49.30695,-1.502
49.31693,-1.5273
49.3269,-1.5229
49.33688,-1.5246
49.34685,-1.5139
49.35683,-1.4953
49.3668,-1.4785
49.37678,-1.459
49.38675,-1.4289
49.39673,-1.3976
49.40671,-1.3531
49.41669,-1.2987
49.42668,-1.2491
49.43666,-1.2015
49.44664,-1.1227
49.45662,-1.0255
49.46661,-0.9028
49.47659,-0.7472
49.48657,-0.5313
49.49656,-0.2546
49.50654,0.0249
49.51652,0.2289
49.5265,0.3342
49.53658,0.3711
49.54666,0.3823
49.55673,0.3692
49.56681,0.3496
49.57688,0.2999
49.58696,0.2387
49.59703,0.165
49.60711,0.0702
49.61718,-0.0112
49.62725,-0.0799
49.63733,-0.13
49.6474,-0.1825
49.65749,-0.2393
49.66758,-0.282
49.67766,-0.3194
49.68774,-0.3727
49.69783,-0.4187
49.70791,-0.5278
49.71799,-0.6193
49.72808,-0.7416
49.73817,-0.8391
49.74825,-0.9075
49.75834,-0.9119
49.76842,-0.9047
49.7785,-0.8639
49.78851,-0.8168
49.7985,-0.7787
49.8085,-0.757
49.8185,-0.7736
49.8285,-0.7431
49.83849,-0.7197
49.84849,-0.6924
49.85849,-0.676
49.86848,-0.6505
49.87848,-0.6381
49.88848,-0.6059
49.89848,-0.5786
49.90845,-0.535
49.9184,-0.4809
49.92834,-0.3999
49.93829,-0.345
49.94823,-0.3627
49.95818,-0.3484
49.96812,-0.3565
49.97807,-0.365
49.98801,-0.3847
49.99796,-0.3942
50.00791,-0.3741
50.01785,-0.3542
50.0278,-0.3731
50.0378,-0.3869
50.0478,-0.3946
50.0578,-0.4021
50.06779,-0.3912
50.07779,-0.4098
50.08779,-0.4419
50.09779,-0.4711
50.10778,-0.4826
50.11778,-0.5051
50.12778,-0.5258
50.13778,-0.5593
50.14778,-0.5901
50.15778,-0.6346
50.16777,-0.7442
50.17776,-0.8483
50.18776,-0.9482
50.19775,-1.0251
50.20775,-1.0673
50.21774,-1.0843
50.22774,-1.1071
50.23774,-1.1208
50.24773,-1.1181
50.25772,-1.1471
50.26772,-1.1924
50.27771,-1.2426
50.28771,-1.2661
50.2977,-1.2544
50.30769,-1.2267
50.31768,-1.1777
50.32768,-1.1264
50.33767,-1.0597
50.34766,-0.975
50.35765,-0.8714
50.36765,-0.7311
50.37764,-0.5409
50.38763,-0.3448
50.39762,-0.1136
50.4076,0.1978
50.41757,0.5978
50.42754,0.8577
50.43751,1.0858
50.44748,1.2254
50.45744,1.2549
50.46741,1.2334
50.47738,1.2478
50.48735,1.2781
50.49731,1.2697
50.50728,1.1775
50.51725,1.0378
50.52722,0.9026
50.53721,0.8124
50.5472,0.7449
50.55719,0.6428
50.56718,0.5025
50.57717,0.2655
50.58715,0.0335
50.59715,-0.1848
50.60713,-0.3633
50.61712,-0.5441
50.62711,-0.6898
50.6371,-0.8347
50.64709,-0.8703
50.65713,-0.9588
50.66723,-0.8259
50.67733,-0.8267
50.68742,-0.7935
50.69752,-0.7827
50.70761,-0.7791
50.71771,-0.7791
50.7278,-0.7469
50.7379,-0.7035
50.74799,-0.6321
50.75809,-0.5464
50.76818,-0.4282
50.77828,-0.2899
50.78831,-0.0746
50.79833,0.0576
50.80834,0.3791
50.81836,0.8372
50.82837,1.4006
50.83839,1.7568
50.8484,1.9168
50.85842,1.94
50.86843,1.8597
50.87845,1.754
50.88846,1.5928
50.89848,1.4452
50.90847,1.3121
50.91843,1.1943
50.92839,1.0367
50.93835,0.826
50.94831,0.6197
50.95828,0.3443
50.96824,0.3361
50.9782,0.1725
50.98816,-0.1381
50.99813,-0.3743
51.00809,-0.5268
51.01805,-0.6467
51.02801,-0.7602
51.03806,-0.8575
51.04811,-0.943
51.05816,-0.9838
51.0682,-0.9709
51.07825,-0.7675
51.08829,-0.7856
51.09834,-0.7543
51.10838,-0.6574
51.11843,-0.5728
51.12848,-0.5009
51.13852,-0.3962
51.14857,-0.2562
51.15859,-0.0518
51.16858,0.2106
51.17857,0.87
51.18856,1.537
51.19855,1.9485
51.20854,2.004
51.21853,1.8306
51.22852,1.5648
51.23851,1.3298
51.2485,1.1631
51.25849,1.0112
51.26848,1.1364
51.27847,1.228
51.28847,1.1907
51.29847,1.0582
51.30848,0.7818
51.31848,0.4661
51.32848,0.1605
51.33848,-0.1204
51.34848,-0.3103
51.35849,-0.4487
51.36849,-0.5521
51.37849,-0.6631
51.3885,-0.7946
51.3985,-0.9113
51.4085,-0.9598
51.41848,-0.9735
51.42846,-0.8907
51.43844,-0.7786
51.44842,-0.7992
51.4584,-0.8097
51.46838,-0.8065
51.47837,-0.7531
51.48835,-0.7125
51.49833,-0.6497
51.50831,-0.5562
51.51829,-0.43
51.52827,-0.0767
51.53829,0.5444
51.5483,1.1822
51.55831,1.5744
51.56832,1.0797
51.57833,1.8325
51.58834,2.6547
51.59835,2.5758
51.60836,2.2283
51.61837,1.765
51.62839,1.4939
51.6384,1.3473
51.64841,1.2164
51.65841,1.0776
51.6684,0.8703
51.6784,0.5913
51.68839,0.3082
51.69838,0.0224
51.70837,-0.2026
51.71837,-0.3882
51.72836,-0.5111
51.73835,-0.6063
51.74834,-0.6675
51.75834,-0.7033
51.76833,-0.7677
51.77832,-0.7559
51.78839,-0.7389
51.79845,-0.7339
51.80851,-0.7531
51.81858,-0.7899
51.82864,-0.7887
51.8387,-0.7743
51.84876,-0.6144
51.85883,-0.5991
51.86889,-0.5003
51.87895,-0.3401
51.88901,-0.1442
51.89907,0.1297
51.90914,0.57
51.91919,1.0812
51.92924,1.4399
51.9393,1.6783
51.94935,2.6336
51.9594,3.2743
51.96946,2.9896
51.97951,2.4347
51.98956,2.4977
51.99962,2.6427
52.00967,2.7447
52.01973,2.6841
52.02978,2.4613
52.03973,2.2637
52.04968,2.1049
52.05963,1.8676
52.06958,1.5796
52.07953,1.2613
52.08948,0.9617
52.09943,0.7147
52.10938,0.4981
52.11932,0.3231
52.12928,0.1997
52.13923,0.1271
52.14917,0.1051
52.15915,0.0651
52.16914,-0.0242
52.17913,-0.1371
52.18912,-0.2498
52.19911,-0.3394
52.20911,-0.3973
52.2191,-0.4355
52.22909,-0.4436
52.23908,-0.4351
52.24907,-0.4365
52.25906,-0.4328
52.26906,-0.4018
52.27905,-0.3609
52.28902,-0.3088
52.29899,-0.2444
52.30896,-0.1498
52.31893,-0.0205
52.3289,0.1591
52.33887,0.3821
52.34884,0.5684
52.35881,0.6703
52.36878,0.6977
52.37875,0.6941
52.38872,0.6827
52.39869,0.6343
52.40867,0.6087
52.41866,0.6007
52.42865,0.5759
52.43864,0.511
52.44864,0.4001
52.45863,0.2954
52.46862,0.2588
52.47861,0.3021
52.4886,0.364
52.49859,0.4483
52.50858,0.534
52.51857,0.5742
52.52856,0.5836
52.5386,0.5558
52.54864,0.5269
52.55868,0.5352
52.56872,0.5272
52.57876,0.4666
52.5888,0.3551
52.59884,0.2437
52.60888,0.1527
52.61892,0.0434
52.62896,-0.0584
52.639,-0.1511
52.64904,-0.2763
52.65905,-0.3146
52.66903,-0.299
52.679,-0.2964
52.68898,-0.2631
52.69895,-0.2274
52.70893,-0.1712
52.7189,-0.1391
52.72888,-0.1115
52.73885,0.0001
52.74883,0.1555
52.7588,0.2898
52.76878,0.4739
52.77876,0.7226
52.78874,1.0702
52.79873,1.4415
52.80871,1.8945
52.8187,2.2699
52.82868,2.3261
52.83867,2.5535
52.84865,2.4868
52.85863,2.7007
52.86862,2.9773
52.8786,3.0732
52.88859,3.1483
52.89857,3.366
52.90862,3.5679
52.91871,3.7543
52.92881,3.6651
52.93891,3.4507
52.94901,3.0924
52.9591,2.7657
52.9692,2.5364
52.97929,2.2851
52.98939,2.1337
52.99949,2.0066
53.00958,1.8087
53.01968,1.5129
53.02978,1.1684
53.03976,0.828
53.04974,0.5292
53.05972,0.289
53.0697,0.1501
53.07968,0.0569
53.08966,-0.1261
53.09964,-0.2299
53.10962,-0.3745
53.11959,-0.4776
53.12957,-0.5093
53.13955,-0.5138
53.14953,-0.5243
53.15954,-0.5615
53.16956,-0.5883
53.17959,-0.6108
53.18961,-0.6236
53.19963,-0.634
53.20966,-0.6971
53.21968,-0.7403
53.22971,-0.649
53.23973,-0.428
53.24976,-0.17
53.25978,0.0782
53.26981,0.3024
53.27983,0.5169
53.28988,0.7056
53.29992,0.8972
53.30997,1.1455
53.32002,1.3504
53.33006,1.5508
53.34011,1.856
53.35015,2.2912
53.3602,2.9191
53.37025,3.5337
53.38029,4.0533
53.39034,4.5663
53.40039,4.9517
53.41041,5.5039
53.42041,5.912
53.43041,6.0541
53.4404,6.0777
53.4504,5.929
53.4604,5.6671
53.4704,5.3085
53.48039,4.8839
53.49039,4.4611
53.50039,4.0866
53.51039,3.7055
53.52038,3.2818
53.53038,2.8433
53.54034,2.4327
53.55029,2.0326
53.56024,1.6766
53.57019,1.3046
53.58015,0.9043
53.5901,0.5844
53.60005,0.3953
53.61,0.3318
53.61996,0.2842
53.62991,0.0579
53.63986,-0.2845
53.64981,-0.61
53.6598,-0.8232
53.66982,-0.8518
53.67982,-0.8024
53.68983,-0.7531
53.69985,-0.7001
53.70986,-0.7024
53.71987,-0.6964
53.72988,-0.6549
53.73989,-0.5841
53.7499,-0.4866
53.75991,-0.3962
53.76993,-0.2833
53.77994,-0.13
53.78999,0.1115
53.80004,0.4895
53.81009,1.012
53.82014,1.6083
53.83019,2.2123
53.84024,2.8576
53.85029,3.4559
53.86034,4.1054
53.87039,4.4891
53.88044,4.4376
53.89049,4.2146
53.90054,3.8932
53.91053,3.5127
53.92044,3.2607
53.93036,3.1886
53.94027,3.1676
53.95018,3.0817
53.96009,2.9304
53.97001,2.7296
53.97992,2.4935
53.98983,2.24
53.99974,1.9228
54.00965,1.5706
54.01957,1.2195
54.02948,0.909
54.03957,0.6198
54.04966,0.302
54.05974,-0.0049
54.06983,-0.2671
54.07991,-0.4227
54.09,-0.4705
54.10008,-0.5863
54.11016,-0.5796
54.12025,-0.5187
54.13033,-0.514
54.14042,-0.4532
54.1505,-0.4602
54.16055,-0.5712
54.17054,-0.6757
54.18054,-0.7634
54.19054,-0.8135
54.20053,-0.8126
54.21053,-0.7776
54.22053,-0.7076
54.23052,-0.6502
54.24052,-0.5197
54.25051,-0.274
54.26051,-0.0535
54.27051,0.0579
54.28051,0.1386
54.2905,0.2557
54.30048,0.3365
54.31047,0.5127
54.32046,0.6966
54.33044,0.6313
54.34043,0.5375
54.35041,0.5026
54.3604,0.5511
54.37039,0.6485
54.38037,0.6782
54.39036,0.6455
54.40034,0.6159
54.41033,0.6486
54.42032,0.6821
54.43032,0.6127
54.44031,0.3189
54.4503,0.0305
54.46029,-0.252
54.47028,-0.5149
54.48028,-0.7062
54.49027,-0.8417
54.50026,-0.9487
54.51025,-1.0346
54.52025,-1.0809
54.53024,-1.1376
54.54026,-1.1456
54.55027,-1.1904
54.56028,-1.1765
54.5703,-1.2084
54.58031,-1.2293
54.59032,-1.1729
54.60033,-1.1033
54.61035,-1.0096
54.62036,-0.9003
54.63037,-0.7477
54.64038,-0.4607
54.6504,0.073
54.6604,0.8329
54.6704,0.8032
54.68039,1.0144
54.69039,1.1604
54.70039,2.3781
54.71038,3.2708
54.72038,3.6417
54.73038,3.772
54.74037,3.756
54.75037,3.4244
54.76036,2.7584
54.77036,1.9732
54.78036,1.2188
54.79033,0.602
54.8003,0.1278
54.81027,-0.2122
54.82024,-0.4385
54.8302,-0.5923
54.84017,-0.6826
54.85014,-0.7294
54.86011,-0.7608
54.87008,-0.8374
54.88004,-0.8767
54.89001,-0.8946
54.89998,-0.9207
54.90998,-0.9318
54.92001,-0.9618
54.93005,-0.9685
54.94009,-0.9834
54.95012,-1.048
54.96016,-1.0078
54.9702,-1.0163
54.98024,-1.0377
54.99027,-1.065
55.00031,-1.0805
55.01035,-1.0771
55.02038,-1.0625
55.03042,-1.0407
55.04043,-0.9923
55.05044,-0.9141
55.06044,-0.6701
55.07045,-0.0703
55.08045,0.795
55.09045,0.6994
55.10046,1.2977
55.11046,2.6165
55.12047,3.5308
55.13047,4.2394
55.14048,4.7107
55.15048,5.159
55.16048,5.3027
55.17045,5.1069
55.18043,4.6355
55.19041,3.9706
55.20039,3.1639
55.21037,2.3578
55.22034,1.6309
55.23032,1.049
55.2403,0.6354
55.25028,0.3769
55.26026,0.1935
55.27023,0.037
55.28021,-0.0751
55.29038,-0.211
55.30053,-0.395
55.31068,-0.5554
55.32084,-0.6989
55.33099,-0.762
55.34114,-0.8126
55.3513,-0.8329
55.36145,-0.8869
55.3716,-0.8582
55.38175,-0.8471
55.39191,-0.8401
55.40206,-0.8701
55.41211,-0.9129
55.42204,-0.9501
55.43198,-0.9528
55.44191,-0.9142
55.45184,-0.8531
55.46177,-0.6864
55.47171,-0.3439
55.48164,0.2136
55.49157,0.5419
55.5015,1.1386
55.51144,2.4305
55.52137,4.0204
55.5313,4.7285
55.54128,5.0892
55.55126,5.3837
55.56124,5.6738
55.57122,5.7855
55.5812,5.6366
55.59118,5.2174
55.60116,4.6172
55.61114,3.9992
55.62112,3.4606
55.6311,2.9434
55.64108,2.4213
55.65106,1.9427
55.66105,1.5986
55.67103,1.4977
55.68101,1.5398
55.69099,1.6747
55.70097,1.7834
55.71095,1.9061
55.72093,2.048
55.73091,2.1881
55.74089,2.3547
55.75087,2.5291
55.76085,2.653
55.77083,2.8087
55.78081,3.0539
55.7909,3.3436
55.801,3.7012
55.81109,4.1547
55.82118,4.6987
55.83127,5.3716
55.84136,6.0751
55.85145,6.7118
55.86154,7.104
55.87164,7.6122
55.88173,8.0166
55.89182,8.4204
55.90191,8.7297
55.9119,8.9037
55.92178,8.8434
55.93167,8.6802
55.94156,8.3914
55.95145,7.8532
55.96133,7.0845
55.97122,6.0249
55.98111,4.7122
55.991,3.2085
56.00089,1.6744
56.01077,0.4543
56.02066,-0.1698
56.03055,-0.5003
56.04055,-0.5993
56.05055,-0.5649
56.06054,-0.5142
56.07054,-0.5117
56.08054,-0.4921
56.09053,-0.5267
56.10052,-0.6848
56.11052,-0.8969
56.12052,-1.1005
56.13051,-1.2549
56.14051,-1.4267
56.15051,-1.5188
56.1605,-1.5671
56.17049,-1.5985
56.18049,-1.6358
56.19049,-1.6576
56.20048,-1.6622
56.21048,-1.6766
56.22047,-1.6516
56.23046,-1.6342
56.24046,-1.5493
56.25046,-1.5388
56.26045,-1.5531
56.27045,-1.5698
56.28044,-1.5719
56.29061,-1.6005
56.30077,-1.6068
56.31093,-1.6371
56.32109,-1.6531
56.33125,-1.6656
56.34142,-1.6625
56.35158,-1.6497
56.36174,-1.6091
56.3719,-1.5827
56.38206,-1.5318
56.39223,-1.5058
56.40239,-1.4941
56.41244,-1.4887
56.42238,-1.4709
56.43232,-1.4369
56.44226,-1.3641
56.45219,-1.2562
56.46213,-0.9429
56.47207,-0.6617
56.48201,-0.1753
56.49195,0.5394
56.50189,1.568
56.51183,2.1005
56.52177,3.835
56.5317,4.0127
56.54172,5.8482
56.55173,5.4916
56.56174,4.488
56.57175,4.1372
56.58177,4.194
56.59178,4.0885
56.60179,3.9672
56.6118,3.9807
56.62181,3.9847
56.63183,3.9124
56.64184,3.5815
56.65185,3.1312
56.66186,2.6473
56.67185,2.1251
56.68184,1.6001
56.69183,1.0436
56.70183,0.469
56.71182,-0.0018
56.72181,-0.3271
56.7318,-0.5888
56.74179,-0.8347
56.75179,-1.0029
56.76178,-1.1135
56.77177,-1.1087
56.78176,-1.0452
56.79176,-0.9945
56.80176,-0.9193
56.81176,-0.8688
56.82176,-0.8227
56.83176,-0.8569
56.84175,-0.9893
56.85175,-1.0972
56.86175,-1.1269
56.87175,-1.1237
56.88175,-1.1379
56.89175,-1.2203
56.90174,-1.3604
56.91173,-1.5269
56.9217,-1.6479
56.93166,-1.7269
56.94162,-1.7994
56.95158,-1.8081
56.96155,-1.8173
56.97151,-1.8121
56.98148,-1.7961
56.99144,-1.8124
57.0014,-1.8055
57.01137,-1.7952
57.02133,-1.7886
57.0313,-1.7787
57.04129,-1.7684
57.0513,-1.7729
57.06129,-1.7735
57.0713,-1.7781
57.0813,-1.7807
57.0913,-1.7811
57.1013,-1.793
57.1113,-1.7949
57.1213,-1.7796
57.1313,-1.7376
57.1413,-1.7083
57.1513,-1.6998
57.16132,-1.7176
57.17134,-1.7778
57.18137,-1.8388
57.19139,-1.8958
57.20142,-1.918
57.21144,-1.9198
57.22147,-1.9173
57.23149,-1.8938
57.24152,-1.8464
57.25154,-1.7805
57.26157,-1.7197
57.2716,-1.7107
57.28162,-1.7401
57.29162,-1.7938
57.30162,-1.7829
57.31161,-1.7753
57.32162,-1.7952
57.33162,-1.815
57.34161,-1.8495
57.35161,-1.8549
57.36161,-1.8596
57.37161,-1.8557
57.38161,-1.8312
57.39161,-1.7849
57.4016,-1.7038
57.4116,-1.6325
57.42157,-1.5927
57.43154,-1.6018
57.44151,-1.6119
57.45147,-1.6124
57.46144,-1.5763
57.47141,-1.5549
57.48138,-1.5694
57.49135,-1.5665
57.50132,-1.5864
57.51129,-1.6086
57.52126,-1.6416
57.53123,-1.6837
57.54132,-1.7246
57.55143,-1.7544
57.56153,-1.7955
57.57163,-1.8251
57.58173,-1.8404
57.59183,-1.791
57.60193,-1.7438
57.61203,-1.7393
57.62214,-1.7597
57.63224,-1.7631
57.64234,-1.7681
57.65244,-1.7975
57.66249,-1.8576
57.67249,-1.8902
57.68249,-1.8913
57.69249,-1.8681
57.70249,-1.8186
57.71249,-1.7258
57.72248,-1.6505
57.73248,-1.6207
57.74249,-1.5965
57.75248,-1.5798
57.76248,-1.5486
57.77248,-1.522
57.78248,-1.4951
57.79245,-1.4228
57.80241,-1.3398
57.81237,-1.2172
57.82234,-1.074
57.8323,-0.8735
57.84226,-0.652
57.85223,-0.4817
57.86219,-0.3114
57.87215,-0.1292
57.88211,0.0958
57.89207,0.2993
57.90204,0.4504
57.91202,0.5762
57.922,0.6659
57.93199,0.7351
57.94197,0.8141
57.95196,0.9084
57.96195,1.0021
57.97194,1.0192
57.98192,1.0461
57.99191,1.19
58.00189,1.227
58.01188,1.1978
58.02187,1.0986
58.03185,1.0626
58.04186,1.1484
58.05187,1.3064
58.06188,1.493
58.07188,1.6888
58.08189,1.9403
58.0919,2.2571
58.1019,2.4728
58.11191,2.5596
58.12192,2.5854
58.13192,2.5575
58.14193,2.4894
58.15194,2.3318
58.16197,2.0448
58.17199,1.6414
58.18201,1.1463
58.19204,0.587
58.20206,0.0489
58.21209,-0.369
58.22211,-0.6692
58.23214,-0.8551
58.24216,-0.9781
58.25218,-1.0504
58.26221,-1.1073
58.27223,-1.1734
58.28225,-1.2681
58.29223,-1.3979
58.30221,-1.5274
58.31219,-1.6468
58.32217,-1.7103
58.33214,-1.7041
58.34212,-1.6841
58.3521,-1.6985
58.36208,-1.7111
58.37206,-1.725
58.38203,-1.7422
58.39201,-1.7641
58.40199,-1.7706
58.41198,-1.7289
58.42199,-1.6195
58.432,-1.4994
58.44201,-1.4149
58.45202,-1.3297
58.46203,-1.2152
58.47204,-1.0291
58.48205,-0.7742
58.49206,-0.4762
58.50207,-0.1245
58.51208,0.2316
58.52209,0.614
58.5321,0.9341
58.54212,1.1851
58.55213,1.4159
58.56214,1.6171
58.57215,1.8648
58.58215,2.1366
58.59216,2.4322
58.60217,2.6253
58.61218,2.6674
58.62219,2.6574
58.6322,2.6138
58.64221,2.6406
58.65222,2.7996
58.66227,3.0782
58.67236,3.3454
58.68245,3.488
58.69255,3.3966
58.70264,3.1699
58.71273,3.0245
58.72282,2.9413
58.73292,2.9664
58.74301,3.0553
58.7531,3.1497
58.7632,3.2572
58.77328,3.3141
58.78338,3.2884
58.79337,3.2555
58.80335,3.2474
58.81334,3.3116
58.82333,3.4197
58.83332,3.6962
58.8433,4.1717
58.85329,4.8089
58.86328,5.5398
58.87326,6.1307
58.88326,6.368
58.89324,6.3268
58.90323,6.1785
58.91323,5.8691
58.92323,5.5073
58.93322,5.2465
58.94321,5.1261
58.95321,5.0392
58.9632,4.9758
58.97319,4.882
58.98318,4.7803
58.99317,4.641
59.00316,4.5943
59.01315,4.6958
59.02315,4.8781
59.03314,5.0559
59.04319,5.1725
59.05322,5.2321
59.06324,5.3255
59.07327,5.3481
59.08329,5.3557
59.09332,5.4663
59.10334,5.5409
59.11337,5.5766
59.12339,5.6022
59.13342,5.6591
59.14344,5.702
59.15347,5.6736
59.16348,5.553
59.17347,5.4117
59.18347,5.2394
59.19346,5.0299
59.20346,4.6935
59.21346,4.2428
59.22345,3.7168
59.23345,3.1068
59.24344,2.3761
59.25344,1.6718
59.26343,1.037
59.27343,0.4502
59.28342,-0.0571
59.2934,-0.4351
59.30338,-0.6893
59.31336,-0.8716
59.32334,-1.0432
59.33332,-1.1942
59.3433,-1.3012
59.35328,-1.3611
59.36325,-1.4003
59.37323,-1.427
59.38321,-1.4278
59.39318,-1.4448
59.40316,-1.489
59.41317,-1.4842
59.4232,-1.4504
59.43323,-1.4027
59.44325,-1.4258
59.45328,-1.4127
59.46331,-1.4047
59.47334,-1.4063
59.48336,-1.407
59.49339,-1.412
59.50342,-1.407
59.51345,-1.4168
59.52348,-1.4575
59.5335,-1.4875
59.54343,-1.4753
59.55335,-1.3924
59.56327,-1.3026
59.57319,-1.2924
59.58311,-1.287
59.59304,-1.28
59.60296,-1.2502
59.61288,-1.1863
59.6228,-1.1014
59.63272,-1.0018
59.64265,-0.9275
59.65257,-0.9471
59.66257,-0.8836
59.67265,-0.871
59.68272,-0.9729
59.69279,-0.958
59.70287,-0.8567
59.71294,-0.8484
59.72301,-0.7001
59.73309,-0.5022
59.74316,-0.4643
59.75323,-0.3842
59.76331,-0.2756
59.77338,-0.1292
59.78345,0.0333
59.79347,0.1265
59.80347,0.2066
59.81347,0.2849
59.82347,0.3276
59.83348,0.3596
59.84348,0.3629
59.85349,0.3577
59.86349,0.334
59.87349,0.3467
59.88349,0.4075
59.8935,0.4718
59.9035,0.4878
59.91351,0.4039
59.92354,0.2143
59.93357,0.0019
59.9436,-0.0835
59.95363,-0.0714
59.96366,-0.024
59.97369,0.0522
59.98371,0.1809
59.99374,0.3589
60.00377,0.4611
60.0138,0.4491
60.02383,0.3053
60.03386,0.0123
60.04383,-0.2838
60.0538,-0.5604
60.06377,-0.6663
60.07374,-0.6293
60.08371,-0.4631
60.09368,-0.3686
60.10365,-0.405
60.11362,-0.5393
60.12359,-0.8528
60.13356,-1.0155
60.14353,-1.1009
60.1535,-1.1398
60.1635,-1.157
60.17352,-1.1924
60.18353,-1.2394
60.19354,-1.2473
60.20356,-1.2408
60.21357,-1.2118
60.22358,-1.1938
60.23359,-1.1707
60.24361,-1.1433
60.25362,-1.106
60.26363,-1.0171
60.27365,-0.8826
60.28366,-0.6473
60.29364,-0.3151
60.30362,0.0285
60.31361,0.0988
60.32359,-0.0977
60.33357,-0.3225
60.34355,-0.4472
60.35353,-0.5462
60.36352,-0.6215
60.3735,-0.7325
60.38348,-0.8183
60.39346,-0.929
60.40345,-1.0402
60.41346,-1.1528
60.42345,-1.2511
60.43344,-1.2287
60.44344,-1.2499
60.45344,-1.2877
60.46343,-1.3527
60.47343,-1.4269
60.48343,-1.5255
60.49342,-1.5337
60.50341,-1.5187
60.51341,-1.4803
60.52341,-1.4297
60.5334,-1.3968
60.54339,-1.3792
60.55337,-1.3865
60.56335,-1.3648
60.57333,-1.3266
60.58332,-1.32
60.5933,-1.342
60.60328,-1.3914
60.61326,-1.4181
60.62325,-1.4164
60.63323,-1.4119
60.64321,-1.4046
60.65319,-1.4069
60.66318,-1.4165
60.67317,-1.4355
60.68316,-1.4296
60.69315,-1.4355
60.70314,-1.4566
60.71313,-1.4698
60.72311,-1.4741
60.7331,-1.4562
60.74309,-1.4371
60.75308,-1.4376
60.76307,-1.4676
60.77306,-1.4777
60.78305,-1.4815
60.79308,-1.489
60.80312,-1.5089
60.81315,-1.5027
60.82318,-1.4869
60.83321,-1.4705
60.84325,-1.445
60.85328,-1.4442
60.86331,-1.4334
60.87335,-1.4519
60.88338,-1.4748
60.89341,-1.4408
60.90345,-1.417
60.91352,-1.3987
60.92359,-1.3875
60.93367,-1.3603
60.94374,-1.333
60.95382,-1.3179
60.96389,-1.2728
60.97396,-1.2251
60.98404,-1.2034
60.99411,-1.1299
61.00418,-1.0853
61.01426,-0.9972
61.02433,-0.9055
61.0344,-0.8217
61.0444,-0.7298
61.05441,-0.6811
61.06441,-0.6405
61.07442,-0.6025
61.08442,-0.5153
61.09443,-0.4378
61.10443,-0.4353
61.11443,-0.3889
61.12444,0.0182
61.13445,0.4162
61.14445,0.8064
61.15445,1.0492
61.16446,1.2232
61.17445,1.4316
61.18444,1.6468
61.19443,1.8507
61.20442,2.0989
61.21441,2.3468
61.2244,2.5309
61.23439,2.563
61.24438,2.3567
61.25437,1.9372
61.26436,1.438
61.27435,0.9066
61.28434,0.4242
61.29433,0.0757
61.30433,-0.1473
61.31433,-0.374
61.32433,-0.6385
61.33432,-0.8954
61.34432,-1.1385
61.35432,-1.3418
61.36431,-1.4548
61.37431,-1.5152
61.3843,-1.51
61.3943,-1.4668
61.4043,-1.434
61.4143,-1.4237
61.42429,-1.4268
61.43428,-1.4528
61.44428,-1.4716
61.45427,-1.4683
61.46427,-1.4599
61.47426,-1.4521
61.48426,-1.4485
61.49425,-1.4487
61.50424,-1.432
61.51424,-1.432
61.52423,-1.4231
61.53423,-1.4325
61.54423,-1.4443
61.55422,-1.4342
61.56422,-1.374
61.57421,-1.3263
61.58421,-1.2978
61.5942,-1.2738
61.6042,-1.2439
61.6142,-1.232
61.62419,-1.2315
61.63419,-1.2451
61.64418,-1.2662
61.65418,-1.262
61.66418,-1.2484
61.67417,-1.1994
61.68416,-1.1037
61.69415,-1.0062
61.70414,-0.9585
61.71413,-0.8823
61.72412,-0.8121
61.73411,-0.7113
61.74411,-0.5928
61.7541,-0.5003
61.76409,-0.428
61.77408,-0.363
61.78407,-0.2531
61.79408,-0.1031
61.80408,-0.0036
61.81409,-0.2494
61.8241,-0.1425
61.83411,0.5364
61.84412,1.0527
61.85412,1.3431
61.86413,1.2427
61.87414,1.0527
61.88414,0.9037
61.89415,0.8233
61.90416,0.8503
61.9142,0.9412
61.92425,1.0817
61.9343,1.1101
61.94436,0.4049
61.95441,0.689
61.96446,1.4287
61.97452,1.8038
61.98457,1.7935
61.99463,1.7431
62.00468,1.7462
62.01473,1.7868
62.02478,1.7767
62.03484,1.7876
62.04485,1.8146
62.05487,1.8695
62.06489,1.952
62.07491,2.0196
62.08492,1.9881
62.09494,1.8679
62.10496,1.7312
62.11497,1.6449
62.125,1.5393
62.13501,1.3707
62.14503,1.1532
62.15505,0.8833
62.16508,0.6278
62.17507,0.4364
62.18507,0.282
62.19507,0.1586
62.20506,0.0647
62.21506,-0.0379
62.22506,-0.0817
62.23506,-0.1295
62.24505,-0.2799
62.25505,-0.4884
62.26505,-0.7646
62.27504,-0.8965
62.28504,-0.9861
62.29504,-1.0279
62.30503,-1.0095
62.31503,-1.0632
62.32502,-1.0754
62.33502,-1.1132
62.34502,-1.163
62.35501,-1.2297
62.36501,-1.3212
62.375,-1.3719
62.385,-1.4014
62.39499,-1.3643
62.40499,-1.2971
62.41499,-1.1557
62.425,-1.0255
62.435,-0.9355
62.445,-0.8867
62.455,-0.8638
62.46501,-0.8592
62.47501,-0.8718
62.48501,-0.8338
62.49501,-0.7301
62.50502,-0.5146
62.51502,-0.0914
62.52502,0.4818
62.53503,1.1365
62.54504,1.6527
62.55503,1.8376
62.56501,2.0162
62.575,2.3274
62.585,2.575
62.59498,2.6983
62.60497,2.7586
62.61496,2.7724
62.62495,2.8354
62.63494,2.9152
62.64493,2.9344
62.65492,2.8552
62.66491,2.7428
62.67491,2.6026
62.6849,2.6087
62.6949,2.7236
62.7049,2.8135
62.71489,2.7812
62.72489,2.6665
62.73489,2.5655
62.74488,2.5464
62.75488,2.5962
62.76488,2.6885
62.77487,2.7178
62.78487,2.7246
62.79487,2.6959
62.80487,2.6569
62.81487,2.6467
62.82486,2.633
62.83486,2.6607
62.84486,2.7423
62.85485,2.6868
62.86485,2.7277
62.87485,2.7176
62.88485,2.7432
62.89485,2.7002
62.90485,2.6468
62.91485,2.5731
62.92484,2.3821
62.93484,2.2186
62.94484,2.0217
62.95483,1.8645
62.96482,1.8104
62.97482,1.8462
62.98481,1.9667
62.99481,2.1204
63.00481,2.23
63.0148,2.4049
63.0248,2.697
63.03479,3.0601
63.04478,3.4333
63.05478,3.6263
63.06477,3.5607
63.07476,3.3445
63.08475,3.1558
63.09475,3.0904
63.10474,3.0994
63.11473,3.2136
63.12472,3.4101
63.13471,3.5399
63.14471,3.5718
63.1547,3.5291
63.16475,3.4273
63.17484,3.3176
63.18493,3.2172
63.19502,3.1321
63.20512,3.0102
63.21521,2.8604
63.2253,2.5578
63.2354,2.242
63.24549,1.7571
63.25558,1.1618
63.26567,0.6108
63.27577,0.1702
63.28586,-0.172
63.29591,-0.4123
63.30597,-0.5866
63.31601,-0.7347
63.32607,-0.8462
63.33611,-0.9313
63.34616,-0.9862
63.35621,-1.0361
63.36626,-1.0866
63.37631,-1.1433
63.38636,-1.2
63.39641,-1.2421
63.40646,-1.2437
63.41644,-1.2508
63.42634,-1.2594
63.43624,-1.3031
63.44614,-1.3425
63.45603,-1.3711
63.46593,-1.3804
63.47583,-1.3829
63.48573,-1.4229
63.49562,-1.5004
63.50552,-1.5732
63.51542,-1.6412
63.52531,-1.6813
63.53521,-1.7062
63.54525,-1.7309
63.55528,-1.7509
63.56531,-1.7787
63.57534,-1.8115
63.58538,-1.8299
63.59541,-1.8555
63.60544,-1.8464
63.61547,-1.8096
63.62551,-1.7513
63.63554,-1.6752
63.64557,-1.5605
63.65561,-1.4916
63.66563,-1.4072
63.67563,-1.3524
63.68563,-1.332
63.69564,-1.3164
63.70564,-1.2704
63.71564,-1.1978
63.72564,-1.0761
63.73564,-0.9533
63.74564,-0.8416
63.75565,-0.7463
63.76565,-0.6506
63.77565,-0.5384
63.78565,-0.379
63.79562,-0.2184
63.8056,-0.0591
63.81557,0.1376
63.82554,0.326
63.83551,0.5137
63.84549,0.697
63.85546,0.8593
63.86543,1.0198
63.8754,1.1667
63.88538,1.3437
63.89535,1.6067
63.90532,1.8962
63.91532,1.5015
63.92533,1.4991
63.93535,2.3656
63.94537,2.7961
63.95538,2.6768
63.96539,2.3354
63.97541,2.3573
63.98542,2.3935
63.99544,2.2382
64.00546,2.0175
64.01547,1.8798
64.02548,1.8423
64.0355,1.8276
64.04549,1.8144
64.05547,1.783
64.06545,1.7429
64.07544,1.7005
64.08542,1.6877
64.0954,1.7596
64.10538,1.8908
64.11536,2.1635
64.12535,2.449
64.13533,2.645
64.14531,2.8179
64.1553,3.0364
64.16529,3.2573
64.1753,3.5735
64.18531,3.9627
64.19532,4.263
64.20533,4.4706
64.21534,4.5819
64.22535,4.647
64.23536,4.6406
64.24537,4.5733
64.25538,4.4732
64.26539,4.5203
64.2754,4.6617
64.28541,4.6998
64.29548,4.962
64.30555,5.0844
64.31562,5.1235
64.32568,4.9701
64.33575,4.8405
64.34583,4.7839
64.3559,4.6403
64.36597,4.368
64.37604,3.9428
64.3861,3.3792
64.39617,2.8002
64.40624,2.2378
64.41629,1.716
64.4263,1.2643
64.43631,0.8707
64.44632,0.5495
64.45634,0.3128
64.46635,0.1498
64.47636,0.0122
64.48637,-0.1026
64.49638,-0.168
64.50639,-0.1855
64.5164,-0.1706
64.52641,-0.1593
64.53642,-0.1205
64.54639,-0.0396
64.55636,0.0592
64.56633,0.1554
64.5763,0.2151
64.58627,0.2239
64.59624,0.1809
64.60621,0.1217
64.61618,0.073
64.62614,0.1114
64.63612,0.142
64.64609,0.1315
64.65606,0.0822
64.66605,0.011
64.67604,-0.0548
64.68604,-0.1541
64.69604,-0.217
64.70603,-0.2963
64.71603,-0.4093
64.72603,-0.5903
64.73602,-0.7833
64.74602,-1.032
64.75601,-1.3154
64.76601,-1.5242
64.77601,-1.658
64.786,-1.7433
64.79605,-1.7572
64.80608,-1.7495
64.81612,-1.7542
64.82616,-1.7689
64.8362,-1.8464
64.84624,-1.9234
64.85628,-1.9825
64.86632,-1.9899
64.87636,-1.9622
64.8864,-1.9129
64.89643,-1.8418
64.90647,-1.7669
64.91647,-1.6784
64.92644,-1.5835
64.9364,-1.4367
64.94636,-1.2118
64.95632,-0.9233
64.96629,-0.5545
64.97625,-0.1541
64.98621,0.1648
64.99618,0.4351
65.00613,0.6095
65.0161,0.7282
65.02606,0.9289
65.03603,1.1713
65.04609,1.457
65.05614,1.6985
65.0662,1.9288
65.07626,2.1173
65.08632,2.4739
65.09637,2.8829
65.10643,3.1724
65.11649,3.3438
65.12655,3.5164
65.1366,3.73
65.14667,3.9705
65.15672,4.148
65.16673,4.2704
65.17665,4.3956
65.18658,4.5182
65.19651,4.6195
65.20644,4.717
65.21636,4.8441
65.22629,4.9769
65.23622,5.1572
65.24615,5.4128
65.25607,5.6975
65.266,5.9222
65.27593,6.0735
65.28586,6.1484
65.29588,6.1481
65.30589,6.178
65.3159,6.2594
65.32591,6.3854
65.33593,6.4723
65.34594,6.4996
65.35595,6.4818
65.36596,6.4684
65.37597,6.4617
65.38599,6.4549
65.396,6.3887
65.40601,6.2814
65.41606,6.1227
65.42614,5.9344
65.43623,5.7292
65.44631,5.569
65.4564,5.4312
65.46648,5.2731
65.47657,5.0883
65.48666,4.9169
65.49674,4.6763
65.50682,4.3293
65.51691,3.8011
65.52699,3.1412
65.53708,2.4104
65.54706,1.6832
65.55702,1.021
65.56699,0.4805
65.57695,0.0727
65.58691,-0.2694
65.59688,-0.5965
65.60684,-0.9742
65.6168,-1.2984
65.62676,-1.625
65.63673,-1.8001
65.64669,-1.9741
65.65665,-2.0664
65.66664,-2.0262
65.67665,-1.93
65.68665,-1.8758
65.69666,-1.8608
65.70667,-1.8107
65.71667,-1.7524
65.72668,-1.8053
65.73669,-1.7724
65.74669,-1.7451
65.7567,-1.6532
65.7667,-1.6229
65.77671,-1.6174
65.78671,-1.6051
65.79675,-1.5775
65.80676,-1.5481
65.81678,-1.6071
65.8268,-1.6741
65.83681,-1.706
65.84683,-1.6634
65.85685,-1.606
65.86687,-1.531
65.87688,-1.4692
65.8869,-1.4352
65.89692,-1.3944
65.90694,-1.4306
65.91695,-1.4657
65.92694,-1.4412
65.93694,-1.3919
65.94695,-1.1321
65.95695,-0.9852
65.96694,-0.8641
65.97694,-0.748
65.98695,-0.5962
65.99694,-0.4483
66.00694,-0.2732
66.01694,-0.0955
66.02694,0.019
66.03694,0.0783
66.04691,0.1015
66.05686,0.1077
66.06682,0.1199
66.07678,0.1441
66.08674,0.161
66.0967,0.2968
66.10666,0.5385
66.11662,0.8277
66.12658,1.1494
66.13654,1.4736
66.1465,1.7281
66.15646,1.8489
66.16647,1.8412
66.17654,1.7569
66.18661,1.6436
66.19669,1.484
66.20676,1.2436
66.21683,0.9554
66.2269,0.6482
66.23697,0.3548
66.24704,0.0273
66.25711,-0.2424
66.26718,-0.4694
66.27725,-0.6823
66.28732,-0.8664
66.29725,-1.0295
66.30717,-1.1582
66.3171,-1.2762
66.32703,-1.3832
66.33695,-1.4843
66.34689,-1.5581
66.35681,-1.5679
66.36674,-1.5211
66.37666,-1.4701
66.38659,-1.4885
66.39651,-1.5195
66.40644,-1.5418
66.41644,-1.5443
66.42645,-1.5175
66.43647,-1.4843
66.4465,-1.4418
66.45651,-1.4664
66.46653,-1.4689
66.47655,-1.486
66.48657,-1.4934
66.4966,-1.4984
66.50661,-1.5057
66.51663,-1.5055
66.52666,-1.4984
66.53667,-1.4931
66.54676,-1.5163
66.55685,-1.5387
66.56693,-1.5693
66.57702,-1.5793
66.5871,-1.5669
66.59719,-1.5561
66.60728,-1.5495
66.61737,-1.5657
66.62746,-1.6078
66.63754,-1.6796
66.64763,-1.7471
66.65771,-1.802
66.66776,-1.8488
66.67776,-1.886
66.68775,-1.8967
66.69775,-1.9221
66.70775,-1.96
66.71774,-2.0207
66.72774,-2.0164
66.73773,-2.0191
66.74773,-2.0716
66.75773,-2.0504
66.76772,-2.0087
66.77772,-2.0304
66.78771,-2.0597
66.79771,-2.07
66.80772,-2.0716
66.81772,-2.0421
66.82772,-1.9896
66.83772,-1.9524
66.84772,-1.9148
66.85773,-1.8786
66.86773,-1.8221
66.87773,-1.738
66.88773,-1.5817
66.89774,-1.3024
66.90774,-0.7836
66.91778,-0.0264
66.92784,0.3922
66.9379,0.5447
66.94795,0.5386
66.95801,0.5563
66.96806,0.6892
66.97812,1.026
66.98817,1.2639
66.99823,1.4223
67.00829,1.4672
67.01835,1.4562
67.0284,1.6288
67.03846,1.6596
67.04846,1.7587
67.05845,1.8308
67.06844,1.9275
67.07844,2.0523
67.08843,2.1853
67.09842,2.3154
67.10841,2.406
67.11841,2.4635
67.1284,2.5212
67.1384,2.5456
67.14838,2.6324
67.15838,2.7285
67.16833,2.86
67.17824,2.9012
67.18815,2.847
67.19805,2.704
67.20795,2.6329
67.21786,2.6441
67.22777,2.7625
67.23768,2.9875
67.24758,3.263
67.25749,3.5044
67.2674,3.6245
67.27731,3.6187
67.28721,3.5398
67.29722,3.4884
67.30721,3.4624
67.31721,3.4969
67.32721,3.5754
67.33721,3.7481
67.34721,4.0066
67.35721,4.26
67.3672,4.5129
67.3772,4.7268
67.3872,4.8228
67.39719,4.7983
67.4072,4.7828
67.41721,4.8277
67.42724,5.0457
67.43726,5.4867
67.4473,6.1186
67.45732,6.5252
67.46735,6.7375
67.47738,6.7683
67.48741,6.7747
67.49744,6.8418
67.50747,7.0003
67.51749,7.2056
67.52753,7.4617
67.53755,7.7772
67.54754,8.0667
67.55753,8.3196
67.56753,8.4608
67.57752,8.4725
67.58752,8.2993
67.5975,8.0405
67.6075,7.8289
67.61749,7.7558
67.62749,7.8059
67.63748,7.9129
67.64747,8.0081
67.65746,8.0444
67.66747,7.9697
67.67747,7.8077
67.68747,7.5738
67.69748,7.3589
67.70748,6.9941
67.71748,6.7781
67.72749,6.7339
67.73749,6.9329
67.74749,7.2717
67.7575,7.6036
67.7675,7.7451
67.7775,7.5697
67.78751,7.0748
67.79758,6.399
67.80764,5.8967
67.81771,5.679
67.82777,5.6928
67.83784,5.8022
67.84791,5.9948
67.85798,6.1138
67.86804,6.1238
67.87811,6.0564
67.88818,6.0542
67.89825,6.1711
67.90831,6.4524
67.91834,6.8031
67.92834,7.1875
67.93834,7.5661
67.94834,7.8587
67.95834,8.0122
67.96833,8.07
67.97833,8.1239
67.98833,8.2255
67.99832,8.2942
68.00832,8.2421
68.01832,7.9546
68.02832,7.5782
68.03831,7.073
68.0483,6.4764
68.05827,5.7862
68.06823,5.0516
68.07819,4.2773
68.08816,3.5316
68.09812,2.7702
68.10809,2.0221
68.11805,1.3364
68.12801,0.7554
68.13798,0.2349
68.14794,-0.2297
68.15791,-0.6743
68.16789,-1.0908
68.17789,-1.4181
68.1879,-1.6429
68.19789,-1.7917
68.20789,-1.8761
68.21789,-1.938
68.22789,-1.988
68.23789,-2.0118
68.24789,-2.054
68.25789,-2.0646
68.26789,-2.0403
68.27789,-2.0468
68.28789,-2.091
68.2979,-2.0149
68.30793,-1.9587
68.31795,-1.9871
68.32797,-2.0555
68.33799,-2.0441
68.34801,-2.0668
68.35803,-2.1034
68.36806,-2.1053
68.37808,-2.0725
68.3881,-2.0778
68.39812,-2.0644
68.40814,-2.0782
68.41816,-2.1118
68.42817,-2.1438
68.43817,-2.1406
68.44818,-2.0949
68.45818,-2.0442
68.46819,-2.018
68.4782,-2.0229
68.4882,-2.0198
68.49821,-2.0208
68.50822,-2.0167
68.51822,-2.0068
68.52823,-1.9763
68.53823,-1.9477
68.54823,-1.9223
68.55823,-1.8826
68.56822,-1.8495
68.57822,-1.8196
68.58821,-1.7955
68.59821,-1.7593
68.6082,-1.7339
68.6182,-1.7131
68.6282,-1.6911
68.63819,-1.6637
68.64819,-1.6463
68.65818,-1.621
68.66817,-1.5983
68.67815,-1.5482
68.68813,-1.5052
68.6981,-1.4422
68.70808,-1.4936
68.71805,-1.3493
68.72803,-1.2701
68.738,-1.1991
68.74798,-1.113
68.75795,-1.0082
68.76793,-0.8951
68.7779,-0.7959
68.78788,-0.7209
68.79788,-0.6614
68.8079,-0.6123
68.81791,-0.5506
68.82792,-0.4329
68.83793,-0.2567
68.84794,-0.327
68.85795,-0.8819
68.86796,-0.7757
68.87798,-0.5233
68.88799,-0.3548
68.89799,0.0592
68.908,0.0399
68.91807,0.0555
68.92815,-0.0174
68.93823,-0.0625
68.94832,-0.0933
68.9584,0.0326
68.96848,0.1803
68.97857,0.7717
68.98865,1.9388
68.99873,2.4844
69.00881,2.4952
69.0189,2.5455
69.02898,2.4748
69.03906,2.3813
69.04903,2.3059
69.05899,2.1911
69.06895,2.0592
69.07892,1.845
69.08888,1.5753
69.09885,1.3237
69.10881,1.1397
69.11877,1.0283
69.12874,0.9769
69.1387,0.9231
69.14867,0.8619
69.15863,0.744
69.16862,0.6074
69.17865,0.3264
69.18867,0.0618
69.1987,-0.205
69.20873,-0.5221
69.21876,-0.8381
69.22878,-1.0312
69.23881,-1.158
69.24883,-1.1829
69.25886,-1.1869
69.26889,-1.2088
69.27892,-1.3317
69.28894,-1.4359
69.29893,-1.4946
69.30893,-1.5535
69.31892,-1.5932
69.32891,-1.5881
69.33891,-1.5728
69.3489,-1.572
69.35889,-1.5244
69.36888,-1.4646
69.37888,-1.3535
69.38887,-1.1869
69.39886,-0.9372
69.40885,-0.6997
69.41884,-0.4895
69.42883,-0.3174
69.4388,-0.1663
69.44878,0.0556
69.45877,0.4249
69.46875,0.8047
69.47874,1.1399
69.48872,1.3669
69.4987,1.5989
69.50868,1.5527
69.51866,1.0901
69.52865,1.2612
69.53863,1.6863
69.54864,2.2314
69.55863,2.8411
69.56863,2.6017
69.57863,2.6822
69.58862,2.6031
69.59862,2.3665
69.60861,1.6631
69.61861,1.8182
69.6286,2.1993
69.6386,2.4247
69.6486,2.4006
69.65859,2.2305
69.66861,1.8631
69.67861,1.4222
69.68861,0.9601
69.69862,0.5723
69.70862,0.2944
69.71861,0.0976
69.72861,-0.0763
69.73862,-0.2966
69.74862,-0.5698
69.75862,-0.8407
69.76862,-1.1344
69.77863,-1.4412
69.78863,-1.6881
69.79864,-1.8276
69.80865,-1.9094
69.81866,-1.9737
69.82867,-2.0929
69.83867,-2.1034
69.84868,-2.1055
69.85869,-2.0978
69.8687,-2.1391
69.87871,-2.1921
69.88871,-2.2312
69.89872,-2.2425
69.90873,-2.2473
69.91872,-2.2381
69.92869,-2.2486
69.93866,-2.2522
69.94863,-2.2137
69.9586,-2.224
69.96857,-2.1654
69.97854,-2.1917
69.9885,-2.1803
69.99847,-2.1816
70.00845,-2.1796
70.01842,-2.1949
70.02838,-2.1773
70.03835,-2.1466
70.04845,-2.0983
70.05856,-2.0538
70.06866,-2.0621
70.07876,-2.0655
70.08886,-2.1072
70.09895,-2.1408
70.10905,-2.14
70.11916,-2.1345
70.12926,-2.089
70.13936,-2.035
70.14946,-2.0441
70.15956,-2.0707
70.16962,-2.0928
70.17962,-2.1073
70.18962,-2.1339
70.19962,-2.1722
70.20962,-2.1937
70.21962,-2.2165
70.22962,-2.2439
70.23962,-2.2643
70.24962,-2.2775
70.25962,-2.2721
70.26962,-2.2448
70.27962,-2.229
70.28962,-2.2008
70.29961,-2.1911
70.30961,-2.2145
70.3196,-2.2705
70.3296,-2.3207
70.33959,-2.2375
70.34959,-2.1154
70.35958,-2.0284
70.36957,-2.0262
70.37956,-2.0313
70.38956,-1.9682
70.39955,-1.7701
70.40955,-1.8654
70.41955,-1.9598
70.42955,-1.9474
70.43955,-1.914
70.44955,-1.917
70.45956,-1.9331
70.46957,-1.9062
70.47957,-1.8711
70.48957,-1.8888
70.49957,-1.9337
70.50957,-1.9279
70.51958,-1.9105
70.52959,-1.8997
70.53959,-1.8819
70.54958,-1.8471
70.55958,-1.8418
70.56956,-1.8628
70.57955,-1.8991
70.58954,-1.9104
70.59953,-1.9129
70.60952,-1.914
70.61951,-1.9089
70.62949,-1.9104
70.63948,-1.8988
70.64947,-1.9021
70.65945,-1.8926
70.66943,-1.8897
70.6794,-1.8845
70.68937,-1.8921
70.69933,-1.9041
70.7093,-1.9515
70.71927,-1.9672
70.72924,-1.9784
70.7392,-1.9578
70.74917,-1.9382
70.75914,-1.9406
70.7691,-1.943
70.77908,-1.9413
70.78904,-1.9251
70.79903,-1.9184
70.80903,-1.9424
70.81902,-1.9463
70.82901,-1.975
70.839,-1.979
70.84899,-1.9478
70.85898,-1.9395
70.86897,-1.9125
70.87897,-1.8973
70.88895,-1.9001
70.89895,-1.9091
70.90894,-1.9111
70.91895,-1.8943
70.92898,-1.9032
70.939,-1.9468
70.94902,-1.9567
70.95904,-1.9737
70.96906,-1.975
70.97909,-1.94
70.98911,-1.9164
70.99913,-1.9144
71.00915,-1.8926
71.01917,-1.8809
71.02919,-1.9023
71.03922,-1.9365
71.04924,-1.9288
71.05925,-1.9028
71.06926,-1.8828
71.07926,-1.897
71.08927,-1.895
71.09928,-1.8848
71.10929,-1.889
71.1193,-1.8974
71.12931,-1.9177
71.13932,-1.9136
71.14933,-1.8922
71.15934,-1.894
71.16939,-1.9049
71.17947,-1.9015
71.18954,-1.8996
71.19962,-1.914
71.2097,-1.9254
71.21978,-1.9349
71.22986,-1.9291
71.23994,-1.9198
71.25002,-1.9083
71.2601,-1.9107
71.27018,-1.9438
71.28026,-1.9637
71.29034,-1.9349
71.30035,-1.8988
71.31034,-1.8815
71.32034,-1.8894
71.33035,-1.9054
71.34035,-1.9346
71.35035,-1.9738
71.36034,-2.0231
71.37035,-2.0266
71.38035,-2.0074
71.39035,-1.9863
71.40035,-1.9531
71.41035,-1.9206
71.42035,-1.9063
71.43034,-1.9087
71.44034,-1.9081
71.45033,-1.9104
71.46033,-1.9371
71.47032,-1.9638
71.48032,-1.9853
71.49031,-1.9936
71.50031,-2.0236
71.5103,-2.0376
71.52029,-1.9943
71.53029,-1.9265
71.54028,-1.895
71.55029,-1.8979
71.56028,-1.9112
71.57027,-1.9015
71.58028,-1.9252
71.59027,-1.9502
71.60027,-1.9685
71.61026,-1.9859
71.62025,-1.9682
71.63025,-1.934
71.64025,-1.9032
71.65025,-1.8963
71.66024,-1.9046
71.67022,-1.9269
71.68018,-1.9518
71.69016,-1.962
71.70012,-1.9634
71.71009,-1.9656
71.72005,-1.9628
71.73003,-1.951
71.73999,-1.9388
71.74996,-1.9182
71.75993,-1.9082
71.7699,-1.9137
71.77986,-1.9155
71.78983,-1.917
71.79987,-1.9341
71.80989,-1.9396
71.81992,-1.9546
71.82995,-1.9548
71.83998,-1.9323
71.85001,-1.9147
71.86004,-1.9145
71.87007,-1.908
71.8801,-1.9171
71.89013,-1.9266
71.90015,-1.9241
71.91019,-1.931
71.9202,-1.9427
71.9302,-1.9499
71.9402,-1.9486
71.9502,-1.9398
71.9602,-1.9324
71.97019,-1.9294
71.98019,-1.9191
71.99019,-1.9041
72.00019,-1.9168
72.01019,-1.9432
72.02019,-1.9491
72.03018,-1.9487
72.04018,-1.958
72.05016,-1.9595
72.06013,-1.9569
72.0701,-1.9526
72.08007,-1.9336
72.09004,-1.9278
72.10001,-1.9278
72.10999,-1.9396
72.11996,-1.9353
72.12993,-1.9415
72.1399,-1.951
72.14987,-1.9583
72.15984,-1.9688
72.16984,-1.9613
72.17986,-1.9483
72.18987,-1.9444
72.19988,-1.9458
72.2099,-1.9379
72.21992,-1.9343
72.22993,-1.9352
72.23995,-1.955
72.24997,-1.9662
72.25998,-1.9667
72.27,-1.957
72.28001,-1.9599
72.29003,-1.9621
72.30011,-1.9398
72.31019,-1.9338
72.32026,-1.9374
72.33033,-1.9455
72.34041,-1.9545
72.35048,-1.9568
72.36056,-1.9577
72.37063,-1.9607
72.38071,-1.9663
72.39078,-1.9632
72.40085,-1.9573
72.41093,-1.9533
72.42097,-1.958
72.43097,-1.9646
72.44097,-1.9516
72.45097,-1.9554
72.46097,-1.9595
72.47097,-1.9692
72.48097,-1.9782
72.49097,-1.9653
72.50098,-1.9686
72.51098,-1.9653
72.52098,-1.9635
72.53098,-1.9601
72.54099,-1.9622
72.55099,-1.9511
72.56098,-1.9515
72.57098,-1.9669
72.58097,-1.9621
72.59097,-1.9526
72.60096,-1.9602
72.61095,-1.9668
72.62094,-1.9645
72.63094,-1.9659
72.64093,-1.9647
72.65092,-1.953
72.66092,-1.9602
72.67092,-1.962
72.68092,-1.9504
72.69091,-1.9297
72.7009,-1.9376
72.7109,-1.9552
72.7209,-1.9616
72.7309,-1.965
72.74089,-1.9703
72.75089,-1.9681
72.76088,-1.9755
72.77088,-1.966
72.78088,-1.962
72.79087,-1.9553
72.80086,-1.9403
72.81085,-1.9514
72.82085,-1.968
72.83085,-1.9702
72.84084,-1.9603
72.85084,-1.9701
72.86084,-1.9744
72.87083,-1.9626
72.88083,-1.9554
72.89082,-1.9712
72.90083,-1.9776
72.91082,-1.9774
72.92082,-1.9618
72.93082,-1.9552
72.94082,-1.9597
72.95081,-1.9709
72.96081,-1.967
72.9708,-1.9681
72.9808,-1.9678
72.99079,-1.9608
73.00079,-1.9541
73.01079,-1.9472
73.02078,-1.9403
73.03078,-1.954
73.04077,-1.9619
73.0508,-1.9775
73.06082,-1.971
73.07085,-1.9691
73.08086,-1.9746
73.09088,-1.9728
73.10091,-1.9555
73.11092,-1.9524
73.12094,-1.9437
73.13096,-1.9494
73.14098,-1.9459
73.151,-1.9494
73.16102,-1.9504
73.17104,-1.9518
73.18108,-1.9612
73.19112,-1.9665
73.20116,-1.9637
73.21119,-1.9693
73.22122,-1.9635
73.23126,-1.9574
73.24129,-1.9526
73.25133,-1.9621
73.26137,-1.9524
73.2714,-1.9632
73.28144,-1.9647
73.29147,-1.965
73.30143,-1.9697
73.31136,-1.9762
73.3213,-1.9801
73.33124,-1.9674
73.34118,-1.954
73.35112,-1.9538
73.36105,-1.9626
73.37099,-1.9581
73.38093,-1.9516
73.39087,-1.9713
73.4008,-1.9796
73.41074,-1.9865
73.42075,-1.9785
73.43082,-1.9605
73.4409,-1.9451
73.45097,-1.9508
73.46104,-1.9415
73.47111,-1.9458
73.48118,-1.9587
73.49125,-1.9634
73.50133,-1.9766
73.5114,-1.9764
73.52147,-1.967
73.53154,-1.9605
73.54161,-1.9517
73.55161,-1.9463
73.56161,-1.9435
73.57161,-1.9555
73.5816,-1.9654
73.59161,-1.9744
73.6016,-1.9727
73.6116,-1.9596
73.6216,-1.9497
73.6316,-1.9529
73.64159,-1.9519
73.65159,-1.9412
73.66159,-1.9416
73.67159,-1.9473
73.68157,-1.955
73.69157,-1.9639
73.70156,-1.9646
73.71156,-1.9634
73.72155,-1.9591
73.73154,-1.9696
73.74154,-1.9618
73.75153,-1.9494
73.76152,-1.9392
73.77151,-1.9556
73.78151,-1.9588
73.7915,-1.9517
73.80151,-1.955
73.81152,-1.9569
73.82152,-1.9638
73.83152,-1.9559
73.84152,-1.9651
73.85153,-1.947
73.86153,-1.9466
73.87154,-1.9617
73.88154,-1.9585
73.89154,-1.9475
73.90154,-1.9385
73.91154,-1.9562
73.92155,-1.9643
73.93156,-1.9627
73.94155,-1.9505
73.95155,-1.9617
73.96155,-1.9573
73.97155,-1.9596
73.98155,-1.9594
73.99155,-1.9557
74.00155,-1.9542
74.01154,-1.9498
74.02155,-1.9476
74.03154,-1.9437
74.04154,-1.941
74.05154,-1.9504
74.06153,-1.9527
74.07153,-1.9517
74.08152,-1.9595
74.09151,-1.965
74.1015,-1.9655
74.1115,-1.9558
74.12149,-1.9388
74.13148,-1.9296
74.14148,-1.9345
74.15147,-1.9518
74.16146,-1.9435
74.17146,-1.9418
74.18144,-1.9492
74.19143,-1.9634
74.20142,-1.9684
74.2114,-1.9557
74.22138,-1.9354
74.23137,-1.9324
74.24136,-1.9403
74.25134,-1.9332
74.26133,-1.9341
74.27132,-1.9346
74.2813,-1.9436
74.29129,-1.9559
74.30128,-1.9612
74.31127,-1.9444
74.32127,-1.9489
74.33126,-1.9461
74.34125,-1.9398
74.35124,-1.9327
74.36123,-1.9334
74.37122,-1.9346
74.38121,-1.9469
74.3912,-1.9495
74.4012,-1.9391
74.41119,-1.9397
74.4212,-1.9354
74.43121,-1.9373
74.44122,-1.9353
74.45123,-1.9271
74.46124,-1.9335
74.47125,-1.9442
74.48126,-1.956
74.49127,-1.9511
74.50128,-1.9502
74.5113,-1.9451
74.52131,-1.9471
74.53132,-1.9308
74.54133,-1.9183
74.55137,-1.9304
74.56142,-1.9415
74.57146,-1.954
74.5815,-1.9606
74.59155,-1.9672
74.60159,-1.9525
74.61163,-1.9529
74.62168,-1.9533
74.63172,-1.9366
74.64177,-1.9366
74.65181,-1.9308
74.66186,-1.942
74.67188,-1.9443
74.6819,-1.9298
74.69192,-1.9392
74.70194,-1.9474
74.71196,-1.958
74.72198,-1.949
74.73199,-1.93
74.74201,-1.9335
74.75203,-1.9416
74.76205,-1.946
74.77206,-1.9327
74.78208,-1.9333
74.7921,-1.9466
74.80217,-1.9563
74.81223,-1.9458
74.82229,-1.9385
74.83234,-1.9388
74.84241,-1.9426
74.85246,-1.953
74.86253,-1.9374
74.87258,-1.9377
74.88264,-1.935
74.8927,-1.9368
74.90276,-1.9349
74.91282,-1.9339
74.92282,-1.9309
74.93277,-1.9405
74.94273,-1.953
74.95267,-1.9482
74.96262,-1.9462
74.97258,-1.9398
74.98253,-1.9399
74.99248,-1.9424
75.00243,-1.9357
75.01238,-1.9236
75.02233,-1.9265
75.03229,-1.9336
75.04224,-1.9414
75.05223,-1.942
75.06223,-1.9428
75.07222,-1.9539
75.08221,-1.9616
75.0922,-1.9417
75.1022,-1.9186
75.11219,-1.924
75.12218,-1.9283
75.13217,-1.9342
75.14217,-1.9256
75.15215,-1.9285
75.16215,-1.9422
75.17215,-1.9525
75.18214,-1.9472
75.19215,-1.9322
75.20214,-1.9316
75.21214,-1.9378
75.22215,-1.9429
75.23214,-1.9433
75.24214,-1.9354
75.25214,-1.9366
75.26214,-1.9459
75.27214,-1.9493
75.28214,-1.9413
75.29214,-1.9405
75.30211,-1.9273
75.31207,-1.9395
75.32204,-1.9462
75.33201,-1.9359
75.34198,-1.9304
75.35194,-1.9294
75.36192,-1.9526
75.37188,-1.9417
75.38184,-1.9319
75.39182,-1.9311
75.40178,-1.9295
75.41175,-1.9346
75.42175,-1.9213
75.43176,-1.923
75.44177,-1.9262
75.45179,-1.9432
75.46181,-1.9524
75.47182,-1.9335
75.48183,-1.9316
75.49185,-1.9297
75.50186,-1.9269
75.51188,-1.9237
75.5219,-1.9152
75.53191,-1.9269
75.54192,-1.9323
75.55194,-1.9438
75.56194,-1.9443
75.57193,-1.9363
75.58192,-1.9368
75.59192,-1.9328
75.60191,-1.9265
75.61191,-1.9113
75.6219,-1.912
75.6319,-1.9173
75.6419,-1.9377
75.65189,-1.9311
75.66189,-1.9248
75.67195,-1.9366
75.68203,-1.9383
75.69212,-1.9297
75.70219,-1.9264
75.71228,-1.9158
75.72236,-1.9189
75.73244,-1.9229
75.74252,-1.9236
75.7526,-1.9179
75.76269,-1.9292
75.77277,-1.935
75.78285,-1.9411
75.79293,-1.9279
75.80292,-1.9248
75.8129,-1.9254
75.82289,-1.9342
75.83288,-1.9344
75.84286,-1.9297
75.85286,-1.9255
75.86285,-1.9327
75.87283,-1.9327
75.88282,-1.9336
75.89281,-1.9082
75.90279,-1.918
75.91278,-1.9176
75.92278,-1.9312
75.93277,-1.9326
75.94276,-1.9239
75.95276,-1.9265
75.96275,-1.9367
75.97275,-1.9404
75.98274,-1.9287
75.99274,-1.9279
76.00274,-1.9237
76.01273,-1.9252
76.02273,-1.9302
76.03272,-1.9147
76.04272,-1.9229
76.05274,-1.936
76.06275,-1.9521
76.07276,-1.9397
76.08277,-1.9284
76.09278,-1.9316
76.10279,-1.9407
76.1128,-1.9274
76.12281,-1.9292
76.13283,-1.9331
76.14284,-1.929
76.15285,-1.9315
76.16286,-1.9261
76.17287,-1.9231
76.18287,-1.9189
76.19287,-1.9207
76.20288,-1.9229
76.21288,-1.9363
76.22289,-1.9318
76.23289,-1.9328
76.2429,-1.9345
76.2529,-1.9411
76.2629,-1.9314
76.2729,-1.9237
76.28291,-1.9147
76.29292,-1.9181
76.3029,-1.9112
76.31289,-1.9018
76.32287,-1.9136
76.33286,-1.9339
76.34283,-1.9362
76.35282,-1.9382
76.36281,-1.9272
76.37279,-1.9264
76.38277,-1.9152
76.39275,-1.92
76.40274,-1.9186
76.41273,-1.9256
76.42271,-1.9344
76.4327,-1.9424
76.4427,-1.9332
76.45269,-1.9258
76.46268,-1.9128
76.47268,-1.9198
76.48267,-1.9295
76.49267,-1.9237
76.50266,-1.9196
76.51266,-1.9236
76.52265,-1.9368
76.53265,-1.9443
76.54264,-1.9359
76.55264,-1.9228
76.56264,-1.9313
76.57262,-1.9295
76.58262,-1.9266
76.59261,-1.9135
76.6026,-1.9235
76.61259,-1.921
76.62259,-1.9297
76.63258,-1.9223
76.64257,-1.924
76.65257,-1.9294
76.66255,-1.9433
76.67256,-1.9465
76.68256,-1.9226
76.69256,-1.9237
76.70255,-1.9193
76.71255,-1.9235
76.72255,-1.9213
76.73255,-1.9193
76.74255,-1.9277
76.75254,-1.939
76.76254,-1.9498
76.77254,-1.9462
76.78254,-1.9309
76.79253,-1.934
76.8026,-1.9269
76.81265,-1.9205
76.82271,-1.913
76.83276,-1.9257
76.84283,-1.9279
76.85288,-1.9385
76.86294,-1.9323
76.873,-1.9276
76.88306,-1.9291
76.89311,-1.9323
76.90318,-1.937
76.91323,-1.9192
76.92328,-1.911
76.93329,-1.9259
76.94331,-1.9221
76.95332,-1.9326
76.96333,-1.9151
76.97334,-1.9246
76.98336,-1.9357
76.99337,-1.9321
77.00338,-1.9235
77.0134,-1.9212
77.02341,-1.911
77.03342,-1.9163
77.04343,-1.9279
77.05343,-1.9154
77.06342,-1.9208
77.07341,-1.9253
77.0834,-1.9341
77.0934,-1.9311
77.10339,-1.9242
77.11338,-1.9207
77.12337,-1.92
77.13337,-1.9252
77.14336,-1.9158
77.15335,-1.9103
77.16335,-1.9141
77.17335,-1.9228
77.18336,-1.9306
77.19337,-1.928
77.20338,-1.9143
77.21339,-1.9272
77.2234,-1.9289
77.23341,-1.9311
77.24342,-1.9187
77.25343,-1.9095
77.26344,-1.9104
77.27345,-1.9205
77.28346,-1.9257
77.29347,-1.9162
77.30345,-1.9218
77.31342,-1.9323
77.32339,-1.9325
77.33335,-1.9173
77.34332,-1.9196
77.35329,-1.9267
77.36326,-1.9226
77.37322,-1.9256
77.38319,-1.9201
77.39316,-1.9277
77.40312,-1.9351
77.41309,-1.947
77.42309,-1.9294
77.43311,-1.9148
77.44313,-1.9068
77.45315,-1.9199
77.46317,-1.9259
77.47319,-1.9184
77.48322,-1.9273
77.49323,-1.9375
77.50325,-1.9488
77.51328,-1.9305
77.52329,-1.9126
77.53332,-1.922
77.54333,-1.9163
77.55333,-1.9171
77.56332,-1.9215
77.57332,-1.9199
77.58331,-1.9354
77.59331,-1.9398
77.60329,-1.9409
77.61329,-1.9374
77.62328,-1.9292
77.63328,-1.9264
77.64327,-1.9271
77.65326,-1.9334
77.66325,-1.925
77.67323,-1.9399
77.6832,-1.9474
77.69317,-1.949
77.70314,-1.9377
77.7131,-1.9448
77.72308,-1.9392
77.73305,-1.9457
77.74302,-1.9322
77.75298,-1.9249
77.76295,-1.9259
77.77293,-1.9332
77.78289,-1.937
77.79286,-1.9462
77.80289,-1.9371
77.81292,-1.9346
77.82294,-1.9366
77.83296,-1.9378
77.84299,-1.9196
77.85301,-1.9226
77.86304,-1.9308
77.87305,-1.9385
77.88308,-1.9405
77.8931,-1.9358
77.90312,-1.9308
77.91315,-1.941
77.92319,-1.9403
77.93327,-1.9219
77.94335,-1.9115
77.95343,-1.9156
77.96351,-1.9342
77.97358,-1.9457
77.98366,-1.9385
77.99374,-1.9365
78.00381,-1.9395
78.01389,-1.9485
78.02396,-1.9371
78.03404,-1.9321
78.04412,-1.9319
78.05412,-1.9274
78.06412,-1.9498
78.07412,-1.9448
78.08411,-1.9323
78.09412,-1.9475
78.10411,-1.9523
78.11411,-1.9508
78.12411,-1.9463
78.1341,-1.9433
78.1441,-1.9296
78.1541,-1.9548
78.1641,-1.9601
78.17408,-1.9458
78.18405,-1.9498
78.19402,-1.976
78.20398,-1.9856
78.21395,-1.9972
78.22392,-2.0022
78.23388,-2.0128
78.24385,-2.0259
78.25381,-2.0269
78.26378,-2.0238
78.27374,-1.9996
78.28371,-2.0076
78.29368,-2.0203
78.3037,-2.0139
78.31374,-2.0035
78.32376,-2.008
78.33379,-2.0253
78.34381,-2.0312
78.35384,-2.0195
78.36386,-2.0175
78.37389,-2.0257
78.38391,-2.0361
78.39394,-2.0239
78.40396,-2.0282
78.41399,-2.0285
78.424,-2.0408
78.43399,-2.0401
78.44398,-2.0392
78.45398,-2.0302
78.46397,-2.0358
78.47396,-2.0262
78.48396,-2.0292
78.49395,-2.0221
78.50394,-2.0242
78.51394,-2.0303
78.52393,-2.0455
78.53392,-2.0406
78.54391,-2.0364
78.55392,-2.0425
78.56393,-2.0465
78.57392,-2.0444
78.58392,-2.0349
78.59393,-2.0218
78.60393,-2.0191
78.61393,-2.0326
78.62393,-2.0433
78.63393,-2.0499
78.64394,-2.0534
78.65394,-2.0585
78.66394,-2.0603
78.67393,-2.0517
78.6839,-2.0514
78.69387,-2.0434
78.70384,-2.0417
78.71381,-2.0426
78.72379,-2.049
78.73376,-2.0503
78.74374,-2.0574
78.75371,-2.0669
78.76368,-2.0861
78.77365,-2.0587
78.78362,-2.0567
78.79359,-2.067
78.8036,-2.0669
78.8136,-2.0623
78.82359,-2.0526
78.83359,-2.0497
78.84358,-2.0631
78.85358,-2.0737
78.86357,-2.0725
78.87357,-2.0567
78.88356,-2.0618
78.89355,-2.0646
78.90355,-2.0632
78.91354,-2.0584
78.92355,-2.0764
78.93354,-2.0881
78.94353,-2.088
78.95353,-2.0733
78.96352,-2.0661
78.97353,-2.0507
78.98352,-2.0705
78.99352,-2.0763
79.00351,-2.074
79.0135,-2.0727
79.02351,-2.0758
79.0335,-2.0787
79.0435,-2.0767
79.05357,-2.0761
79.06364,-2.0656
79.07372,-2.0664
79.08379,-2.0697
79.09386,-2.0697
79.10394,-2.057
79.11401,-2.0581
79.12408,-2.0565
79.13416,-2.066
79.14423,-2.0597
79.1543,-2.0594
79.16438,-2.0557
79.17443,-2.0659
79.18446,-2.0674
79.19447,-2.0672
79.2045,-2.0612
79.21452,-2.0601
79.22454,-2.0668
79.23456,-2.056
79.24458,-2.0458
79.25461,-2.0443
79.26463,-2.0481
79.27465,-2.0474
79.28467,-2.0416
79.29469,-2.0528
79.3047,-2.0626
79.3147,-2.0706
79.32469,-2.0639
79.33469,-2.0622
79.34469,-2.0655
79.35469,-2.0639
79.36469,-2.0562
79.37469,-2.0519
79.38468,-2.0482
79.39468,-2.0478
79.40468,-2.0576
79.41468,-2.0589
79.42467,-2.0551
79.43467,-2.0626
79.44466,-2.056
79.45466,-2.0644
79.46465,-2.0616
79.47464,-2.0453
79.48463,-2.0437
79.49463,-2.059
79.50462,-2.0711
79.51462,-2.0591
79.5246,-2.0677
79.5346,-2.0672
79.54459,-2.0734
79.5546,-2.0619
79.56461,-2.0517
79.57461,-2.0425
79.58461,-2.0458
79.59461,-2.0541
79.60461,-2.0558
79.61462,-2.0607
79.62462,-2.0691
79.63462,-2.0684
79.64462,-2.0741
79.65462,-2.0554
79.66463,-2.0544
79.67464,-2.0583
79.68463,-2.0673
79.69463,-2.0615
79.70462,-2.0556
79.71461,-2.0669
79.7246,-2.0669
79.7346,-2.0647
79.74459,-2.0628
79.75459,-2.062
79.76458,-2.0601
79.77457,-2.0668
79.78456,-2.0628
79.79456,-2.0632
79.80458,-2.0692
79.81461,-2.0813
79.82463,-2.0803
79.83466,-2.0715
79.84468,-2.066
79.85471,-2.0665
79.86473,-2.074
79.87476,-2.0607
79.88478,-2.0604
79.89481,-2.0603
79.90483,-2.0689
79.91486,-2.0794
79.92486,-2.0705
79.93483,-2.0631
79.94481,-2.0687
79.95478,-2.0728
79.96476,-2.071
79.97473,-2.0607
79.9847,-2.0594
79.99468,-2.064
80.00465,-2.071
80.01463,-2.0646
80.0246,-2.0595
80.03458,-2.0671
80.04456,-2.0741
80.05453,-2.0669
80.06449,-2.0541
80.07446,-2.0561
80.08443,-2.0631
80.09439,-2.0694
80.10435,-2.0666
80.11432,-2.0577
80.12429,-2.0612
80.13425,-2.0621
80.14422,-2.0775
80.15419,-2.0643
80.16415,-2.0528
80.17417,-2.0562
80.18425,-2.0652
80.19433,-2.056
80.20441,-2.0627
80.21449,-2.0556
80.22456,-2.0658
80.23463,-2.065
80.24471,-2.0606
80.25479,-2.0596
80.26487,-2.071
80.27494,-2.0669
80.28502,-2.07
80.2951,-2.0681
80.30513,-2.0731
80.31516,-2.0619
80.3252,-2.0654
80.33523,-2.0606
80.34525,-2.0595
80.35529,-2.0621
80.36532,-2.064
80.37535,-2.0552
80.38538,-2.0613
80.39541,-2.0665
80.40544,-2.0741
80.41547,-2.0729
80.42549,-2.0801
80.43549,-2.0643
80.44548,-2.0641
80.45548,-2.0653
80.46548,-2.064
80.47547,-2.055
80.48547,-2.0462
80.49547,-2.0539
80.50546,-2.0668
80.51546,-2.0723
80.52545,-2.0682
80.53545,-2.0649
80.54545,-2.0708
80.55541,-2.0705
80.56538,-2.0627
80.57534,-2.0504
80.5853,-2.0523
80.59527,-2.0576
80.60522,-2.0691
80.61519,-2.0698
80.62515,-2.0492
80.63512,-2.054
80.64508,-2.062
80.65504,-2.0616
80.66501,-2.0623
80.67501,-2.0552
80.68504,-2.0617
80.69506,-2.0688
80.70509,-2.0617
80.71512,-2.0584
80.72514,-2.0571
80.73518,-2.057
80.7452,-2.0585
80.75523,-2.0472
80.76526,-2.0409
80.77528,-2.0547
80.78532,-2.061
80.79534,-2.0563
80.80531,-2.0503
80.81528,-2.0475
80.82524,-2.0638
80.83521,-2.063
80.84517,-2.0599
80.85513,-2.053
80.8651,-2.0401
80.87506,-2.0461
80.88503,-2.059
80.89499,-2.0538
80.90495,-2.0498
80.91492,-2.0526
80.92489,-2.0671
80.93488,-2.0708
80.94487,-2.0499
80.95486,-2.0487
80.96486,-2.0555
80.97485,-2.0567
80.98484,-2.0526
80.99483,-2.0506
81.00482,-2.055
81.01481,-2.0558
81.0248,-2.0698
81.03479,-2.061
81.04478,-2.0504
81.0548,-2.0642
81.06482,-2.0603
81.07483,-2.0602
81.08485,-2.0574
81.09486,-2.0495
81.10487,-2.0525
81.11488,-2.0569
81.1249,-2.0564
81.13491,-2.0549
81.14493,-2.0607
81.15494,-2.0606
81.16496,-2.063
81.17496,-2.0524
81.18494,-2.0435
81.19493,-2.0451
81.20492,-2.0495
81.2149,-2.0529
81.22489,-2.0495
81.23488,-2.059
81.24487,-2.0618
81.25485,-2.0694
81.26484,-2.0569
81.27483,-2.0479
81.28481,-2.0506
81.2948,-2.0514
81.30484,-2.0476
81.31487,-2.0535
81.3249,-2.0514
81.33492,-2.0642
81.34496,-2.0631
81.35499,-2.0615
81.36501,-2.0486
81.37505,-2.0468
81.38508,-2.0525
81.3951,-2.0587
81.40514,-2.0487
81.41517,-2.0403
81.42522,-2.0598
81.4353,-2.063
81.44537,-2.064
81.45545,-2.0586
81.46552,-2.0546
81.4756,-2.0606
81.48568,-2.0609
81.49576,-2.0499
81.50583,-2.0412
81.51591,-2.0463
81.52599,-2.0491
81.53606,-2.0611
81.54613,-2.0437
81.55614,-2.051
81.56614,-2.0503
81.57613,-2.0577
81.58614,-2.0492
81.59613,-2.0427
81.60613,-2.0431
81.61613,-2.0497
81.62613,-2.0573
81.63612,-2.0507
81.64613,-2.0476
81.65612,-2.0589
81.66612,-2.0563
81.67611,-2.055
81.68608,-2.0423
81.69604,-2.0422
81.70602,-2.0509
81.71598,-2.0539
81.72595,-2.0501
81.73592,-2.044
81.74589,-2.0415
81.75586,-2.0586
81.76582,-2.0542
81.77579,-2.0576
81.78576,-2.0534
81.79573,-2.049
