time_s,measured_value
0.01007,-0.5769
0.02014,-0.619
0.03021,-0.6052
0.04028,-0.5406
0.05035,-0.5207
0.06042,-0.5119
0.07049,-0.5146
0.08056,-0.5249
0.09063,-0.5855
0.1007,-0.6532
0.11077,-0.6643
0.12084,-0.6411
0.13082,-0.6272
0.14072,-0.583
0.15062,-0.5475
0.16052,-0.5286
0.17042,-0.5238
0.18032,-0.5309
0.19022,-0.5316
0.20012,-0.5442
0.21002,-0.607
0.21992,-0.6331
0.22982,-0.6283
0.23972,-0.4926
0.24962,-0.3377
0.25964,-0.3174
0.26966,-0.3681
0.27968,-0.3717
0.28969,-0.3607
0.29971,-0.3749
0.30973,-0.386
0.31975,-0.4844
0.32977,-0.5169
0.33979,-0.5392
0.34981,-0.5341
0.35983,-0.5588
0.36984,-0.5176
0.37984,-0.4259
0.38982,-0.3327
0.39979,-0.2833
0.40976,-0.2938
0.41974,-0.3917
0.42971,-0.5198
0.43968,-0.6879
0.44966,-0.7301
0.45963,-0.6032
0.4696,-0.5262
0.47958,-0.5688
0.48955,-0.6209
0.49952,-0.6016
0.50955,-0.583
0.51957,-0.6297
0.52958,-0.6379
0.5396,-0.522
0.54962,-0.4553
0.55964,-0.4917
0.56966,-0.4951
0.57968,-0.5033
0.5897,-0.6023
0.59972,-0.6643
0.60974,-0.6329
0.61976,-0.3302
0.62978,-0.3604
0.63979,-0.4875
0.6498,-0.7215
0.65981,-0.7177
0.66983,-0.5748
0.67984,-0.5827
0.68985,-0.6665
0.69987,-0.6217
0.70988,-0.6231
0.71989,-0.6864
0.7299,-0.7176
0.73992,-0.6648
0.74993,-0.6307
0.76,-0.6109
0.77007,-0.5646
0.78014,-0.5334
0.7902,-0.5477
0.80027,-0.5719
0.81034,-0.5898
0.8204,-0.5924
0.83047,-0.6004
0.84054,-0.5661
0.85061,-0.5538
0.86067,-0.5966
0.87074,-0.6283
0.88078,-0.5989
0.89078,-0.5771
0.90078,-0.6044
0.91077,-0.6004
0.92077,-0.5995
0.93077,-0.6259
0.94077,-0.6547
0.95077,-0.6033
0.96077,-0.5743
0.97077,-0.5712
0.98077,-0.6085
0.99077,-0.6101
1.00077,-0.61
1.01073,-0.6105
1.02069,-0.6173
1.03065,-0.6112
1.04061,-0.635
1.05057,-0.6503
1.06053,-0.6434
1.07049,-0.6311
1.08045,-0.607
1.0904,-0.6198
1.10036,-0.6418
1.11032,-0.6505
1.12028,-0.6369
1.13027,-0.6342
1.14027,-0.6322
1.15027,-0.6223
1.16027,-0.5942
1.17027,-0.581
1.18027,-0.5963
1.19027,-0.5976
1.20027,-0.6038
1.21027,-0.5884
1.22027,-0.6096
1.23027,-0.6262
1.24027,-0.6302
1.25027,-0.6456
1.26028,-0.6322
1.27028,-0.5835
1.28027,-0.5524
1.29027,-0.5677
1.30027,-0.5976
1.31027,-0.5987
1.32027,-0.5832
1.33027,-0.5829
1.34027,-0.585
1.35027,-0.5669
1.36027,-0.6
1.37027,-0.6316
1.38027,-0.6495
1.39025,-0.6689
1.40024,-0.6738
1.41023,-0.658
1.42022,-0.5914
1.4302,-0.53
1.44019,-0.5339
1.45018,-0.5609
1.46017,-0.5395
1.47015,-0.528
1.48014,-0.5493
1.49013,-0.6054
1.50012,-0.6473
1.5102,-0.6458
1.52029,-0.619
1.53037,-0.6185
1.54045,-0.6125
1.55053,-0.5878
1.56061,-0.5906
1.5707,-0.5562
1.58078,-0.5493
1.59086,-0.5953
1.60094,-0.612
1.61103,-0.601
1.62111,-0.594
1.63114,-0.6019
1.64111,-0.6016
1.65107,-0.5994
1.66104,-0.6085
1.671,-0.5923
1.68096,-0.5724
1.69093,-0.569
1.70089,-0.5941
1.71086,-0.5949
1.72082,-0.5979
1.73079,-0.6294
1.74075,-0.6525
1.75072,-0.6295
1.76079,-0.6096
1.77085,-0.6078
1.78091,-0.5935
1.79097,-0.5688
1.80103,-0.5463
1.81109,-0.5584
1.82115,-0.5941
1.83121,-0.6082
1.84127,-0.6144
1.85133,-0.6288
1.86138,-0.6291
1.87144,-0.6159
1.88147,-0.604
1.89146,-0.6038
1.90144,-0.605
1.91143,-0.613
1.92142,-0.6039
1.9314,-0.623
1.94139,-0.6154
1.95138,-0.6031
1.96137,-0.6154
1.97135,-0.61
1.98134,-0.61
1.99133,-0.6113
2.00132,-0.6011
2.01132,-0.606
2.02132,-0.6196
2.03133,-0.635
2.04133,-0.6481
2.05133,-0.6514
2.06134,-0.6457
2.07134,-0.6349
2.08134,-0.6316
2.09135,-0.625
2.10135,-0.6008
2.11135,-0.5919
2.12136,-0.5884
2.13136,-0.606
2.14135,-0.6392
2.15135,-0.6411
2.16135,-0.6398
2.17134,-0.6461
2.18134,-0.6415
2.19133,-0.6425
2.20133,-0.629
2.21133,-0.6265
2.22132,-0.6472
2.23132,-0.6312
2.24131,-0.6182
2.25131,-0.6297
2.2613,-0.6491
2.27128,-0.6435
2.28127,-0.6405
2.29125,-0.6424
2.30123,-0.6237
2.31121,-0.601
2.32119,-0.6092
2.33117,-0.6364
2.34115,-0.6416
2.35114,-0.6404
2.36112,-0.6481
2.3711,-0.6332
2.38109,-0.6137
2.39107,-0.6063
2.40106,-0.6064
2.41105,-0.6367
2.42103,-0.6499
2.43102,-0.6742
2.441,-0.6676
2.45099,-0.6581
2.46098,-0.6656
2.47096,-0.6632
2.48095,-0.6328
2.49094,-0.587
2.50092,-0.5799
2.51098,-0.5901
2.52103,-0.6009
2.53108,-0.6193
2.54114,-0.6423
2.55119,-0.6462
2.56124,-0.6487
2.5713,-0.6167
2.58135,-0.5995
2.5914,-0.613
2.60145,-0.6119
2.61151,-0.6041
2.62156,-0.6107
2.63158,-0.6219
2.64155,-0.645
2.65153,-0.6333
2.66151,-0.5481
2.67148,-0.6339
2.68146,-0.6282
2.69144,-0.5532
2.70141,-0.5531
2.71139,-0.5496
2.72137,-0.5495
2.73135,-0.5162
2.74132,-0.4699
2.7513,-0.465
2.76131,-0.4834
2.77131,-0.4834
2.7813,-0.4924
2.79129,-0.5111
2.80129,-0.5376
2.81128,-0.5247
2.82128,-0.5263
2.83127,-0.5457
2.84126,-0.5395
2.85126,-0.5439
2.86125,-0.5509
2.87125,-0.561
2.88126,-0.5657
2.89129,-0.5627
2.90132,-0.5666
2.91135,-0.5536
2.92138,-0.5342
2.93141,-0.5444
2.94145,-0.5703
2.95148,-0.5554
2.96151,-0.5407
2.97154,-0.5572
2.98157,-0.5829
2.9916,-0.599
3.00163,-0.5974
3.01164,-0.5954
3.02164,-0.5816
3.03164,-0.5595
3.04164,-0.5615
3.05165,-0.5606
3.06165,-0.5748
3.07165,-0.567
3.08165,-0.5645
3.09166,-0.5671
3.10166,-0.5702
3.11166,-0.5326
3.12166,-0.5369
3.13167,-0.5503
3.14167,-0.5602
3.15167,-0.5645
3.16167,-0.5561
3.17167,-0.5788
3.18167,-0.5701
3.19167,-0.5622
3.20167,-0.5373
3.21167,-0.514
3.22167,-0.516
3.23168,-0.5398
3.24168,-0.5247
3.25168,-0.5248
3.26175,-0.539
3.2718,-0.561
3.28186,-0.5586
3.29191,-0.5329
3.30197,-0.5239
3.31202,-0.5425
3.32208,-0.5526
3.33213,-0.5474
3.34218,-0.5481
3.35224,-0.5527
3.36229,-0.5618
3.37235,-0.5682
3.38236,-0.5757
3.39233,-0.5938
3.4023,-0.6008
3.41227,-0.5839
3.42223,-0.5527
3.4322,-0.5383
3.44217,-0.5379
3.45214,-0.5729
3.46211,-0.5664
3.47207,-0.5487
3.48204,-0.5449
3.49201,-0.56
3.50198,-0.5664
3.51195,-0.5719
3.52191,-0.5643
3.53188,-0.571
3.54185,-0.5939
3.55182,-0.5909
3.56178,-0.5818
3.57175,-0.5617
3.58172,-0.5616
3.59168,-0.5882
3.60165,-0.5961
3.61162,-0.5673
3.62159,-0.5558
3.63157,-0.5713
3.64157,-0.5716
3.65156,-0.5589
3.66156,-0.5641
3.67155,-0.5787
3.68155,-0.5831
3.69154,-0.5999
3.70154,-0.5873
3.71153,-0.5692
3.72153,-0.5773
3.73152,-0.5772
3.74152,-0.5724
3.75151,-0.5518
3.76158,-0.5609
3.77165,-0.5836
3.78171,-0.5978
3.79178,-0.589
3.80184,-0.5646
3.81191,-0.568
3.82197,-0.591
3.83204,-0.6067
3.8421,-0.587
3.85217,-0.5723
3.86223,-0.5753
3.8723,-0.5979
3.88233,-0.597
3.89232,-0.5703
3.90231,-0.5723
3.91229,-0.5986
3.92228,-0.6167
3.93227,-0.6027
3.94225,-0.571
3.95224,-0.5674
3.96223,-0.5959
3.97221,-0.6123
3.9822,-0.5884
3.99219,-0.5737
4.00217,-0.5792
4.01231,-0.5913
4.02243,-0.5946
4.03255,-0.5845
4.04267,-0.5823
4.05279,-0.5851
4.06291,-0.5959
4.07303,-0.5965
4.08315,-0.5659
4.09327,-0.5708
4.10339,-0.587
4.11351,-0.5975
4.12363,-0.57
4.13369,-0.5777
4.14369,-0.5764
4.15369,-0.5891
4.16369,-0.5878
4.17369,-0.5748
4.18369,-0.5743
4.19369,-0.5976
4.20369,-0.6079
4.21369,-0.5946
4.22369,-0.5654
4.23369,-0.5699
4.24369,-0.5898
4.25369,-0.597
4.26364,-0.5696
4.2736,-0.5721
4.28355,-0.5865
4.2935,-0.6073
4.30345,-0.6013
4.3134,-0.5785
4.32335,-0.5792
4.3333,-0.6167
4.34326,-0.6091
4.35321,-0.5936
4.36316,-0.5863
4.37311,-0.5747
4.38307,-0.5876
4.39304,-0.6051
4.40301,-0.5854
4.41298,-0.5855
4.42294,-0.6049
4.43291,-0.6243
4.44288,-0.6067
4.45285,-0.5907
4.46281,-0.6065
4.47278,-0.6262
4.48275,-0.6381
4.49272,-0.6224
4.50269,-0.6101
4.51268,-0.614
4.52267,-0.6271
4.53267,-0.6166
4.54266,-0.5926
4.55265,-0.5974
4.56264,-0.6137
4.57263,-0.6267
4.58263,-0.6188
4.59262,-0.6178
4.60261,-0.6281
4.6126,-0.6329
4.62259,-0.6208
4.6326,-0.5901
4.6426,-0.5885
4.6526,-0.6047
4.6626,-0.62
4.67261,-0.6194
4.68261,-0.6063
4.69261,-0.6129
4.70261,-0.6316
4.71262,-0.6354
4.72262,-0.5894
4.73262,-0.5732
4.74262,-0.5904
4.75263,-0.6157
4.76262,-0.6309
4.77262,-0.6042
4.78261,-0.6002
4.79261,-0.6131
4.8026,-0.6163
4.8126,-0.5984
4.82259,-0.5784
4.83259,-0.5881
4.84259,-0.6056
4.85258,-0.6229
4.86258,-0.6096
4.87257,-0.6018
4.88257,-0.6166
4.89256,-0.6405
4.90256,-0.6352
4.91255,-0.6064
4.92254,-0.5903
4.93254,-0.6025
4.94253,-0.6168
4.95252,-0.5987
4.96252,-0.5934
4.97251,-0.6119
4.9825,-0.6314
4.9925,-0.6331
5.00249,-0.6098
5.01249,-0.5972
5.0225,-0.6083
5.0325,-0.6238
5.0425,-0.6169
5.0525,-0.6027
5.0625,-0.6097
5.0725,-0.6259
5.0825,-0.6281
5.0925,-0.6137
5.1025,-0.624
5.1125,-0.6218
5.12251,-0.619
5.13255,-0.6226
5.14262,-0.6198
5.15269,-0.6159
5.16277,-0.6261
5.17284,-0.6441
5.18291,-0.6178
5.19299,-0.6001
5.20306,-0.6175
5.21314,-0.6195
5.22321,-0.6175
5.23328,-0.6007
5.24336,-0.6057
5.25343,-0.6137
5.26343,-0.6279
5.27343,-0.6271
5.28343,-0.621
5.29343,-0.627
5.30343,-0.6297
5.31343,-0.6331
5.32343,-0.5993
5.33343,-0.5781
5.34343,-0.6193
5.35343,-0.6322
5.36343,-0.6279
5.37343,-0.6071
5.38345,-0.6071
5.39347,-0.6083
5.4035,-0.6329
5.41353,-0.6315
5.42355,-0.6092
5.43358,-0.6086
5.4436,-0.6327
5.45363,-0.6171
5.46366,-0.6044
5.47368,-0.6353
5.48371,-0.6248
5.49374,-0.599
5.50376,-0.5827
5.5137,-0.5734
5.52362,-0.5596
5.53355,-0.5774
5.54347,-0.5872
5.55339,-0.5851
5.56332,-0.5838
5.57324,-0.6143
5.58317,-0.6466
5.59309,-0.6332
5.60302,-0.602
5.61294,-0.6011
5.62287,-0.6185
5.63289,-0.6289
5.64299,-0.6187
5.6531,-0.6107
5.66321,-0.6188
5.67331,-0.6378
5.68342,-0.6813
5.69353,-0.6484
5.70364,-0.7145
5.71374,-0.7173
5.72385,-0.651
5.73396,-0.6356
5.74406,-0.6367
5.75417,-0.6054
5.76412,-0.611
5.77408,-0.6403
5.78403,-0.6607
5.79398,-0.6346
5.80393,-0.6376
5.81388,-0.6554
5.82383,-0.613
5.83378,-0.5519
5.84373,-0.5486
5.85368,-0.5519
5.86363,-0.5515
5.87359,-0.5529
5.88354,-0.5802
5.89349,-0.5989
5.90343,-0.6144
5.91338,-0.6129
5.92333,-0.5756
5.93327,-0.5721
5.94322,-0.6164
5.95317,-0.6316
5.96312,-0.6249
5.97306,-0.6225
5.98301,-0.614
5.99296,-0.6044
6.00291,-0.6296
6.01301,-0.6245
6.02311,-0.6051
6.03321,-0.6222
6.0433,-0.6314
6.0534,-0.6046
6.0635,-0.5913
6.0736,-0.5911
6.08369,-0.5931
6.09379,-0.6001
6.10389,-0.6025
6.11399,-0.5841
6.12408,-0.5848
6.13413,-0.6112
6.14413,-0.6135
6.15412,-0.6052
6.16412,-0.5774
6.17411,-0.5836
6.18411,-0.6029
6.19411,-0.5946
6.2041,-0.5845
6.2141,-0.5938
6.22409,-0.613
6.23409,-0.5965
6.24408,-0.5645
6.25408,-0.5598
6.26413,-0.5852
6.27415,-0.599
6.28418,-0.5906
6.2942,-0.5816
6.30423,-0.5705
6.31426,-0.5874
6.32428,-0.6117
6.33431,-0.5837
6.34434,-0.5587
6.35436,-0.5726
6.36439,-0.5891
6.37441,-0.6097
6.38442,-0.5844
6.39439,-0.5887
6.40437,-0.6031
6.41434,-0.6272
6.42432,-0.6079
6.43429,-0.5923
6.44427,-0.6072
6.45424,-0.6184
6.46422,-0.6311
6.47419,-0.6138
6.48417,-0.5861
6.49414,-0.6085
6.50411,-0.6329
6.51408,-0.6257
6.52405,-0.6247
6.53402,-0.6192
6.54399,-0.6284
6.55395,-0.6414
6.56392,-0.6301
6.57389,-0.5973
6.58385,-0.6181
6.59382,-0.6546
6.60379,-0.6366
6.61375,-0.6185
6.62372,-0.6151
6.63374,-0.6221
6.64377,-0.6086
6.6538,-0.5975
6.66383,-0.576
6.67387,-0.5678
6.6839,-0.5905
6.69393,-0.6067
6.70396,-0.5918
6.71399,-0.5896
6.72402,-0.5941
6.73405,-0.5923
6.74409,-0.5738
6.75412,-0.5751
6.76408,-0.5635
6.77404,-0.5578
6.784,-0.5711
6.79395,-0.5755
6.80391,-0.5689
6.81387,-0.5916
6.82383,-0.6182
6.83379,-0.6002
6.84375,-0.5713
6.8537,-0.5662
6.86366,-0.5902
6.87362,-0.6011
6.88362,-0.5894
6.89364,-0.5782
6.90367,-0.5776
6.91369,-0.6053
6.92371,-0.6073
6.93374,-0.5978
6.94376,-0.5989
6.95379,-0.621
6.96381,-0.6325
6.97384,-0.6243
6.98386,-0.6102
6.99389,-0.6029
7.00391,-0.6055
7.01395,-0.601
7.02398,-0.5649
7.03402,-0.5506
7.04405,-0.555
7.05409,-0.5825
7.06412,-0.5862
7.07415,-0.5871
7.08419,-0.5996
7.09422,-0.6209
7.10426,-0.6289
7.11429,-0.6034
7.12432,-0.5763
7.13435,-0.5752
7.14433,-0.5767
7.15431,-0.5837
7.1643,-0.5826
7.17428,-0.5696
7.18426,-0.5689
7.19424,-0.5842
7.20422,-0.5832
7.2142,-0.5706
7.22418,-0.5564
7.23416,-0.573
7.24414,-0.5875
7.25412,-0.5691
7.26416,-0.5478
7.27419,-0.5531
7.28422,-0.574
7.29425,-0.5925
7.30427,-0.5717
7.3143,-0.5452
7.32433,-0.5632
7.33436,-0.5928
7.34438,-0.5798
7.35441,-0.5622
7.36444,-0.5612
7.37447,-0.5807
7.38448,-0.5692
7.39447,-0.5668
7.40446,-0.5669
7.41445,-0.5962
7.42444,-0.6142
7.43443,-0.6047
7.44442,-0.5882
7.45441,-0.5801
7.4644,-0.6054
7.47439,-0.6197
7.48438,-0.6242
7.49437,-0.6203
7.50436,-0.6334
7.51439,-0.6341
7.52442,-0.6251
7.53445,-0.6119
7.54448,-0.5975
7.55451,-0.6062
7.56454,-0.6132
7.57457,-0.606
7.5846,-0.5937
7.59463,-0.6027
7.60465,-0.6102
7.61468,-0.6022
7.62471,-0.5835
7.63472,-0.5769
7.64469,-0.5772
7.65466,-0.6083
7.66463,-0.6183
7.6746,-0.6059
7.68458,-0.6134
7.69455,-0.6162
7.70452,-0.6166
7.71449,-0.6028
7.72446,-0.5725
7.73443,-0.5752
7.74441,-0.601
7.75438,-0.6116
7.76438,-0.6067
7.77439,-0.605
7.78439,-0.6124
7.7944,-0.6308
7.8044,-0.6144
7.81441,-0.5952
7.82441,-0.5931
7.83441,-0.6159
7.84442,-0.6316
7.85442,-0.6189
7.86443,-0.5958
7.87443,-0.6121
7.88445,-0.6275
7.89447,-0.66
7.9045,-0.6494
7.91452,-0.5606
7.92455,-0.5803
7.93457,-0.6511
7.9446,-0.6284
7.95462,-0.5889
7.96464,-0.6178
7.97467,-0.6362
7.98469,-0.6223
7.99472,-0.6255
8.00474,-0.597
8.01472,-0.5985
8.02468,-0.622
8.03464,-0.6157
8.0446,-0.5944
8.05456,-0.5992
8.06452,-0.6224
8.07448,-0.6338
8.08444,-0.6193
8.0944,-0.6195
8.10437,-0.6321
8.11433,-0.6428
8.12429,-0.6425
8.13429,-0.6142
8.14432,-0.6222
8.15436,-0.6407
8.16439,-0.6493
8.17443,-0.6256
8.18446,-0.6136
8.19449,-0.6311
8.20453,-0.6401
8.21456,-0.6349
8.2246,-0.6031
8.23463,-0.5939
8.24466,-0.6273
8.2547,-0.6406
8.2647,-0.6119
8.27468,-0.5862
8.28467,-0.583
8.29465,-0.6067
8.30463,-0.6377
8.31462,-0.6087
8.3246,-0.5874
8.33458,-0.6017
8.34456,-0.6073
8.35455,-0.5985
8.36453,-0.5818
8.37451,-0.5803
8.38457,-0.5942
8.39466,-0.6162
8.40475,-0.6124
8.41484,-0.607
8.42493,-0.6015
8.43502,-0.5941
8.44511,-0.6008
8.45519,-0.5967
8.46528,-0.6049
8.47537,-0.6168
8.48546,-0.62
8.49555,-0.602
8.50564,-0.5913
8.51563,-0.5879
8.52562,-0.5791
8.5356,-0.5744
8.54559,-0.5722
8.55557,-0.6014
8.56556,-0.6459
8.57555,-0.7067
8.58553,-0.6737
8.59552,-0.6316
8.60551,-0.6627
8.61549,-0.6633
8.62548,-0.5885
8.63551,-0.6105
8.64558,-0.6897
8.65564,-0.6828
8.66571,-0.6661
8.67578,-0.6867
8.68585,-0.6622
8.69591,-0.6148
8.70598,-0.6418
8.71605,-0.6864
8.72612,-0.6986
8.73619,-0.708
8.74625,-0.718
8.75632,-0.6844
8.76623,-0.6484
8.77612,-0.6377
8.78602,-0.6179
8.79592,-0.6233
8.80581,-0.6537
8.81571,-0.6927
8.82561,-0.6851
8.83551,-0.6629
8.8454,-0.6519
8.8553,-0.6507
8.8652,-0.634
8.87509,-0.6175
8.88505,-0.622
8.89505,-0.6372
8.90506,-0.6424
8.91506,-0.6187
8.92506,-0.5888
8.93507,-0.581
8.94507,-0.6031
8.95507,-0.6172
8.96508,-0.5987
8.97508,-0.603
8.98509,-0.6205
8.99509,-0.6466
9.00509,-0.6361
9.01514,-0.6251
9.02518,-0.6381
9.03523,-0.6565
9.04527,-0.6579
9.05531,-0.6262
9.06535,-0.6155
9.0754,-0.6395
9.08544,-0.6318
9.09548,-0.623
9.10552,-0.617
9.11556,-0.6372
9.12561,-0.6625
9.13562,-0.6728
9.14559,-0.6375
9.15556,-0.6097
9.16553,-0.6169
9.17551,-0.6302
9.18548,-0.6291
9.19545,-0.6168
9.20542,-0.6162
9.2154,-0.6299
9.22537,-0.6314
9.23534,-0.6003
9.24532,-0.5888
9.25529,-0.6116
9.26528,-0.6381
9.27526,-0.6514
9.28525,-0.6563
9.29523,-0.6503
9.30522,-0.6456
9.3152,-0.6607
9.32519,-0.6719
9.33518,-0.6585
9.34516,-0.6605
9.35515,-0.6528
9.36513,-0.6407
9.37512,-0.6236
9.38514,-0.6144
9.39518,-0.64
9.40522,-0.6735
9.41527,-0.6974
9.42531,-0.6912
9.43535,-0.6824
9.4454,-0.6641
9.45544,-0.6556
9.46548,-0.6317
9.47553,-0.648
9.48557,-0.6649
9.49561,-0.6718
9.50566,-0.6569
9.51572,-0.6485
9.52576,-0.6451
9.5358,-0.6544
9.54585,-0.6394
9.55589,-0.6159
9.56593,-0.6053
9.57597,-0.6279
9.58602,-0.6782
9.59606,-0.6521
9.6061,-0.6252
9.61615,-0.6306
9.62619,-0.6415
9.6362,-0.6402
9.64616,-0.6095
9.65613,-0.5832
9.66609,-0.5948
9.67606,-0.6347
9.68602,-0.6357
9.69599,-0.6264
9.70595,-0.6244
9.71592,-0.6514
9.72588,-0.6648
9.73585,-0.6705
9.74581,-0.6436
9.75577,-0.6223
9.76582,-0.619
9.77587,-0.6394
9.78591,-0.6282
9.79596,-0.6095
9.806,-0.6178
9.81605,-0.6333
9.8261,-0.6397
9.83614,-0.6414
9.84619,-0.6392
9.85623,-0.6353
9.86628,-0.6465
9.87632,-0.6508
9.88635,-0.6086
9.89633,-0.5594
9.90632,-0.6465
9.9163,-0.7253
9.92628,-0.6718
9.93626,-0.6593
9.94624,-0.6956
9.95622,-0.6978
9.9662,-0.6961
9.97619,-0.702
9.98617,-0.6924
9.99615,-0.6672
10.00613,-0.6682
10.01609,-0.6707
10.02605,-0.6286
10.03601,-0.6388
10.04597,-0.6563
10.05592,-0.6694
10.06588,-0.6688
10.07584,-0.6691
10.0858,-0.6803
10.09576,-0.7014
10.10572,-0.6895
10.11567,-0.6712
10.12563,-0.6805
10.13567,-0.7177
10.14577,-0.6706
10.15588,-0.6404
10.16598,-0.6795
10.17608,-0.6862
10.18619,-0.6649
10.19629,-0.7004
10.2064,-0.7525
10.2165,-0.7639
10.22661,-0.7369
10.23671,-0.7494
10.24682,-0.7725
10.25692,-0.8019
10.26685,-0.7721
10.27677,-0.7856
10.2867,-0.7866
10.29662,-0.7415
10.30654,-0.7139
10.31647,-0.7167
10.32639,-0.7126
10.33631,-0.6942
10.34624,-0.697
10.35616,-0.7165
10.36609,-0.7161
10.37601,-0.7054
10.38596,-0.7128
10.39593,-0.75
10.4059,-0.7852
10.41587,-0.7875
10.42584,-0.7998
10.43581,-0.8105
10.44578,-0.8044
10.45576,-0.7863
10.46573,-0.7566
10.4757,-0.7387
10.48567,-0.7355
10.49564,-0.7445
10.50561,-0.7544
10.5156,-0.7959
10.52559,-0.8204
10.53558,-0.7523
10.54557,-0.7725
10.55556,-0.7242
10.56555,-0.7137
10.57553,-0.704
10.58552,-0.7014
10.59551,-0.6736
10.6055,-0.6652
10.61549,-0.7283
10.62548,-0.7247
10.63557,-0.6971
10.64576,-0.6839
10.65595,-0.6643
10.66614,-0.7083
10.67633,-0.7689
10.68652,-0.7675
10.69671,-0.7238
10.70689,-0.7001
10.71708,-0.7036
10.72727,-0.7092
10.73746,-0.7155
10.74765,-0.7263
10.75784,-0.7432
10.76776,-0.7506
10.77768,-0.731
10.78761,-0.6954
10.79753,-0.6965
10.80745,-0.7008
10.81737,-0.6858
10.82729,-0.6597
10.83721,-0.6392
10.84713,-0.6311
10.85706,-0.6682
10.86698,-0.7204
10.8769,-0.7492
10.88686,-0.7533
10.89685,-0.7631
10.90684,-0.7288
10.91683,-0.6984
10.92682,-0.6919
10.93681,-0.723
10.9468,-0.7369
10.95679,-0.7541
10.96678,-0.7833
10.97677,-0.7811
10.98676,-0.7372
10.99675,-0.73
11.00674,-0.7349
11.01675,-0.7305
11.02674,-0.7377
11.03675,-0.7652
11.04674,-0.7696
11.05674,-0.7611
11.06674,-0.7791
11.07674,-0.7993
11.08674,-0.7691
11.09674,-0.7453
11.10674,-0.754
11.11674,-0.769
11.12674,-0.814
11.13672,-0.8277
11.14669,-0.7967
11.15665,-0.7669
11.16661,-0.7793
11.17657,-0.7607
11.18653,-0.7441
11.1965,-0.7664
11.20646,-0.8337
11.21642,-0.8685
11.22638,-0.6615
11.23634,-0.6082
11.24631,-0.7024
11.25627,-0.9132
11.26627,-0.8463
11.27627,-0.6495
11.28627,-0.7012
11.29626,-0.8471
11.30626,-0.8048
11.31626,-0.7559
11.32626,-0.8108
11.33626,-0.8525
11.34626,-0.8282
11.35625,-0.794
11.36625,-0.8012
11.37625,-0.8033
11.38626,-0.7526
11.39628,-0.7578
11.4063,-0.7913
11.41632,-0.8092
11.42633,-0.8279
11.43635,-0.8367
11.44637,-0.8322
11.45639,-0.817
11.4664,-0.8204
11.47642,-0.8143
11.48644,-0.7899
11.49646,-0.7587
11.50648,-0.7392
11.51656,-0.744
11.52664,-0.7372
11.53673,-0.7424
11.54681,-0.7387
11.55689,-0.7357
11.56697,-0.7131
11.57705,-0.6862
11.58714,-0.6811
11.59722,-0.6969
11.6073,-0.7141
11.61738,-0.6936
11.62746,-0.6804
11.63754,-0.6722
11.64759,-0.6629
11.65764,-0.6835
11.66769,-0.6931
11.67775,-0.7032
11.6878,-0.6831
11.69785,-0.6899
11.7079,-0.7034
11.71796,-0.7385
11.72801,-0.7843
11.73806,-0.8411
11.74812,-0.8468
11.75817,-0.8172
11.76808,-0.7568
11.778,-0.7354
11.78791,-0.7333
11.79782,-0.7106
11.80773,-0.6941
11.81764,-0.6293
11.82755,-0.5691
11.83746,-0.4762
11.84738,-0.3865
11.85729,-0.3017
11.8672,-0.1665
11.87711,0.0081
11.88709,-0.0507
11.89712,-0.174
11.90715,-0.2126
11.91718,-0.2188
11.92721,-0.2668
11.93724,-0.3648
11.94727,-0.4683
11.9573,-0.5637
11.96733,-0.6242
11.97736,-0.6805
11.98738,-0.7579
11.99741,-0.8374
12.00744,-0.9006
12.01748,-0.9345
12.02751,-0.9736
12.03755,-0.9724
12.04758,-0.9423
12.05761,-0.895
12.06765,-0.8664
12.07768,-0.8403
12.08772,-0.8381
12.09775,-0.8922
12.10778,-0.9686
12.11782,-1.0417
12.12785,-1.0694
12.13784,-1.0249
12.14777,-1.0055
12.1577,-0.975
12.16763,-0.9609
12.17756,-0.9482
12.18749,-0.9369
12.19742,-0.9203
12.20736,-0.8531
12.21729,-0.7908
12.22722,-0.7561
12.23715,-0.7672
12.24708,-0.8039
12.25701,-0.7472
12.26707,-0.7108
12.27712,-0.7373
12.28717,-0.782
12.29722,-0.7354
12.30728,-0.8457
12.31733,-0.949
12.32738,-0.9957
12.33743,-0.9656
12.34748,-0.9241
12.35753,-0.8947
12.36758,-0.8505
12.37763,-0.809
12.38765,-0.7756
12.3976,-0.7582
12.40755,-0.7259
12.41749,-0.7001
12.42744,-0.7056
12.43739,-0.7282
12.44734,-0.7337
12.45728,-0.7279
12.46723,-0.719
12.47718,-0.7236
12.48713,-0.7292
12.49708,-0.7176
12.50702,-0.7086
12.51705,-0.7013
12.52707,-0.7025
12.53709,-0.7205
12.54711,-0.7362
12.55714,-0.7542
12.56716,-0.768
12.57718,-0.7775
12.5872,-0.7826
12.59722,-0.773
12.60725,-0.7741
12.61727,-0.7634
12.62729,-0.7441
12.63733,-0.7328
12.64737,-0.7161
12.6574,-0.7056
12.66743,-0.6975
12.67746,-0.706
12.68749,-0.7089
12.69753,-0.7192
12.70756,-0.7278
12.71759,-0.7361
12.72762,-0.7454
12.73765,-0.7624
12.74769,-0.7778
12.75772,-0.783
12.76783,-0.7836
12.77794,-0.7881
12.78806,-0.7611
12.79817,-0.7718
12.80828,-0.7887
12.81839,-0.8169
12.8285,-0.8354
12.83861,-0.8488
12.84873,-0.8365
12.85884,-0.8245
12.86895,-0.8319
12.87906,-0.8025
12.88911,-0.7879
12.8991,-0.7821
12.90908,-0.7712
12.91907,-0.7668
12.92905,-0.7651
12.93904,-0.7561
12.94903,-0.7566
12.95901,-0.7558
12.969,-0.7973
12.97898,-0.8292
12.98897,-0.8398
12.99895,-0.8138
13.00894,-0.7864
13.01895,-0.7596
13.02896,-0.7355
13.03897,-0.6991
13.04897,-0.6784
13.05898,-0.664
13.06899,-0.6671
13.079,-0.6691
13.089,-0.6812
13.09901,-0.7012
13.10902,-0.707
13.11903,-0.7233
13.12903,-0.7165
13.13901,-0.7225
13.14894,-0.7537
13.15888,-0.7793
13.16881,-0.7854
13.17875,-0.7682
13.18868,-0.7576
13.19862,-0.7657
13.20855,-0.8147
13.21848,-0.895
13.22842,-0.9173
13.23835,-0.8992
13.24829,-0.8954
13.25822,-0.8975
13.26828,-0.8848
13.27835,-0.8312
13.28841,-0.7079
13.29847,-0.6807
13.30853,-0.8003
13.31859,-0.8705
13.32865,-0.8776
13.33871,-0.8582
13.34878,-0.8832
13.35884,-0.903
13.3689,-0.9143
13.37896,-0.9424
13.38899,-0.9626
13.39895,-0.9487
13.40891,-0.9424
13.41887,-0.9257
13.42883,-0.8889
13.43879,-0.8606
13.44875,-0.8358
13.45871,-0.8158
13.46867,-0.8259
13.47863,-0.8478
13.48859,-0.8343
13.49855,-0.8154
13.50851,-0.7907
13.51847,-0.7764
13.52842,-0.7564
13.53838,-0.7505
13.54834,-0.7601
13.55829,-0.7717
13.56825,-0.7859
13.57821,-0.7855
13.58816,-0.7992
13.59812,-0.8016
13.60808,-0.798
13.61803,-0.792
13.62799,-0.7877
13.63795,-0.8048
13.64792,-0.8009
13.65789,-0.7982
13.66786,-0.8044
13.67783,-0.8038
13.6878,-0.818
13.69776,-0.8262
13.70773,-0.8517
13.7177,-0.8771
13.72767,-0.9078
13.73764,-0.9174
13.74761,-0.9058
13.75757,-0.9048
13.76761,-0.8779
13.77764,-0.8601
13.78767,-0.8664
13.7977,-0.8702
13.80773,-0.8649
13.81777,-0.8746
13.8278,-0.888
13.83783,-0.8687
13.84786,-0.8795
13.85789,-0.8685
13.86792,-0.8427
13.87795,-0.8409
13.88803,-0.8435
13.89814,-0.8574
13.90825,-0.8698
13.91836,-0.8775
13.92847,-0.8856
13.93858,-0.8782
13.94869,-0.8505
13.9588,-0.8283
13.96891,-0.8012
13.97902,-0.7876
13.98913,-0.7684
13.99924,-0.7942
14.00936,-0.7893
14.01932,-0.7784
14.02929,-0.7491
14.03925,-0.7274
14.04921,-0.7259
14.05917,-0.7159
14.06914,-0.7264
14.0791,-0.7459
14.08906,-0.7475
14.09903,-0.7157
14.10899,-0.6948
14.11895,-0.7158
14.12892,-0.7422
14.1389,-0.8214
14.14889,-0.9107
14.15888,-1.0177
14.16888,-1.1375
14.17887,-1.2103
14.18886,-1.293
14.19886,-1.3493
14.20885,-1.3822
14.21884,-1.4021
14.22884,-1.4085
14.23883,-1.465
14.24882,-1.4818
14.25882,-1.4747
14.26878,-1.4507
14.27874,-1.446
14.2887,-1.4404
14.29866,-1.4364
14.30862,-1.438
14.31859,-1.4384
14.32855,-1.4331
14.33851,-1.4223
14.34847,-1.4178
14.35843,-1.4003
14.36839,-1.3775
14.37835,-1.3626
14.38835,-1.3588
14.39838,-1.3445
14.40842,-1.3253
14.41845,-1.3029
14.42848,-1.2939
14.43852,-1.2919
14.44855,-1.2756
14.45859,-1.2641
14.46862,-1.2165
14.47866,-1.2156
14.48869,-1.242
14.49872,-1.2942
14.50876,-1.3134
14.51878,-1.3184
14.52881,-1.3633
14.53883,-1.4082
14.54885,-1.4591
14.55887,-1.4767
14.5689,-1.528
14.57892,-1.5737
14.58894,-1.5817
14.59896,-1.5904
14.60898,-1.5917
14.61901,-1.6089
14.62903,-1.6332
14.63903,-1.6665
14.649,-1.7151
14.65897,-1.7504
14.66894,-1.7672
14.67891,-1.7414
14.68887,-1.6844
14.69884,-1.6631
14.70881,-1.6321
14.71878,-1.6454
14.72875,-1.687
14.73872,-1.6749
14.74869,-1.6161
14.75866,-1.5909
14.76872,-1.5759
14.77877,-1.5798
14.78883,-1.5928
14.79888,-1.6098
14.80894,-1.6413
14.81899,-1.6637
14.82905,-1.6558
14.83911,-1.6539
14.84916,-1.6387
14.85922,-1.5515
14.86927,-1.4179
14.87933,-1.3051
14.88937,-1.2309
14.89937,-1.1971
14.90937,-1.2218
14.91937,-1.2469
14.92937,-1.2707
14.93937,-1.2443
14.94937,-1.1601
14.95937,-1.0341
14.96937,-0.918
14.97937,-0.8363
14.98937,-0.7143
14.99937,-0.6193
15.00937,-0.5584
15.01937,-0.5265
15.02938,-0.4288
15.03938,-0.4673
15.04938,-0.5367
15.05939,-0.4991
15.06939,-0.4499
15.07939,-0.4486
15.0894,-0.5129
15.0994,-0.4991
15.10941,-0.3965
15.11941,-0.2397
15.12941,-0.1778
15.13941,-0.0063
15.1494,0.0872
15.1594,0.1174
15.16939,0.0656
15.17938,0.2463
15.18937,0.091
15.19936,0.0277
15.20935,0.0332
15.21935,0.1185
15.22934,0.1668
15.23933,0.3176
15.24932,0.4819
15.25931,0.7748
15.26933,0.923
15.27936,0.9478
15.28938,1.0051
15.2994,0.8773
15.30942,0.6786
15.31944,0.4154
15.32946,0.1523
15.33948,-0.0474
15.3495,-0.1744
15.35952,-0.2533
15.36955,-0.3145
15.37957,-0.3671
15.38957,-0.3833
15.39955,-0.3952
15.40953,-0.3692
15.41952,-0.3533
15.4295,-0.3135
15.43948,-0.2609
15.44946,-0.1642
15.45944,-0.056
15.46942,0.014
15.4794,0.1032
15.48938,0.1528
15.49937,0.255
15.50935,0.2759
15.51938,0.2901
15.52941,0.2759
15.53944,0.2608
15.54946,0.2335
15.55949,0.2043
15.56952,0.1535
15.57955,0.1279
15.58958,0.0559
15.5996,-0.0268
15.60963,-0.0686
15.61966,-0.0976
15.62969,-0.1225
15.63967,-0.1656
15.64961,-0.0907
15.65954,-0.1586
15.66948,-0.1527
15.67941,-0.2057
15.68935,-0.2665
15.69928,-0.3117
15.70922,-0.2518
15.71916,-0.1662
15.72909,-0.0821
15.73903,0.1005
15.74896,0.1182
15.7589,0.0838
15.76891,-0.0664
15.77892,-0.3215
15.78893,-0.2416
15.79894,-0.2389
15.80895,-0.2195
15.81896,-0.3809
15.82898,-0.4445
15.83899,-0.5056
15.849,-0.5534
15.85901,-0.6225
15.86902,-0.8358
15.87903,-0.9542
15.88905,-1.0848
15.89907,-1.179
15.9091,-1.218
15.91912,-1.1836
15.92914,-1.1738
15.93917,-1.0451
15.94919,-0.9444
15.95921,-0.8823
15.96923,-0.813
15.97926,-0.7071
15.98928,-0.5618
15.9993,-0.4244
16.00933,-0.1791
16.01933,0.0229
16.02933,0.0077
16.03933,0.1096
16.04933,0.0486
16.05933,0.0465
16.06933,0.034
16.07933,-0.0331
16.08933,-0.06
16.09934,-0.108
16.10934,-0.095
16.11934,-0.0892
16.12934,-0.2308
16.13938,-0.3824
16.14945,-0.339
16.15952,-0.2836
16.16958,-0.0576
16.17966,0.1377
16.18972,0.2038
16.19979,0.1275
16.20986,0.3202
16.21993,0.4609
16.23,0.247
16.24007,0.0393
16.25014,-0.2034
16.26021,-0.1933
16.2702,-0.3427
16.28017,-0.3703
16.29016,-0.3574
16.30013,-0.2493
16.31011,-0.1073
16.3201,-0.1308
16.33007,-0.1813
16.34005,-0.1778
16.35003,0.0549
16.36001,0.3626
16.36999,-0.0746
16.37997,-0.0691
16.38997,0.3185
16.39997,0.5883
16.40997,0.5127
16.41998,0.1153
16.42998,-0.5882
16.43998,-1.2892
16.44998,-1.7773
16.45998,-2.054
16.46998,-2.034
16.47999,-2.1739
16.48999,-2.277
16.49999,-2.2781
16.50999,-2.242
16.51998,-2.2443
16.52996,-2.2988
16.53994,-2.3922
16.54992,-2.413
16.5599,-2.3531
16.56988,-2.2865
16.57986,-2.1584
16.58985,-2.0847
16.59983,-1.889
16.60981,-1.6662
16.61979,-1.2422
16.62977,-0.9567
16.63977,-0.7872
16.64979,-0.7465
16.65981,-0.7248
16.66983,-0.7204
16.67985,-0.7122
16.68987,-0.5901
16.69989,-0.3829
16.70992,-0.0448
16.71993,0.6225
16.72996,0.8325
16.73998,1.0708
16.75,1.237
16.76002,1.6996
16.76999,1.4424
16.77996,1.3586
16.78992,1.4429
16.79989,1.7517
16.80986,2.2505
16.81983,2.1364
16.8298,1.8417
16.83977,1.4288
16.84973,1.6115
16.8597,1.8602
16.86967,2.283
16.87964,2.7593
16.88962,3.1654
16.89962,3.1939
16.90962,3.0282
16.91962,2.7834
16.92962,2.5618
16.93962,2.5508
16.94962,2.5833
16.95962,2.4555
16.96962,2.2353
16.97962,2.011
16.98962,1.7828
16.99962,1.5544
17.00962,1.4009
17.01965,1.311
17.02968,1.3248
17.03971,1.3306
17.04974,1.293
17.05977,1.1665
17.0698,1.1789
17.07983,1.2007
17.08986,1.2112
17.09989,1.2835
17.10992,1.3099
17.11995,1.2786
17.12998,1.1449
17.14003,1.176
17.1501,1.1846
17.16017,1.1553
17.17024,1.2891
17.18031,1.4114
17.19038,1.5535
17.20045,1.714
17.21052,1.8963
17.22058,2.0053
17.23065,2.2028
17.24072,2.4712
17.25079,2.8744
17.26086,3.446
17.27086,4.0828
17.28086,4.7789
17.29086,5.6483
17.30086,6.3809
17.31085,6.9821
17.32085,7.4075
17.33085,7.6377
17.34085,8.0607
17.35085,8.0422
17.36085,7.8896
17.37085,8.099
17.38085,8.5888
17.39085,9.2755
17.40084,9.6462
17.41083,9.8388
17.42083,9.78
17.43082,9.6313
17.44081,9.3352
17.45081,8.8476
17.4608,8.3327
17.47079,7.5987
17.48079,6.7952
17.49078,6.1821
17.50077,5.5928
17.51077,4.9982
17.52077,4.3504
17.53077,3.6999
17.54078,3.1301
17.55078,2.6238
17.56078,2.1422
17.57078,1.7477
17.58078,1.5511
17.59078,1.4475
17.60078,1.2101
17.61078,1.2033
17.62078,1.1228
17.63078,1.0358
17.64082,1.068
17.65089,1.0868
17.66096,1.0353
17.67103,1.0196
17.6811,0.8973
17.69117,0.8805
17.70124,0.8848
17.71131,0.8783
17.72137,0.9231
17.73144,1.0342
17.74151,1.1566
17.75158,1.3336
17.76165,1.5144
17.77161,1.7207
17.78157,1.9005
17.79153,2.1251
17.80149,2.3557
17.81145,2.5307
17.82141,2.6909
17.83138,2.8712
17.84134,2.8714
17.8513,2.9673
17.86126,3.0768
17.87122,3.1921
17.88118,3.428
17.89114,3.422
17.9011,3.7298
17.91106,4.0919
17.92102,4.4155
17.93098,4.7564
17.94094,4.89
17.9509,4.839
17.96085,4.7546
17.97081,4.5264
17.98077,4.2706
17.99073,3.9448
18.00069,3.4359
18.01065,3.1724
18.02065,2.8857
18.03065,2.5459
18.04065,2.3356
18.05065,2.0716
18.06065,1.8269
18.07065,1.5551
18.08064,1.4662
18.09064,1.3271
18.10064,1.1342
18.11064,1.2204
18.12064,1.0999
18.13064,1.0495
18.1407,1.0041
18.15083,1.0167
18.16095,0.9802
18.17107,0.974
18.1812,0.9805
18.19132,1.0142
18.20144,1.0259
18.21157,1.1268
18.22169,1.1539
18.23182,1.2984
18.24194,1.4885
18.25206,1.693
18.26219,1.943
18.27214,2.132
18.28209,2.1737
18.29203,2.2616
18.30198,2.374
18.31192,2.5209
18.32187,2.7474
18.33182,3.0328
18.34176,3.3427
18.35171,3.7486
18.36166,4.2237
18.3716,4.5546
18.38155,4.4925
18.39151,4.2985
18.40148,4.2762
18.41145,4.3434
18.42142,4.2198
18.43139,4.2224
18.44135,4.2271
18.45132,4.2811
18.46129,4.2761
18.47126,4.1456
18.48123,4.1027
18.4912,3.9536
18.50117,3.7952
18.51114,3.5832
18.52117,3.276
18.53119,2.9308
18.54122,2.7219
18.55124,2.5883
18.56127,2.5124
18.5713,2.3657
18.58132,2.2296
18.59135,2.05
18.60138,1.9459
18.6114,1.7764
18.62143,1.873
18.63145,1.8635
18.64147,2.0217
18.65144,2.3278
18.6614,2.6092
18.67137,2.9663
18.68134,2.9315
18.6913,2.9428
18.70127,3.1785
18.71124,3.2444
18.7212,3.2856
18.73117,3.3484
18.74114,3.3541
18.7511,3.4312
18.76107,3.4877
18.7711,3.6942
18.78112,3.7979
18.79115,3.7756
18.80117,3.7271
18.81119,3.5724
18.82122,3.643
18.83124,3.9114
18.84126,4.1991
18.85129,4.4554
18.86131,4.7908
18.87134,5.1025
18.88136,5.8045
18.89137,6.1306
18.90137,5.721
18.91138,5.9765
18.92138,5.7899
18.93138,5.6377
18.94138,5.5527
18.95138,5.5707
18.96138,5.5644
18.97139,5.5453
18.98139,5.5175
18.99139,5.3227
19.00139,5.0689
19.01139,4.5576
19.02135,4.053
19.03131,3.6243
19.04126,3.2678
19.05122,2.9528
19.06117,2.7702
19.07113,2.6787
19.08109,2.6689
19.09104,2.6456
19.101,2.5765
19.11095,2.5089
19.12091,2.3456
19.13087,2.3264
19.14086,2.2137
19.15088,2.0805
19.16089,2.119
19.17091,2.1984
19.18093,2.2379
19.19094,2.2695
19.20096,2.2888
19.21098,2.22
19.22099,2.2266
19.23101,2.1074
19.24103,1.9299
19.25105,1.9278
19.26106,2.0577
19.27116,2.1767
19.28125,2.308
19.29134,2.4806
19.30144,2.6406
19.31153,2.8084
19.32162,2.972
19.33171,2.8641
19.3418,3.2588
19.35189,3.8538
19.36199,4.3699
19.37208,3.3874
19.38217,3.5686
19.39222,3.9756
19.40221,3.5544
19.41221,3.7661
19.42221,4.1535
19.43221,3.2806
19.44221,3.3455
19.4522,3.4917
19.4622,3.5818
19.4722,3.5753
19.4822,3.3693
19.4922,2.9999
19.50219,2.6205
19.51219,2.2786
19.52219,2.0155
19.53218,1.7151
19.54217,1.4861
19.55217,1.2885
19.56216,1.1379
19.57215,1.177
19.58215,1.3355
19.59214,1.5187
19.60214,1.6765
19.61213,1.7726
19.62212,2.0418
19.63212,2.2621
19.64212,2.553
19.65212,2.7067
19.66212,2.8804
19.67212,3.1052
19.68212,3.3208
19.69212,3.4065
19.70212,3.6095
19.71212,3.9106
19.72212,4.227
19.73212,4.222
19.74212,4.4668
19.75212,4.7145
19.76212,4.8289
19.77212,5.0065
19.78211,5.1488
19.79211,5.1266
19.80211,4.9605
19.81211,4.7484
19.8221,4.592
19.8321,4.4945
19.8421,4.4266
19.8521,4.343
19.86209,4.2391
19.87209,4.0216
19.88209,4.0946
19.89213,4.1588
19.9022,4.0258
19.91227,4.1362
19.92234,4.3026
19.93242,4.4242
19.94249,4.5994
19.95256,4.8801
19.96264,5.1565
19.97271,5.2526
19.98278,4.9913
19.99285,4.7839
20.00293,4.6035
20.013,4.3213
20.02294,4.1216
20.03287,3.951
20.0428,3.78
20.05273,3.6837
20.06267,3.6818
20.0726,3.6664
20.08253,3.808
20.09247,3.9763
20.1024,4.1878
20.11233,4.7424
20.12226,5.0204
20.1322,5.1938
20.14215,5.3114
20.15211,5.503
20.16208,5.553
20.17204,5.7314
20.182,5.9444
20.19197,6.0159
20.20193,6.1291
20.2119,6.161
20.22186,6.1207
20.23183,5.9345
20.24179,5.7385
20.25175,5.5093
20.26172,4.9534
20.27174,4.892
20.28175,4.8599
20.29177,4.8148
20.30178,4.604
20.3118,4.6238
20.32181,4.6091
20.33183,4.4946
20.34184,4.3553
20.35186,4.172
20.36187,3.9757
20.37189,3.8841
20.3819,3.5389
20.39195,3.2481
20.40203,3.2819
20.41211,3.2299
20.42219,3.07
20.43227,2.7909
20.44235,2.2081
20.45243,1.4939
20.46251,0.5028
20.47259,0.2717
20.48266,0.0323
20.49274,-0.1414
20.50282,-0.2211
20.5129,-0.2893
20.5229,-0.3588
20.53289,-0.4484
20.54289,-0.4984
20.55288,-0.5294
20.56287,-0.5308
20.57287,-0.522
20.58286,-0.4905
20.59285,-0.4985
20.60285,-0.5199
20.61284,-0.3935
20.62284,-0.4217
20.63283,-0.4961
20.64283,-0.5899
20.65283,-0.6445
20.66283,-0.5932
20.67283,-0.5064
20.68283,-0.4403
20.69283,-0.3701
20.70283,-0.3981
20.71283,-0.4529
20.72283,-0.4849
20.73283,-0.5755
20.74283,-0.6395
20.75282,-0.6891
20.76283,-0.6779
20.77283,-0.6726
20.78284,-0.5999
20.79285,-0.5457
20.80285,-0.4763
20.81286,-0.3807
20.82287,-0.3112
20.83287,-0.2389
20.84288,-0.1765
20.85289,-0.0865
20.86289,0
20.8729,0.0915
20.88291,0.2067
20.89289,0.1775
20.90284,0.2428
20.91278,0.23
20.92273,0.2461
20.93268,0.2435
20.94262,0.1855
20.95257,0.1515
20.96251,0.0783
20.97246,-0.0818
20.98241,-0.2255
20.99236,-0.3381
21.0023,-0.4333
21.01225,-0.5437
21.02229,-0.6842
21.03234,-0.8127
21.04239,-0.9158
21.05243,-0.9427
21.06248,-0.8443
21.07253,-0.749
21.08257,-0.6141
21.09262,-0.6185
21.10266,-0.5619
21.11271,-0.6112
21.12276,-0.5358
21.1328,-0.5033
21.14282,-0.5078
21.1528,-0.6235
21.16278,-0.5536
21.17277,-0.5669
21.18275,-0.3969
21.19273,-0.2466
21.20271,-0.1258
21.21269,-0.0102
21.22267,0.1393
21.23265,0.2666
21.24264,0.3453
21.25262,0.3233
21.2626,0.2955
21.27268,0.1036
21.28275,-0.3033
21.29282,-0.5474
21.3029,-0.75
21.31297,-0.7709
21.32304,-0.6858
21.33312,-0.5412
21.34319,-0.4187
21.35326,-0.5514
21.36334,-0.5796
21.37341,-0.5336
21.38348,-0.4355
21.39351,-0.3746
21.40348,-0.4847
21.41346,-0.729
21.42343,-1.0179
21.4334,-1.2742
21.44338,-1.4776
21.45335,-1.6582
21.46332,-1.8164
21.4733,-1.9587
21.48327,-1.9528
21.49324,-1.9298
21.50322,-1.904
21.51319,-1.979
21.52321,-1.9746
21.53323,-1.9942
21.54324,-2.0165
21.55326,-2.0198
21.56327,-1.9441
21.57329,-1.8311
21.58331,-1.7109
21.59332,-1.5984
21.60334,-1.5855
21.61336,-1.6231
21.62337,-1.6586
21.63339,-1.6035
21.64344,-1.5051
21.65352,-1.2856
21.6636,-1.0537
21.67369,-0.8072
21.68377,-0.6939
21.69385,-0.7518
21.70394,-0.898
21.71402,-1.1003
21.7241,-1.1724
21.73418,-1.1646
21.74427,-1.1923
21.75435,-1.1521
21.76443,-1.1057
21.77443,-1.0415
21.78442,-0.945
21.79442,-0.9444
21.80441,-0.9694
21.8144,-1.0261
21.8244,-1.1478
21.83439,-1.3267
21.84438,-1.5004
21.85438,-1.6428
21.86437,-1.7539
21.87436,-1.814
21.88435,-1.9009
21.89435,-2.0214
21.90433,-2.1459
21.91431,-2.2953
21.92429,-2.439
21.93427,-2.4818
21.94426,-2.5261
21.95424,-2.6037
21.96422,-2.6316
21.9742,-2.6168
21.98418,-2.4992
21.99416,-2.2896
22.00414,-1.8646
22.01412,-1.6216
22.02407,-1.4248
22.03401,-1.25
22.04396,-1.1232
22.0539,-0.9984
22.06385,-0.9027
22.07379,-0.728
22.08374,-0.5938
22.09368,-0.4565
22.10363,-0.3684
22.11357,-0.2961
22.12352,-0.2351
22.13346,-0.2359
22.14347,-0.2516
22.15354,-0.2755
22.1636,-0.271
22.17367,-0.2069
22.18374,-0.0814
22.1938,0.0991
22.20387,0.2669
22.21394,0.2984
22.224,0.2991
22.23407,0.054
22.24414,-0.0516
22.2542,-0.1292
22.26427,-0.274
22.27419,-0.2458
22.28412,-0.3666
22.29404,-0.5472
22.30396,-0.6512
22.31389,-0.6822
22.32381,-0.6986
22.33373,-0.6383
22.34365,-0.5617
22.35358,-0.5575
22.3635,-0.6396
22.37342,-0.7206
22.38335,-0.8673
22.39331,-1.0278
22.4033,-1.2332
22.41329,-1.5198
22.42329,-1.7879
22.43328,-1.9467
22.44327,-2.0078
22.45327,-1.8536
22.46326,-1.4772
22.47325,-1.2191
22.48325,-1.0995
22.49324,-0.9921
22.50323,-0.5691
22.51323,-0.3022
22.52327,-0.0562
22.53332,0.2759
22.54336,0.523
22.55341,0.7145
22.56345,0.9068
22.5735,1.0528
22.58354,1.2014
22.59359,1.3724
22.60363,1.5241
22.61368,1.6704
22.62372,1.7981
22.63377,1.9104
22.64381,2.0758
22.65384,2.2212
22.66387,2.3868
22.6739,2.8036
22.68393,3.1263
22.69396,3.6534
22.70399,3.8613
22.71402,4.2037
22.72405,4.3036
22.73408,4.3333
22.74411,4.463
22.75414,4.6523
22.76417,4.8114
22.77419,4.932
22.78418,5.0635
22.79417,5.154
22.80416,5.2696
22.81415,5.338
22.82415,5.3855
22.83414,5.4036
22.84413,5.4402
22.85412,5.3028
22.86411,5.3231
22.87411,5.3106
22.8841,5.6254
22.89409,5.5775
22.90409,5.8053
22.91409,5.8345
22.9241,5.8275
22.9341,5.7062
22.9441,5.7995
22.9541,5.7797
22.9641,5.8952
22.9741,6.2601
22.9841,5.4767
22.9941,5.3881
23.0041,5.3484
23.0141,5.2846
23.0241,5.2354
23.03409,5.2114
23.04408,5.2139
23.05408,5.2229
23.06407,5.165
23.07406,5.0826
23.08406,5.0586
23.09405,4.9958
23.10404,4.9518
23.11404,4.7724
23.12403,4.298
23.13402,4.1719
23.14402,3.9525
23.15402,3.8098
23.16402,3.7877
23.17402,3.6589
23.18402,3.5274
23.19402,3.2181
23.20402,2.8709
23.21402,2.6471
23.22401,2.5374
23.23401,2.5171
23.24401,2.531
23.25401,2.5574
23.26401,2.4689
23.27403,2.1616
23.28403,1.8651
23.29403,1.6331
23.30403,1.4507
23.31403,1.3873
23.32403,1.3782
23.33403,1.3847
23.34403,1.4405
23.35403,1.5235
23.36403,1.6077
23.37403,1.6632
23.38403,1.7134
23.39401,1.8093
23.40398,1.9543
23.41395,2.1143
23.42391,2.3467
23.43388,2.5268
23.44385,2.7135
23.45381,2.8417
23.46378,2.8896
23.47375,2.9557
23.48371,3.1005
23.49368,3.2344
23.50364,3.276
23.51361,3.2578
23.52368,3.2178
23.53375,3.226
23.54382,3.3737
23.55389,3.3834
23.56396,3.3803
23.57402,3.3959
23.58409,3.34
23.59416,3.3506
23.60423,3.4381
23.6143,3.5187
23.62436,3.6934
23.63443,3.8696
23.64448,4.0875
23.6545,4.3825
23.66452,4.6373
23.67454,4.8852
23.68456,5.1325
23.69459,5.3518
23.70461,5.55
23.71463,5.733
23.72465,5.9554
23.73467,6.3286
23.74469,6.8049
23.75471,7.1446
23.76474,7.4314
23.77474,7.6838
23.78473,7.8186
23.79473,8.0058
23.80473,8.1018
23.81472,8.1778
23.82472,8.2303
23.83471,8.2489
23.84471,8.2008
23.85471,8.1012
23.8647,7.8844
23.8747,7.5065
23.8847,6.9983
23.8947,6.3711
23.90471,5.4235
23.91472,4.7496
23.92473,4.4783
23.93475,4.446
23.94476,4.4556
23.95477,4.418
23.96478,4.38
23.97479,4.3406
23.9848,4.3344
23.99481,4.4383
24.00482,4.5425
24.01483,4.6051
24.02481,4.6509
24.03478,4.7185
24.04475,4.8272
24.05472,4.9333
24.06469,4.8187
24.07466,4.7495
24.08463,4.7069
24.0946,4.7045
24.10457,4.619
24.11454,4.5121
24.12451,4.3665
24.13448,4.2666
24.14448,4.215
24.15449,4.2092
24.16449,4.2905
24.1745,4.4089
24.18451,4.4495
24.19452,4.5744
24.20452,4.7135
24.21453,4.9353
24.22454,5.213
24.23455,5.4996
24.24455,6.0089
24.25456,6.407
24.26457,6.7277
24.27454,6.964
24.28452,7.0729
24.29449,7.1484
24.30447,7.1811
24.31444,7.1362
24.32442,6.9777
24.33439,6.7249
24.34436,6.3921
24.35434,6.0568
24.36431,5.7366
24.37428,5.514
24.38426,5.3233
24.39426,5.0934
24.40427,5.0423
24.41428,4.9311
24.42429,4.8399
24.4343,4.7377
24.44431,4.6793
24.45432,4.5435
24.46432,4.5729
24.47433,4.6408
24.48434,4.693
24.49435,4.8362
24.50436,4.9528
24.51437,5.031
24.52447,5.1292
24.53456,5.2388
24.54465,5.3922
24.55473,5.6802
24.56482,5.9762
24.57491,6.2754
24.585,6.4262
24.59509,6.8212
24.60518,7.2039
24.61527,7.5071
24.62536,7.776
24.63545,8.0926
24.64549,8.403
24.65548,8.5478
24.66548,8.6007
24.67547,8.5548
24.68546,8.449
24.69546,8.2734
24.70545,7.966
24.71544,7.5144
24.72544,6.9801
24.73543,6.385
24.74542,5.8907
24.75541,5.498
24.76541,5.0167
24.7754,4.5284
24.78536,4.2283
24.79533,3.9352
24.8053,3.734
24.81526,3.5604
24.82523,3.4721
24.83519,3.5361
24.84516,3.6646
24.85513,3.882
24.86509,4.2026
24.87506,4.3516
24.88503,4.2807
24.89502,4.402
24.90503,4.5066
24.91504,4.6024
24.92505,4.6682
24.93506,4.7537
24.94507,4.8795
24.95508,5.0857
24.96509,5.4529
24.9751,5.764
24.98511,6.4289
24.99512,6.7021
25.00513,7.0848
25.01515,7.344
25.02516,7.51
25.03518,7.604
25.04519,7.6905
25.0552,7.6717
25.06522,7.5819
25.07523,7.3781
25.08525,7.0596
25.09526,6.5574
25.10527,5.8162
25.11528,4.6188
25.1253,3.4616
25.13531,2.5651
25.14532,2.0819
25.15531,1.8434
25.16531,1.8157
25.1753,1.8414
25.1853,1.947
25.19529,1.9315
25.20529,1.8709
25.21528,1.8069
25.22528,1.8253
25.23527,1.6657
25.24526,1.8011
25.25526,1.6454
25.26525,0.9243
25.27524,1.0279
25.28523,1.2218
25.29521,1.3587
25.3052,1.7544
25.31519,1.9151
25.32517,2.0499
25.33516,2.1226
25.34515,1.9833
25.35513,1.3371
25.36512,0.3032
25.3751,0.1585
25.38509,0.1327
25.39508,0.399
25.40506,0.9562
25.41504,1.0802
25.42502,2.0748
25.435,2.4427
25.44498,2.5599
25.45497,2.506
25.46495,2.4901
25.47493,2.7915
25.48491,2.9206
25.49489,2.6556
25.50487,2.2767
25.51485,1.8353
25.52488,1.4002
25.5349,0.9509
25.54492,0.3788
25.55494,-0.1393
25.56496,-0.4073
25.57499,-0.4817
25.58501,-0.544
25.59503,-0.5141
25.60505,-0.5163
25.61507,-0.5022
25.6251,-0.4464
25.63512,-0.4221
25.64516,-0.363
25.65521,-0.1842
25.66526,-0.0169
25.67531,0.2901
25.68536,0.3563
25.69541,0.3925
25.70546,0.415
25.71551,0.3912
25.72556,0.3859
25.73561,0.3457
25.74566,0.2843
25.75571,0.294
25.76576,0.3024
25.77576,0.1899
25.78574,0.2486
25.79573,0.2666
25.80571,0.3771
25.8157,0.74
25.82568,1.4898
25.83567,2.0112
25.84565,2.3352
25.85564,2.6497
25.86562,2.8724
25.87561,3.0341
25.88559,3.0335
25.89561,2.9424
25.90565,2.7615
25.91569,2.5079
25.92572,2.2045
25.93576,1.862
25.9458,1.516
25.95584,0.9862
25.96587,0.3228
25.97591,-0.2619
25.98595,-0.5518
25.99599,-0.6407
26.00603,-0.6848
26.01606,-0.7278
26.02607,-0.6985
26.03606,-0.6688
26.04606,-0.6433
26.05606,-0.636
26.06606,-0.6428
26.07606,-0.6754
26.08605,-0.7487
26.09605,-0.7726
26.10605,-0.7231
26.11605,-0.5916
26.12604,-0.3484
26.13604,-0.0585
26.14604,0.2228
26.15603,0.4988
26.16603,0.7195
26.17602,0.8184
26.18601,0.8936
26.196,0.9804
26.206,1.2891
26.21599,1.2341
26.22598,1.7838
26.23598,1.8545
26.24597,1.3703
26.25596,1.145
26.26596,0.9487
26.27592,0.6536
26.28589,0.311
26.29585,0.4237
26.30581,0.2491
26.31578,0.0583
26.32574,-0.1955
26.33571,-0.5213
26.34567,-0.7978
26.35563,-0.9034
26.3656,-0.9784
26.37556,-1.0062
26.38552,-0.9694
26.39553,-0.906
26.40556,-0.8932
26.41559,-0.8754
26.42562,-0.8134
26.43565,-0.7959
26.44568,-0.7819
26.45571,-0.746
26.46574,-0.7834
26.47577,-0.8311
26.4858,-0.8654
26.49583,-0.8481
26.50587,-0.8628
26.5159,-0.7791
26.52616,-0.7432
26.53641,-0.7057
26.54667,-0.7662
26.55693,-0.7064
26.56719,-0.7524
26.57744,-0.7722
26.5877,-0.7919
26.59796,-0.813
26.60822,-0.8087
26.61847,-0.7835
26.62873,-0.7596
26.63899,-0.7242
26.64902,-0.5739
26.6588,-0.4632
26.66859,0.0183
26.67838,0.4799
26.68816,0.6744
26.69795,1.013
26.70774,1.2959
26.71752,1.1651
26.72731,1.2023
26.73709,0.7925
26.74688,1.3204
26.75666,1.7083
26.76645,1.7777
26.77656,1.5771
26.78666,1.2959
26.79675,0.8827
26.80684,0.243
26.81694,-0.3535
26.82703,-0.6097
26.83713,-0.778
26.84722,-0.8417
26.85732,-0.9026
26.86741,-0.9436
26.8775,-0.9824
26.8876,-0.9804
26.89762,-0.9564
26.90756,-0.9704
26.91751,-1.0266
26.92745,-0.9937
26.9374,-0.9269
26.94734,-0.8797
26.95728,-0.7632
26.96723,-0.6527
26.97717,-0.5512
26.98712,-0.4592
26.99706,-0.397
27.00701,-0.3472
27.01695,-0.3206
27.02693,-0.2963
27.0369,-0.1506
27.04687,0.0281
27.05684,0.0169
27.06682,0.1309
27.07679,0.302
27.08676,0.4943
27.09673,0.3358
27.1067,0.484
27.11667,0.6979
27.12665,0.7933
27.13662,0.6734
27.14661,0.6274
27.15661,0.334
27.16662,0.0871
27.17662,-0.1487
27.18662,-0.415
27.19663,-0.6409
27.20663,-0.7943
27.21664,-0.9398
27.22664,-1.0343
27.23665,-1.1173
27.24665,-1.2174
27.25666,-1.288
27.26666,-1.2876
27.27674,-1.2432
27.2868,-1.1998
27.29687,-0.9861
27.30694,-0.8281
27.317,-0.675
27.32707,-0.5984
27.33714,-0.6006
27.3472,-0.6392
27.35727,-0.7235
27.36734,-0.7162
27.37741,-0.6428
27.38747,-0.5682
27.39749,-0.5347
27.40746,-0.516
27.41744,-0.5397
27.42741,-0.6237
27.43738,-0.7728
27.44736,-0.8752
27.45733,-0.9069
27.4673,-0.8567
27.47727,-0.7561
27.48725,-0.7017
27.49722,-0.76
27.50719,-0.9054
27.51716,-0.9589
27.52708,-0.7954
27.537,-0.2589
27.54692,0.2279
27.55684,0.6555
27.56675,1.0443
27.57667,1.1271
27.58659,1.048
27.5965,1.1103
27.60642,1.1658
27.61634,1.1941
27.62626,1.2188
27.63617,1.0829
27.64616,0.8657
27.6562,0.5819
27.66625,0.2352
27.6763,-0.0919
27.68634,-0.3515
27.69639,-0.5936
27.70644,-0.7896
27.71648,-0.9016
27.72653,-0.9005
27.73658,-0.8312
27.74662,-0.7432
27.75667,-0.6654
27.76672,-0.5542
27.77675,-0.529
27.78677,-0.5398
27.7968,-0.5421
27.80682,-0.5324
27.81685,-0.5407
27.82687,-0.5518
27.8369,-0.6122
27.84692,-0.6985
27.85695,-0.7956
27.86698,-0.908
27.877,-0.9854
27.88703,-1.0289
27.89709,-0.9888
27.90718,-0.9342
27.91727,-0.8715
27.92736,-0.7186
27.93745,-1.0587
27.94754,-0.4149
27.95763,0.257
27.96772,0.6706
27.97781,0.7628
27.9879,0.373
27.99799,-0.0016
28.00809,-0.3327
28.01818,-0.8989
28.02814,-1.445
28.0381,-1.8228
28.04806,-2.0531
28.05802,-2.2238
28.06798,-2.2952
28.07794,-2.2854
28.0879,-2.2026
28.09786,-2.1061
28.10782,-2.059
28.11778,-2.0213
28.12774,-1.9265
28.1377,-1.8325
28.14767,-1.7347
28.15765,-1.6426
28.16762,-1.607
28.1776,-1.6314
28.18757,-1.6435
28.19755,-1.6358
28.20752,-1.6528
28.2175,-1.6326
28.22747,-1.5837
28.23745,-1.5306
28.24742,-1.4649
28.2574,-1.3845
28.26737,-1.2682
28.27745,-1.1256
28.28752,-0.9225
28.29759,-0.8541
28.30766,-0.8245
28.31773,-0.6608
28.3278,-0.3461
28.33788,-0.5389
28.34795,-0.1125
28.35802,-0.4183
28.36809,0.15
28.37816,-0.8823
28.38823,-0.531
28.39824,0.6158
28.40818,0.8884
28.41812,0.7942
28.42806,0.5737
28.438,0.3164
28.44794,0.076
28.45788,-0.1031
28.46782,-0.246
28.47776,-0.4259
28.4877,-0.6627
28.49763,-0.9457
28.50757,-1.1764
28.51751,-1.3777
28.52746,-1.5194
28.53741,-1.528
28.54735,-1.4806
28.55729,-1.3475
28.56724,-1.1796
28.57718,-0.9432
28.58713,-0.8298
28.59707,-0.7265
28.60702,-0.607
28.61696,-0.4837
28.6269,-0.2824
28.63685,-0.1437
28.64683,-0.0118
28.65685,0.1214
28.66686,0.1933
28.67687,0.2312
28.68689,0.3131
28.6969,0.3802
28.70691,0.4913
28.71693,0.607
28.72694,0.7487
28.73695,1.008
28.74697,1.5007
28.75698,1.9586
28.76699,2.2036
28.777,1.693
28.78701,0.4657
28.79702,1.46
28.80702,1.1583
28.81703,0.9757
28.82704,1.2065
28.83705,1.1404
28.84705,0.5945
28.85706,0.5636
28.86707,0.4126
28.87708,0.1643
28.88708,0.0993
28.89713,-0.0879
28.90721,-0.2795
28.91729,-0.3282
28.92737,-0.1684
28.93744,0.0204
28.94753,0.3096
28.9576,0.6737
28.96768,1.0417
28.97776,1.2844
28.98784,1.3671
28.99792,1.3355
29.008,1.2608
29.01808,1.1193
29.02806,0.9515
29.03804,0.8785
29.04802,0.8617
29.05799,0.8592
29.06797,0.8035
29.07795,0.8239
29.08792,0.8346
29.0979,0.8113
29.10788,0.781
29.11786,0.7885
29.12783,0.7943
29.13781,0.7495
29.14783,0.6761
29.15789,0.6082
29.16795,0.5207
29.17801,0.3953
29.18807,0.2437
29.19813,0.1084
29.20818,-0.0473
29.21824,-0.1766
29.2283,-0.263
29.23836,-0.3717
29.24842,-0.4841
29.25848,-0.5595
29.26854,-0.6085
29.2785,-0.6452
29.28847,-0.6931
29.29843,-0.7036
29.30839,-0.7206
29.31835,-0.7213
29.32831,-0.704
29.33828,-0.5872
29.34824,-0.5485
29.3582,-0.4812
29.36816,-0.4382
29.37812,-0.4063
29.38809,-0.4025
29.39807,-0.3781
29.40808,-0.385
29.41808,-0.3597
29.42809,-0.3421
29.4381,-0.3215
29.4481,-0.3457
29.45811,-0.3233
29.46811,-0.4413
29.47812,-0.408
29.48813,-0.3062
29.49813,-0.2757
29.50814,-0.3635
29.51814,-0.4967
29.52813,-0.5332
29.53811,-0.5522
29.54809,-0.4857
29.55807,-0.3606
29.56805,-0.2584
29.57804,-0.0818
29.58802,-0.0076
29.598,0.0175
29.60798,0.0204
29.61796,-0.0686
29.62794,-0.088
29.63792,-0.0214
29.6479,0.1021
29.65786,0.2579
29.66783,0.5127
29.6778,0.7316
29.68776,0.9263
29.69773,0.9593
29.70769,1.021
29.71766,0.9351
29.72762,0.8664
29.73759,0.8431
29.74756,0.8644
29.75752,0.9269
29.76749,0.9696
29.77761,0.951
29.78772,0.8744
29.79783,0.747
29.80794,0.6252
29.81804,0.5688
29.82815,0.6125
29.83826,0.7073
29.84836,0.8616
29.85847,1.0661
29.86858,1.227
29.87868,1.3202
29.88879,1.3684
29.89884,1.397
29.90884,1.3605
29.91883,1.3324
29.92883,1.3724
29.93882,1.4263
29.94882,1.5183
29.95881,1.6783
29.96881,1.8574
29.9788,2.0028
29.98879,2.147
29.99879,2.3142
30.00878,2.4418
30.01878,2.5522
30.02875,2.6641
30.03872,2.7907
30.04869,2.8975
30.05866,2.9751
30.06863,2.9992
30.0786,2.993
30.08858,2.9963
30.09855,3.0132
30.10852,2.9625
30.11849,2.8534
30.12846,2.6494
30.13843,2.3756
30.14843,1.5658
30.15845,-0.2702
30.16847,-0.0666
30.17849,-0.4091
30.18851,-0.6503
30.19853,-0.3347
30.20856,0.1002
30.21857,0.0166
30.2286,0.1216
30.23862,0.2326
30.24864,0.0078
30.25866,-0.5042
30.26868,-0.9494
30.27868,-1.2949
30.28867,-1.7295
30.29866,-2.1233
30.30866,-2.2755
30.31865,-2.4184
30.32865,-2.4464
30.33864,-2.3963
30.34863,-2.3447
30.35863,-2.2673
30.36862,-2.2087
30.37862,-2.1668
30.38861,-2.1189
30.39861,-2.0994
30.40862,-1.9495
30.41863,-1.7989
30.42864,-1.6866
30.43865,-1.6502
30.44866,-1.5627
30.45867,-1.4959
30.46868,-1.4566
30.47869,-1.4036
30.48869,-1.2799
30.4987,-1.1804
30.50871,-1.0553
30.51872,-1.0832
30.52871,-1.0866
30.53869,-1.0866
30.54868,-1.1071
30.55867,-1.1066
30.56865,-1.1066
30.57864,-1.1383
30.58862,-1.1066
30.59861,-1.0624
30.60859,-1.1235
30.61858,-1.1717
30.62857,-1.1886
30.63855,-1.1964
30.64854,-1.1535
30.65852,-1.1012
30.66849,-1.0804
30.67847,-1.0991
30.68844,-1.0773
30.69842,-1.058
30.7084,-0.9948
30.71837,-0.9536
30.72835,-0.9506
30.73832,-0.9941
30.7483,-1.0813
30.75827,-1.1208
30.76825,-0.9644
30.77829,-1.0016
30.78831,-0.9771
30.79834,-0.797
30.80836,-0.6565
30.81838,-0.4655
30.82841,0.2532
30.83843,0.3543
30.84846,-0.0598
30.85848,0.2687
30.8685,0.6158
30.87853,0.9353
30.88855,1.2026
30.89857,1.5199
30.90857,1.94
30.91857,2.3515
30.92857,2.7881
30.93857,3.4653
30.94857,3.5953
30.95857,3.7832
30.96857,4.0637
30.97857,4.2787
30.98857,4.5839
30.99857,4.9166
31.00857,5.2473
31.01857,5.5476
31.02856,5.6486
31.03856,5.6623
31.04856,5.6762
31.05856,5.6686
31.06856,5.5984
31.07855,5.4694
31.08855,5.1894
31.09855,4.7678
31.10855,4.3151
31.11855,3.9517
31.12854,3.6269
31.13854,3.3265
31.14858,2.9908
31.15865,2.5761
31.16872,2.0821
31.17879,1.5742
31.18886,1.0459
31.19893,0.5347
31.209,0.0537
31.21907,-0.2966
31.22914,-0.5525
31.23921,-0.6967
31.24928,-0.8137
31.25935,-0.9447
31.26941,-1.0545
31.27942,-1.1625
31.28942,-1.2599
31.29942,-1.3
31.30942,-1.327
31.31942,-1.2438
31.32942,-1.1785
31.33942,-1.1516
31.34942,-1.1692
31.35942,-1.1474
31.36942,-1.103
31.37943,-1.0114
31.38943,-0.9047
31.39942,-0.7974
31.40941,-0.7253
31.4194,-0.6678
31.42939,-0.5496
31.43937,-0.6209
31.44936,-0.7041
31.45935,-0.761
31.46934,-0.752
31.47933,-0.6912
31.48931,-0.6393
31.4993,-0.6003
31.50929,-0.5684
31.51928,-0.5994
31.52928,-0.7026
31.53929,-0.8421
31.5493,-0.9841
31.5593,-1.0996
31.56931,-1.1261
31.57931,-1.0961
31.58932,-1.0259
31.59932,-0.9708
31.60933,-0.9316
31.61934,-0.9355
31.62934,-0.9292
31.63935,-0.9179
31.64934,-0.9371
31.65931,-0.9397
31.66928,-0.922
31.67925,-0.8514
31.68922,-0.7599
31.69919,-0.6714
31.70916,-0.5399
31.71913,-0.4546
31.7291,-0.3449
31.73907,-0.1863
31.74904,-0.1252
31.75901,-0.0542
31.76899,-0.289
31.77902,-0.642
31.78905,-0.602
31.79907,-0.4308
31.8091,-0.1388
31.81913,0.1703
31.82915,-0.0566
31.83918,-0.1772
31.84921,-0.1605
31.85924,-0.1315
31.86926,-0.1301
31.87929,-0.0942
31.88932,0.0061
31.89934,0.0273
31.90933,-0.0582
31.91931,-0.2704
31.9293,-0.5583
31.93928,-0.8262
31.94927,-1.0097
31.95925,-1.1575
31.96924,-1.2651
31.97923,-1.3451
31.98921,-1.3722
31.9992,-1.3376
32.00918,-1.2624
32.01917,-1.2122
32.02916,-1.1768
32.03914,-1.1802
32.04913,-1.1549
32.05911,-1.1587
32.0691,-1.1155
32.07909,-1.0546
32.08907,-1.0217
32.09906,-0.9519
32.10904,-0.9344
32.11903,-0.9573
32.12901,-1.0245
32.139,-1.1325
32.14901,-1.2126
32.15901,-1.3017
32.16902,-1.375
32.17902,-1.4468
32.18902,-1.3764
32.19902,-1.3918
32.20903,-1.4231
32.21903,-1.4389
32.22903,-1.3623
32.23903,-1.2627
32.24903,-1.1773
32.25904,-1.1152
32.26904,-1.0943
32.27913,-1.1154
32.28923,-1.0899
32.29932,-1.0323
32.30941,-0.9714
32.3195,-0.9629
32.32959,-0.9475
32.33969,-0.909
32.34978,-0.8464
32.35987,-0.8038
32.36996,-0.7376
32.38005,-0.6809
32.39014,-0.833
32.40019,-0.4461
32.41019,-0.438
32.42018,-0.3758
32.43018,-0.2061
32.44017,0.0123
32.45016,0.2841
32.46016,0.3523
32.47016,0.3413
32.48015,0.3132
32.49015,0.2738
32.50014,0.2691
32.51014,0.2631
32.52013,0.2641
32.53011,0.264
32.54009,0.2814
32.55007,0.2761
32.56005,0.2582
32.57003,0.2564
32.58001,0.2454
32.58999,0.3397
32.59998,0.4275
32.60995,0.5007
32.61993,0.561
32.62992,0.5942
32.6399,0.6156
32.64991,0.6443
32.65993,0.6516
32.66997,0.6648
32.68,0.7094
32.69003,0.7407
32.70007,0.7528
32.7101,0.7901
32.72013,0.8545
32.73016,0.9152
32.74019,0.9717
32.75023,0.9961
32.76026,0.9719
32.77029,0.948
32.78026,0.7367
32.79021,0.8402
32.80017,1.0394
32.81012,1.2835
32.82007,1.4516
32.83002,1.4412
32.83998,1.4584
32.84993,1.5767
32.85988,1.8468
32.86983,2.1823
32.87979,2.4125
32.88974,2.5901
32.89974,2.7544
32.90977,2.9715
32.9198,3.2259
32.92983,3.4431
32.93986,3.6273
32.94989,3.6964
32.95992,3.6706
32.96995,3.5984
32.97998,3.5071
32.99001,3.4445
33.00005,3.3798
33.01007,3.3246
33.02011,3.1985
33.03011,2.9942
33.04011,2.7791
33.05011,2.5645
33.06012,2.3487
33.07012,2.18
33.08012,2.0184
33.09012,1.8838
33.10012,1.7363
33.11012,1.6125
33.12012,1.4392
33.13012,1.3306
33.14013,1.2516
33.15014,1.1772
33.16012,1.0839
33.1701,1.1097
33.18009,1.1151
33.19007,0.934
33.20005,0.8388
33.21004,0.7774
33.22002,0.8189
33.23001,0.9042
33.23999,0.8279
33.24998,0.7869
33.25996,0.6233
33.26994,0.5256
33.27994,0.5035
33.28994,0.4688
33.29993,0.5243
33.30993,0.5716
33.31993,0.6276
33.32992,0.6649
33.33992,0.7252
33.34991,0.7741
33.35991,0.8091
33.36991,0.8306
33.3799,0.8705
33.3899,0.9888
33.39994,1.1489
33.41002,1.3545
33.42009,1.5587
33.43017,1.8394
33.44025,2.1114
33.45032,2.4777
33.4604,2.8478
33.47047,3.2605
33.48055,3.7397
33.49063,4.3878
33.50071,5.1237
33.51078,5.572
33.52086,5.7743
33.53086,5.8721
33.54086,6.0097
33.55085,6.2083
33.56085,6.3652
33.57085,6.4254
33.58085,6.3783
33.59085,6.3373
33.60085,6.3466
33.61084,6.5206
33.62084,6.6995
33.63084,6.936
33.64084,7.0302
33.65083,6.9392
33.66079,6.6907
33.67076,6.6053
33.68073,6.5946
33.6907,6.5532
33.70067,6.5741
33.71064,6.515
33.72061,6.4179
33.73058,6.2044
33.74054,5.9589
33.75051,5.6207
33.76048,5.2259
33.77045,5.0366
33.78048,4.7772
33.79051,4.5087
33.80053,4.2915
33.81056,4.1994
33.82059,4.1852
33.83061,4.1844
33.84064,4.1363
33.85067,4.0601
33.86069,3.957
33.87072,3.8935
33.88074,3.8159
33.89077,3.7648
33.90078,3.7491
33.91078,3.7529
33.92078,3.7636
33.93077,3.7688
33.94077,3.7806
33.95076,3.7746
33.96076,3.757
33.97076,3.7089
33.98075,3.6675
33.99075,3.6135
34.00074,3.4511
34.01074,3.3582
34.02074,3.1894
34.03074,2.9546
34.04073,2.6674
34.05073,2.3642
34.06073,2.0174
34.07072,1.696
34.08072,1.3939
34.09071,1.172
34.10071,0.9083
34.11071,0.7053
34.1207,0.5661
34.1307,0.4405
34.1407,0.2649
34.1507,0.0222
34.16069,-0.1835
34.17068,-0.3794
34.18068,-0.509
34.19068,-0.5672
34.20067,-0.7126
34.21067,-0.7898
34.22066,-0.8742
34.23066,-0.8731
34.24065,-0.8128
34.25065,-0.7493
34.26064,-0.6787
34.27064,-0.578
34.28064,-0.4776
34.29064,-0.3239
34.30064,-0.1827
34.31063,-0.0025
34.32063,0.1213
34.33063,0.209
34.34063,0.3206
34.35062,0.4019
34.36062,0.4168
34.37062,0.3235
34.38062,0.2186
34.39062,0.1509
34.40061,0.1487
34.41061,0.1851
34.42061,0.1369
34.43061,0.0309
34.44061,-0.055
34.4506,-0.1418
34.4606,-0.1281
34.4706,0.0455
34.48059,0.1931
34.49059,0.2497
34.50059,0.2113
34.51059,0.1574
34.52059,0.1294
34.53067,0.1195
34.54074,0.1656
34.55082,0.1194
34.56089,-0.0391
34.57097,-0.1337
34.58104,-0.1476
34.59112,-0.1524
34.6012,-0.2204
34.61127,-0.2895
34.62135,-0.348
34.63142,-0.4506
34.64149,-0.4591
34.65154,-0.4174
34.66153,-0.355
34.67152,-0.2749
34.68151,-0.2169
34.69151,-0.1899
34.7015,-0.2262
34.7115,-0.282
34.72149,-0.3773
34.73148,-0.4967
34.74148,-0.6509
34.75147,-0.8202
34.76146,-0.9515
34.77146,-0.998
34.78146,-0.9401
34.79147,-0.8083
34.80147,-0.7379
34.81147,-0.7365
34.82147,-0.713
34.83147,-0.7346
34.84148,-0.7632
34.85148,-0.8021
34.86148,-0.7972
34.87149,-0.7749
34.88149,-0.7226
34.89149,-0.6798
34.9015,-0.6979
34.91149,-0.6926
34.92149,-0.8054
34.93148,-0.9109
34.94148,-1.0488
34.95147,-1.1657
34.96147,-1.2957
34.97146,-1.3222
34.98146,-1.3386
34.99145,-1.4084
35.00145,-1.4792
35.01144,-1.4915
35.02144,-1.4605
35.03143,-1.4313
35.04143,-1.4077
35.05143,-1.4249
35.06142,-1.4547
35.07142,-1.497
35.08142,-1.4925
35.09142,-1.4642
35.10141,-1.4563
35.11141,-1.4018
35.12141,-1.3882
35.1314,-1.3752
35.1414,-1.2093
35.15141,-1.0284
35.1614,-0.8642
35.17139,-0.3823
35.18139,-0.3437
35.19139,-0.2369
35.20138,-0.2752
35.21138,-0.456
35.22137,-0.7174
35.23137,-0.7244
35.24137,-0.6626
35.25136,-0.7061
35.26136,-0.735
35.27135,-0.9038
35.28135,-0.9617
35.29135,-0.9502
35.30135,-0.9072
35.31134,-0.9339
35.32134,-1.0858
35.33134,-1.2794
35.34134,-1.496
35.35133,-1.6557
35.36133,-1.773
35.37133,-1.8885
35.38132,-1.8912
35.39132,-1.8729
35.40132,-1.8663
35.41132,-1.7929
35.42131,-1.7232
35.43131,-1.6685
35.44131,-1.6123
35.45131,-1.5981
35.4613,-1.5698
35.4713,-1.455
35.4813,-1.3798
35.49129,-1.3338
35.50129,-1.2278
35.51129,-1.1982
35.52129,-1.1498
35.53136,-1.0879
35.54143,-1.0896
35.5515,-1.146
35.56157,-1.2064
35.57164,-1.1535
35.58171,-1.0947
35.59179,-1.1464
35.60186,-1.0278
35.61193,-1.0176
35.622,-1.0302
35.63207,-1.0223
35.64214,-1.0425
35.65216,-1.0425
35.66214,-1.0532
35.67211,-1.0471
35.68208,-1.0286
35.69205,-1.0062
35.70202,-0.9864
35.71199,-0.9742
35.72197,-0.9183
35.73194,-0.8226
35.74191,-0.7434
35.75188,-0.7191
35.76185,-0.712
35.77182,-0.6417
35.78193,-0.5319
35.79203,-0.4077
35.80214,-0.4394
35.81224,-0.4724
35.82234,-0.515
35.83244,-0.5824
35.84255,-0.7306
35.85265,-0.835
35.86275,-0.8272
35.87286,-0.6863
35.88296,-0.5659
35.89307,-0.3433
35.90306,-0.1435
35.91294,-0.0458
35.92282,-0.2257
35.93269,-0.8715
35.94257,-0.6941
35.95245,-0.5704
35.96233,-0.4241
35.97221,-0.3251
35.98208,-0.3024
35.99196,-0.7152
36.00184,-1.1389
36.01172,-1.0399
36.0216,-0.88
36.03163,-0.8454
36.04167,-0.9927
36.0517,-1.0988
36.06173,-1.2003
36.07177,-1.299
36.0818,-1.4191
36.09184,-1.5087
36.10187,-1.5805
36.11191,-1.6274
36.12194,-1.6618
36.13197,-1.688
36.14201,-1.6726
36.15201,-1.6429
36.16199,-1.5582
36.17196,-1.4684
36.18193,-1.3266
36.19191,-1.1734
36.20188,-1.03
36.21185,-0.9049
36.22183,-0.902
36.2318,-0.9601
36.24178,-1.0265
36.25175,-1.1462
36.26172,-1.2427
36.27169,-1.2835
36.28173,-1.3215
36.29175,-1.3366
36.30178,-1.3425
36.31181,-1.3421
36.32183,-1.3655
36.33186,-1.3472
36.34188,-1.3379
36.35191,-1.3047
36.36193,-1.2417
36.37196,-1.1271
36.38198,-0.9913
36.39201,-0.8782
36.40202,-0.7678
36.41202,-0.6186
36.42201,-0.4242
36.43201,-0.202
36.44201,-0.0211
36.452,-0.0885
36.46199,-0.044
36.47199,-0.0373
36.48198,-0.0587
36.49198,-0.2142
36.50198,-0.1669
36.51197,-0.1048
36.52197,-0.0037
36.53196,0.1913
36.54194,0.4185
36.55193,0.5953
36.56192,0.5659
36.5719,0.7495
36.58189,1.0869
36.59188,1.2993
36.60187,1.3244
36.61185,1.2885
36.62184,1.2247
36.63183,1.1311
36.64182,1.0487
36.65184,0.9676
36.6619,0.8706
36.67195,0.7362
36.68201,0.604
36.69206,0.4617
36.70212,0.3149
36.71218,0.1893
36.72223,0.0995
36.73229,0.0449
36.74234,-0.0068
36.7524,-0.0401
36.76245,-0.0344
36.77251,-0.0298
36.78253,-0.022
36.79256,-0.0269
36.80258,-0.0158
36.81261,-0.0346
36.82263,-0.0666
36.83266,0.0697
36.84268,0.1361
36.8527,0.2732
36.86273,0.3025
36.87275,0.3466
36.88278,0.3966
36.8928,0.4147
36.90282,0.4508
36.91282,0.5262
36.92282,0.633
36.93282,0.7601
36.94282,0.8913
36.95282,1.0334
36.96281,1.1707
36.97281,1.2847
36.98281,1.4228
36.99281,1.5974
37.00281,1.8296
37.01281,2.0635
37.02281,2.2329
37.03281,2.3492
37.04282,2.373
37.05283,2.4144
37.06283,2.486
37.07283,2.4822
37.08284,2.3845
37.09284,2.0328
37.10284,1.9012
37.11285,2.2079
37.12286,2.174
37.13286,2.1484
37.14286,2.0194
37.15287,1.8201
37.16286,1.7656
37.17286,1.8847
37.18285,2.0491
37.19284,2.1876
37.20284,2.1934
37.21283,2.141
37.22283,2.0129
37.23282,1.8234
37.24282,1.537
37.25281,1.2677
37.26281,1.0297
37.2728,0.7979
37.28279,0.56
37.29278,0.36
37.30277,0.1692
37.31276,0.0183
37.32275,-0.1628
37.33273,-0.3098
37.34272,-0.4274
37.35271,-0.4736
37.3627,-0.569
37.37269,-0.6514
37.38268,-0.6881
37.39267,-0.5617
37.40266,-0.3755
37.41267,-0.279
37.42267,-0.2636
37.43267,-0.2283
37.44268,-0.229
37.45268,-0.2313
37.46268,-0.2261
37.47269,-0.2026
37.48269,-0.1126
37.49269,0.0728
37.5027,0.2993
37.5127,0.4829
37.52271,0.6414
37.53271,0.8196
37.54271,1.0039
37.55272,1.2229
37.56272,1.4773
37.57272,1.8182
37.58272,2.1757
37.59272,2.5661
37.60273,2.9893
37.61273,3.9646
37.62273,4.271
37.63274,4.6119
37.64274,4.8584
37.65278,5.0162
37.66285,5.1959
37.67292,5.4656
37.68298,5.8149
37.69305,6.1377
37.70312,6.3609
37.71319,6.4696
37.72326,6.4232
37.73333,6.3163
37.7434,6.2357
37.75347,6.2212
37.76353,6.2443
37.77361,6.2886
37.78362,6.2223
37.79362,6.0462
37.80363,5.7161
37.81364,5.557
37.82365,5.6943
37.83366,5.7979
37.84367,5.6515
37.85368,5.5253
37.86368,5.3678
37.87369,5.2891
37.8837,5.2424
37.89371,5.0992
37.90371,4.9047
37.9137,4.761
37.9237,4.6585
37.93369,4.5217
37.94369,4.3738
37.95368,4.2215
37.96368,4.0597
37.97367,3.8202
37.98367,3.492
37.99366,3.167
38.00365,2.9456
38.01365,2.7512
38.02364,2.6685
38.03364,2.6735
38.04364,2.8604
38.05363,3.1192
38.06363,3.3042
38.07363,3.5762
38.08363,3.7982
38.09362,4.005
38.10362,4.1346
38.11361,4.3015
38.12361,4.4502
38.13361,4.5614
38.1436,4.698
38.1536,4.811
38.1636,4.8759
38.17359,4.9678
38.18359,5.1294
38.19358,5.2404
38.20358,5.3627
38.21357,5.4755
38.22356,5.5466
38.23356,5.6741
38.24355,5.889
38.25355,6.1143
38.26354,6.4158
38.27354,6.6509
38.28355,6.7939
38.29356,6.8641
38.30358,6.9503
38.31359,7.1741
38.32361,7.5042
38.33362,7.7986
38.34364,7.9889
38.35365,8.0477
38.36366,8.0573
38.37368,8.0123
38.38369,8.1179
38.3937,8.5624
38.40372,9.1491
38.41372,9.47
38.42371,9.5347
38.43371,9.2687
38.44371,8.8893
38.45371,8.4778
38.46371,8.0464
38.47371,7.5828
38.48371,7.059
38.49371,6.4157
38.5037,5.6516
38.5137,4.8813
38.5237,4.281
38.53375,3.8141
38.5438,3.4777
38.55384,3.204
38.56389,2.9101
38.57394,2.6675
38.58398,2.3785
38.59403,2.1979
38.60408,2.1067
38.61412,2.0883
38.62417,2.0898
38.63422,2.1106
38.64426,2.1655
38.65426,2.2314
38.66421,2.2695
38.67416,2.2576
38.68411,2.2446
38.69406,2.2557
38.70401,2.2867
38.71396,2.3135
38.72391,2.375
38.73386,2.428
38.74381,2.4711
38.75376,2.4812
38.76371,2.7828
38.77366,3.0923
38.78362,3.3267
38.79357,3.4253
38.80352,3.4214
38.81348,3.2697
38.82343,3.2767
38.83338,3.2631
38.84333,3.2996
38.85328,3.2824
38.86324,3.2518
38.87319,3.1975
38.88314,3.2346
38.89309,3.3445
38.90312,3.5598
38.91321,3.833
38.9233,4.1348
38.93339,4.5293
38.94348,4.9663
38.95358,5.297
38.96367,5.5396
38.97376,5.729
38.98385,5.9396
38.99394,6.1
39.00403,6.1027
39.01413,6.0045
39.02422,5.9484
39.03423,5.9686
39.04425,5.9886
39.05426,5.9196
39.06427,6.0836
39.07428,6.2725
39.0843,6.3147
39.09431,6.3154
39.10432,6.3421
39.11434,6.3576
39.12435,6.5064
39.13437,6.7636
39.14438,7.0535
39.15437,7.2995
39.16432,7.4859
39.17427,7.6345
39.18422,7.7505
39.19418,7.8216
39.20413,7.8592
39.21408,7.8789
39.22404,7.8769
39.23399,7.919
39.24394,7.9665
39.2539,7.9193
39.26385,7.7632
39.2738,7.5455
39.28386,7.3093
39.29388,7.0769
39.30391,6.8823
39.31394,6.711
39.32397,6.4655
39.334,6.2469
39.34403,6.0635
39.35406,5.8602
39.36409,5.7509
39.37412,5.6691
39.38415,5.638
39.39418,5.5842
39.40419,5.5122
39.41419,5.4541
39.42419,5.4763
39.43419,5.5329
39.44418,5.6388
39.45418,5.7031
39.46418,5.7982
39.47417,5.8006
39.48417,5.8862
39.49417,6.019
39.50417,6.156
39.51416,6.3019
39.52416,6.4825
39.53416,6.6815
39.54415,6.8513
39.55414,7.0307
39.56413,7.2736
39.57412,7.6957
39.58411,8.1281
39.5941,8.592
39.60409,8.9383
39.61408,9.0936
39.62407,9.2621
39.63406,9.5344
39.64405,9.7698
39.65405,9.6833
39.66405,10.0516
39.67405,10.4769
39.68405,10.7409
39.69405,10.7998
39.70405,10.6862
39.71405,10.3351
39.72406,9.9492
39.73406,9.7005
39.74406,9.5597
39.75406,9.4567
39.76406,9.1856
39.77406,9.0044
39.78407,9.0171
39.79406,9.0342
39.80406,8.9781
39.81406,8.9044
39.82406,8.8317
39.83406,8.7335
39.84406,8.5208
39.85406,8.2352
39.86406,8.0371
39.87405,7.848
39.88405,7.7486
39.89405,7.5544
39.90407,7.3792
39.91407,7.3235
39.92406,7.2434
39.93406,7.1137
39.94405,6.9543
39.95405,6.8303
39.96405,6.7289
39.97404,6.7063
39.98404,6.6606
39.99403,6.6198
40.00403,6.5866
40.01403,6.6748
40.02402,6.7626
40.0341,6.8814
40.04417,7.0266
40.05424,7.1111
40.0643,7.1434
40.07438,7.1002
40.08445,7.072
40.09452,7.1293
40.10459,7.2026
40.11466,7.2944
40.12473,7.3929
40.1348,7.5148
40.14487,7.6678
40.1549,7.8013
40.16488,7.9001
40.17486,8.0194
40.18484,8.2648
40.19482,8.6141
40.2048,9.0485
40.21478,9.6536
40.22476,10.3917
40.23474,11.0992
40.24472,11.6177
40.2547,12.0145
40.26468,12.5081
40.27466,12.9776
40.28466,13.4262
40.29465,14.1491
40.30464,14.7187
40.31463,15.1124
40.32462,15.614
40.33462,16.106
40.34461,16.7618
40.3546,17.1352
40.36459,17.5325
40.37458,17.8146
40.38457,17.9132
40.39457,17.9957
40.40458,18.0823
40.4146,18.2381
40.42463,18.3942
40.43465,18.4493
40.44467,18.4148
40.4547,18.3651
40.46472,18.2367
40.47474,17.9147
40.48477,17.4585
40.49479,17.0338
40.50481,16.6627
40.51484,16.2468
40.52486,15.9248
40.53482,15.8838
40.54479,15.9539
40.55475,15.9604
40.56471,15.7926
40.57468,15.4029
40.58464,14.7981
40.5946,14.1044
40.60457,13.331
40.61453,12.4666
40.6245,11.7069
40.63446,11.048
40.64442,10.1771
40.65441,9.3125
40.66441,8.2747
40.67441,7.3192
40.68441,6.6617
40.69441,6.0773
40.70441,5.568
40.71441,5.0452
40.72441,4.5967
40.73441,4.1801
40.74441,3.9061
40.75441,3.7182
40.76441,3.6283
40.77441,3.6543
40.7844,3.6786
40.7944,3.7428
40.8044,3.8211
40.8144,3.883
40.82439,3.9546
40.83439,3.9891
40.84439,4.0001
40.85439,4.0943
40.86438,4.2651
40.87438,4.4433
40.88438,4.6048
40.89437,4.7276
40.90438,4.8252
40.9144,4.8758
40.92442,4.8855
40.93444,4.8683
40.94445,4.8417
40.95447,4.8341
40.96449,4.8448
40.97451,4.8893
40.98452,4.8938
40.99454,4.9286
41.00456,5.0292
41.01458,5.1612
41.02459,5.3163
41.03458,5.4766
41.04457,5.5605
41.05455,5.6028
41.06453,5.6111
41.07452,5.8386
41.0845,5.969
41.09448,6.2169
41.10447,6.5625
41.11445,6.8989
41.12443,7.1538
41.13441,7.346
41.1444,7.4942
41.15445,7.6321
41.16454,7.8012
41.17463,7.9595
41.18473,8.0957
41.19482,8.201
41.20491,8.2531
41.215,8.2951
41.22509,8.3224
41.23518,8.3509
41.24527,8.3153
41.25536,8.2302
41.26546,8.047
41.27555,7.7746
41.28555,7.4446
41.29555,7.0546
41.30555,6.6288
41.31556,6.2157
41.32556,5.8269
41.33556,5.4411
41.34556,5.1107
41.35556,4.8715
41.36557,4.6882
41.37557,4.5806
41.38557,4.4925
41.39558,4.3395
41.40558,4.2402
41.41558,4.1834
41.42558,4.1405
41.43557,4.105
41.44556,4.1141
41.45556,4.1098
41.46556,4.1421
41.47555,4.1826
41.48555,4.2182
41.49554,4.2402
41.50554,4.3108
41.51553,4.3739
41.52553,4.421
41.53553,4.4714
41.54552,4.5704
41.55552,4.6657
41.56552,4.7496
41.57552,4.8439
41.58551,4.9619
41.59551,5.0893
41.60551,5.2356
41.61551,5.3625
41.62551,5.5582
41.63551,5.7408
41.6455,5.9085
41.6555,6.0711
41.6655,6.1697
41.6755,6.2917
41.68549,6.4168
41.69549,6.5152
41.70549,6.6229
41.71548,6.692
41.72548,6.7103
41.73548,6.6167
41.74547,6.5117
41.75547,6.4169
41.76546,6.3401
41.77546,6.2254
41.78543,6.0514
41.7954,5.869
41.80537,5.6867
41.81533,5.504
41.8253,5.3487
41.83527,5.2492
41.84524,5.1078
41.85521,4.836
41.86517,4.635
41.87514,4.4061
41.88511,4.2323
41.89508,4.1774
41.90506,4.1086
41.91504,4.0982
41.92503,4.0936
41.93501,4.075
41.945,4.0914
41.95498,4.155
41.96497,4.2091
41.97495,4.2036
41.98494,4.1489
41.99492,4.1332
42.00491,4.2298
42.01489,4.2623
42.02488,4.3669
42.0349,4.5295
42.04493,4.7502
42.05495,5.0141
42.06498,5.2908
42.075,5.5248
42.08502,5.7259
42.09505,5.9891
42.10507,6.151
42.11509,6.3271
42.12512,6.5908
42.13514,6.9684
42.14516,7.0834
42.1552,7.031
42.16521,6.9738
42.17522,7.1977
42.18523,7.6235
42.19525,8.2592
42.20526,8.4676
42.21527,8.6065
42.22528,8.7606
42.23529,8.9777
42.2453,9.4103
42.25531,9.6678
42.26533,9.8117
42.27534,9.8847
42.28543,9.8627
42.29552,9.6975
42.30562,9.2857
42.31571,8.6557
42.3258,7.8199
42.3359,7.0349
42.34599,6.2093
42.35608,5.3878
42.36617,4.6672
42.37626,4.1094
42.38636,3.5973
42.39645,3.268
42.40651,3.0557
42.41651,2.8744
42.42651,2.8242
42.43652,2.7867
42.44652,2.7157
42.45653,2.7018
42.46653,2.7203
42.47654,2.696
42.48654,2.6383
42.49654,2.5561
42.50655,2.489
42.51655,2.4236
42.52655,2.3579
42.53655,2.1486
42.54654,2.0685
42.55653,2.1192
42.56652,2.2233
42.57652,2.3646
42.58651,2.5175
42.5965,2.6637
42.60649,2.8293
42.61649,3.0918
42.62648,3.4665
42.63647,3.7811
42.64646,4.4104
42.65649,4.6424
42.66653,4.949
42.67658,5.2862
42.68662,6.3438
42.69667,7.1704
42.70671,6.7225
42.71676,6.4316
42.7268,7.1284
42.73685,7.0852
42.74689,7.3693
42.75694,7.3396
42.76698,7.0518
42.77703,6.9657
42.78696,6.7734
42.79688,6.5488
42.80681,6.3444
42.81674,6.2161
42.82667,6.1311
42.83659,5.8332
42.84652,5.4408
42.85645,5.0546
42.86637,4.7622
42.8763,4.4739
42.88623,4.121
42.89616,3.9255
42.90613,3.8562
42.91613,3.7904
42.92614,3.7195
42.93614,3.8007
42.94615,3.7071
42.95615,3.7716
42.96616,3.9202
42.97616,4.1254
42.98616,4.277
42.99617,4.5415
43.00617,4.7878
43.01617,4.9713
43.02618,5.1515
43.03617,5.3612
43.04616,5.6137
43.05615,5.8514
43.06614,6.1735
43.07613,6.4838
43.08612,6.7608
43.09611,6.9444
43.10609,7.0539
43.11609,7.1527
43.12608,7.3419
43.13606,7.6838
43.14605,8.3355
43.15605,9.2467
43.16604,9.9446
43.17604,10.1385
43.18604,10.607
43.19603,11.2714
43.20603,11.9985
43.21603,12.3969
43.22602,12.494
43.23602,13.6718
43.24601,13.7428
43.25601,13.3249
43.26601,12.6868
43.276,11.9093
43.28601,10.8897
43.29601,10.2707
43.306,10.0174
43.31601,9.5875
43.326,9.1695
43.336,8.9426
43.346,8.865
43.356,8.8451
43.366,8.8723
43.376,8.8527
43.38599,8.7767
43.39599,8.7766
43.40602,8.7869
43.41606,8.8197
43.4261,8.7748
43.43614,8.7415
43.44618,8.6445
43.45622,8.4575
43.46627,8.4507
43.47631,8.2962
43.48635,8.1482
43.49639,8.0578
43.50643,7.7485
43.51648,7.4553
43.52652,7.0717
43.53655,6.9258
43.54659,6.8211
43.55663,6.8959
43.56666,6.8774
43.57669,6.8514
43.58673,6.8474
43.59676,6.9442
43.6068,6.7908
43.61684,6.7657
43.62687,6.7716
43.63691,6.7999
43.64694,6.864
43.65696,6.9352
43.66696,7.0592
43.67696,7.3328
43.68695,7.6396
43.69695,7.8148
43.70695,7.8143
43.71695,7.7099
43.72695,7.6058
43.73695,7.6826
43.74694,7.9436
43.75694,8.2938
43.76694,8.6333
43.77694,8.8709
43.78695,8.9694
43.79694,9.0424
43.80695,9.2109
43.81694,9.501
43.82695,9.914
43.83694,10.3844
43.84694,10.8051
43.85695,10.9448
43.86694,10.8345
43.87695,10.5631
43.88694,10.1651
43.89694,9.6358
43.90693,9.2245
43.9169,8.8012
43.92688,8.3436
43.93685,7.9962
43.94682,7.6815
43.95679,7.472
43.96677,7.3397
43.97674,7.282
43.98671,7.2473
43.99669,7.1741
44.00666,7.0672
44.01663,6.9355
44.0266,6.7824
44.03663,6.6303
44.04665,6.574
44.05667,6.5133
44.06669,6.5243
44.07671,6.5748
44.08673,6.6334
44.09675,6.5532
44.10677,6.3148
44.11679,5.8117
44.12682,5.4599
44.13684,5.2671
44.14686,5.0863
44.15686,4.9034
44.16683,4.8243
44.1768,4.8317
44.18678,4.91
44.19675,4.9569
44.20672,4.9485
44.21669,4.8707
44.22667,4.7676
44.23664,4.6054
44.24661,4.5339
44.25658,4.5274
44.26656,4.6175
44.27653,4.6975
44.28655,4.747
44.29657,4.6387
44.30658,4.6905
44.3166,4.771
44.32661,4.7932
44.33663,4.837
44.34665,4.907
44.35666,4.9561
44.36668,4.9181
44.37669,4.8585
44.38671,4.8008
44.39672,4.738
44.40673,4.6018
44.41673,4.3426
44.42673,4.0639
44.43673,3.8927
44.44672,3.8462
44.45672,3.8576
44.46672,3.9029
44.47671,3.9739
44.48671,4.0232
44.4967,4.0765
44.5067,4.1044
44.5167,4.1068
44.5267,4.0876
44.53677,4.0753
44.54685,4.076
44.55692,4.1102
44.567,4.2713
44.57707,4.6284
44.58715,4.8034
44.59723,4.8867
44.6073,4.9578
44.61737,5.0346
44.62745,5.0886
44.63752,5.1163
44.6476,5.1105
44.65763,5.0236
44.66764,4.9007
44.67764,4.7426
44.68764,4.6264
44.69764,4.5528
44.70763,4.548
44.71764,4.5398
44.72763,4.5342
44.73763,4.6935
44.74763,4.6071
44.75763,4.509
44.76764,4.5216
44.77763,4.5882
44.7876,4.7386
44.79757,4.882
44.80753,5.0391
44.81749,5.1454
44.82746,5.2571
44.83742,5.4258
44.84739,5.6755
44.85735,5.9184
44.86731,6.1398
44.87727,6.2786
44.88724,6.6344
44.8972,7.2463
44.90719,7.7734
44.91719,8.313
44.92718,8.9071
44.93718,9.3374
44.94717,9.7455
44.95716,10.0786
44.96716,10.3232
44.97715,10.598
44.98715,10.8805
44.99714,11.3906
45.00714,11.5613
45.01713,12.2236
45.02713,12.3027
45.03723,12.502
45.04734,12.4716
45.05745,12.5394
45.06755,12.7275
45.07766,12.9492
45.08776,12.9344
45.09787,12.8035
45.10798,12.6082
45.11808,12.481
45.12819,12.2581
45.1383,11.8101
45.1484,11.1694
45.15845,10.4355
45.16842,9.7139
45.17839,8.9225
45.18837,8.3171
45.19834,7.7519
45.20831,7.4046
45.21829,7.138
45.22826,7.0369
45.23824,6.9229
45.24821,6.7327
45.25818,6.6353
45.26815,6.5872
45.27813,6.3943
45.28806,6.3547
45.29797,6.3732
45.3079,6.3245
45.31782,6.4688
45.32774,6.5005
45.33766,6.3202
45.34758,6.0037
45.3575,6.2362
45.36742,6.5689
45.37735,6.9108
45.38727,7.1819
45.39719,7.3924
45.40718,7.5593
45.4172,7.6613
45.42722,7.6655
45.43724,7.5119
45.44726,7.1895
45.45728,6.7391
45.4673,5.909
45.47731,6.0692
45.48733,6.3817
45.49735,6.6398
45.50737,6.6007
45.51739,6.997
45.52741,7.2744
45.53749,7.5109
45.54756,7.5325
45.55764,7.2169
45.56771,7.056
45.57779,6.977
45.58787,6.8909
45.59794,6.7462
45.60802,6.5231
45.61809,6.2857
45.62817,6.0843
45.63824,5.9231
45.64832,5.8557
45.65835,5.9103
45.66833,5.9524
45.67831,5.9474
45.68829,5.9053
45.69827,5.8438
45.70825,5.6834
45.71823,5.4824
45.72821,5.3206
45.73819,5.133
45.74817,5.2472
45.75815,5.1619
45.76813,5.1526
45.77811,5.1484
45.78813,5.1208
45.79813,5.0761
45.80814,5.1648
45.81815,5.2434
45.82815,5.4402
45.83816,5.7258
45.84816,6.0313
45.85817,6.4061
45.86818,6.7785
45.87818,7.1116
45.88819,7.3275
45.89819,7.3805
45.90819,7.4657
45.91816,7.4273
45.92813,7.7144
45.9381,8.1743
45.94807,8.8025
45.95805,9.1432
45.96802,8.6998
45.97799,8.7419
45.98796,8.7294
45.99793,8.1388
46.0079,7.8846
46.01787,8.2527
46.02784,7.7004
46.03785,7.6537
46.04783,7.2831
46.05782,6.9846
46.0678,6.7045
46.07779,6.4633
46.08778,6.2456
46.09776,6.0402
46.10775,5.8831
46.11773,5.8557
46.12772,5.7689
46.13771,5.6826
46.14769,5.6283
46.15771,5.5461
46.16775,5.3781
46.17779,5.4156
46.18783,5.407
46.19787,5.3888
46.20791,5.4003
46.21795,5.4022
46.22799,5.435
46.23803,5.4027
46.24807,5.46
46.25811,5.4993
46.26815,5.6029
46.27819,5.7185
46.28819,5.8058
46.29818,5.9697
46.30817,6.1929
46.31816,6.4219
46.32815,6.6433
46.33814,6.818
46.34813,7.1593
46.35812,7.3768
46.36811,7.164
46.3781,7.3073
46.38809,7.8318
46.39808,8.2072
46.40808,8.4562
46.41809,8.7972
46.42809,9.207
46.4381,8.892
46.4481,8.9497
46.4581,9.1471
46.46811,9.1516
46.47811,9.2388
46.48812,9.1603
46.49812,8.8316
46.50813,8.5642
46.51813,8.491
46.52813,8.4633
46.53821,8.3082
46.54828,8.0163
46.55835,7.6809
46.56842,7.4076
46.57849,7.1114
46.58856,6.8187
46.59863,6.6358
46.6087,6.5626
46.61877,6.4665
46.62885,6.3261
46.63892,6.0987
46.64899,5.9473
46.65902,5.7572
46.66903,5.5612
46.67902,5.3165
46.68902,5.2014
46.69902,5.0763
46.70902,4.8781
46.71902,4.7386
46.72902,4.6315
46.73902,4.3338
46.74902,4.1858
46.75902,4.1236
46.76902,4.1047
46.77901,3.8899
46.78901,3.7603
46.79901,3.6312
46.809,3.4353
46.819,3.3282
46.82899,3.3324
46.83899,3.4651
46.84898,3.5738
46.85898,3.6506
46.86898,3.6649
46.87897,3.5026
46.88897,3.4319
46.89896,3.2998
46.90899,3.0934
46.91902,3.2693
46.92905,3.1515
46.93909,3.1723
46.94912,3.3251
46.95915,3.4849
46.96919,3.6724
46.97922,3.4846
46.98926,3.2084
46.99929,3.1484
47.00932,2.8002
47.01936,2.5953
47.02939,2.6141
47.03934,2.6419
47.04928,2.5348
47.05922,2.2928
47.06916,1.9974
47.0791,1.7584
47.08904,1.5939
47.09898,1.449
47.10892,1.3229
47.11886,1.1398
47.1288,0.9391
47.13874,0.7944
47.14868,0.6607
47.15865,0.5422
47.16865,0.4365
47.17865,0.4062
47.18864,0.3607
47.19864,0.3335
47.20864,0.2324
47.21864,0.2152
47.22864,0.1707
47.23864,0.1571
47.24863,0.1052
47.25863,0.1104
47.26863,0.0607
47.27863,0.1068
47.28863,0.178
47.29862,0.2726
47.30862,0.4159
47.31861,0.5657
47.32861,0.6712
47.3386,0.6933
47.3486,0.96
47.3586,0.4487
47.36859,0.5952
47.37859,0.7594
47.38858,1.0114
47.39858,1.1545
47.40858,1.157
47.4186,1.2461
47.42861,1.4444
47.43862,1.1428
47.44863,1.1017
47.45864,1.5959
47.46865,1.7575
47.47867,1.7163
47.48868,1.8104
47.49869,1.5461
47.50871,1.4326
47.51871,1.4086
47.52873,1.3691
47.53873,1.2973
47.54873,1.2496
47.55872,1.1144
47.56872,0.9392
47.57872,0.7832
47.58871,0.6734
47.59871,0.6333
47.60871,0.6546
47.61871,0.681
47.62871,0.6601
47.63871,0.6365
47.6487,0.5458
47.65871,0.4539
47.6687,0.3656
47.67871,0.2365
47.68871,0.1473
47.69871,0.1456
47.70871,0.1276
47.71871,0.1277
47.72871,0.1353
47.73871,0.2205
47.74871,0.3436
47.75871,0.4317
47.76871,0.4639
47.77871,0.5292
47.78878,0.6982
47.79884,0.9707
47.8089,1.2213
47.81896,1.3634
47.82902,1.568
47.83908,1.6677
47.84914,1.816
47.8592,1.7665
47.86926,1.9266
47.87933,2.0937
47.88939,2.3866
47.89944,2.4907
47.90949,2.4482
47.91949,2.4486
47.92949,2.2943
47.93948,1.9169
47.94947,1.8421
47.95947,1.8038
47.96947,1.4773
47.97946,1.0197
47.98946,0.6941
47.99945,0.4575
48.00945,0.3217
48.01944,0.2088
48.02944,0.0129
48.03945,-0.266
48.04946,-0.3409
48.05947,-0.4653
48.06948,-0.6088
48.07949,-0.6628
48.0895,-0.7393
48.09951,-0.8959
48.10952,-0.987
48.11953,-1.1172
48.12954,-1.1729
48.13956,-1.2793
48.14957,-1.3453
48.15957,-1.3602
48.16955,-1.3545
48.17953,-1.3291
48.18952,-1.2753
48.1995,-1.2787
48.20948,-1.3328
48.21947,-1.3204
48.22945,-1.3404
48.23943,-1.3088
48.24941,-1.2701
48.2594,-1.2013
48.26938,-1.13
48.27936,-1.0994
48.28937,-1.1376
48.29938,-1.164
48.30939,-1.1352
48.31939,-1.0649
48.3294,-1.004
48.33941,-0.9232
48.34942,-1.0076
48.35943,-1.0358
48.36943,-0.9223
48.37944,-0.7736
48.38945,-0.8787
48.39946,-0.8149
48.40946,-0.5581
48.41945,-0.4366
48.42943,-0.2587
48.43942,-0.1083
48.44941,0.0394
48.45939,0.3542
48.46938,0.4886
48.47936,0.5866
48.48935,0.6185
48.49933,0.4601
48.50932,0.4004
48.5193,0.2907
48.52929,0.1475
48.5393,-0.0114
48.5493,-0.1379
48.55931,-0.3627
48.56931,-0.5134
48.57932,-0.6684
48.58932,-0.769
48.59933,-0.8757
48.60933,-0.8933
48.61934,-0.8872
48.62934,-0.8555
48.63935,-0.8332
48.64935,-0.8646
48.65936,-0.8693
48.66936,-0.9008
48.67935,-0.8647
48.68935,-0.8048
48.69935,-0.7411
48.70935,-0.6956
48.71935,-0.5821
48.72934,-0.5614
48.73934,-0.5153
48.74934,-0.4748
48.75934,-0.4354
48.76934,-0.4056
48.77934,-0.3698
48.78931,-0.3356
48.79928,-0.2838
48.80925,-0.2254
48.81922,-0.1815
48.82919,-0.1388
48.83916,-0.1264
48.84913,-0.1076
48.8591,-0.0557
48.86908,0.0109
48.87905,0.0854
48.88902,0.0571
48.89899,0.0514
48.90903,0.0463
48.91914,0.0581
48.92924,0.0807
48.93935,0.1021
48.94946,0.1032
48.95956,0.1234
48.96967,0.1626
48.97978,0.2369
48.98988,0.2966
48.99999,0.3544
49.01009,0.3864
49.0202,0.4269
49.03031,0.4776
49.0403,0.5179
49.0503,0.5219
49.06029,0.4774
49.07029,0.45
49.08028,0.4176
49.09028,0.5831
49.10027,0.753
49.11027,0.8152
49.12026,0.831
49.13026,0.7616
49.14025,0.6689
49.15025,0.5625
49.16024,0.3884
49.17024,0.1322
49.18023,-0.081
49.19023,-0.2476
49.20023,-0.3517
49.21022,-0.4813
49.22022,-0.6145
49.23021,-0.7283
49.24021,-0.8354
49.25021,-0.8891
49.2602,-0.9184
49.2702,-0.9793
49.28019,-1.0707
49.29025,-1.1353
49.3003,-1.1578
49.31034,-1.2075
49.32039,-1.388
49.33044,-1.5707
49.34049,-1.6694
49.35054,-1.6058
49.36059,-1.4911
49.37064,-1.3647
49.38069,-1.3004
49.39074,-1.2703
49.40078,-1.2467
49.4108,-1.3166
49.42077,-1.3466
49.43075,-1.2879
49.44072,-1.1308
49.4507,-0.9375
49.46067,-0.6907
49.47065,-0.5454
49.48062,-0.3422
49.4906,-0.2604
49.50057,0.0287
49.51054,0.4865
49.52052,0.9274
49.53049,1.2503
49.54052,1.6282
49.55053,1.887
49.56055,2.1817
49.57057,2.506
49.58059,2.7943
49.59061,2.9855
49.60063,3.1976
49.61065,3.462
49.62067,3.5268
49.63069,3.439
49.64071,3.2381
49.65073,2.9955
49.66074,2.7904
49.67068,2.6781
49.68063,2.5553
49.69057,2.405
49.70052,2.3065
49.71046,2.1041
49.72041,1.9072
49.73035,1.7195
49.7403,1.546
49.75024,1.433
49.76019,1.4057
49.77013,1.4204
49.78008,1.4328
49.79004,1.5441
49.80001,1.6872
49.80998,1.7886
49.81995,1.7871
49.82992,1.7469
49.83989,1.6908
49.84985,1.6194
49.85982,1.5621
49.86979,1.4711
49.87976,1.2593
49.88972,0.895
49.89969,0.492
49.90969,0.3119
49.91972,0.2827
49.92974,0.3324
49.93977,0.3808
49.94979,0.4581
49.95982,0.5521
49.96984,0.6923
49.97987,0.9497
49.98989,1.1344
49.99992,1.2187
50.00995,1.3497
50.01997,1.5564
50.03,1.9137
50.0401,2.4063
50.05018,2.9189
50.06026,3.1811
50.07034,3.2919
50.08042,3.4232
50.0905,3.6162
50.10057,3.7635
50.11065,3.8094
50.12073,3.8357
50.13081,3.8614
50.14088,3.7867
50.15096,3.6053
50.161,3.3506
50.171,3.0301
50.181,2.6433
50.19099,2.1964
50.20099,1.6754
50.21099,1.0877
50.22099,0.4733
50.23098,-0.126
50.24098,-0.5727
50.25098,-0.9046
50.26097,-1.1335
50.27097,-1.2787
50.28097,-1.3283
50.29096,-1.3494
50.30096,-1.3889
50.31095,-1.4553
50.32095,-1.486
50.33094,-1.4998
50.34093,-1.5156
50.35093,-1.4673
50.36092,-1.3699
50.37091,-1.3564
50.38091,-1.3271
50.3909,-1.3404
50.40089,-1.3124
50.41089,-1.2716
50.42088,-1.299
50.43087,-1.3477
50.44086,-1.3664
50.45085,-1.3066
50.46083,-1.2101
50.47083,-1.0785
50.48081,-0.9093
50.4908,-0.5661
50.50079,-0.0068
50.51078,0.4752
50.52077,-0.9041
50.53076,-1.3545
50.54084,-1.3186
50.55092,-0.9493
50.561,-0.798
50.57108,-0.7507
50.58116,-0.8011
50.59124,-0.5377
50.60132,-0.161
50.6114,0.0346
50.62148,0.3007
50.63157,0.346
50.64164,0.1552
50.65173,-0.1192
50.66177,-0.3299
50.67177,-0.3888
50.68177,-0.3533
50.69176,-0.3054
50.70176,-0.2593
50.71176,-0.2648
50.72176,-0.2978
50.73176,-0.3633
50.74176,-0.4194
50.75176,-0.3268
50.76176,-0.2989
50.77176,-0.2324
50.78176,-0.1851
50.79171,-0.2379
50.80166,-0.2223
50.81161,-0.2576
50.82156,-0.2671
50.8315,-0.1717
50.84145,-0.0314
50.8514,0.1204
50.86135,0.2103
50.8713,0.2237
50.88125,0.1893
50.8912,0.1099
50.90115,0.0109
50.9111,-0.0445
50.92107,0.0575
50.93105,0.3869
50.94101,0.7001
50.95098,1.0535
50.96096,0.9967
50.97093,1.116
50.9809,0.9211
50.99087,0.8776
51.00084,1.4078
51.01081,1.0437
51.02078,1.9642
51.03075,2.8528
51.04091,2.9973
51.05106,3.3348
51.06121,3.4545
51.07136,3.2459
51.08151,3.075
51.09166,2.9532
51.10181,2.8335
51.11196,2.7163
51.12211,2.5371
51.13226,2.2832
51.14241,1.9666
51.15257,1.6738
51.1626,1.4418
51.17253,1.3373
51.18245,1.2207
51.19238,1.1886
51.2023,1.168
51.21223,1.2262
51.22215,1.241
51.23208,1.1603
51.242,1.0922
51.25193,1.0782
51.26185,1.1264
51.27178,1.296
51.2817,1.5484
51.29171,1.8201
51.30171,2.0669
51.31171,2.2752
51.32171,2.44
51.33171,2.6177
51.34172,2.76
51.35172,2.9822
51.36172,3.2791
51.37172,3.3059
51.38172,3.5041
51.39172,4.7799
51.40173,4.6207
51.41174,5.3536
51.42177,6.41
51.4318,6.7003
51.44183,6.7609
51.45186,6.789
51.46189,6.6383
51.47192,6.3834
51.48195,5.9849
51.49199,5.6942
51.50201,5.4207
51.51204,5.0435
51.52208,4.5924
51.5321,4.19
51.54206,3.8082
51.55201,3.4893
51.56196,3.1995
51.57191,2.9636
51.58186,2.9169
51.59181,2.8795
51.60176,2.8413
51.61171,2.8332
51.62166,2.8249
51.63161,2.7587
51.64156,2.661
51.65151,2.5128
51.66147,2.4081
51.67145,2.6134
51.68142,2.8442
51.6914,3.0496
51.70137,3.1404
51.71135,2.9942
51.72132,2.7703
51.7313,2.6358
51.74127,2.5903
51.75125,2.6267
51.76122,2.7112
51.77119,2.8078
51.78117,2.903
51.79122,3.009
51.80126,3.1584
51.81131,3.3597
51.82135,3.5834
51.8314,3.9874
51.84145,4.1646
51.85149,4.3426
51.86153,4.6446
51.87158,4.679
51.88163,5.5125
51.89167,6.2102
51.90171,6.4692
51.91177,7.1545
51.92182,7.4937
51.93187,7.5346
51.94192,7.6604
51.95197,7.9037
51.96202,8.1179
51.97207,8.0469
51.98212,7.7447
51.99217,7.3984
52.00222,7.08
52.01227,6.7488
52.02232,6.3897
52.03237,6.0362
52.04234,5.8064
52.05232,5.6191
52.06229,5.4349
52.07227,5.2829
52.08225,5.1993
52.09222,5.0655
52.1022,4.9555
52.11218,4.8449
52.12215,4.8332
52.13213,4.79
52.14211,4.7311
52.15208,4.6494
52.16208,4.6231
52.17207,4.6174
52.18207,4.6261
52.19207,4.7929
52.20206,5.0288
52.21206,5.2822
52.22206,5.427
52.23206,5.4622
52.24205,5.4844
52.25205,5.5951
52.26205,5.7977
52.27205,6.0649
52.28204,6.3803
52.29204,6.7447
52.30204,6.8939
52.31203,7.0223
52.32202,7.5864
52.33202,8.0736
52.34201,8.5254
52.352,8.6494
52.362,9.0875
52.37199,9.5175
52.38198,9.8887
52.39198,10.341
52.40197,10.6256
52.41198,10.7596
52.42197,10.6629
52.43197,10.2806
52.44197,9.636
52.45196,8.765
52.46196,7.5979
52.47195,6.5532
52.48195,5.6399
52.49194,4.9277
52.50193,4.4029
52.51193,3.916
52.52192,3.5597
52.53192,3.2425
52.54195,2.8924
52.55198,2.3851
52.562,1.8891
52.57203,1.2435
52.58206,0.5696
52.59209,0.0994
52.60212,-0.1475
52.61214,-0.1814
52.62217,-0.2092
52.6322,-0.2079
52.64223,-0.2263
52.65226,-0.2536
52.66227,-0.4867
52.67227,-0.78
52.68227,-0.9835
52.69226,-1.0418
52.70226,-1.0216
52.71226,-0.9523
52.72226,-0.8397
52.73225,-0.6831
52.74225,-0.495
52.75225,-0.2812
52.76225,-0.1116
52.77224,-0.1025
52.78224,-0.1966
52.79223,0.7277
52.80222,0.8019
52.81221,1.1778
52.82219,2.0432
52.83218,2.0332
52.84216,1.9494
52.85215,1.8862
52.86214,1.8744
52.87212,1.8904
52.88211,1.8366
52.8921,1.6803
52.90208,1.4546
52.91207,1.1978
52.92205,0.9522
52.93203,0.6994
52.94201,0.3808
52.95198,0.0199
52.96196,-0.3235
52.97194,-0.647
52.98191,-0.9415
52.99189,-1.144
53.00187,-1.3434
53.01185,-1.4342
53.02182,-1.5138
53.0318,-1.5447
53.04183,-1.4552
53.05185,-1.4603
53.06187,-1.3815
53.07189,-1.3629
53.08191,-1.3433
53.09193,-1.2762
53.10196,-1.2194
53.11198,-1.1312
53.122,-0.9936
53.13202,-0.8581
53.14204,-0.8223
53.15206,-0.8274
53.16208,-0.8513
53.17208,-0.8732
53.18208,-0.804
53.19208,-0.6691
53.20208,-0.4892
53.21208,-0.357
53.22208,-0.2961
53.23208,0.2107
53.24208,1.1518
53.25208,0.8406
53.26208,0.3221
53.27208,-0.0046
53.28208,0.4494
53.29213,1.3669
53.30217,1.4264
53.31222,0.961
53.32227,0.3724
53.33231,-0.0539
53.34236,-0.2645
53.35241,-0.3822
53.36245,-0.4854
53.3725,-0.5893
53.38254,-0.695
53.39259,-0.771
53.40263,-0.8474
53.41268,-0.9348
53.4227,-1.0351
53.43273,-1.0343
53.44276,-0.8964
53.45279,-0.5627
53.46282,-0.2218
53.47285,-0.0503
53.48288,-0.009
53.4929,-0.0456
53.50293,-0.0918
53.51296,-0.0915
53.52299,-0.0702
53.53302,-0.0274
53.54301,0.0389
53.55301,0.1276
53.563,0.2325
53.573,0.3159
53.583,0.3967
53.59299,0.4689
53.60299,0.5387
53.61299,0.6354
53.62299,0.7435
53.63298,0.9192
53.64298,1.1045
53.65298,1.2159
53.66297,1.2923
53.67296,1.3491
53.68295,1.4877
53.69295,1.7735
53.70294,2.0363
53.71293,2.4532
53.72292,2.4677
53.73291,2.3994
53.7429,2.2871
53.7529,2.1763
53.76289,2.0611
53.77288,1.8246
53.78287,1.5794
53.79295,1.3607
53.80303,1.1886
53.81311,1.0071
53.82319,0.8122
53.83327,0.6528
53.84334,0.5668
53.85342,0.3927
53.8635,0.3165
53.87358,0.2352
53.88366,0.2295
53.89373,0.2764
53.90381,0.3119
53.91381,0.406
53.92373,0.5139
53.93365,0.5811
53.94358,0.6273
53.9535,0.6532
53.96342,0.7106
53.97334,0.7366
53.98326,0.7508
53.99318,0.7864
54.00311,0.8176
54.01303,0.8633
54.02295,0.9237
54.03287,0.9767
54.04287,1.0557
54.05287,1.141
54.06287,1.2247
54.07287,1.3063
54.08287,1.3805
54.09287,1.4559
54.10287,1.6156
54.11287,1.8232
54.12287,2.0962
54.13287,2.4154
54.14287,2.5444
54.15287,2.8067
54.16286,3.0209
54.17286,3.4955
54.18285,4.0561
54.19284,4.7098
54.20283,4.8172
54.21282,5.0339
54.22281,5.0815
54.2328,5.0816
54.24279,5.0426
54.25278,4.9891
54.26277,4.8664
54.27276,4.6707
54.28275,4.2643
54.2928,3.8569
54.30284,3.5297
54.31287,3.2463
54.32291,2.9945
54.33295,2.7762
54.34299,2.6018
54.35303,2.5032
54.36306,2.4767
54.3731,2.4182
54.38314,2.3689
54.39318,2.3244
54.40322,2.3182
54.41326,2.3141
54.4233,2.3135
54.43333,2.3192
54.44337,2.3589
54.4534,2.368
54.46344,2.3768
54.47348,2.3757
54.48351,2.4121
54.49355,2.4643
54.50358,2.6145
54.51362,2.8949
54.52365,3.2811
54.53369,3.5994
54.54369,3.8333
54.55368,3.9143
54.56368,3.8774
54.57368,3.8129
54.58367,3.7875
54.59367,3.8451
54.60366,3.9657
54.61366,4.1786
54.62365,4.5002
54.63365,4.7616
54.64365,4.8925
54.65364,4.916
54.66364,4.9764
54.67365,5.1489
54.68365,5.3749
54.69365,5.433
54.70365,5.5598
54.71365,5.7196
54.72365,5.8859
54.73365,6.0388
54.74366,6.2024
54.75365,6.2986
54.76366,6.322
54.77366,6.3372
54.78366,6.3038
54.79366,6.2339
54.80365,6.1184
54.81365,5.8488
54.82364,5.4943
54.83363,5.1303
54.84362,4.7548
54.85362,4.3933
54.86361,4.0367
54.8736,3.7792
54.88359,3.5835
54.89359,3.513
54.90358,3.4978
54.91358,3.499
54.92357,3.4988
54.93357,3.4791
54.94356,3.3903
54.95355,3.2385
54.96355,3.0576
54.97354,2.8874
54.98354,2.7499
54.99353,2.6261
55.00352,2.579
55.01352,2.5337
55.02351,2.4984
55.0335,2.475
55.04351,2.477
55.05351,2.4714
55.06351,2.4716
55.07351,2.4871
55.08352,2.5199
55.09352,2.5621
55.10352,2.6155
55.11353,2.6427
55.12353,2.6555
55.13353,2.6661
55.14353,2.7004
55.15353,2.7392
55.16354,2.7337
55.17353,2.7539
55.18353,2.7453
55.19353,2.7326
55.20353,2.7278
55.21352,2.8803
55.22352,3.1062
55.23352,3.2061
55.24352,3.1327
55.25351,3.0466
55.26351,2.9731
55.27351,2.9799
55.28351,3.1753
55.2935,3.3563
55.30348,3.4962
55.31347,3.6826
55.32345,3.8343
55.33343,3.857
55.34342,3.7618
55.3534,3.7159
55.36338,3.9132
55.37337,4.0979
55.38335,4.3061
55.39334,4.5529
55.40332,4.6985
55.41335,4.6944
55.42341,4.6689
55.43347,4.6842
55.44353,4.7673
55.45359,4.921
55.46365,5.091
55.47371,5.2926
55.48376,5.5101
55.49382,5.7498
55.50388,5.9972
55.51394,6.2514
55.524,6.639
55.53406,6.8835
55.5441,7.24
55.55413,7.5356
55.56416,7.7074
55.57419,7.9567
55.58422,8.1329
55.59426,7.9943
55.60429,7.864
55.61432,7.7346
55.62435,7.5731
55.63438,7.426
55.64441,7.2901
55.65445,7.0587
55.66446,6.8677
55.67445,6.6953
55.68445,6.4719
55.69444,6.2549
55.70443,6.1256
55.71443,6.0399
55.72442,5.9872
55.73441,5.9091
55.74441,5.8795
55.7544,5.8843
55.76439,5.9243
55.77438,5.9674
55.78438,5.9847
55.79435,5.9403
55.80431,5.9305
55.81428,5.8068
55.82425,5.737
55.83421,5.6871
55.84418,5.7319
55.85415,5.7646
55.86412,5.7021
55.87408,5.6999
55.88405,5.71
55.89402,5.7545
55.90398,5.6533
55.91396,5.5957
55.92395,5.387
55.93394,5.391
55.94393,5.3868
55.95392,5.3969
55.96391,5.4663
55.9739,5.5885
55.98389,5.722
55.99389,5.8981
56.00388,6.0745
56.01387,6.2429
56.02386,6.3336
56.03385,6.3366
56.04386,6.416
56.05386,6.4801
56.06386,6.6027
56.07386,6.6383
56.08385,7.0625
56.09386,7.6796
56.10386,8.1264
56.11386,8.6883
56.12386,8.8491
56.13385,9.2008
56.14386,9.7121
56.15385,10.5489
56.16385,11.0544
56.17383,11.1442
56.18381,10.9732
56.19379,10.6881
56.20378,10.2491
56.21376,9.7378
56.22374,9.1664
56.23373,8.5573
56.24371,7.926
56.25369,7.2398
56.26368,6.6433
56.27366,6.0828
56.28364,5.643
56.29365,5.2753
56.30366,5.0543
56.31366,5.0192
56.32367,5.0656
56.33368,5.1411
56.34368,5.1535
56.35369,5.2209
56.36369,5.2138
56.3737,5.2221
56.38371,5.193
56.39371,5.2115
56.40372,5.2034
56.41374,5.2866
56.42376,5.3771
56.43379,5.4243
56.44382,5.4562
56.45384,5.5002
56.46387,5.5375
56.4739,5.5011
56.48392,5.5143
56.49395,5.5621
56.50397,5.6984
56.514,5.7342
56.52403,5.8957
56.53405,6.3441
56.54413,6.7604
56.55421,6.9584
56.56429,7.0017
56.57436,7.0017
56.58443,7.0978
56.59451,7.1531
56.60458,7.2492
56.61466,7.327
56.62474,7.2667
56.63481,7.1048
56.64489,6.8268
56.65496,6.4902
56.665,6.1584
56.675,5.8399
56.68501,5.5317
56.69501,5.2322
56.70501,4.939
56.71501,4.7329
56.72502,4.6156
56.73502,4.5685
56.74502,4.5719
56.75502,4.5241
56.76503,4.4993
56.77503,4.5006
56.78503,4.5024
56.79501,4.539
56.80499,4.6537
56.81497,4.7074
56.82494,4.7484
56.83492,4.8482
56.8449,4.9408
56.85487,5.0491
56.86485,5.1777
56.87483,5.3329
56.88481,5.5165
56.89478,5.6281
56.90476,5.6984
56.91474,5.6369
56.92472,5.7265
56.9347,5.7762
56.94468,5.7292
56.95466,5.7052
56.96464,5.8644
56.97462,6.1119
56.9846,6.1818
56.99458,6.1877
57.00456,6.0842
57.01455,5.9595
57.02452,5.86
57.0345,5.7526
57.04452,5.6054
57.05453,5.4914
57.06454,5.392
57.07455,5.2636
57.08457,5.0665
57.09458,4.9602
57.10459,4.8121
57.1146,4.7824
57.12462,4.7394
57.13463,4.6974
57.14464,4.7029
57.15466,4.7676
57.16468,4.7963
57.1747,4.8143
57.18471,4.8406
57.19473,4.8779
57.20474,4.9687
57.21475,5.0378
57.22477,5.0464
57.23478,5.0213
57.2448,4.9478
57.25481,4.8768
57.26482,4.8815
57.27484,4.9013
57.28485,4.9814
57.29485,5.0769
57.30485,5.2016
57.31485,5.3248
57.32484,5.4621
57.33484,5.6238
57.34483,5.7986
57.35483,6.0596
57.36482,6.2789
57.37482,6.5355
57.38482,6.7038
57.39481,6.7081
57.40481,6.9398
57.41479,7.0747
57.42477,7.204
57.43475,7.1717
57.44472,6.8315
57.4547,6.7219
57.46467,6.9037
57.47465,6.6159
57.48462,6.4411
57.49459,6.1424
57.50457,5.7953
57.51455,5.3934
57.52452,4.97
57.5345,4.6301
57.54449,4.3979
57.55448,4.2436
57.56447,4.1464
57.57446,4.0715
57.58446,4.0196
57.59445,3.8635
57.60444,3.774
57.61443,3.6226
57.62442,3.5066
57.63441,3.351
57.64441,3.2029
57.6544,3.1102
57.66446,3.0032
57.67457,2.986
57.68467,2.9681
57.69477,2.8987
57.70487,2.8645
57.71497,2.8725
57.72508,2.8757
57.73518,2.8941
57.74528,2.931
57.75538,2.9895
57.76549,3.1269
57.77559,3.1919
57.78569,3.1752
57.79569,3.1367
57.80569,3.2236
57.81569,3.0993
57.82569,3.2006
57.83569,3.2246
57.84568,2.9345
57.85568,2.6704
57.86568,2.8541
57.87568,2.8721
57.88568,2.7086
57.89568,1.993
57.90567,1.8378
57.91567,1.6884
57.92566,1.5628
57.93565,1.5023
57.94564,1.422
57.95562,1.2191
57.96561,0.9946
57.9756,0.8283
57.98559,0.7486
57.99558,0.7967
58.00557,1.2429
58.01556,1.635
58.02555,1.9508
58.03553,2.1281
58.04553,2.144
58.05553,2.1178
58.06553,2.0697
58.07552,2.0251
58.08552,2.0109
58.09552,2.0105
58.10551,1.991
58.11551,1.968
58.1255,1.948
58.1355,1.9104
58.1455,1.912
58.15549,1.9658
58.1655,2.0584
58.1755,2.1594
58.1855,2.2604
58.19551,2.3556
58.20551,2.4258
58.21552,2.4522
58.22552,2.4579
58.23553,2.4442
58.24553,2.4305
58.25554,2.4461
58.26554,2.5998
58.27554,2.5396
58.28555,2.3599
58.29555,2.1903
58.30554,2.0289
58.31553,1.8038
58.32553,1.5595
58.33552,1.3841
58.34551,1.2537
58.3555,1.0988
58.3655,0.8462
58.37549,0.5758
58.38548,0.2434
58.39548,-0.1043
58.40547,-0.4811
58.41547,-0.7017
58.42548,-0.9446
58.43549,-1.0436
58.4455,-1.0528
58.4555,-1.1269
58.46551,-1.2211
58.47552,-1.3152
58.48552,-1.3721
58.49553,-1.4018
58.50554,-1.3978
58.51554,-1.4404
58.52555,-1.4676
58.53556,-1.4048
58.54555,-1.3687
58.55555,-1.2345
58.56554,-1.0423
58.57553,-0.8404
58.58553,-0.6826
58.59552,-0.5329
58.60551,-0.383
58.61551,-0.2603
58.6255,-0.1279
58.6355,0.007
58.64549,0.1867
58.65548,0.0042
58.6655,0.333
58.67555,0.2447
58.68559,0.3823
58.69564,0.5371
58.70568,0.813
58.71573,1.1218
58.72577,1.2823
58.73582,1.16
58.74586,1.173
58.75591,1.0423
58.76595,0.9263
58.776,0.7101
58.78604,0.503
58.79605,0.3888
58.80605,0.2504
58.81605,0.1063
58.82605,-0.1154
58.83604,-0.409
58.84605,-0.6648
58.85604,-0.7439
58.86604,-0.7874
58.87604,-0.8748
58.88604,-0.9788
58.89604,-1.0215
58.90604,-1.1
58.91605,-1.195
58.92603,-1.3492
58.93602,-1.2491
58.946,-1.2146
58.95599,-1.1269
58.96597,-1.0975
58.97595,-1.0551
58.98594,-0.9764
58.99592,-0.9259
59.00591,-1.0199
59.01589,-1.1314
59.02588,-1.2673
59.03586,-1.3512
59.04596,-1.3311
59.05605,-1.2754
59.06614,-1.0035
59.07624,-0.9918
59.08633,-0.8396
59.09642,-0.5848
59.10652,-0.4378
59.11661,-0.1989
59.1267,-0.6479
59.1368,-0.2969
59.14689,-0.1935
59.15698,0.0771
59.16699,0.4847
59.1769,0.7559
59.18681,1.1588
59.19672,1.364
59.20664,1.3721
59.21655,1.2852
59.22646,0.9627
59.23637,0.4977
59.24628,0.1983
59.2562,-0.0085
59.26611,-0.2654
59.27602,-0.5518
59.28593,-0.846
59.29594,-1.0882
59.30594,-1.289
59.31594,-1.4618
59.32594,-1.5381
59.33595,-1.5525
59.34594,-1.5271
59.35595,-1.432
59.36594,-1.384
59.37595,-1.3584
59.38594,-1.4021
59.39595,-1.4924
59.40594,-1.5678
59.41599,-1.6012
59.42609,-1.6328
59.43618,-1.665
59.44628,-1.6386
59.45638,-1.646
59.46648,-1.6636
59.47657,-1.7219
59.48667,-1.7695
59.49677,-1.7774
59.50686,-1.7138
59.51696,-1.6685
59.52705,-1.6743
59.53715,-1.6793
59.54714,-1.6916
59.55712,-1.6928
59.56711,-1.741
59.5771,-1.8461
59.58708,-1.8827
59.59706,-1.8432
59.60705,-1.7701
59.61704,-1.658
59.62703,-1.5578
59.63701,-1.52
59.647,-1.5452
59.65698,-1.6393
59.66694,-1.7362
59.67684,-1.8004
59.68674,-1.793
59.69663,-1.7383
59.70653,-1.6234
59.71643,-1.5217
59.72633,-1.4691
59.73623,-1.4518
59.74612,-1.4651
59.75602,-1.4734
59.76592,-1.4548
59.77582,-1.4062
59.78572,-1.2564
59.79582,-1.2289
59.80592,-1.1362
59.81602,-0.9693
59.82611,-0.7724
59.83621,-0.8947
59.84631,-0.8278
59.85641,-0.976
59.86651,-0.9058
59.87661,-0.9159
59.8867,-0.7614
59.8968,-0.6308
59.9069,-0.4748
59.91697,-0.4318
59.92701,-0.4563
59.93706,-0.5716
59.9471,-0.7594
59.95714,-0.9912
59.96718,-1.205
59.97723,-1.2671
59.98727,-1.266
59.99731,-1.3507
60.00735,-1.4979
60.0174,-1.5947
60.02744,-1.6206
60.03748,-1.6
60.04745,-1.5511
60.05743,-1.4883
60.0674,-1.4604
60.07737,-1.4416
60.08734,-1.4055
60.09731,-1.3211
60.10728,-1.239
60.11725,-1.1371
60.12722,-1.0175
60.1372,-0.9021
60.14717,-0.8323
60.15714,-0.8372
60.16712,-0.8037
60.17711,-0.7406
60.18711,-0.6184
60.1971,-0.4479
60.2071,-0.3213
60.21709,0.0549
60.22709,-0.1006
60.23708,0.3209
60.24707,0.1318
60.25707,0.3549
60.26706,0.4936
60.27706,0.8523
60.28705,0.3603
60.29704,0.4691
60.30703,0.6236
60.31702,0.9447
60.32701,1.0031
60.337,0.9465
60.34699,0.7099
60.35698,0.296
60.36697,-0.1943
60.37696,-0.4764
60.38695,-0.6577
60.39694,-0.8488
60.40693,-0.9925
60.41695,-1.0461
60.427,-1.0108
60.43704,-0.9669
60.44709,-0.9441
60.45713,-0.9893
60.46718,-0.9598
60.47723,-0.9776
60.48727,-0.9711
60.49731,-0.9441
60.50736,-0.9454
60.51741,-0.9709
60.52745,-1.0213
60.5375,-1.0834
60.54748,-1.1195
60.55745,-1.1346
60.56742,-1.0839
60.57739,-1.0888
60.58736,-1.0438
60.59733,-0.9901
60.6073,-0.9372
60.61728,-0.9016
60.62725,-0.9175
60.63721,-0.9557
60.64719,-0.9662
60.65716,-0.9341
60.66714,-0.8189
60.67712,-0.6195
60.6871,-0.3378
60.69708,-0.0126
60.70707,0.3199
60.71705,0.5564
60.72703,0.6932
60.73701,1.0358
60.74699,0.6179
60.75697,0.2085
60.76696,0.1212
60.77694,0.0528
60.78692,-0.2037
60.7969,-0.3358
60.80687,-0.3739
60.81685,-0.4338
60.82683,-0.4921
60.83681,-0.5788
60.84679,-0.7615
60.85677,-0.9694
60.86675,-1.1108
60.87673,-1.1489
60.88671,-1.1352
60.89669,-1.0202
60.90667,-0.8051
60.9167,-0.5063
60.92678,-0.2151
60.93687,0.0015
60.94695,0.123
60.95704,0.1915
60.96712,0.2035
60.9772,0.2018
60.98728,0.1857
60.99736,0.173
61.00745,0.1607
61.01753,0.1412
61.02761,0.0808
61.0377,-0.0511
61.04769,-0.251
61.05768,-0.474
61.06767,-0.5694
61.07766,-0.5814
61.08764,-0.57
61.09763,-0.5471
61.10762,-0.5282
61.11761,-0.5157
61.1276,-0.5116
61.13759,-0.6014
61.14758,-0.7623
61.15757,-0.9777
61.16756,-1.0813
61.17754,-1.1595
61.18753,-1.3785
61.19752,-1.4253
61.2075,-1.3539
61.21749,-1.4681
61.22747,-1.6399
61.23746,-1.7508
61.24745,-1.7702
61.25743,-1.7317
61.26742,-1.7219
61.2774,-1.78
61.28739,-1.8073
61.29741,-1.8003
61.30743,-1.725
61.31744,-1.6968
61.32746,-1.7002
61.33748,-1.6726
61.3475,-1.642
61.35751,-1.6206
61.36753,-1.6224
61.37755,-1.6764
61.38757,-1.6942
61.39759,-1.6679
61.4076,-1.6629
61.41761,-1.6141
61.4276,-1.5052
61.4376,-1.5833
61.44759,-1.6552
61.45758,-1.6083
61.46758,-1.3736
61.47757,-1.348
61.48756,-1.4447
61.49756,-1.3704
61.50755,-1.2263
61.51754,-1.2237
61.52753,-1.0646
61.53753,-1.007
61.5475,-0.8964
61.55746,-0.9328
61.56743,-0.9834
61.57739,-1.0087
61.58736,-1.0212
61.59732,-0.9996
61.60729,-0.8945
61.61725,-0.7329
61.62722,-0.5542
61.63718,-0.4741
61.64715,-0.314
61.65712,-0.185
61.66711,-0.08
61.67714,0.0896
61.68716,0.1646
61.69719,-0.4603
61.70722,-0.5266
61.71725,-0.1458
61.72727,0.1508
61.7373,0.3485
61.74733,0.7014
61.75735,0.8284
61.76738,0.7585
61.7774,0.9142
61.78743,1.0944
61.79744,1.1424
61.80744,1.1332
61.81745,0.9117
61.82745,0.6222
61.83746,0.3985
61.84746,0.1955
61.85746,0.0055
61.86747,-0.1422
61.87747,-0.2231
61.88748,-0.3428
61.89748,-0.5593
61.90749,-0.8591
61.91748,-1.0503
61.92744,-1.2202
61.9374,-1.2976
61.94736,-1.33
61.95732,-1.3711
61.96729,-1.3492
61.97725,-1.3488
61.98721,-1.3229
61.99718,-1.3005
62.00714,-1.3104
62.0171,-1.2777
62.02706,-1.2104
62.03703,-1.1981
62.04713,-1.2859
62.05725,-1.3919
62.06736,-1.4291
62.07747,-1.3781
62.08757,-1.3104
62.09768,-1.0111
62.1078,-0.8845
62.1179,-0.8675
62.12801,-0.6329
62.13812,-0.4181
62.14824,-0.2869
62.15834,-0.0479
62.16839,0.1434
62.17837,0.2868
62.18834,0.3929
62.19832,0.8831
62.2083,1.5136
62.21828,2.1064
62.22825,2.2548
62.23823,2.087
62.24821,2.4231
62.25819,2.5111
62.26816,2.4259
62.27814,2.1562
62.28812,1.7536
62.2982,1.3102
62.30828,0.9288
62.31836,0.4953
62.32844,0.0883
62.33852,-0.1628
62.3486,-0.3742
62.35868,-0.6203
62.36876,-0.8258
62.37884,-0.9592
62.38892,-0.9863
62.399,-1.1017
62.40908,-1.1489
62.4191,-1.134
62.42905,-1.0691
62.43901,-1.0288
62.44897,-1.0532
62.45893,-1.0631
62.46889,-1.1443
62.47885,-1.21
62.4888,-1.2875
62.49876,-1.3297
62.50872,-1.3175
62.51868,-1.2873
62.52864,-1.2325
62.5386,-1.0575
62.54858,-0.7952
62.55855,-0.4444
62.56852,-0.1743
62.5785,0.0161
62.58847,0.2762
62.59844,0.2886
62.60841,0.7602
62.61839,0.7349
62.62836,1.4289
62.63833,2.0993
62.6483,2.9197
62.65828,3.5425
62.66827,3.2846
62.67827,3.4794
62.68827,3.0141
62.69827,2.6931
62.70827,2.4124
62.71827,2.038
62.72828,1.744
62.73828,1.4219
62.74828,1.1505
62.75828,0.8757
62.76828,0.5274
62.77828,0.2055
62.78828,-0.152
62.79824,-0.4627
62.8082,-0.5823
62.81816,-0.6564
62.82812,-0.7795
62.83808,-0.9147
62.84804,-1.072
62.858,-1.1995
62.86796,-1.2857
62.87792,-1.2578
62.88788,-1.1716
62.89784,-1.0591
62.9078,-0.8955
62.91779,-0.7755
62.9278,-0.6451
62.9378,-0.5395
62.94781,-0.4536
62.95781,-0.4293
62.96782,-0.4164
62.97783,-0.3362
62.98783,-0.109
62.99784,0.2684
63.00785,0.6421
63.01786,0.8354
63.02786,1.281
63.03787,1.5348
63.04797,2.2028
63.05807,2.6035
63.06816,3.648
63.07827,3.2672
63.08836,3.1921
63.09846,3.3961
63.10856,3.3959
63.11866,3.3588
63.12876,2.9313
63.13885,2.4096
63.14895,2.1742
63.15905,1.9777
63.16912,1.5902
63.17915,1.0444
63.18917,0.4976
63.1992,0.0358
63.20922,-0.3361
63.21925,-0.6222
63.22927,-0.8374
63.2393,-1.01
63.24933,-1.141
63.25935,-1.2869
63.26938,-1.4056
63.27941,-1.3026
63.28943,-1.1926
63.2994,-1.068
63.30938,-0.9234
63.31934,-0.7269
63.32932,-0.5286
63.33928,-0.3361
63.34925,-0.1117
63.35922,0.1394
63.36919,0.4114
63.37916,0.69
63.38913,0.9662
63.3991,1.2345
63.40907,1.5094
63.41904,1.7497
63.429,1.9852
63.43897,2.1744
63.44893,2.209
63.45889,2.3467
63.46886,2.6984
63.47882,3.2478
63.48878,4.29
63.49874,3.7004
63.50871,3.1997
63.51867,3.4435
63.52863,3.2087
63.5386,3.2208
63.54863,2.9938
63.55864,2.676
63.56866,2.3627
63.57869,2.1833
63.58871,2.0884
63.59873,2.0144
63.60875,1.8632
63.61877,1.6185
63.62879,1.3493
63.63881,1.1767
63.64883,1.102
63.65885,1.2472
63.66886,1.3167
63.67886,1.4826
63.68886,1.6608
63.69886,1.8126
63.70886,1.9791
63.71886,2.2218
63.72886,2.5024
63.73886,2.8438
63.74886,3.2328
63.75886,3.5677
63.76886,3.8411
63.77886,4.0439
63.78886,4.1284
63.79887,4.1696
63.80887,4.2405
63.81887,4.4035
63.82888,4.7128
63.83888,4.9093
63.84888,5.0269
63.85889,5.2875
63.86889,5.7218
63.87889,6.3616
63.8889,5.8975
63.8989,5.8416
63.90891,6.8266
63.91891,7.3144
63.92891,6.9775
63.93891,6.583
63.94891,6.3351
63.95891,6.0806
63.96891,5.7594
63.9789,5.4469
63.9889,5.108
63.9989,4.6701
64.0089,4.185
64.0189,3.6841
64.0289,3.1868
64.03889,2.7646
64.04887,2.3912
64.05886,2.1441
64.06885,1.9413
64.07883,1.8778
64.08882,1.8568
64.09881,1.8448
64.1088,1.7738
64.11878,1.6737
64.12877,1.5927
64.13876,1.5674
64.14874,1.5706
64.15873,1.5937
64.16876,1.6115
64.17882,1.6042
64.18887,1.5786
64.19892,1.554
64.20898,1.5565
64.21903,1.6091
64.22908,1.74
64.23914,1.8781
64.24919,2.0183
64.25925,2.1473
64.26929,2.2299
64.27935,2.2509
64.28941,2.2112
64.29941,2.1621
64.3094,2.1432
64.3194,2.1804
64.32939,2.3701
64.33939,2.6051
64.34938,2.7701
64.35938,2.8687
64.36938,3.0051
64.37937,3.0399
64.38937,3.0457
64.39936,3.0915
64.40936,3.2654
64.41936,3.5306
64.42937,3.7259
64.43937,3.9382
64.44937,3.6268
64.45937,3.7393
64.46937,4.1203
64.47937,4.3085
64.48937,4.4733
64.49937,4.604
64.50938,4.7582
64.51938,4.886
64.52938,5.0001
64.53938,5.1027
64.54939,5.108
64.5594,5.0787
64.56941,5.1027
64.57943,5.2443
64.58944,5.4837
64.59945,5.8712
64.60946,6.3161
64.61948,6.6821
64.62949,7.0791
64.6395,7.4763
64.64951,7.8982
64.65952,8.5094
64.66953,9.363
64.67951,9.9499
64.68948,10.3382
64.69946,10.5866
64.70943,10.6086
64.71941,10.6452
64.72938,10.7333
64.73936,10.8701
64.74933,11.0478
64.7593,11.0932
64.76927,10.9802
64.77925,10.6885
64.78922,10.2458
64.79925,9.713
64.80926,9.1421
64.81926,8.5998
64.82927,8.1096
64.83928,7.647
64.84928,7.2348
64.85929,6.7939
64.8693,6.3602
64.8793,5.8318
64.88931,5.2452
64.89932,4.6484
64.90932,3.9586
64.91935,3.2539
64.92936,2.712
64.93937,2.5593
64.94939,2.5897
64.9594,2.6063
64.96941,2.5685
64.97942,2.4757
64.98943,2.3088
64.99944,2.1197
65.00945,1.9593
65.01946,1.8094
65.02947,1.7608
65.03948,1.7757
65.04948,1.8811
65.05946,1.963
65.06946,1.9881
65.07944,1.9477
65.08944,1.8889
65.09943,1.8293
65.10942,1.796
65.11941,1.768
65.1294,1.7584
65.13939,1.7396
65.14938,1.7155
65.15937,1.727
65.16937,1.6999
65.17937,1.6957
65.18936,1.7015
65.19935,1.7229
65.20934,1.7232
65.21933,1.717
65.22932,1.7136
65.23932,1.7375
65.24931,1.7914
65.2593,1.8387
65.26929,1.8594
65.27928,1.8802
65.28928,1.8943
65.29939,1.9522
65.30949,2.0173
65.31959,2.1221
65.32969,2.26
65.33978,2.4549
65.34988,2.6942
65.35999,2.9147
65.37008,3.1247
65.38018,3.2841
65.39028,3.5711
65.40038,3.9106
65.41048,4.2503
65.42052,4.6628
65.43048,5.1192
65.44044,5.499
65.45041,5.773
65.46037,5.8662
65.47033,5.8902
65.48029,5.9255
65.49026,5.9972
65.50022,6.0811
65.51019,6.0438
65.52014,5.8729
65.53011,5.6194
65.54007,5.3375
65.55009,5.119
65.56011,4.9194
65.57013,4.6505
65.58015,4.2597
65.59017,3.8865
65.60019,3.6684
65.61021,3.5979
65.62023,3.5397
65.63025,3.3787
65.64027,3.0374
65.65029,2.7342
65.66031,2.5935
65.67032,2.5383
65.68031,2.1303
65.69031,2.0677
65.70029,2.05
65.71029,2.013
65.72028,1.9851
65.73028,1.9516
65.74026,1.7894
65.75026,1.6315
65.76025,1.4861
65.77025,1.3065
65.78024,1.2189
65.79023,1.2169
65.80025,1.323
65.81026,1.4848
65.82028,1.6092
65.8303,1.7428
65.84032,1.9074
65.85033,2.0721
65.86036,2.2288
65.87038,2.3786
65.88039,2.5153
65.89041,2.6656
65.90043,2.8673
65.91045,3.1046
65.92045,3.4085
65.93042,3.7903
65.94039,4.2472
65.95036,4.672
65.96033,5.0007
65.97031,5.327
65.98028,5.6009
65.99025,5.592
66.00021,5.7326
66.01019,6.0942
66.02016,6.4746
66.03013,6.7524
66.0401,6.8391
66.05007,6.7475
66.06004,6.5203
66.07002,6.1606
66.07999,5.8443
66.08997,5.6058
66.09994,5.4418
66.10991,5.3179
66.11989,5.1958
66.12986,4.9682
66.13983,4.68
66.1498,4.3409
66.15977,3.9942
66.16978,3.5966
66.1798,3.1678
66.18982,2.7342
66.19984,2.2592
66.20985,1.7471
66.21987,1.2528
66.22989,0.8162
66.23991,0.5435
66.24992,0.3326
66.25995,0.1876
66.26997,0.1678
66.27998,0.2175
66.29,0.3116
66.30005,0.4323
66.31009,0.6099
66.32013,0.7812
66.33017,0.8282
66.34021,0.9723
66.35025,1.1731
66.36029,1.3606
66.37033,1.6203
66.38037,1.961
66.39041,2.3237
66.40045,2.7155
66.41049,3.1784
66.42055,3.6458
66.43061,4.0614
66.44067,4.5419
66.45074,5.0158
66.4608,5.7665
66.47086,6.2405
66.48093,5.8709
66.49099,5.4958
66.50106,6.0437
66.51112,5.98
66.52119,5.6049
66.53125,5.2188
66.54131,4.6708
66.55128,4.453
66.56123,4.0689
66.57119,3.3979
66.58115,3.2083
66.5911,3.0764
66.60106,2.8176
66.61102,2.5097
66.62098,2.3057
66.63094,2.1404
66.64089,2.009
66.65085,1.8468
66.6608,1.6134
66.67081,1.4971
66.68082,1.3326
66.69083,1.1473
66.70084,1.0371
66.71085,0.9957
66.72086,0.9882
66.73087,1.0228
66.74088,1.0688
66.75089,1.1054
66.7609,1.1608
66.77091,1.303
66.78092,1.5121
66.79093,1.732
66.80093,1.9029
66.81092,2.1005
66.82092,2.2681
66.83091,2.4551
66.8409,2.6175
66.85089,2.8162
66.86089,3.1256
66.87088,3.3863
66.88087,3.5681
66.89087,3.675
66.90086,3.7944
66.91086,3.7819
66.92085,4.2322
66.93085,4.505
66.94085,4.7813
66.95084,4.8833
66.96084,4.887
66.97083,5.1167
66.98083,5.1022
66.99083,4.8054
67.00082,4.455
67.01082,4.1161
67.02082,3.8343
67.03082,3.577
67.04081,3.3391
67.05078,3.0425
67.06075,2.7793
67.07072,2.5456
67.0807,1.9849
67.09067,1.8386
67.10064,1.7878
67.11061,1.6112
67.12058,1.3872
67.13055,1.2186
67.14053,1.2305
67.1505,1.3134
67.16047,1.2985
67.17046,1.3548
67.18044,1.4525
67.19043,1.5201
67.20042,1.554
67.2104,1.6095
67.22039,1.7902
67.23038,1.9786
67.24036,2.0754
67.25035,2.1621
67.26034,2.3046
67.27032,2.5245
67.28031,2.7769
67.2903,3.0348
67.30034,3.2475
67.31036,3.5159
67.3204,3.7419
67.33043,3.8735
67.34045,4.5279
67.35049,5.4062
67.36052,6.0532
67.37055,6.3543
67.38058,6.589
67.39061,6.0757
67.40064,5.8025
67.41068,6.4282
67.42073,6.4664
67.43081,6.0688
67.44089,5.5372
67.45097,5.056
67.46105,4.5537
67.47113,4.1018
67.48121,3.5402
67.49129,3.1178
67.50137,2.6684
67.51145,2.2487
67.52153,1.9662
67.53161,1.7343
67.54169,1.5815
67.55168,1.4046
67.56168,1.3262
67.57166,1.2607
67.58166,1.365
67.59165,1.1506
67.60164,1.2201
67.61163,1.1851
67.62163,1.2544
67.63161,1.3767
67.64161,1.4905
67.6516,1.6347
67.66159,1.7474
67.67157,1.8766
67.68154,2.0288
67.69151,2.2259
67.70148,2.4151
67.71146,2.6329
67.72143,2.8635
67.7314,3.048
67.74137,3.154
67.75134,3.2307
67.76131,3.0734
67.77129,3.0988
67.78126,3.4733
67.79123,3.7408
67.80122,3.8024
67.81123,3.9523
67.82122,4.1795
67.83122,4.3497
67.84122,4.4333
67.85122,4.5257
67.86122,4.6279
67.87122,4.574
67.88122,4.4257
67.89121,4.1899
67.90121,3.9277
67.91122,3.713
67.92124,3.4356
67.93127,3.3076
67.94129,3.2963
67.95132,3.2708
67.96133,3.1604
67.97136,2.9533
67.98138,2.8224
67.99141,2.6656
68.00143,2.6279
68.01146,2.5947
68.02148,2.5201
68.0315,2.4004
68.04153,2.3278
68.05149,2.2815
68.06145,2.2324
68.07142,2.2459
68.08138,2.109
68.09135,2.1305
68.10132,2.1089
68.11128,2.1497
68.12125,2.1477
68.13121,2.2673
68.14118,2.4284
68.15115,2.6247
68.16111,2.838
68.1711,3.0255
68.18111,3.2148
68.19111,3.4214
68.20112,3.6312
68.21112,3.8249
68.22113,3.9891
68.23114,4.1461
68.24114,4.3452
68.25115,4.5889
68.26115,4.8647
68.27116,5.5008
68.28117,5.8079
68.29118,5.3392
68.30119,6.031
68.31121,6.3272
68.32123,6.4208
68.33124,6.3757
68.34126,6.3437
68.35127,6.3747
68.36129,6.4137
68.37131,6.4105
68.38132,6.2369
68.39133,5.9514
68.40135,5.5645
68.41137,5.128
68.42144,4.6972
68.43154,4.3233
68.44164,3.9698
68.45174,3.6565
68.46185,3.4065
68.47195,3.2372
68.48206,3.1346
68.49216,3.0315
68.50226,2.8235
68.51236,2.6276
68.52247,2.4448
68.53257,2.3299
68.54267,2.1595
68.55272,2.1228
68.56276,2.1341
68.57281,2.2216
68.58285,2.3111
68.5929,2.4007
68.60294,2.4897
68.61298,2.6507
68.62303,2.8004
68.63308,2.9777
68.64312,3.1905
68.65317,3.4417
68.66322,3.7151
68.67324,3.9405
68.68324,4.092
68.69323,4.2377
68.70322,4.5656
68.71323,5.2478
68.72322,5.3009
68.73322,4.9778
68.74321,5.2162
68.7532,4.7843
68.7632,5.765
68.7732,6.3306
68.7832,6.3645
68.79319,6.1378
68.80312,5.9142
68.81304,5.6709
68.82297,5.3492
68.83289,5.0126
68.8428,4.746
68.85272,4.4913
68.86264,4.2009
68.87256,3.922
68.88248,3.6838
68.8924,3.5119
68.90232,3.4003
68.91224,3.3177
68.92219,3.2775
68.93217,3.2988
68.94216,3.3722
68.95215,3.3706
68.96214,3.3856
68.97213,3.3604
68.98212,3.3672
68.9921,3.3312
69.00209,3.4143
69.01208,3.4802
69.02206,3.5426
69.03205,3.6004
69.04204,3.6194
69.05202,3.6298
69.062,3.6973
69.07198,3.7257
69.08195,3.8002
69.09193,3.8625
69.10191,3.9198
69.11189,3.9546
69.12186,3.9857
69.13184,4.0797
69.14182,4.2128
69.15179,4.3963
69.16177,4.4494
69.1718,4.5133
69.18187,4.829
69.19194,5.0444
69.202,4.8402
69.21207,4.8707
69.22215,4.9948
69.23221,5.046
69.24228,5.0798
69.25234,4.971
69.26241,4.7737
69.27248,4.746
69.28255,4.5289
69.29262,4.2173
69.30265,3.8911
69.31268,3.6238
69.32271,3.3405
69.33273,3.0025
69.34277,2.6557
69.35279,2.3377
69.36282,2.0738
69.37286,1.8763
69.38288,1.7548
69.39291,1.7156
69.40294,1.7063
69.41297,1.6507
69.42294,1.5079
69.43286,1.3837
69.44278,1.0996
69.4527,0.9278
69.46262,0.7956
69.47254,0.714
69.48246,0.7387
69.49238,0.8509
69.5023,0.9577
69.51221,0.981
69.52214,1.0312
69.53206,1.0276
69.54198,0.9897
69.55204,0.8263
69.5621,0.593
69.57215,-0.1058
69.58221,-0.3573
69.59227,-0.3518
69.60233,-0.3131
69.61239,-0.3286
69.62244,-0.3734
69.63251,-0.5185
69.64256,-0.5122
69.65262,-0.4105
69.66268,-0.4583
69.67276,-0.4868
69.68285,-0.4312
69.69292,-0.4083
69.70301,-0.5362
69.71309,-0.5064
69.72318,-0.3983
69.73326,-0.386
69.74334,-0.3168
69.75343,-0.3296
69.7635,-0.2419
69.77359,-0.3109
69.78367,-0.3724
69.79375,-0.5543
69.80365,-0.5186
69.81355,-0.5052
69.82345,-0.372
69.83335,-0.4248
69.84325,-0.5488
69.85314,-0.4528
69.86304,-0.5078
69.87294,-1.4368
69.88284,-1.4788
69.89274,-1.4808
69.90263,-1.5603
69.91253,-1.5094
69.9225,-1.5561
69.93253,-1.6802
69.94257,-1.7238
69.95261,-1.7141
69.96264,-1.7145
69.97267,-1.7308
69.9827,-1.7906
69.99274,-1.8432
70.00278,-1.8847
70.01281,-1.8722
70.02284,-1.8585
70.03288,-1.7809
70.04292,-1.751
70.05288,-1.8005
70.06284,-1.8855
70.07281,-1.9189
70.08276,-1.871
70.09273,-1.8466
70.10269,-1.8959
70.11266,-1.8584
70.12261,-1.7781
70.13258,-1.7475
70.14254,-1.6829
70.1525,-1.6293
70.16246,-1.6131
70.17245,-1.7058
70.18249,-1.7716
70.19251,-1.7796
70.20254,-1.7881
70.21256,-1.7656
70.2226,-1.7543
70.23262,-1.7008
70.24265,-1.6629
70.25267,-1.6058
70.2627,-1.6036
70.27273,-1.5931
70.28275,-1.6187
70.29278,-1.6804
70.30277,-1.7012
70.31276,-1.6753
70.32275,-1.6397
70.33273,-1.6398
70.34271,-1.6674
70.3527,-1.6451
70.36269,-1.6642
70.37267,-1.6633
70.38266,-1.6616
70.39265,-1.6596
70.40263,-1.6531
70.41262,-1.6619
70.42262,-1.6603
70.43262,-1.6425
70.44264,-1.6072
70.45265,-1.5733
70.46266,-1.5824
70.47267,-1.6399
70.48269,-1.6428
70.4927,-1.6165
70.50271,-1.6596
70.51272,-1.6635
70.52274,-1.6525
70.53275,-1.6722
70.54276,-1.6974
70.5528,-1.6984
70.56285,-1.6966
70.5729,-1.7258
70.58295,-1.7235
70.59299,-1.6777
70.60304,-1.674
70.61309,-1.6827
70.62314,-1.6644
70.63319,-1.6068
70.64323,-1.5676
70.65328,-1.5902
70.66333,-1.6181
70.67339,-1.6341
70.68345,-1.6657
70.69351,-1.6806
70.70358,-1.6788
70.71364,-1.6531
70.7237,-1.6455
70.73376,-1.6672
70.74383,-1.6476
70.75388,-1.6264
70.76395,-1.6887
70.77401,-1.797
70.78407,-1.8507
70.79414,-1.8109
70.80407,-1.7654
70.814,-1.7686
70.82392,-1.7789
70.83385,-1.754
70.84377,-1.7253
70.8537,-1.7003
70.86362,-1.6732
70.87354,-1.6531
70.88347,-1.6441
70.89339,-1.6113
70.90332,-1.6129
70.91325,-1.6453
70.92322,-1.6123
70.93324,-1.5997
70.94328,-1.5898
70.9533,-1.593
70.96333,-1.5837
70.97336,-1.6118
70.98338,-1.6267
70.99342,-1.628
71.00344,-1.6387
71.01347,-1.6703
71.0235,-1.6959
71.03353,-1.7258
71.04356,-1.6969
71.05353,-1.6544
71.0635,-1.6275
71.07346,-1.6194
71.08344,-1.6242
71.0934,-1.6627
71.10337,-1.7231
71.11333,-1.7449
71.12331,-1.7299
71.13327,-1.6884
71.14324,-1.6654
71.15321,-1.6586
71.16318,-1.6239
71.17317,-1.5942
71.1832,-1.603
71.19322,-1.6244
71.20324,-1.6521
71.21326,-1.695
71.22329,-1.7096
71.23331,-1.7061
71.24333,-1.7002
71.25335,-1.6754
71.26337,-1.6545
71.2734,-1.6428
71.28342,-1.6547
71.29344,-1.7401
71.30341,-1.8687
71.31339,-1.8777
71.32336,-1.7194
71.33334,-1.6032
71.34332,-1.5976
71.35329,-1.5632
71.36326,-1.5114
71.37324,-1.4894
71.38321,-1.5551
71.39319,-1.692
71.40316,-1.7667
71.41313,-1.7588
71.42313,-1.7825
71.43316,-1.8142
71.44318,-1.7881
71.4532,-1.7073
71.46322,-1.6328
71.47324,-1.5983
71.48326,-1.5974
71.49329,-1.5897
71.5033,-1.6144
71.51333,-1.6579
71.52335,-1.718
71.53337,-1.7891
71.54339,-1.8245
71.55339,-1.816
71.56339,-1.7658
71.57339,-1.7141
71.5834,-1.6849
71.59339,-1.6396
71.60339,-1.645
71.6134,-1.692
71.6234,-1.706
71.63339,-1.733
71.64339,-1.7806
71.6534,-1.7985
71.6634,-1.7622
71.67344,-1.7228
71.68352,-1.7173
71.69359,-1.7148
71.70367,-1.6796
71.71374,-1.6555
71.72382,-1.68
71.73389,-1.6927
71.74397,-1.7087
71.75404,-1.7137
71.76411,-1.7168
71.77419,-1.7122
71.78426,-1.7016
71.79433,-1.6815
71.80434,-1.6802
71.81432,-1.6693
71.82432,-1.6807
71.83431,-1.6845
71.8443,-1.682
71.85429,-1.6932
71.86428,-1.6939
71.87428,-1.6788
71.88426,-1.6739
71.89426,-1.6699
71.90425,-1.6699
71.91424,-1.6547
71.92422,-1.6627
71.93419,-1.6836
71.94415,-1.7073
71.95412,-1.71
71.96409,-1.7041
71.97405,-1.7123
71.98402,-1.7068
71.99398,-1.6993
72.00395,-1.7068
72.01392,-1.7118
72.02388,-1.7219
72.03385,-1.7259
72.04382,-1.7202
72.05386,-1.7209
72.06391,-1.7216
72.07396,-1.7243
72.084,-1.6983
72.09405,-1.6844
72.1041,-1.6832
72.11414,-1.6921
72.12419,-1.7068
72.13423,-1.7041
72.14428,-1.7069
72.15433,-1.7011
72.16438,-1.7114
72.17438,-1.7218
72.18435,-1.7079
72.19431,-1.6954
72.20428,-1.687
72.21424,-1.6983
72.22421,-1.7098
72.23418,-1.7012
72.24414,-1.7109
72.2541,-1.7178
72.26407,-1.7164
72.27404,-1.7159
72.284,-1.6936
72.29397,-1.6923
72.30401,-1.6792
72.31404,-1.6816
72.32407,-1.6916
72.33411,-1.7006
72.34414,-1.7197
72.35417,-1.7241
72.3642,-1.7233
72.37424,-1.7174
72.38427,-1.7107
72.3943,-1.7013
72.40434,-1.7066
72.41437,-1.6842
72.42439,-1.6644
72.43439,-1.6927
72.44438,-1.7114
72.45438,-1.7074
72.46439,-1.7084
72.47439,-1.7096
72.48438,-1.7132
72.49438,-1.7002
72.50439,-1.6928
72.51439,-1.6934
72.52438,-1.6945
72.53439,-1.6866
72.54439,-1.6953
72.55438,-1.685
72.56437,-1.6877
72.57436,-1.6869
72.58434,-1.6991
72.59433,-1.7005
72.60432,-1.696
72.61431,-1.6942
72.6243,-1.7101
72.63428,-1.7084
72.64427,-1.7026
72.65426,-1.7031
72.66425,-1.7141
72.67426,-1.7193
72.6843,-1.7074
72.69433,-1.6822
72.70435,-1.6844
72.71439,-1.7086
72.72442,-1.7262
72.73445,-1.7207
72.74448,-1.7037
72.75452,-1.7199
72.76454,-1.7352
72.77457,-1.7172
72.78461,-1.6999
72.79464,-1.697
72.80464,-1.7125
72.81464,-1.7199
72.82462,-1.711
72.83461,-1.7206
72.8446,-1.7121
72.85458,-1.7005
72.86457,-1.7121
72.87456,-1.7019
72.88454,-1.6987
72.89453,-1.6877
72.90452,-1.6959
72.91451,-1.6915
72.92452,-1.6806
72.93456,-1.7003
72.9446,-1.7294
72.95464,-1.724
72.96467,-1.7358
72.97471,-1.7091
72.98474,-1.7178
72.99478,-1.7317
73.00481,-1.727
73.01485,-1.7011
73.02489,-1.679
73.03493,-1.6866
73.04496,-1.7063
73.05492,-1.6983
73.06488,-1.7081
73.07484,-1.7195
73.08479,-1.7169
73.09475,-1.6978
73.10471,-1.7108
73.11467,-1.7319
73.12463,-1.7298
73.13458,-1.7442
73.14454,-1.7477
73.1545,-1.7408
73.16445,-1.7568
73.17443,-1.7792
73.18443,-1.7913
73.19444,-1.7957
73.20444,-1.8002
73.21444,-1.8206
73.22444,-1.8161
73.23444,-1.8236
73.24445,-1.8325
73.25445,-1.8262
73.26445,-1.8215
73.27445,-1.8324
73.28445,-1.8144
73.29446,-1.8268
73.30447,-1.8336
73.31446,-1.8279
73.32446,-1.8233
73.33446,-1.8274
73.34445,-1.8275
73.35445,-1.8368
73.36445,-1.8541
73.37444,-1.8424
73.38445,-1.8094
73.39444,-1.7757
73.40443,-1.7617
73.41444,-1.7254
73.42444,-1.7108
73.43446,-1.7092
73.44447,-1.7371
73.45448,-1.771
73.46449,-1.7884
73.47451,-1.7919
73.48452,-1.7803
73.49454,-1.756
73.50455,-1.7217
73.51456,-1.7351
73.52457,-1.7611
73.53459,-1.8005
73.5446,-1.797
73.55459,-1.7841
73.56458,-1.7581
73.57456,-1.747
73.58456,-1.7373
73.59454,-1.7174
73.60453,-1.7127
73.61452,-1.7129
73.62451,-1.7206
73.6345,-1.7317
73.64449,-1.7058
73.65447,-1.7095
73.66446,-1.6891
73.67448,-1.6644
73.68449,-1.696
73.6945,-1.7334
73.70452,-1.7995
73.71454,-1.6467
73.72456,-1.7522
73.73457,-1.793
73.74459,-1.6925
73.75461,-1.6544
73.76463,-1.6918
73.77464,-1.6779
73.78466,-1.6937
73.79468,-1.6951
73.80473,-1.6957
73.81477,-1.703
73.82482,-1.6897
73.83487,-1.669
73.84492,-1.6968
73.85497,-1.6877
73.86501,-1.6574
73.87506,-1.6449
73.88511,-1.6656
73.89516,-1.6835
73.9052,-1.6832
73.91525,-1.6977
73.92529,-1.7069
73.93531,-1.6991
73.94533,-1.6973
73.95535,-1.7255
73.96535,-1.7311
73.97537,-1.7454
73.98539,-1.738
73.9954,-1.7248
74.00542,-1.7476
74.01543,-1.7186
74.02545,-1.6762
74.03546,-1.6486
74.04548,-1.6839
74.05549,-1.784
74.06549,-1.789
74.07549,-1.7403
74.08549,-1.7243
74.0955,-1.7245
74.1055,-1.7565
74.11551,-1.7868
74.12551,-1.7782
74.13551,-1.7553
74.14552,-1.7731
74.15552,-1.7703
74.16552,-1.7565
74.17551,-1.7474
74.18552,-1.7676
74.19551,-1.7909
74.20551,-1.794
74.21551,-1.781
74.2255,-1.7914
74.2355,-1.8375
74.2455,-1.8389
74.25549,-1.8549
74.2655,-1.8666
74.27549,-1.8194
74.28549,-1.7915
74.29549,-1.7657
74.3055,-1.7652
74.3155,-1.788
74.3255,-1.8107
74.3355,-1.821
74.3455,-1.7893
74.35551,-1.7656
74.36551,-1.7854
74.37551,-1.7807
74.38551,-1.7793
74.39552,-1.7867
74.40552,-1.7901
74.41552,-1.7919
74.42552,-1.7946
74.43551,-1.7869
74.4455,-1.798
74.45549,-1.8128
74.46548,-1.8109
74.47546,-1.8261
74.48546,-1.8091
74.49545,-1.7905
74.50543,-1.7907
74.51542,-1.7915
74.52541,-1.7836
74.5354,-1.7715
74.54539,-1.7979
74.55535,-1.8161
74.56532,-1.7454
74.57529,-1.749
74.58526,-1.7476
74.59523,-1.7674
74.6052,-1.7835
74.61517,-1.7631
74.62514,-1.735
74.63511,-1.7354
74.64508,-1.7572
74.65505,-1.7494
74.66502,-1.7351
74.67503,-1.7357
74.68506,-1.7761
74.69508,-1.7575
74.70512,-1.7483
74.71514,-1.7162
74.72517,-1.6755
74.7352,-1.6812
74.74522,-1.7413
74.75526,-1.7671
74.76528,-1.7563
74.77531,-1.7064
74.78534,-1.6892
74.79536,-1.7245
74.80544,-1.7121
74.81551,-1.6884
74.82558,-1.6938
74.83565,-1.6994
74.84571,-1.6694
74.85578,-1.6799
74.86585,-1.6861
74.87592,-1.6736
74.88599,-1.6609
74.89606,-1.6673
74.90613,-1.6719
74.9162,-1.6695
74.92623,-1.669
74.93623,-1.6657
74.94624,-1.6785
74.95625,-1.6799
74.96625,-1.6817
74.97625,-1.6814
74.98625,-1.6809
74.99625,-1.6378
75.00626,-1.6264
75.01626,-1.661
75.02626,-1.6844
75.03626,-1.6732
75.04626,-1.6758
75.05627,-1.6937
75.06627,-1.7718
75.07627,-1.8277
75.08627,-1.7736
75.09626,-1.6587
75.10626,-1.5268
75.11626,-1.3978
75.12625,-1.366
75.13625,-1.4718
75.14625,-1.5555
75.15624,-1.5794
75.16624,-1.5725
75.17624,-1.5774
75.18624,-1.5619
75.19624,-1.5596
75.20625,-1.574
75.21624,-1.5752
75.22624,-1.5251
75.23624,-1.5276
75.24625,-1.5232
75.25625,-1.5084
75.26625,-1.4936
75.27625,-1.501
75.28625,-1.5506
75.29625,-1.594
75.30622,-1.5914
75.31618,-1.5782
75.32614,-1.5727
75.33611,-1.5644
75.34606,-1.5651
75.35603,-1.5529
75.36599,-1.5557
75.37595,-1.5659
75.38591,-1.5807
75.39587,-1.5904
75.40583,-1.6014
75.41579,-1.6063
75.4258,-1.6043
75.43586,-1.5998
75.44591,-1.6104
75.45596,-1.6202
75.46601,-1.6006
75.47606,-1.5731
75.48611,-1.5746
75.49616,-1.5807
75.50621,-1.5849
75.51627,-1.5883
75.52631,-1.5965
75.53637,-1.6044
75.54642,-1.5889
75.55639,-1.5918
75.56636,-1.5936
75.57633,-1.5965
75.58631,-1.6162
75.59628,-1.6288
75.60625,-1.6178
75.61623,-1.615
75.6262,-1.6214
75.63618,-1.6222
75.64615,-1.6005
75.65612,-1.5955
75.66609,-1.616
75.67609,-1.6096
75.68609,-1.616
75.69608,-1.6098
75.70609,-1.626
75.71608,-1.623
75.72608,-1.6192
75.73608,-1.605
75.74608,-1.5941
75.75607,-1.5895
75.76608,-1.6084
75.77607,-1.6103
75.78607,-1.5856
75.79607,-1.5803
75.80614,-1.5786
75.81621,-1.5914
75.82627,-1.5907
75.83634,-1.5929
75.84641,-1.6099
75.85648,-1.6
75.86655,-1.5819
75.87663,-1.578
75.8867,-1.5923
75.89676,-1.5977
75.90683,-1.6056
75.9169,-1.606
75.9269,-1.5982
75.93683,-1.61
75.94675,-1.6132
75.95667,-1.6052
75.96659,-1.6145
75.97652,-1.6087
75.98644,-1.5906
75.99636,-1.5911
76.00629,-1.5948
76.0162,-1.5947
76.02613,-1.6246
76.03605,-1.6652
76.04597,-1.6576
76.05605,-1.6499
76.06613,-1.6419
76.07621,-1.6479
76.08629,-1.666
76.09637,-1.655
76.10645,-1.6368
76.11652,-1.6391
76.12659,-1.6441
76.13667,-1.6832
76.14675,-1.6766
76.15683,-1.6504
76.16691,-1.6642
76.17693,-1.6731
76.18693,-1.6533
76.19691,-1.637
76.2069,-1.672
76.21689,-1.7359
76.22688,-1.6965
76.23687,-1.6186
76.24686,-1.594
76.25684,-1.6002
76.26683,-1.6075
76.27682,-1.5919
76.28681,-1.5811
76.2968,-1.5855
76.30682,-1.6294
76.31683,-1.6604
76.32684,-1.6504
76.33685,-1.6414
76.34686,-1.6463
76.35686,-1.6144
76.36687,-1.6138
76.37688,-1.612
76.3869,-1.5687
76.39691,-1.614
76.40692,-1.6768
76.41693,-1.6854
76.42693,-1.7084
76.43688,-1.5822
76.44684,-1.6099
76.4568,-1.6753
76.46676,-1.6374
76.47672,-1.6222
76.48668,-1.6537
76.49664,-1.6724
76.5066,-1.652
76.51656,-1.6868
76.52651,-1.6926
76.53648,-1.6773
76.54643,-1.6524
76.55645,-1.6328
76.56646,-1.6343
76.57647,-1.6668
76.58649,-1.7286
76.5965,-1.7705
76.60651,-1.7714
76.61652,-1.7463
76.62654,-1.7313
76.63655,-1.7634
76.64657,-1.7572
76.65658,-1.7393
76.6666,-1.7293
76.67662,-1.7489
76.68664,-1.7492
76.69666,-1.7385
76.70667,-1.7617
76.71669,-1.7751
76.72671,-1.7852
76.73672,-1.7788
76.74674,-1.7531
76.75676,-1.7245
76.76678,-1.7567
76.77679,-1.7549
76.78681,-1.7424
76.79683,-1.7502
76.80682,-1.782
76.81683,-1.7823
76.82682,-1.7568
76.83682,-1.7533
76.84682,-1.755
76.85683,-1.7552
76.86682,-1.7513
76.87682,-1.7598
76.88683,-1.7297
76.89682,-1.6891
76.90682,-1.7098
76.91682,-1.7336
76.92682,-1.7393
76.9368,-1.7431
76.94678,-1.74
76.95676,-1.7585
76.96674,-1.7451
76.97673,-1.7257
76.98671,-1.7265
76.99669,-1.7223
77.00668,-1.7321
77.01665,-1.7212
77.02663,-1.7255
77.03662,-1.7437
77.0466,-1.7265
77.05669,-1.7395
77.06676,-1.7361
77.07684,-1.7212
77.08693,-1.7092
77.09701,-1.7173
77.10709,-1.7442
77.11717,-1.7396
77.12725,-1.7422
77.13733,-1.7472
77.14742,-1.7669
77.15749,-1.7706
77.16757,-1.7464
77.17763,-1.7321
77.18763,-1.7176
77.19763,-1.7049
77.20763,-1.7187
77.21763,-1.7285
77.22763,-1.7419
77.23763,-1.7547
77.24763,-1.7455
77.25763,-1.7297
77.26763,-1.7077
77.27763,-1.6967
77.28763,-1.7157
77.29763,-1.7364
77.30763,-1.74
77.31763,-1.7317
77.32763,-1.7386
77.33763,-1.747
77.34763,-1.7289
77.35763,-1.7106
77.36763,-1.727
77.37762,-1.73
77.38763,-1.7079
77.39763,-1.682
77.40762,-1.7092
77.41763,-1.7403
77.42763,-1.7565
77.43763,-1.7362
77.44763,-1.7119
77.45763,-1.6969
77.46763,-1.6937
77.47763,-1.6826
77.48763,-1.698
77.49763,-1.7136
77.50764,-1.7111
77.51763,-1.7027
77.52763,-1.7159
77.53764,-1.7012
77.54764,-1.7038
77.55762,-1.7101
77.56761,-1.7068
77.57761,-1.6949
77.58759,-1.6943
77.59758,-1.7074
77.60757,-1.7027
77.61755,-1.7083
77.62755,-1.7146
77.63754,-1.7153
77.64752,-1.7016
77.65751,-1.6923
77.6675,-1.6745
77.6775,-1.6509
77.6875,-1.6671
77.6975,-1.6778
77.70751,-1.703
77.71751,-1.7159
77.72752,-1.7016
77.73752,-1.7056
77.74753,-1.6763
77.75753,-1.6568
77.76753,-1.6501
77.77753,-1.6511
77.78754,-1.661
77.79755,-1.6525
77.80755,-1.6465
77.81754,-1.6414
77.82753,-1.6573
77.83752,-1.6629
77.84752,-1.6625
77.85751,-1.6246
77.86751,-1.5974
77.8775,-1.5784
77.8875,-1.5642
77.89749,-1.5435
77.90749,-1.5338
77.91748,-1.5401
77.92746,-1.5448
77.93743,-1.5215
77.9474,-1.5148
77.95737,-1.5083
77.96734,-1.5108
77.9773,-1.5225
77.98727,-1.5094
77.99724,-1.5107
78.00721,-1.5263
78.01717,-1.5184
78.02715,-1.4851
78.03711,-1.4883
78.04708,-1.5146
78.05718,-1.5225
78.06728,-1.5056
78.07737,-1.4964
78.08746,-1.5028
78.09755,-1.5166
78.10764,-1.5272
78.11774,-1.5312
78.12783,-1.5163
78.13792,-1.5196
78.14802,-1.5325
78.15811,-1.539
78.16821,-1.5549
78.1782,-1.5614
78.1881,-1.5649
78.19799,-1.5575
78.20788,-1.5677
78.21777,-1.586
78.22767,-1.5765
78.23756,-1.5815
78.24746,-1.593
78.25735,-1.5832
78.26724,-1.5842
78.27714,-1.5776
78.28703,-1.5642
78.29693,-1.5846
78.30701,-1.5808
78.31709,-1.5812
78.32717,-1.6071
78.33725,-1.6065
78.34733,-1.5922
78.35741,-1.5813
78.36749,-1.587
78.37757,-1.5768
78.38765,-1.5828
78.39773,-1.5819
78.40781,-1.5678
78.41788,-1.5738
78.42794,-1.5815
78.43797,-1.5872
78.44801,-1.5942
78.45805,-1.5778
78.46808,-1.567
78.47811,-1.5867
78.48814,-1.5894
78.49818,-1.5864
78.50821,-1.5895
78.51824,-1.5992
78.52827,-1.5808
78.53831,-1.568
78.54834,-1.572
78.55833,-1.5748
78.56832,-1.5881
78.57831,-1.6083
78.5883,-1.607
78.59829,-1.6034
78.60828,-1.5988
78.61826,-1.5903
78.62826,-1.5886
78.63824,-1.5851
78.64823,-1.5755
78.65822,-1.5775
78.66821,-1.5976
78.67821,-1.5764
78.68821,-1.543
78.69821,-1.5191
78.70821,-1.5471
78.71822,-1.5243
78.72822,-1.5074
78.73822,-1.5145
78.74822,-1.5185
78.75822,-1.5029
78.76823,-1.4999
78.77823,-1.5005
78.78823,-1.4925
78.79823,-1.4784
78.80824,-1.5026
78.81822,-1.4952
78.82822,-1.5028
78.8382,-1.4911
78.8482,-1.5179
78.85818,-1.5108
78.86818,-1.5287
78.87817,-1.5234
78.88816,-1.5086
78.89815,-1.5174
78.90814,-1.4987
78.91813,-1.4856
78.92812,-1.4843
78.93813,-1.4981
78.94812,-1.519
78.95812,-1.5652
78.96812,-1.5744
78.97813,-1.5829
78.98812,-1.5821
78.99812,-1.5831
79.00813,-1.5647
79.01813,-1.5516
79.02812,-1.5476
79.03812,-1.5376
79.04813,-1.5309
79.05814,-1.5327
79.06813,-1.5471
79.07813,-1.5594
79.08813,-1.5283
79.09814,-1.5244
79.10813,-1.5242
79.11813,-1.5283
79.12814,-1.5241
79.13813,-1.5261
79.14813,-1.5237
79.15813,-1.5335
79.16814,-1.5537
79.17813,-1.546
79.18812,-1.5354
79.19811,-1.5304
79.20811,-1.5289
79.21809,-1.5367
79.22809,-1.5181
79.23808,-1.5153
79.24807,-1.518
79.25806,-1.5308
79.26805,-1.5276
79.27805,-1.5406
79.28803,-1.5514
79.29803,-1.5578
79.30803,-1.5567
79.31802,-1.5442
79.32802,-1.5425
79.33802,-1.5245
79.34801,-1.5388
79.35801,-1.5428
79.368,-1.5545
79.378,-1.5434
79.38799,-1.5383
79.39799,-1.544
79.40799,-1.5337
79.41798,-1.5182
79.42802,-1.5139
79.43808,-1.5199
79.44814,-1.5324
79.45819,-1.5381
79.46825,-1.5326
79.4783,-1.5269
79.48836,-1.5376
79.49841,-1.5414
79.50846,-1.547
79.51852,-1.5566
79.52857,-1.5528
79.53863,-1.5443
79.54868,-1.5354
79.55868,-1.5171
79.56867,-1.5177
79.57867,-1.5241
79.58866,-1.5266
79.59866,-1.5322
79.60865,-1.5381
79.61864,-1.5409
79.62864,-1.5539
79.63864,-1.5392
79.64864,-1.5319
79.65863,-1.5217
79.66862,-1.5246
79.67864,-1.5269
79.68866,-1.5283
79.69868,-1.5322
79.7087,-1.5256
79.71872,-1.5287
79.72874,-1.5361
79.73876,-1.5321
79.74878,-1.5283
79.7588,-1.5425
79.76882,-1.5422
79.77884,-1.5291
79.78886,-1.5275
79.79888,-1.5106
79.80888,-1.5249
79.81889,-1.5314
79.82889,-1.5324
79.83889,-1.5304
79.84889,-1.5388
79.85889,-1.5541
79.8689,-1.5459
79.8789,-1.5335
79.8889,-1.5315
79.8989,-1.5411
79.90891,-1.5279
79.91891,-1.5302
79.9289,-1.5344
79.93889,-1.5288
79.94888,-1.5472
79.95886,-1.5564
79.96885,-1.5414
79.97884,-1.536
79.98883,-1.541
79.99882,-1.5378
80.0088,-1.55
80.01879,-1.5586
80.02879,-1.5574
80.03877,-1.5604
80.04876,-1.5568
