time_s,measured_value
0.00991,-1.0722
0.01982,-1.0936
0.02973,-1.095
0.03964,-1.0876
0.04954,-1.086
0.05945,-0.9963
0.06936,-0.9789
0.07927,-0.9988
0.08918,-0.9721
0.09909,-0.9788
0.109,-0.995
0.11891,-0.9646
0.12888,-0.8983
0.1389,-0.8531
0.14892,-0.8241
0.15894,-0.7704
0.16896,-0.7357
0.17898,-0.704
0.189,-0.6816
0.19903,-0.6563
0.20905,-0.6416
0.21907,-0.6369
0.22909,-0.6094
0.23911,-0.7119
0.24913,-0.7246
0.2591,-0.6997
0.26907,-0.6872
0.27904,-0.5979
0.28901,-0.5306
0.29898,-0.5163
0.30895,-0.5388
0.31892,-0.6864
0.32888,-0.8605
0.33885,-1.0275
0.34882,-1.1597
0.35879,-1.2332
0.36876,-1.244
0.37875,-1.2227
0.38874,-1.2051
0.39874,-1.1961
0.40874,-1.1902
0.41874,-1.1591
0.42874,-1.1136
0.43874,-1.1032
0.44873,-1.1057
0.45873,-1.1151
0.46873,-1.153
0.47873,-1.1758
0.48873,-1.1849
0.49873,-1.217
0.50883,-1.2611
0.51893,-1.2776
0.52903,-1.2612
0.53913,-1.2529
0.54923,-1.2487
0.55933,-1.2644
0.56943,-1.2716
0.57953,-1.2853
0.58963,-1.2279
0.59973,-1.154
0.60983,-1.0861
0.61993,-1.0427
0.62999,-1.0073
0.63999,-1.0211
0.64999,-1.0393
0.65999,-1.0477
0.66999,-1.0631
0.67999,-1.0779
0.68999,-1.0712
0.69999,-1.0706
0.70999,-1.0554
0.71999,-1.0199
0.72999,-1.0236
0.73998,-1.0343
0.74998,-1.0801
0.76001,-1.1687
0.77002,-1.1933
0.78004,-1.2288
0.79006,-1.2473
0.80008,-1.2301
0.8101,-1.239
0.82012,-1.2859
0.83014,-1.3164
0.84015,-1.3167
0.85017,-1.3005
0.86019,-1.2995
0.87021,-1.3215
0.88021,-1.3422
0.89018,-1.3799
0.90015,-1.3883
0.91013,-1.3721
0.9201,-1.3872
0.93007,-1.4104
0.94005,-1.4405
0.95002,-1.4585
0.95999,-1.4635
0.96996,-1.4527
0.97994,-1.4524
0.98991,-1.4292
0.99988,-1.4153
1.00987,-1.3979
1.01984,-1.3852
1.02982,-1.3739
1.0398,-1.342
1.04978,-1.3182
1.05976,-1.3131
1.06974,-1.2937
1.07972,-1.3276
1.0897,-1.4319
1.09968,-1.4676
1.10966,-1.5327
1.11964,-1.6136
1.12963,-1.6438
1.13965,-1.7197
1.14966,-1.5688
1.15967,-1.4317
1.16969,-1.3715
1.1797,-1.347
1.18971,-1.2692
1.19973,-1.1558
1.20974,-1.0826
1.21975,-1.0522
1.22977,-1.0405
1.23978,-1.0447
1.24979,-1.0516
1.25977,-1.0618
1.26975,-1.1803
1.27972,-1.2192
1.28969,-1.2108
1.29967,-1.2269
1.30964,-1.2289
1.31962,-1.2094
1.32959,-1.2118
1.33957,-1.2053
1.34954,-1.1469
1.35952,-1.0994
1.36949,-1.1564
1.3795,-1.2007
1.38953,-1.2362
1.39956,-1.2643
1.4096,-1.274
1.41963,-1.2662
1.42967,-1.2596
1.4397,-1.2468
1.44973,-1.2303
1.45977,-1.2196
1.4698,-1.191
1.47983,-1.2069
1.48987,-1.2231
1.4999,-1.2358
1.50989,-1.2678
1.51989,-1.2599
1.52988,-1.264
1.53987,-1.2784
1.54986,-1.2801
1.55985,-1.2746
1.56985,-1.2421
1.57984,-1.2732
1.58983,-1.3318
1.59982,-1.3668
1.60981,-1.378
1.6198,-1.3792
1.62984,-1.376
1.63991,-1.3907
1.64999,-1.3934
1.66006,-1.39
1.67014,-1.3983
1.68021,-1.4595
1.69029,-1.4738
1.70036,-1.4751
1.71044,-1.4883
1.72051,-1.5286
1.73059,-1.5177
1.74066,-1.4566
1.75073,-1.435
1.76074,-1.4472
1.77072,-1.4777
1.78071,-1.4885
1.7907,-1.475
1.80068,-1.4217
1.81067,-1.4115
1.82065,-1.437
1.83064,-1.4392
1.84062,-1.458
1.85061,-1.4871
1.86059,-1.5027
1.87058,-1.4889
1.88056,-1.4901
1.89054,-1.5127
1.90051,-1.5594
1.91048,-1.6747
1.92046,-1.7889
1.93043,-1.8942
1.94041,-1.9637
1.95038,-1.9377
1.96035,-1.9544
1.97033,-2.0365
1.9803,-2.042
1.99028,-2.0424
2.00025,-2.0631
2.01025,-2.0715
2.02024,-2.0696
2.03023,-2.0489
2.04022,-2.0253
2.05021,-1.9779
2.06021,-1.9619
2.0702,-1.9661
2.08019,-1.968
2.09018,-1.9727
2.10017,-1.9758
2.11017,-1.9827
2.12016,-2.0449
2.13017,-2.1134
2.1402,-2.1444
2.15023,-2.1526
2.16026,-2.1401
2.17029,-2.1656
2.18032,-2.2035
2.19035,-2.2247
2.20038,-2.2313
2.21041,-2.2359
2.22044,-2.1899
2.23047,-2.1546
2.2405,-2.1492
2.25053,-2.1676
2.2605,-2.1965
2.27047,-2.1946
2.28044,-2.1979
2.29041,-2.2028
2.30038,-2.1664
2.31035,-2.1409
2.32032,-2.1036
2.33029,-2.0511
2.34026,-2.0826
2.35023,-2.0652
2.3602,-2.0222
2.37017,-2.0264
2.38016,-2.0118
2.39016,-1.9919
2.40015,-1.9732
2.41015,-1.9425
2.42015,-1.9035
2.43014,-1.8634
2.44014,-1.8568
2.45014,-1.8564
2.46013,-1.8332
2.47013,-1.8018
2.48013,-1.8083
2.49012,-1.8076
2.50012,-1.7821
2.51014,-1.77
2.52013,-1.7541
2.53013,-1.748
2.54013,-1.7641
2.55012,-1.7626
2.56012,-1.7536
2.57011,-1.7528
2.58011,-1.7386
2.59011,-1.7526
2.6001,-1.7539
2.6101,-1.7648
2.6201,-1.7514
2.63015,-1.747
2.64025,-1.7252
2.65034,-1.741
2.66044,-1.741
2.67054,-1.7485
2.68064,-1.7442
2.69074,-1.7331
2.70084,-1.7209
2.71094,-1.7016
2.72103,-1.671
2.73113,-1.6546
2.74123,-1.647
2.75133,-1.6384
2.76135,-1.6641
2.77135,-1.6846
2.78135,-1.7017
2.79135,-1.7186
2.80135,-1.7487
2.81135,-1.7929
2.82135,-1.8201
2.83135,-1.8223
2.84135,-1.801
2.85135,-1.7652
2.86135,-1.7231
2.87135,-1.7246
2.88133,-1.7466
2.89129,-1.757
2.90125,-1.7591
2.91121,-1.7325
2.92117,-1.7084
2.93113,-1.6924
2.94109,-1.6866
2.95105,-1.6842
2.96101,-1.6945
2.97097,-1.6838
2.98093,-1.6805
2.99089,-1.6668
3.00084,-1.6622
3.01085,-1.6968
3.02084,-1.7284
3.03084,-1.7376
3.04084,-1.7464
3.05083,-1.7547
3.06083,-1.7621
3.07083,-1.8104
3.08082,-1.8157
3.09082,-1.824
3.10082,-1.8084
3.11082,-1.815
3.12081,-1.8399
3.13081,-1.8678
3.14081,-1.9069
3.1508,-1.9135
3.1608,-1.889
3.1708,-1.8895
3.18079,-1.8901
3.19079,-1.8947
3.20078,-1.9081
3.21078,-1.9035
3.22077,-1.8852
3.23077,-1.8954
3.24077,-1.8857
3.25076,-1.8865
3.26077,-1.8657
3.27077,-1.8503
3.28078,-1.8564
3.29078,-1.8803
3.30079,-1.8931
3.31079,-1.8725
3.32079,-1.8766
3.3308,-1.9203
3.3408,-1.9505
3.35081,-1.9515
3.36081,-1.9388
3.37081,-1.9384
3.38083,-1.9495
3.39086,-1.9635
3.40088,-1.9131
3.41091,-1.9377
3.42094,-1.9545
3.43096,-1.9378
3.44099,-1.902
3.45101,-1.8839
3.46104,-1.8461
3.47107,-1.8224
3.48109,-1.8021
3.49112,-1.8137
3.50115,-1.816
3.51113,-1.8966
3.5211,-1.8984
3.53108,-1.9209
3.54106,-1.9275
3.55104,-1.9036
3.56101,-1.8887
3.57099,-1.8646
3.58097,-1.8696
3.59095,-1.8833
3.60092,-1.8606
3.6109,-1.8262
3.62088,-1.8484
3.63087,-1.8699
3.64086,-1.8693
3.65085,-1.8828
3.66084,-1.8838
3.67083,-1.8996
3.68082,-1.94
3.69081,-1.9358
3.7008,-1.9229
3.71079,-1.9599
3.72079,-1.971
3.73078,-1.9432
3.74077,-1.9437
3.75076,-1.9216
3.76078,-1.9074
3.77081,-1.9058
3.78083,-1.894
3.79086,-1.8652
3.80088,-1.8396
3.81091,-1.806
3.82093,-1.7759
3.83095,-1.7541
3.84098,-1.7362
3.851,-1.7368
3.86103,-1.7023
3.87105,-1.6517
3.88113,-1.608
3.89127,-1.5685
3.90142,-1.5229
3.91156,-1.4596
3.9217,-1.3043
3.93184,-1.1069
3.94198,-0.9056
3.95212,-0.795
3.96226,-0.7189
3.9724,-0.6903
3.98254,-0.6832
3.99268,-0.6744
4.00282,-0.6758
4.01278,-0.6514
4.02273,-0.5844
4.03269,-0.5214
4.04265,-0.4885
4.0526,-0.4945
4.06256,-0.4731
4.07252,-0.4619
4.08248,-0.4492
4.09243,-0.4146
4.10239,-0.4245
4.11235,-0.4468
4.1223,-0.4912
4.13228,-0.5478
4.14225,-0.5708
4.15222,-0.5561
4.16219,-0.5283
4.17216,-0.5071
4.18213,-0.4832
4.1921,-0.4534
4.20206,-0.4222
4.21203,-0.401
4.222,-0.4148
4.23197,-0.444
4.24194,-0.4598
4.25191,-0.4539
4.26189,-0.444
4.27186,-0.4151
4.28183,-0.3773
4.29181,-0.334
4.30178,-0.2774
4.31175,-0.2322
4.32173,-0.2277
4.3317,-0.2366
4.34167,-0.2286
4.35165,-0.2211
4.36162,-0.2144
4.37159,-0.215
4.38158,-0.2183
4.39157,-0.2196
4.40157,-0.2354
4.41156,-0.2515
4.42155,-0.2662
4.43155,-0.2705
4.44154,-0.2707
4.45153,-0.2448
4.46152,-0.2341
4.47152,-0.2238
4.48151,-0.231
4.4915,-0.22
4.5015,-0.2116
4.5115,-0.1834
4.52149,-0.1364
4.53149,-0.1068
4.54149,-0.0759
4.55148,-0.0543
4.56148,-0.027
4.57147,0.0147
4.58147,0.0503
4.59147,0.0695
4.60146,0.0617
4.61146,0.0342
4.62146,-0.0095
4.63147,-0.0948
4.6415,-0.1743
4.65153,-0.2309
4.66156,-0.2866
4.67158,-0.3847
4.68161,-0.491
4.69164,-0.5866
4.70167,-0.6514
4.7117,-0.7004
4.72172,-0.7244
4.73175,-0.7545
4.74178,-0.7523
4.75181,-0.7433
4.76182,-0.7312
4.77182,-0.7159
4.78182,-0.6777
4.79183,-0.6308
4.80183,-0.5629
4.81183,-0.4859
4.82184,-0.4338
4.83184,-0.4018
4.84184,-0.3995
4.85185,-0.3987
4.86185,-0.4054
4.87185,-0.4214
4.88189,-0.4337
4.89195,-0.4608
4.90202,-0.5307
4.91208,-0.6083
4.92214,-0.6681
4.9322,-0.7305
4.94227,-0.7826
4.95233,-0.8328
4.96239,-0.8678
4.97245,-0.8764
4.98252,-0.8892
4.99258,-0.9024
5.00264,-0.9104
5.01262,-0.9072
5.0226,-0.9285
5.03257,-0.963
5.04254,-0.9846
5.05251,-0.9859
5.06248,-0.9827
5.07246,-0.9568
5.08243,-0.916
5.0924,-0.8777
5.10237,-0.893
5.11235,-0.8989
5.12232,-0.8983
5.13234,-0.8879
5.14242,-0.8948
5.15249,-0.8484
5.16256,-0.8
5.17263,-0.8073
5.1827,-0.8103
5.19278,-0.762
5.20285,-0.7079
5.21292,-0.6575
5.22299,-0.6355
5.23306,-0.6178
5.24313,-0.6692
5.25321,-0.726
5.26317,-0.7449
5.27312,-0.7952
5.28307,-0.8349
5.29302,-0.8618
5.30297,-0.8954
5.31292,-0.8942
5.32287,-0.8451
5.33282,-0.7466
5.34277,-0.5562
5.35272,-0.379
5.36267,-0.2286
5.37261,-0.1571
5.38259,-0.2226
5.39259,-0.3255
5.40259,-0.4227
5.41259,-0.5345
5.4226,-0.6823
5.4326,-0.8049
5.4426,-0.8998
5.4526,-0.9641
5.4626,-1.0134
5.4726,-1.0428
5.4826,-1.0288
5.4926,-1.0263
5.5026,-1.0135
5.51258,-0.974
5.52255,-0.9254
5.53252,-0.8779
5.54249,-0.8414
5.55246,-0.8243
5.56243,-0.8035
5.5724,-0.7701
5.58237,-0.7379
5.59234,-0.6983
5.60231,-0.6901
5.61228,-0.6677
5.62226,-0.6241
5.63224,-0.5822
5.64223,-0.5477
5.65222,-0.5214
5.66221,-0.4809
5.6722,-0.4264
5.68219,-0.3755
5.69218,-0.3575
5.70217,-0.3471
5.71216,-0.3237
5.72215,-0.3189
5.73214,-0.3393
5.74213,-0.3607
5.75212,-0.3959
5.76212,-0.4078
5.77212,-0.4149
5.78212,-0.4128
5.79212,-0.4312
5.80212,-0.4354
5.81211,-0.4358
5.82211,-0.4324
5.83211,-0.4551
5.84211,-0.5199
5.85211,-0.5726
5.8621,-0.6015
5.8721,-0.6215
5.88211,-0.6323
5.89214,-0.6385
5.90216,-0.6279
5.91218,-0.5954
5.9222,-0.5582
5.93222,-0.5213
5.94224,-0.5061
5.95226,-0.4975
5.96228,-0.5071
5.9723,-0.5152
5.98233,-0.5304
5.99235,-0.5466
6.00237,-0.5268
6.01239,-0.468
6.02239,-0.3979
6.03239,-0.3447
6.04239,-0.2906
6.05239,-0.2484
6.06239,-0.31
6.07239,-0.3766
6.08239,-0.418
6.09239,-0.4579
6.10239,-0.5133
6.11239,-0.5788
6.12239,-0.6329
6.13243,-0.6743
6.14248,-0.705
6.15253,-0.7228
6.16258,-0.7183
6.17263,-0.7076
6.18269,-0.7062
6.19274,-0.7062
6.20279,-0.7007
6.21284,-0.6824
6.22289,-0.6567
6.23294,-0.6241
6.24299,-0.627
6.25304,-0.6267
6.26304,-0.6301
6.27302,-0.6358
6.28301,-0.6519
6.293,-0.6829
6.30299,-0.7072
6.31298,-0.7178
6.32297,-0.7445
6.33295,-0.7529
6.34294,-0.7522
6.35293,-0.7547
6.36292,-0.7611
6.37291,-0.7599
6.38291,-0.765
6.39291,-0.7735
6.40292,-0.7921
6.41292,-0.8013
6.42293,-0.8211
6.43293,-0.8437
6.44294,-0.864
6.45295,-0.868
6.46295,-0.8826
6.47296,-0.8808
6.48296,-0.8771
6.49297,-0.8576
6.50297,-0.8446
6.51307,-0.8281
6.52317,-0.8292
6.53326,-0.8414
6.54336,-0.8414
6.55345,-0.8364
6.56355,-0.8179
6.57364,-0.7864
6.58374,-0.7577
6.59383,-0.7381
6.60393,-0.7272
6.61402,-0.7104
6.62412,-0.7135
6.63417,-0.7108
6.64416,-0.6982
6.65416,-0.681
6.66416,-0.6625
6.67415,-0.6374
6.68415,-0.6348
6.69415,-0.6694
6.70414,-0.7188
6.71414,-0.764
6.72414,-0.809
6.73413,-0.8314
6.74413,-0.809
6.75413,-0.7812
6.76407,-0.7392
6.77401,-0.6737
6.78395,-0.6157
6.79389,-0.5492
6.80383,-0.465
6.81377,-0.399
6.82371,-0.3444
6.83366,-0.2746
6.8436,-0.1846
6.85354,-0.1245
6.86348,-0.0815
6.87342,-0.0768
6.88336,-0.1223
6.89331,-0.171
6.90325,-0.2369
6.91319,-0.2875
6.92314,-0.348
6.93308,-0.4169
6.94302,-0.4688
6.95297,-0.4935
6.96291,-0.5561
6.97285,-0.6128
6.9828,-0.6641
6.99274,-0.7252
7.00268,-0.7697
7.01272,-0.8159
7.02276,-0.8535
7.03279,-0.9197
7.04283,-1.0142
7.05286,-1.1055
7.0629,-1.1887
7.07293,-1.2355
7.08297,-1.2788
7.093,-1.2805
7.10304,-1.281
7.11307,-1.2279
7.12311,-1.1855
7.13313,-1.162
7.14311,-1.1352
7.1531,-1.1453
7.16309,-1.1279
7.17307,-1.1406
7.18306,-1.1439
7.19305,-1.1313
7.20303,-1.1084
7.21302,-1.0835
7.22301,-1.0872
7.23299,-1.1267
7.24298,-1.1496
7.25297,-1.1543
7.26301,-1.1515
7.27306,-1.1531
7.2831,-1.133
7.29315,-1.0993
7.30319,-1.11
7.31323,-1.0715
7.32328,-1.0251
7.33332,-1.0099
7.34336,-0.8003
7.35341,-0.6617
7.36345,-0.6408
7.37349,-0.6664
7.38354,-0.8877
7.39358,-1.0289
7.40361,-1.1083
7.41365,-1.1902
7.42369,-1.3178
7.43373,-1.4266
7.44376,-1.5044
7.4538,-1.5652
7.46384,-1.5788
7.47388,-1.5942
7.48391,-1.5787
7.49395,-1.5443
7.50399,-1.5012
7.51395,-1.4654
7.52392,-1.4572
7.53388,-1.517
7.54384,-1.6013
7.55381,-1.6006
7.56377,-1.6208
7.57373,-1.6284
7.5837,-1.6218
7.59366,-1.6187
7.60362,-1.6072
7.61359,-1.6093
7.62355,-1.6079
7.63355,-1.612
7.64358,-1.641
7.65362,-1.6628
7.66365,-1.6762
7.67368,-1.6804
7.68371,-1.7172
7.69375,-1.7236
7.70378,-1.7406
7.71381,-1.7173
7.72384,-1.6716
7.73388,-1.6505
7.74391,-1.6103
7.75394,-1.5883
7.7639,-1.5526
7.77386,-1.5092
7.78382,-1.4502
7.79378,-1.4601
7.80373,-1.4515
7.81369,-1.45
7.82365,-1.3833
7.83361,-1.4049
7.84356,-1.3726
7.85352,-1.3255
7.86348,-1.2383
7.87344,-1.2596
7.88343,-1.2101
7.89347,-1.003
7.90351,-0.7134
7.91354,-0.4017
7.92358,-0.3531
7.93361,-0.4172
7.94365,-0.5981
7.95368,-1.1169
7.96372,-1.1134
7.97376,-1.1101
7.98379,-1.1287
7.99383,-1.2054
8.00386,-1.3141
8.01393,-1.4191
8.02399,-1.5118
8.03406,-1.5525
8.04412,-1.5788
8.05418,-1.5968
8.06425,-1.6108
8.07431,-1.6083
8.08437,-1.5781
8.09444,-1.5214
8.1045,-1.4501
8.11457,-1.4715
8.12463,-1.4376
8.13461,-1.4783
8.1445,-1.4596
8.1544,-1.4679
8.16429,-1.4728
8.17418,-1.5101
8.18408,-1.5554
8.19397,-1.5656
8.20386,-1.5317
8.21376,-1.5162
8.22365,-1.5216
8.23354,-1.4941
8.24344,-1.4714
8.25333,-1.4169
8.26336,-1.3351
8.27339,-1.2829
8.28342,-1.2163
8.29345,-1.15
8.30348,-1.0838
8.31351,-1.0536
8.32354,-1.038
8.33357,-1.0432
8.3436,-0.9856
8.35363,-0.9743
8.36366,-0.9304
8.37369,-0.9728
8.38376,-0.9727
8.39383,-1.0042
8.40391,-1.016
8.41398,-1.0046
8.42406,-0.9886
8.43413,-0.8766
8.4442,-0.5571
8.45428,-0.0616
8.46435,0.3544
8.47443,0.5972
8.4845,0.5356
8.49458,0.166
8.50465,-0.2557
8.51469,-0.6511
8.52473,-0.9139
8.53477,-1.1144
8.5448,-1.2939
8.55484,-1.4151
8.56488,-1.5042
8.57492,-1.5764
8.58495,-1.6437
8.59499,-1.6784
8.60503,-1.6759
8.61507,-1.6152
8.62511,-1.541
8.63509,-1.4747
8.64502,-1.4179
8.65495,-1.3879
8.66487,-1.36
8.6748,-1.3071
8.68473,-1.2777
8.69465,-1.2419
8.70458,-1.2023
8.71451,-1.1855
8.72444,-1.1385
8.73436,-1.1302
8.74429,-1.1123
8.75422,-1.0732
8.76422,-1.0204
8.77421,-1.0211
8.78421,-1.022
8.7942,-1.0529
8.80419,-1.0371
8.81419,-1.0134
8.82418,-0.9953
8.83417,-0.932
8.84417,-0.8595
8.85416,-0.8348
8.86415,-0.8154
8.87415,-0.7852
8.88419,-0.7555
8.89427,-0.7071
8.90435,-0.6434
8.91444,-0.6039
8.92452,-0.6005
8.9346,-0.6809
8.94468,-0.8219
8.95476,-0.7856
8.96485,-0.5704
8.97493,-0.3092
8.98501,-0.4159
8.99509,-0.375
9.00518,-0.4919
9.01518,-0.3089
9.02518,-0.1719
9.03518,-0.2304
9.04518,-0.2015
9.05518,-0.2581
9.06518,-0.3454
9.07518,-0.4577
9.08518,-0.561
9.09518,-0.5992
9.10518,-0.6021
9.11518,-0.5894
9.12518,-0.5354
9.1352,-0.4556
9.1452,-0.3781
9.15519,-0.3592
9.16519,-0.3314
9.17519,-0.3282
9.18518,-0.3548
9.19518,-0.4061
9.20518,-0.4666
9.21517,-0.6032
9.22517,-0.7478
9.23517,-0.9006
9.24516,-1.0415
9.25516,-1.1426
9.26513,-1.1916
9.27509,-1.2158
9.28505,-1.224
9.29502,-1.2324
9.30498,-1.2292
9.31494,-1.2627
9.32491,-1.2889
9.33487,-1.3234
9.34483,-1.3239
9.3548,-1.2867
9.36476,-1.2538
9.37472,-1.2014
9.38468,-1.1844
9.39462,-1.1781
9.40456,-1.1939
9.4145,-1.2078
9.42443,-1.2556
9.43437,-1.2925
9.44431,-1.3238
9.45425,-1.3296
9.46419,-1.3105
9.47413,-1.2622
9.48406,-1.2181
9.494,-1.188
9.50394,-1.1615
9.51404,-1.1231
9.52415,-1.0706
9.53425,-1.0065
9.54435,-0.8811
9.55445,-0.7348
9.56455,-0.8871
9.57466,-0.7775
9.58476,-0.8134
9.59486,-0.6484
9.60496,-0.3161
9.61506,0.027
9.62517,0.5172
9.63522,0.7318
9.64522,0.16
9.65522,0.1808
9.66522,0.2239
9.67522,0.1049
9.68523,-0.1544
9.69523,-0.3944
9.70523,-0.6231
9.71523,-0.8198
9.72523,-0.9238
9.73523,-0.9885
9.74523,-1.0226
9.75524,-1.0629
9.76523,-1.1131
9.77521,-1.1633
9.7852,-1.2194
9.79519,-1.2812
9.80518,-1.344
9.81516,-1.385
9.82515,-1.3566
9.83514,-1.3235
9.84513,-1.3025
9.85511,-1.2893
9.8651,-1.2738
9.87509,-1.2394
9.8851,-1.2167
9.8951,-1.1978
9.90509,-1.1737
9.91509,-1.1541
9.92509,-1.1327
9.93509,-1.1253
9.94508,-1.128
9.95508,-1.1479
9.96508,-1.1602
9.97508,-1.1568
9.98507,-1.1801
9.99507,-1.1957
10.00507,-1.2149
10.01505,-1.2394
10.02502,-1.2629
10.03499,-1.2824
10.04496,-1.2934
10.05493,-1.2953
10.0649,-1.297
10.07488,-1.2843
10.08485,-1.2974
10.09482,-1.2835
10.10479,-1.2743
10.11476,-1.2799
10.12473,-1.2609
10.13474,-1.2534
10.14478,-1.255
10.15481,-1.2748
10.16485,-1.2934
10.17488,-1.2883
10.18492,-1.2608
10.19496,-1.2442
10.20499,-1.2274
10.21503,-1.2372
10.22506,-1.2699
10.2351,-1.2878
10.24514,-1.2877
10.25517,-1.3179
10.26517,-1.3353
10.27516,-1.3635
10.28516,-1.3942
10.29515,-1.4274
10.30514,-1.4514
10.31514,-1.468
10.32513,-1.5052
10.33513,-1.5086
10.34512,-1.4733
10.35511,-1.4331
10.36511,-1.4258
10.3751,-1.4252
10.3851,-1.411
10.39506,-1.3907
10.40502,-1.3626
10.41498,-1.3377
10.42493,-1.2706
10.43489,-1.1934
10.44485,-1.0729
10.45481,-0.9588
10.46477,-0.816
10.47473,-0.6587
10.48469,-0.552
10.49465,-0.4942
10.50461,-0.9554
10.51466,-0.8952
10.52471,-1.061
10.53476,-1.0445
10.54481,-1.0954
10.55486,-1.0112
10.56491,-0.9103
10.57495,-0.8248
10.585,-0.7569
10.59505,-0.7381
10.6051,-0.7774
10.61515,-0.8127
10.6252,-0.8822
10.63523,-0.9672
10.64522,-1.0798
10.65521,-1.1988
10.6652,-1.2956
10.6752,-1.4097
10.68519,-1.4867
10.69518,-1.5468
10.70517,-1.5814
10.71517,-1.6144
10.72516,-1.6536
10.73515,-1.6724
10.74514,-1.6634
10.75514,-1.6819
10.76521,-1.6736
10.77529,-1.6981
10.78536,-1.7318
10.79543,-1.7089
10.8055,-1.7315
10.81557,-1.7474
10.82564,-1.7399
10.83571,-1.758
10.84578,-1.8125
10.85585,-1.8159
10.86592,-1.7985
10.876,-1.7593
10.88603,-1.751
10.89602,-1.7437
10.90601,-1.7343
10.916,-1.6953
10.92599,-1.6503
10.93599,-1.5983
10.94598,-1.5533
10.95597,-1.5269
10.96596,-1.5036
10.97595,-1.4959
10.98594,-1.4726
10.99593,-1.4517
11.00592,-1.3925
11.01589,-1.3281
11.02586,-1.2644
11.03583,-1.2151
11.04579,-1.1688
11.05576,-1.1638
11.06572,-1.149
11.07569,-1.163
11.08566,-1.1377
11.09562,-1.1103
11.10559,-0.9931
11.11555,-0.8948
11.12552,-0.9268
11.13552,-1.1571
11.14554,-0.9977
11.15556,-0.9028
11.16559,-0.8466
11.17561,-0.7343
11.18563,-0.655
11.19565,-0.6657
11.20568,-0.707
11.2157,-0.8505
11.22572,-1.04
11.23575,-1.2235
11.24577,-1.3614
11.25579,-1.4411
11.26579,-1.4806
11.27579,-1.5126
11.28579,-1.5433
11.29578,-1.5738
11.30578,-1.5972
11.31578,-1.5942
11.32577,-1.5919
11.33577,-1.5788
11.34577,-1.5295
11.35577,-1.533
11.36576,-1.4626
11.37576,-1.4164
11.38575,-1.4023
11.39574,-1.3895
11.40572,-1.3635
11.41571,-1.3154
11.4257,-1.3021
11.43568,-1.3361
11.44567,-1.3641
11.45565,-1.3703
11.46564,-1.3923
11.47562,-1.4063
11.48561,-1.4031
11.49559,-1.4015
11.50558,-1.3256
11.51557,-1.3255
11.52555,-1.3173
11.53553,-1.3278
11.54552,-1.3635
11.5555,-1.4069
11.56549,-1.4069
11.57547,-1.4039
11.58545,-1.3972
11.59544,-1.3863
11.60542,-1.3836
11.61541,-1.3651
11.62539,-1.3484
11.63538,-1.3311
11.64537,-1.3192
11.65536,-1.3107
11.66535,-1.2841
11.67534,-1.2621
11.68533,-1.2279
11.69532,-1.1498
11.70531,-1.0958
11.7153,-1.2608
11.72529,-1.2373
11.73528,-1.2214
11.74527,-1.1899
11.75525,-1.1233
11.76537,-1.0976
11.77549,-1.0315
11.7856,-0.926
11.79571,-0.7002
11.80583,-0.5645
11.81594,-0.5122
11.82605,-0.4192
11.83616,-0.3543
11.84628,-0.3549
11.85639,-0.3902
11.8665,-0.4952
11.87661,-0.717
11.88667,-0.9872
11.89665,-1.2142
11.90664,-1.3846
11.91662,-1.5079
11.92661,-1.5884
11.93659,-1.6403
11.94658,-1.6848
11.95656,-1.7477
11.96655,-1.7991
11.97653,-1.7676
11.98652,-1.7526
11.9965,-1.7328
12.00649,-1.7095
12.01651,-1.6403
12.0265,-1.5959
12.0365,-1.5258
12.0465,-1.4828
12.0565,-1.496
12.0665,-1.5327
12.0765,-1.575
12.0865,-1.6009
12.0965,-1.5987
12.1065,-1.5819
12.1165,-1.5663
12.1265,-1.5097
12.13649,-1.4674
12.14646,-1.3921
12.15643,-1.3615
12.1664,-1.3727
12.17637,-1.3772
12.18634,-1.3641
12.19631,-1.3282
12.20628,-1.2891
12.21625,-1.2584
12.22622,-1.2318
12.23619,-1.2345
12.24616,-1.2578
12.25613,-1.2681
12.26616,-1.2638
12.27619,-1.2568
12.28621,-1.2503
12.29624,-1.2491
12.30626,-1.1983
12.31629,-1.1392
12.32631,-1.0618
12.33634,-1.0938
12.34636,-1.1168
12.35639,-1.0389
12.36641,-0.9425
12.37644,-0.9465
12.38644,-0.7954
12.3964,-0.6885
12.40636,-0.5578
12.41633,-0.8712
12.42629,-0.8741
12.43626,-0.8251
12.44622,-0.7795
12.45618,-0.8441
12.46615,-0.8461
12.47611,-0.8887
12.48607,-0.9644
12.49604,-0.988
12.506,-1.0615
12.51604,-1.1607
12.52606,-1.2507
12.5361,-1.3344
12.54613,-1.4057
12.55616,-1.4443
12.56619,-1.507
12.57622,-1.6193
12.58625,-1.7284
12.59628,-1.8307
12.60631,-1.825
12.61634,-1.8145
12.62637,-1.8223
12.63637,-1.7792
12.64634,-1.7705
12.65631,-1.7122
12.66628,-1.7158
12.67625,-1.7332
12.68621,-1.7379
12.69618,-1.7265
12.70615,-1.7585
12.71612,-1.7769
12.72609,-1.7245
12.73606,-1.6216
12.74603,-1.5472
12.756,-1.5422
12.76602,-1.5598
12.77605,-1.4985
12.78607,-1.5033
12.79609,-1.5158
12.80612,-1.5427
12.81614,-1.6133
12.82617,-1.6541
12.83619,-1.693
12.84621,-1.6903
12.85624,-1.6754
12.86626,-1.6524
12.87629,-1.6272
12.8863,-1.6059
12.8963,-1.5896
12.9063,-1.5614
12.9163,-1.5198
12.9263,-1.4752
12.93629,-1.4478
12.94629,-1.3867
12.95629,-1.3263
12.96629,-1.2549
12.97629,-1.1688
12.98629,-1.0743
12.99629,-0.9611
13.00629,-0.7858
13.01644,-0.6754
13.0266,-0.6464
13.03675,-0.6203
13.0469,-0.66
13.05705,-0.7323
13.06721,-0.7316
13.07736,-0.7058
13.08751,-1.0351
13.09767,-1.4198
13.10782,-1.3487
13.11797,-1.251
13.12813,-1.0184
13.13816,-0.8547
13.14808,-0.8289
13.15799,-0.7431
13.1679,-0.6946
13.17782,-0.6407
13.18773,-0.5815
13.19764,-0.6748
13.20755,-0.7543
13.21747,-0.8062
13.22738,-0.9725
13.23729,-1.0983
13.2472,-1.2402
13.25712,-1.4024
13.26711,-1.5308
13.27709,-1.5821
13.28708,-1.61
13.29707,-1.5934
13.30706,-1.579
13.31705,-1.5826
13.32703,-1.6093
13.33702,-1.6697
13.34701,-1.7225
13.357,-1.7062
13.36698,-1.7565
13.37697,-1.7342
13.38697,-1.6856
13.39696,-1.6345
13.40696,-1.6159
13.41695,-1.5947
13.42694,-1.5957
13.43694,-1.5753
13.44693,-1.5331
13.45693,-1.5136
13.46692,-1.4911
13.47692,-1.4853
13.48691,-1.4538
13.49691,-1.3968
13.5069,-1.3432
13.51692,-1.3057
13.52693,-1.2742
13.53694,-1.2374
13.54694,-1.1904
13.55695,-1.1411
13.56696,-1.1182
13.57697,-1.0803
13.58698,-1.0254
13.59699,-0.9674
13.60699,-0.9375
13.617,-0.9419
13.62701,-0.945
13.63703,-0.9405
13.64703,-0.9721
13.65703,-0.9872
13.66703,-0.9956
13.67703,-1.0183
13.68703,-1.0218
13.69703,-1.0243
13.70703,-1.0142
13.71703,-1.0281
13.72703,-1.0483
13.73703,-1.0543
13.74703,-1.0619
13.75703,-1.0647
13.76703,-1.0724
13.77703,-1.1013
13.78703,-1.1203
13.79702,-1.1539
13.80702,-1.1801
13.81702,-1.1834
13.82701,-1.1842
13.83701,-1.164
13.84701,-1.1537
13.85701,-1.1312
13.867,-1.1202
13.877,-1.1166
13.88704,-1.1151
13.89711,-1.1149
13.90718,-1.108
13.91726,-1.1221
13.92733,-1.1306
13.9374,-1.0742
13.94747,-1.0945
13.95754,-1.0357
13.96762,-1.0069
13.97769,-1.0131
13.98776,-1.1023
13.99783,-1.158
14.00791,-1.2007
14.01798,-1.216
14.02806,-1.2881
14.03813,-1.3373
14.04821,-1.2218
14.05828,-1.1263
14.06835,-1.0161
14.07843,-1.0074
14.0885,-1.0008
14.09858,-0.9072
14.10865,-0.8379
14.11872,-0.7997
14.1288,-0.7889
14.13881,-0.8736
14.14872,-0.9398
14.15864,-1.0206
14.16856,-1.0919
14.17848,-1.133
14.1884,-1.1666
14.19831,-1.1992
14.20823,-1.2501
14.21815,-1.3175
14.22807,-1.3994
14.23799,-1.458
14.2479,-1.5234
14.25782,-1.5636
14.26786,-1.5679
14.27789,-1.5491
14.28793,-1.5531
14.29796,-1.4922
14.308,-1.4785
14.31803,-1.4531
14.32806,-1.4338
14.3381,-1.3844
14.34813,-1.3737
14.35817,-1.3832
14.3682,-1.4648
14.37824,-1.5405
14.38824,-1.5002
14.39819,-1.5701
14.40815,-1.5515
14.4181,-1.5062
14.42806,-1.5083
14.43802,-1.5083
14.44797,-1.5082
14.45793,-1.4824
14.46789,-1.4632
14.47784,-1.4583
14.4878,-1.4352
14.49776,-1.4104
14.50771,-1.3983
14.5178,-1.3941
14.52788,-1.3983
14.53796,-1.4067
14.54804,-1.4196
14.55812,-1.4394
14.5682,-1.4503
14.57828,-1.449
14.58836,-1.4397
14.59844,-1.423
14.60852,-1.3973
14.6186,-1.3892
14.62868,-1.3487
14.63872,-1.2828
14.64871,-1.217
14.6587,-1.112
14.66869,-1.0267
14.67868,-0.9847
14.68867,-0.9649
14.69866,-0.9876
14.70865,-1.0071
14.71864,-1.0158
14.72863,-1.1322
14.73862,-1.325
14.74861,-1.1553
14.7586,-1.0284
14.76853,-0.9825
14.77846,-0.8121
14.78838,-0.7122
14.7983,-0.5832
14.80822,-0.5218
14.81814,-0.5565
14.82807,-0.4999
14.83799,-0.4179
14.84791,-0.364
14.85783,-0.3301
14.86775,-0.3322
14.87768,-0.4301
14.88765,-0.5744
14.89766,-0.7132
14.90768,-0.8563
14.91769,-0.9814
14.9277,-1.0522
14.93772,-1.1005
14.94773,-1.1387
14.95774,-1.186
14.96776,-1.2116
14.97777,-1.2466
14.98779,-1.277
14.9978,-1.3106
15.00781,-1.3601
15.01781,-1.4033
15.0278,-1.4532
15.03778,-1.4929
15.04777,-1.5163
15.05776,-1.5302
15.06775,-1.543
15.07774,-1.5489
15.08773,-1.5679
15.09772,-1.5867
15.10771,-1.5869
15.1177,-1.5418
15.12769,-1.6059
15.13776,-1.5645
15.1479,-1.5773
15.15804,-1.5956
15.16818,-1.5922
15.17832,-1.5459
15.18846,-1.5576
15.1986,-1.541
15.20874,-1.5145
15.21888,-1.4686
15.22902,-1.4665
15.23916,-1.453
15.2493,-1.4505
15.25944,-1.438
15.26934,-1.4358
15.27924,-1.4556
15.28913,-1.4462
15.29903,-1.427
15.30893,-1.4074
15.31882,-1.3894
15.32872,-1.379
15.33861,-1.3856
15.34851,-1.3663
15.35841,-1.3288
15.3683,-1.2719
15.3782,-1.2142
15.38817,-1.1366
15.39819,-1.0571
15.40822,-0.9825
15.41825,-0.888
15.42828,-0.7925
15.43831,-0.6629
15.44834,-0.5703
15.45837,-0.7664
15.4684,-0.9504
15.47843,-0.9914
15.48846,-1.0156
15.49848,-0.9052
15.50851,-0.756
15.51857,-0.8412
15.52863,-0.9535
15.53869,-0.8797
15.54874,-1.0347
15.5588,-0.6763
15.56886,-0.6866
15.57891,-0.9038
15.58897,-0.9852
15.59903,-1.0428
15.60908,-1.0442
15.61914,-1.0254
15.6292,-1.0323
15.63919,-1.0836
15.64912,-1.2188
15.65905,-1.3524
15.66899,-1.454
15.67892,-1.5433
15.68885,-1.6048
15.69878,-1.6619
15.70871,-1.724
15.71865,-1.7799
15.72858,-1.8479
15.73851,-1.9283
15.74844,-2.0102
15.75837,-2.0389
15.76837,-2.0387
15.77837,-1.9972
15.78837,-1.994
15.79837,-1.9498
15.80837,-1.9461
15.81837,-1.9
15.82837,-1.8189
15.83837,-1.8005
15.84836,-1.8693
15.85836,-1.7762
15.86836,-1.7814
15.87836,-1.7028
15.88836,-1.6451
15.89836,-1.613
15.90836,-1.477
15.91836,-1.4373
15.92836,-1.3294
15.93836,-1.2366
15.94835,-1.1584
15.95835,-1.0891
15.96835,-1.0351
15.97835,-1.0004
15.98835,-0.9781
15.99835,-0.9518
16.00835,-0.8987
16.01832,-0.8681
16.02829,-0.8536
16.03827,-0.8398
16.04823,-0.8383
16.05821,-0.8591
16.06818,-0.8815
16.07815,-0.916
16.08812,-0.9395
16.09809,-0.9503
16.10806,-0.9524
16.11803,-0.9621
16.128,-0.9737
16.138,-0.9715
16.14803,-0.9986
16.15806,-1.0422
16.16808,-1.089
16.17811,-1.1172
16.18813,-1.1179
16.19816,-1.0982
16.20819,-1.0689
16.21821,-1.0543
16.22824,-1.0504
16.23826,-1.0487
16.24829,-1.0263
16.25831,-0.9698
16.26839,-0.9464
16.27846,-0.9178
16.28853,-0.9152
16.2986,-0.9161
16.30868,-0.9109
16.31875,-0.8775
16.32882,-0.8212
16.33889,-0.7861
16.34897,-0.8032
16.35904,-0.8504
16.36911,-0.9071
16.37918,-0.8678
16.38922,-0.8712
16.39921,-0.8053
16.4092,-0.7804
16.4192,-0.8493
16.42919,-0.8752
16.43918,-0.8669
16.44917,-0.8296
16.45917,-0.7505
16.46916,-0.5768
16.47915,-0.4509
16.48914,-0.3398
16.49914,-0.2837
16.50913,-0.2821
16.51913,-0.3138
16.52913,-0.3875
16.53913,-0.505
16.54912,-0.6383
16.55912,-0.8374
16.56912,-1.0457
16.57912,-1.1752
16.58912,-1.2521
16.59912,-1.2789
16.60912,-1.2909
16.61911,-1.3295
16.62911,-1.3661
16.6391,-1.4051
16.64907,-1.4347
16.65903,-1.507
16.669,-1.5638
16.67897,-1.5862
16.68893,-1.577
16.6989,-1.6029
16.70887,-1.5653
16.71883,-1.6145
16.7288,-1.589
16.73877,-1.6105
16.74874,-1.5919
16.7587,-1.5717
16.7687,-1.5477
16.7787,-1.5578
16.7887,-1.5577
16.79869,-1.4957
16.80869,-1.4962
16.81869,-1.4801
16.82869,-1.4738
16.83869,-1.509
16.84868,-1.5223
16.85868,-1.5184
16.86868,-1.4791
16.87868,-1.4912
16.88868,-1.4906
16.89867,-1.4808
16.90866,-1.4804
16.91865,-1.4558
16.92864,-1.3973
16.93863,-1.3265
16.94862,-1.2843
16.95861,-1.2179
16.9686,-1.1572
16.97859,-1.1138
16.98858,-1.0844
16.99857,-1.0477
17.00856,-1.011
17.01857,-0.9545
17.02857,-0.9209
17.03857,-0.847
17.04857,-0.7205
17.05857,-0.6047
17.06857,-0.885
17.07857,-0.951
17.08857,-0.9637
17.09857,-0.9689
17.10857,-0.9771
17.11857,-0.9177
17.12857,-0.9508
17.13858,-0.8877
17.1486,-0.8849
17.15861,-0.8766
17.16862,-0.9691
17.17864,-1.039
17.18865,-1.092
17.19867,-1.1331
17.20868,-1.1682
17.2187,-1.1933
17.22871,-1.2335
17.23873,-1.2456
17.24874,-1.2369
17.25875,-1.2934
17.26875,-1.4007
17.27875,-1.5477
17.28875,-1.6649
17.29874,-1.763
17.30874,-1.855
17.31874,-1.9567
17.32873,-2.0632
17.33873,-2.1605
17.34872,-2.2346
17.35872,-2.2937
17.36872,-2.3443
17.37871,-2.3791
17.38874,-2.3556
17.39878,-2.3126
17.40883,-2.2247
17.41888,-2.182
17.42893,-2.1356
17.43898,-2.113
17.44903,-2.0457
17.45908,-2.0527
17.46913,-2.0487
17.47918,-2.037
17.48923,-1.9235
17.49928,-1.8601
17.50933,-1.8914
17.51937,-1.8273
17.52942,-1.6654
17.53946,-1.6288
17.5495,-1.538
17.55954,-1.4528
17.56958,-1.3491
17.57962,-1.2642
17.58966,-1.1984
17.5997,-1.1279
17.60974,-1.0936
17.61978,-1.0674
17.62982,-1.0363
17.63983,-1.0137
17.64979,-0.9895
17.65975,-0.9726
17.66971,-0.9487
17.67967,-0.9299
17.68963,-0.9053
17.69959,-0.894
17.70955,-0.8793
17.71951,-0.8881
17.72947,-0.8702
17.73943,-0.8615
17.74939,-0.8748
17.75935,-0.8749
17.76935,-0.8951
17.77934,-0.9188
17.78934,-0.9419
17.79934,-0.9717
17.80933,-0.9888
17.81932,-1.009
17.82932,-1.0135
17.83932,-1.0238
17.84931,-1.0482
17.8593,-1.0637
17.8693,-1.1095
17.8793,-1.1383
17.8893,-1.1336
17.89931,-1.1081
17.90932,-1.0798
17.91932,-1.0686
17.92933,-1.0903
17.93934,-1.0659
17.94935,-1.0263
17.95936,-1.0025
17.96936,-0.9636
17.97937,-0.9318
17.98938,-0.8836
17.99939,-0.8509
18.0094,-0.7976
18.01939,-0.741
18.02938,-0.6771
18.03936,-0.6359
18.04935,-0.7487
18.05934,-0.7617
18.06932,-0.771
18.07931,-0.7002
18.0893,-0.5986
18.09928,-0.503
18.10927,-0.3974
18.11926,-0.2545
18.12924,-0.1574
18.13926,-0.12
18.14929,-0.1481
18.15932,-0.2681
18.16935,-0.3791
18.17938,-0.4542
18.18941,-0.4924
18.19945,-0.5269
18.20948,-0.5192
18.21951,-0.4768
18.22954,-0.4526
18.23958,-0.4056
18.24961,-0.334
18.25964,-0.2387
18.26964,-0.156
18.27963,-0.0685
18.28963,-0.0243
18.29962,-0.0636
18.30961,-0.167
18.3196,-0.3464
18.3296,-0.5131
18.33959,-0.6657
18.34958,-0.8031
18.35957,-0.9011
18.36957,-1.0065
18.37956,-1.076
18.38958,-1.1579
18.39963,-1.2436
18.40968,-1.311
18.41973,-1.3532
18.42979,-1.4035
18.43984,-1.4571
18.44989,-1.4399
18.45994,-1.4313
18.46999,-1.4361
18.48004,-1.4479
18.49009,-1.4118
18.50014,-1.3633
18.51019,-1.3222
18.52019,-1.3408
18.53018,-1.2877
18.54017,-1.2965
18.55016,-1.293
18.56015,-1.2593
18.57014,-1.2501
18.58013,-1.2127
18.59012,-1.1781
18.60011,-1.1262
18.6101,-1.0631
18.62009,-1.0354
18.63008,-1.0175
18.64009,-1.0003
18.65009,-0.9876
18.6601,-0.9646
18.6701,-0.9351
18.68011,-0.916
18.69011,-0.9368
18.70012,-0.9475
18.71013,-0.9576
18.72013,-0.9823
18.73014,-0.9791
18.74014,-0.9848
18.75015,-0.9871
18.76016,-0.9968
18.77015,-1.0571
18.78015,-1.1129
18.79015,-1.1795
18.80014,-1.2225
18.81014,-1.2244
18.82013,-1.1998
18.83013,-1.1944
18.84013,-1.1915
18.85012,-1.1956
18.86012,-1.2045
18.87011,-1.2139
18.88011,-1.1808
18.89013,-1.1225
18.90013,-1.0613
18.91014,-0.989
18.92014,-0.9194
18.93015,-0.845
18.94016,-0.785
18.95016,-0.7488
18.96017,-0.7345
18.97017,-0.7213
18.98018,-0.7155
18.99018,-0.7218
19.00019,-0.7446
19.01019,-0.7703
19.02017,-0.7662
19.03015,-0.7161
19.04012,-0.7057
19.05009,-0.7368
19.06007,-0.7287
19.07004,-0.7611
19.08002,-0.7277
19.08999,-0.7303
19.09996,-0.5917
19.10994,-0.4435
19.11991,-0.3012
19.12988,-0.1664
19.13988,-0.0834
19.14991,-0.0319
19.15993,-0.0487
19.16995,-0.0719
19.17997,-0.1339
19.18999,-0.2631
19.20002,-0.4065
19.21004,-0.5359
19.22006,-0.6555
19.23008,-0.7597
19.24011,-0.8231
19.25013,-0.8501
19.26015,-0.8847
19.27015,-0.9028
19.28015,-0.9656
19.29015,-0.9933
19.30015,-1.0393
19.31015,-1.0763
19.32015,-1.1085
19.33015,-1.1411
19.34015,-1.1759
19.35015,-1.1964
19.36015,-1.2036
19.37014,-1.2219
19.38014,-1.2151
19.39015,-1.198
19.40015,-1.1681
19.41015,-1.1597
19.42015,-1.134
19.43015,-1.1413
19.44015,-1.1341
19.45015,-1.1584
19.46015,-1.1432
19.47015,-1.1241
19.48015,-1.1058
19.49015,-1.1119
19.50015,-1.1264
19.51015,-1.1407
19.52016,-1.1617
19.53016,-1.1841
19.54015,-1.1888
19.55015,-1.189
19.56014,-1.1732
19.57014,-1.1514
19.58013,-1.1367
19.59013,-1.1362
19.60012,-1.1447
19.61012,-1.1292
19.62011,-1.108
19.63011,-1.0832
19.64015,-1.065
19.65023,-1.0518
19.6603,-1.0353
19.67037,-1.0201
19.68045,-1.0127
19.69052,-1.0064
19.70059,-1.02
19.71067,-1.0342
19.72074,-1.0706
19.73082,-1.0967
19.74089,-1.1143
19.75096,-1.132
19.76104,-1.1369
19.77111,-1.1569
19.78117,-1.1739
19.79124,-1.1977
19.80131,-1.2171
19.81138,-1.2015
19.82144,-1.1947
19.83151,-1.1904
19.84158,-1.188
19.85164,-1.2015
19.86171,-1.2167
19.87178,-1.2265
19.88185,-1.2305
19.89185,-1.228
19.90177,-1.2408
19.9117,-1.2389
19.92163,-1.2516
19.93155,-1.2584
19.94148,-1.245
19.9514,-1.2202
19.96133,-1.1802
19.97125,-1.1317
19.98118,-1.0708
19.99111,-1.0236
20.00103,-0.979
20.01096,-0.9727
20.02095,-0.9888
20.03095,-1.0214
20.04094,-1.0603
20.05094,-1.0981
20.06093,-1.1138
20.07092,-1.1116
20.08092,-1.1069
20.09091,-1.0752
20.1009,-1.0369
20.1109,-1.0134
20.12089,-0.9507
20.13089,-0.8429
20.14093,-0.7669
20.15101,-0.7151
20.16109,-0.7221
20.17117,-0.7578
20.18125,-0.8046
20.19132,-0.862
20.2014,-0.8856
20.21148,-0.8857
20.22156,-0.8958
20.23164,-0.9435
20.24172,-0.9544
20.2518,-0.9312
20.26188,-1.0118
20.27178,-1.0132
20.28168,-1.0134
20.29157,-0.9848
20.30147,-0.972
20.31137,-0.9911
20.32126,-1.0278
20.33116,-1.0706
20.34105,-1.1085
20.35095,-1.1805
20.36085,-1.2186
20.37074,-1.2777
20.38064,-1.3539
20.3906,-1.4071
20.40063,-1.4628
20.41066,-1.5196
20.42068,-1.58
20.43071,-1.6525
20.44074,-1.7337
20.45077,-1.7848
20.46079,-1.8328
20.47082,-1.8466
20.48084,-1.8708
20.49087,-1.8534
20.5009,-1.8312
20.51093,-1.7764
20.52091,-1.7609
20.5309,-1.7784
20.54088,-1.7901
20.55087,-1.7552
20.56085,-1.7266
20.57084,-1.7298
20.58082,-1.7198
20.59081,-1.7003
20.60079,-1.6437
20.61078,-1.601
20.62076,-1.5625
20.63075,-1.5687
20.64075,-1.583
20.65075,-1.5762
20.66076,-1.541
20.67078,-1.5057
20.68079,-1.4572
20.6908,-1.4152
20.70081,-1.3739
20.71082,-1.3429
20.72083,-1.3464
20.73084,-1.3582
20.74085,-1.3671
20.75086,-1.3813
20.76087,-1.3966
20.77095,-1.3887
20.78103,-1.3759
20.79111,-1.3483
20.80119,-1.3168
20.81127,-1.2874
20.82134,-1.245
20.83142,-1.2147
20.8415,-1.205
20.85158,-1.1451
20.86166,-1.0999
20.87174,-1.0878
20.88182,-1.0794
20.89186,-1.2191
20.90184,-1.4451
20.91183,-1.4385
20.92181,-1.4453
20.9318,-1.4152
20.94178,-1.3233
20.95176,-1.2307
20.96175,-1.2295
20.97173,-1.1768
20.98172,-1.1351
20.9917,-1.0826
21.00168,-1.0708
21.01167,-1.0965
21.02167,-1.1419
21.03167,-1.2125
21.04167,-1.2674
21.05167,-1.3153
21.06166,-1.4442
21.07166,-1.5894
21.08167,-1.7407
21.09166,-1.8489
21.10166,-1.9234
21.11166,-1.9917
21.12166,-2.0845
21.13166,-2.1692
21.14166,-2.1803
21.15166,-2.186
21.16166,-2.1493
21.17165,-2.1464
21.18165,-2.138
21.19164,-2.1334
21.20164,-2.1092
21.21163,-2.1066
21.22163,-2.0307
21.23162,-1.974
21.24162,-1.9207
21.25162,-1.8835
21.26161,-1.8232
21.2716,-1.7988
21.28159,-1.7976
21.29157,-1.8069
21.30156,-1.8366
21.31155,-1.7665
21.32153,-1.7321
21.33152,-1.6946
21.34151,-1.641
21.35149,-1.6108
21.36148,-1.589
21.37147,-1.5596
21.38145,-1.5564
21.39145,-1.5685
21.40146,-1.5464
21.41146,-1.5081
21.42147,-1.5087
21.43148,-1.4642
21.44148,-1.3472
21.45149,-1.4139
21.4615,-1.3877
21.4715,-1.4046
21.48151,-1.5228
21.49151,-1.5966
21.50152,-1.6121
21.51153,-1.4971
21.52152,-1.5562
21.53151,-1.5701
21.5415,-1.5078
21.5515,-1.4896
21.56149,-1.4145
21.57148,-1.4198
21.58147,-1.4886
21.59146,-1.5314
21.60145,-1.5017
21.61144,-1.5389
21.62144,-1.5151
21.63143,-1.5701
21.64142,-1.6325
21.65142,-1.6902
21.66142,-1.7581
21.67141,-1.8013
21.68141,-1.8333
21.69141,-1.8573
21.7014,-1.9112
21.7114,-2.0055
21.7214,-2.0924
21.7314,-2.0974
21.74139,-2.0887
21.75139,-2.0842
21.76139,-2.0189
21.7714,-2.0243
21.7814,-1.9763
21.79141,-1.9553
21.80141,-1.9116
21.81142,-1.9259
21.82142,-1.9039
21.83143,-1.8921
21.84144,-1.8439
21.85144,-1.8459
21.86145,-1.7746
21.87145,-1.7227
21.88146,-1.6778
21.89151,-1.6575
21.90159,-1.6216
21.91168,-1.6227
21.92176,-1.5976
21.93184,-1.5662
21.94193,-1.5353
21.95201,-1.5166
21.96209,-1.4894
21.97217,-1.4926
21.98226,-1.5083
21.99234,-1.5246
22.00242,-1.5641
22.0125,-1.6019
22.02249,-1.6379
22.03248,-1.6337
22.04247,-1.5844
22.05246,-1.539
22.06245,-1.5403
22.07244,-1.5141
22.08243,-1.5072
22.09242,-1.4679
22.10241,-1.3997
22.1124,-1.3124
22.12239,-1.2882
22.13238,-1.2667
22.14241,-1.2722
22.15247,-1.3165
22.16253,-1.3474
22.17259,-1.3672
22.18265,-1.3679
22.19271,-1.278
22.20277,-1.1954
22.21283,-1.1569
22.22289,-1.1643
22.23295,-1.1885
22.24301,-1.179
22.25307,-1.349
22.26313,-1.4139
22.27309,-1.4233
22.28305,-1.4559
22.29301,-1.4266
22.30297,-1.4046
22.31293,-1.3659
22.32289,-1.2936
22.33285,-1.2815
22.34281,-1.244
22.35276,-1.193
22.36272,-1.2013
22.37268,-1.2232
22.38264,-1.2093
22.39265,-1.2453
22.4027,-1.3086
22.41275,-1.3844
22.4228,-1.4909
22.43285,-1.5925
22.4429,-1.6865
22.45295,-1.7745
22.463,-1.852
22.47305,-1.9319
22.4831,-2.0187
22.49315,-2.0794
22.5032,-2.1096
22.51325,-2.1091
22.52319,-2.0764
22.53313,-2.0852
22.54306,-2.0484
22.553,-1.9949
22.56294,-2.0222
22.57287,-1.9981
22.58281,-2.0049
22.59275,-1.9733
22.60268,-1.9769
22.61262,-2.0088
22.62256,-2.0434
22.63249,-1.9662
22.64245,-1.9913
22.65243,-1.9885
22.66241,-1.9568
22.67239,-1.9156
22.68237,-1.9349
22.69234,-1.908
22.70232,-1.919
22.7123,-1.8935
22.72228,-1.8765
22.73226,-1.8248
22.74224,-1.7809
22.75221,-1.7409
22.76219,-1.7244
22.7722,-1.7301
22.7822,-1.7402
22.7922,-1.7255
22.80221,-1.7083
22.81221,-1.6744
22.82221,-1.6248
22.83221,-1.5711
22.84222,-1.588
22.85222,-1.4746
22.86222,-1.5275
22.87222,-1.5508
22.88223,-1.3711
22.89226,-1.1737
22.90233,-1.0628
22.9124,-1.0206
22.92247,-1.3886
22.93254,-1.4795
22.94261,-1.593
22.95267,-1.6068
22.96274,-1.5797
22.97281,-1.5684
22.98288,-1.5873
22.99295,-1.6349
23.00301,-1.7082
23.01308,-1.767
23.02299,-1.8066
23.0329,-1.8358
23.0428,-1.8925
23.05271,-1.9654
23.06261,-2.0547
23.07252,-2.1587
23.08242,-2.2488
23.09233,-2.2951
23.10223,-2.2679
23.11214,-2.2601
23.12204,-2.2139
23.13195,-2.1908
23.14196,-2.1255
23.15207,-2.0586
23.16217,-2.0081
23.17228,-1.9891
23.18239,-1.9694
23.1925,-1.9611
23.20261,-1.9782
23.21272,-1.9512
23.22282,-1.9436
23.23293,-1.9432
23.24304,-1.8946
23.25315,-1.8845
23.26326,-1.8792
23.27321,-1.8773
23.28316,-1.8607
23.29312,-1.8249
23.30307,-1.8057
23.31302,-1.7649
23.32298,-1.7454
23.33293,-1.7144
23.34288,-1.6998
23.35283,-1.7009
23.36278,-1.6983
23.37274,-1.7003
23.38269,-1.6965
23.39267,-1.6802
23.40266,-1.6628
23.41266,-1.6521
23.42266,-1.6222
23.43266,-1.6159
23.44266,-1.5607
23.45265,-1.5208
23.46265,-1.5369
23.47265,-1.4276
23.48265,-1.3893
23.49265,-1.3901
23.50264,-1.2997
23.51264,-1.3446
23.52263,-1.2296
23.53263,-1.4369
23.54261,-1.4129
23.5526,-1.4163
23.56259,-1.4483
23.57258,-1.4656
23.58257,-1.4215
23.59256,-1.3807
23.60255,-1.321
23.61254,-1.2909
23.62253,-1.2922
23.63252,-1.36
23.64255,-1.4075
23.65261,-1.4674
23.66267,-1.5672
23.67273,-1.68
23.68279,-1.7962
23.69285,-1.8894
23.70291,-1.9976
23.71297,-2.0402
23.72304,-2.1109
23.7331,-2.1742
23.74316,-2.2072
23.75322,-2.0857
23.76328,-2.0144
23.77325,-1.9323
23.78322,-1.9145
23.79319,-1.8965
23.80316,-1.8713
23.81312,-1.8686
23.82309,-1.8641
23.83306,-1.8617
23.84303,-1.8624
23.853,-1.931
23.86297,-1.95
23.87293,-1.9831
23.8829,-1.9824
23.89289,-1.9697
23.90286,-1.9612
23.91284,-1.9224
23.92281,-1.9064
23.93278,-1.884
23.94275,-1.8714
23.95272,-1.8574
23.96269,-1.8592
23.97266,-1.8627
23.98263,-1.8674
23.99261,-1.8307
24.00257,-1.7929
24.01255,-1.7764
24.02257,-1.7541
24.03259,-1.7366
24.04262,-1.738
24.05264,-1.7418
24.06266,-1.7289
24.07269,-1.7237
24.08271,-1.7051
24.09273,-1.6664
24.10275,-1.5933
24.11278,-1.4351
24.1228,-1.3402
24.13282,-1.3789
24.14281,-1.278
24.15277,-1.1977
24.16273,-1.0394
24.17269,-0.946
24.18265,-0.7851
24.19261,-0.6293
24.20257,-0.8489
24.21252,-1.4952
24.22248,-1.4775
24.23244,-1.4048
24.2424,-1.3543
24.25236,-1.2988
24.26232,-1.2125
24.27243,-1.1848
24.28253,-1.2496
24.29264,-1.2152
24.30275,-1.259
24.31285,-1.2783
24.32296,-1.2549
24.33307,-1.3058
24.34317,-1.418
24.35328,-1.6147
24.36338,-1.8244
24.37349,-1.9709
24.3836,-2.0819
24.39366,-2.1505
24.40366,-2.1861
24.41367,-2.1269
24.42367,-2.076
24.43368,-2.0079
24.44368,-1.9368
24.45369,-1.8615
24.46369,-1.7872
24.47369,-1.7475
24.4837,-1.7182
24.4937,-1.6956
24.50371,-1.6942
24.51371,-1.6458
24.52372,-1.6108
24.53372,-1.5952
24.54372,-1.5689
24.55372,-1.5587
24.56372,-1.5415
24.57372,-1.5491
24.58372,-1.5665
24.59372,-1.5921
24.60372,-1.607
24.61373,-1.6093
24.62373,-1.6078
24.63373,-1.5905
24.64372,-1.5595
24.65371,-1.509
24.6637,-1.4773
24.67369,-1.4551
24.68368,-1.4256
24.69367,-1.3938
24.70366,-1.3845
24.71365,-1.3854
24.72364,-1.3878
24.73363,-1.4135
24.74362,-1.4411
24.75361,-1.5007
24.7636,-1.5732
24.77361,-1.6659
24.78362,-1.7101
24.79362,-1.7054
24.80363,-1.7108
24.81364,-1.6819
24.82365,-1.6703
24.83365,-1.6418
24.84366,-1.5916
24.85367,-1.5477
24.86367,-1.5206
24.87368,-1.5223
24.88369,-1.5065
24.89369,-1.5046
24.90368,-1.4785
24.91366,-1.4886
24.92365,-1.4884
24.93363,-1.4867
24.94361,-1.4855
24.9536,-1.5188
24.96358,-1.5089
24.97357,-1.5418
24.98355,-1.551
24.99354,-1.5088
25.00352,-1.5111
25.01351,-1.4411
25.02355,-1.4068
25.03359,-1.4121
25.04363,-1.4173
25.05367,-1.4049
25.06371,-1.3658
25.07376,-1.3045
25.0838,-1.2443
25.09384,-1.1681
25.10388,-1.0821
25.11392,-1.0037
25.12396,-0.9746
25.13401,-0.9204
25.144,-0.9062
25.15396,-0.9026
25.16391,-0.9147
25.17386,-0.9128
25.18381,-0.975
25.19376,-1.0858
25.20371,-1.0399
25.21366,-1.0486
25.22361,-1.0113
25.23356,-0.9686
25.24351,-0.8482
25.25346,-0.8861
25.26341,-0.8159
25.27337,-0.7375
25.28333,-0.6651
25.2933,-0.6082
25.30326,-0.546
25.31322,-0.5143
25.32318,-0.504
25.33314,-0.492
25.3431,-0.4626
25.35307,-0.4244
25.36303,-0.3849
25.37299,-0.3615
25.38295,-0.3401
25.393,-0.3114
25.40311,-0.2958
25.41323,-0.294
25.42335,-0.2707
25.43347,-0.2133
25.44359,-0.1594
25.4537,-0.149
25.46382,-0.1222
25.47394,-0.1432
25.48406,-0.1922
25.49417,-0.2508
25.50429,-0.3482
25.51441,-0.4453
25.52441,-0.6089
25.53441,-0.7919
25.5444,-0.9695
25.5544,-1.0661
25.5644,-1.117
25.5744,-1.0984
25.58439,-1.112
25.59439,-1.1327
25.60439,-1.1663
25.61439,-1.2029
25.62438,-1.232
25.63438,-1.2566
25.64438,-1.2482
25.65437,-1.228
25.66436,-1.2195
25.67435,-1.2063
25.68435,-1.2057
25.69434,-1.1894
25.70433,-1.1885
25.71432,-1.2132
25.72432,-1.2353
25.73431,-1.26
25.7443,-1.298
25.75429,-1.3321
25.76428,-1.3399
25.77429,-1.3605
25.78429,-1.364
25.79429,-1.3648
25.8043,-1.3647
25.8143,-1.3648
25.8243,-1.3644
25.83431,-1.3864
25.84431,-1.4464
25.85431,-1.493
25.86431,-1.521
25.87432,-1.5643
25.88432,-1.6021
25.89432,-1.6318
25.90431,-1.6695
25.9143,-1.7059
25.9243,-1.7317
25.93429,-1.7515
25.94428,-1.7504
25.95427,-1.7257
25.96426,-1.6761
25.97425,-1.622
25.98425,-1.5879
25.99424,-1.5528
26.00423,-1.5134
26.01422,-1.4345
26.0242,-1.2854
26.03417,-1.0779
26.04414,-0.9433
26.05411,-1.2867
26.06409,-1.3695
26.07406,-1.4575
26.08403,-1.4485
26.094,-1.4627
26.10397,-1.2189
26.11395,-0.7952
26.12392,-0.7643
26.13389,-1.1928
26.14393,-1.1995
26.15401,-1.1319
26.16409,-1.0446
26.17418,-0.9561
26.18426,-0.8409
26.19435,-0.7609
26.20443,-0.665
26.21452,-0.6779
26.2246,-0.7686
26.23468,-0.9716
26.24477,-1.2806
26.25485,-1.5485
26.26493,-1.7518
26.27496,-1.9093
26.28496,-2.032
26.29497,-2.1391
26.30497,-2.2026
26.31498,-2.2414
26.32499,-2.2738
26.33499,-2.2742
26.345,-2.224
26.355,-2.1828
26.36501,-2.1292
26.37501,-2.0914
26.38502,-2.0531
26.39502,-2.0367
26.405,-2.0234
26.41499,-2.0219
26.42498,-2.0169
26.43496,-2.0602
26.44495,-2.1051
26.45494,-2.1321
26.46492,-2.1443
26.47491,-2.1376
26.4849,-2.0953
26.49488,-2.091
26.50487,-2.0766
26.51486,-2.0273
26.52487,-2.0534
26.53488,-2.0417
26.5449,-2.0514
26.55491,-2.0241
26.56492,-2.0156
26.57493,-2.0028
26.58495,-1.9633
26.59496,-1.9501
26.60497,-1.9011
26.61498,-1.821
26.625,-1.7472
26.63501,-1.6995
26.645,-1.6492
26.65498,-1.5846
26.66495,-1.5099
26.67492,-1.4524
26.6849,-1.3741
26.69487,-1.2831
26.70484,-1.2274
26.71482,-1.2319
26.72479,-1.246
26.73476,-1.0829
26.74473,-0.852
26.75471,-0.6273
26.76468,-1.1544
26.77468,-1.1481
26.78467,-1.2089
26.79466,-1.2371
26.80465,-1.2854
26.81464,-1.2711
26.82463,-1.1855
26.83463,-1.0591
26.84462,-1.0763
26.85461,-1.2147
26.8646,-1.213
26.87459,-1.2175
26.88459,-1.147
26.8946,-1.2068
26.90465,-1.1164
26.91469,-1.0826
26.92473,-1.0897
26.93477,-1.2276
26.94482,-1.4806
26.95486,-1.7225
26.9649,-1.9017
26.97494,-2.0496
26.98499,-2.134
26.99503,-2.1903
27.00507,-2.2394
27.01511,-2.281
27.02511,-2.3246
27.0351,-2.3152
27.0451,-2.2391
27.05509,-2.1746
27.06508,-2.1184
27.07507,-2.0998
27.08506,-2.0773
27.09505,-2.0993
27.10505,-2.0906
27.11504,-2.1134
27.12503,-2.1304
27.13502,-2.1571
27.14504,-2.203
27.15505,-2.2426
27.16507,-2.2828
27.17508,-2.3312
27.18509,-2.2978
27.1951,-2.2614
27.20512,-2.2576
27.21513,-2.1565
27.22514,-2.03
27.23516,-1.8967
27.24517,-1.8163
27.25518,-1.7928
27.2652,-1.8253
27.27518,-1.8101
27.28517,-1.7798
27.29515,-1.7177
27.30513,-1.6502
27.31512,-1.5886
27.3251,-1.5435
27.33508,-1.5093
27.34507,-1.5004
27.35505,-1.4881
27.36503,-1.5308
27.37502,-1.5473
27.385,-1.5512
27.395,-1.5716
27.40502,-1.5792
27.41503,-1.6056
27.42505,-1.6159
27.43506,-1.6003
27.44508,-1.5651
27.4551,-1.5469
27.46511,-1.552
27.47512,-1.5422
27.48514,-1.5158
27.49516,-1.5214
27.50517,-1.529
27.51519,-1.5351
27.52511,-1.5666
27.53503,-1.5939
27.54495,-1.6245
27.55487,-1.6723
27.56479,-1.7344
27.57471,-1.786
27.58463,-1.8001
27.59455,-1.8308
27.60447,-1.8753
27.61439,-1.8762
27.62431,-1.8712
27.63423,-1.8507
27.64424,-1.8535
27.65433,-1.8547
27.66441,-1.8234
27.6745,-1.7724
27.68459,-1.7513
27.69467,-1.7301
27.70476,-1.6844
27.71485,-1.6702
27.72493,-1.6359
27.73502,-1.5844
27.74511,-1.5138
27.75519,-1.4228
27.76528,-1.3701
27.77528,-1.3202
27.78528,-1.2208
27.79528,-1.2342
27.80528,-1.2365
27.81528,-1.2819
27.82528,-1.2455
27.83528,-1.3331
27.84528,-1.3091
27.85528,-1.3344
27.86528,-1.2866
27.87528,-1.2062
27.88528,-1.0458
27.89529,-1.0743
27.90532,-0.9713
27.91535,-1.1151
27.92538,-1.0722
27.93541,-0.9064
27.94544,-0.666
27.95547,-0.5347
27.9655,-0.4993
27.97552,-0.4753
27.98556,-0.4508
27.99558,-0.3807
28.00561,-0.3142
28.01564,-0.202
28.02561,-0.0983
28.03558,0.0176
28.04554,0.1152
28.05551,0.1953
28.06547,0.3069
28.07544,0.3786
28.0854,0.4142
28.09537,0.3987
28.10533,0.3388
28.1153,0.2666
28.12526,0.1215
28.13523,-0.0533
28.14521,-0.2248
28.1552,-0.4348
28.16519,-0.666
28.17519,-0.9055
28.18518,-1.1367
28.19517,-1.3482
28.20516,-1.4803
28.21516,-1.5128
28.22515,-1.5427
28.23514,-1.5766
28.24513,-1.5852
28.25513,-1.6103
28.26512,-1.6557
28.27518,-1.69
28.28523,-1.6933
28.29529,-1.7114
28.30534,-1.728
28.31539,-1.728
28.32545,-1.7564
28.3355,-1.741
28.34555,-1.7626
28.35561,-1.8086
28.36566,-1.8736
28.37572,-1.9114
28.38577,-1.9198
28.39577,-1.9271
28.40572,-1.8979
28.41567,-1.8966
28.42562,-1.8818
28.43557,-1.8215
28.44552,-1.8213
28.45547,-1.8312
28.46541,-1.8989
28.47536,-1.8712
28.48531,-1.8775
28.49526,-1.8873
28.50521,-1.8476
28.51516,-1.8103
28.52516,-1.8613
28.53516,-1.8655
28.54515,-1.7923
28.55515,-1.8293
28.56515,-1.844
28.57515,-1.8199
28.58514,-1.8131
28.59514,-1.7737
28.60514,-1.7989
28.61514,-1.8142
28.62514,-1.8453
28.63513,-1.8543
28.64513,-1.8365
28.65513,-1.825
28.66513,-1.8026
28.67513,-1.7494
28.68513,-1.6928
28.69512,-1.6935
28.70512,-1.71
28.71512,-1.7351
28.72512,-1.786
28.73512,-1.8343
28.74511,-1.8684
28.75511,-1.9092
28.76511,-1.9568
28.7752,-1.9736
28.78529,-1.9292
28.79539,-1.9809
28.80548,-1.9969
28.81557,-1.9925
28.82566,-2.0018
28.83575,-1.9921
28.84585,-1.9374
28.85594,-1.8725
28.86603,-1.8279
28.87612,-1.8141
28.88621,-1.7996
28.89626,-1.7832
28.90626,-1.784
28.91625,-1.8231
28.92624,-1.9016
28.93624,-1.9255
28.94623,-1.9313
28.95623,-1.935
28.96622,-1.9128
28.97622,-1.844
28.98621,-1.7502
28.99621,-1.6195
29.0062,-1.3987
29.0162,-1.143
29.02628,-0.9794
29.03635,-0.8186
29.04642,-0.7069
29.05649,-0.674
29.06657,-0.6955
29.07664,-0.778
29.08671,-0.8351
29.09679,-0.8554
29.10686,-0.8288
29.11693,-0.8208
29.127,-0.8009
29.13708,-0.7531
29.14708,-0.6906
29.157,-0.5936
29.16691,-0.4647
29.17683,-0.3314
29.18675,-0.2183
29.19667,-0.1219
29.20659,-0.0053
29.21651,0.1406
29.22642,0.27
29.23634,0.3644
29.24626,0.4425
29.25618,0.4794
29.2661,0.4913
29.27609,0.4876
29.28608,0.5031
29.29608,0.5791
29.30607,0.648
29.31606,0.6384
29.32606,0.5345
29.33605,0.4225
29.34604,0.4007
29.35604,0.2871
29.36603,0.0865
29.37602,-0.0255
29.38601,-0.1672
29.39601,-0.3279
29.40601,-0.5566
29.41601,-0.8417
29.42601,-1.0248
29.436,-1.1394
29.446,-1.1973
29.456,-1.2489
29.466,-1.3036
29.476,-1.355
29.48599,-1.414
29.49599,-1.476
29.50599,-1.5168
29.51599,-1.5342
29.52599,-1.5591
29.53599,-1.5568
29.54599,-1.5508
29.55598,-1.5425
29.56598,-1.5097
29.57598,-1.4912
29.58598,-1.4814
29.59598,-1.4812
29.60597,-1.4557
29.61597,-1.4157
29.62597,-1.3595
29.63597,-1.2218
29.64596,-1.0247
29.65594,-0.7095
29.66592,-0.2322
29.67589,-0.4758
29.68587,-0.8414
29.69585,-0.8055
29.70583,-0.7347
29.71581,0.3096
29.72579,-0.0403
29.73576,0.1954
29.74574,0.1855
29.75572,0.6496
29.7657,1.0496
29.7758,0.9839
29.78589,-0.0378
29.79599,0.2384
29.80608,0.1648
29.81618,-0.1062
29.82627,-0.4871
29.83637,-0.8853
29.84647,-1.2009
29.85656,-1.4713
29.86666,-1.6964
29.87675,-1.8687
29.88685,-1.9831
29.8969,-2.0601
29.9069,-2.0623
29.9169,-2.0652
29.9269,-2.0453
29.9369,-2.0397
29.9469,-2.0302
29.95691,-2.0267
29.96691,-2.037
29.97691,-2.0564
29.98691,-2.0927
29.99691,-2.1414
30.00691,-2.1774
30.01691,-2.2437
30.02688,-2.3317
30.03685,-2.3923
30.04682,-2.3774
30.05679,-2.3723
30.06676,-2.4116
30.07673,-2.4481
30.08669,-2.4248
30.09666,-2.3839
30.10663,-2.3524
30.1166,-2.3079
30.12657,-2.2697
30.13654,-2.2635
30.14654,-2.2109
30.15657,-2.2343
30.1666,-2.2306
30.17663,-2.2425
30.18666,-2.2355
30.19669,-2.2557
30.20672,-2.2439
30.21675,-2.2684
30.22677,-2.2455
30.2368,-2.1872
30.24683,-2.1186
30.25686,-2.1257
30.26689,-2.1089
30.27688,-2.1295
30.28688,-2.1376
30.29687,-2.0935
30.30687,-2.003
30.31686,-1.9076
30.32686,-1.8299
30.33685,-1.7645
30.34685,-1.6852
30.35684,-1.6643
30.36683,-1.6296
30.37683,-1.6496
30.38682,-1.666
30.39681,-1.6141
30.40678,-1.5683
30.41676,-1.4775
30.42673,-1.375
30.43671,-1.2311
30.44668,-1.0067
30.45665,-0.8182
30.46663,-0.8304
30.4766,-0.9468
30.48658,-0.7499
30.49655,-0.6385
30.50652,-0.7032
30.5165,-0.7826
30.52651,-0.722
30.53651,-0.5684
30.54651,-0.3614
30.55651,-0.6146
30.56651,-0.4133
30.57652,-0.3361
30.58652,-0.1021
30.59652,0.2257
30.60652,0.1609
30.61652,-0.2657
30.62652,-0.1669
30.63653,-0.1594
30.64653,-0.1372
30.65654,-0.1884
30.66654,-0.2969
30.67654,-0.4726
30.68655,-0.688
30.69655,-0.8948
30.70655,-1.0847
30.71656,-1.2439
30.72656,-1.3632
30.73656,-1.4527
30.74657,-1.5043
30.75657,-1.561
30.76657,-1.6235
30.77658,-1.6891
30.78658,-1.7612
30.79659,-1.8321
30.80659,-1.9073
30.8166,-1.9377
30.8266,-1.9909
30.83661,-2.0575
30.84661,-2.0915
30.85662,-2.1086
30.86662,-2.1192
30.87663,-2.2206
30.88663,-2.2913
30.89668,-2.2815
30.90675,-2.2619
30.91681,-2.2579
30.92688,-2.2442
30.93695,-2.1832
30.94702,-2.1255
30.95709,-2.0888
30.96716,-2.026
30.97722,-2.0005
30.98729,-1.9467
30.99736,-1.8952
31.00743,-1.8492
31.0175,-1.8207
31.0275,-1.7905
31.03751,-1.7834
31.04751,-1.7615
31.05751,-1.7889
31.06751,-1.7806
31.07752,-1.7799
31.08752,-1.7955
31.09752,-1.7948
31.10752,-1.7925
31.11753,-1.7616
31.12753,-1.7359
31.13753,-1.7279
31.14752,-1.7376
31.1575,-1.7499
31.16747,-1.7409
31.17745,-1.7167
31.18743,-1.6853
31.1974,-1.657
31.20738,-1.6779
31.21736,-1.7163
31.22733,-1.7462
31.23731,-1.7636
31.24729,-1.7925
31.25726,-1.8223
31.26724,-1.8418
31.27725,-1.8448
31.28726,-1.8594
31.29727,-1.8463
31.30728,-1.8263
31.31729,-1.7994
31.32729,-1.7823
31.3373,-1.7556
31.34731,-1.7075
31.35732,-1.6492
31.36732,-1.5924
31.37733,-1.5519
31.38734,-1.4944
31.39736,-1.4307
31.40737,-1.3698
31.41737,-1.2798
31.42737,-1.1688
31.43738,-1.0676
31.44738,-1.0278
31.45738,-0.9287
31.46739,-0.8304
31.47739,-0.8938
31.48739,-0.7968
31.4974,-0.5856
31.5074,-0.3727
31.5174,-0.6772
31.52743,-0.751
31.53743,-0.7445
31.54743,-0.7721
31.55744,-0.6537
31.56744,-0.4507
31.57744,-0.3971
31.58744,-0.2986
31.59745,-0.3191
31.60745,-0.4792
31.61745,-0.5423
31.62745,-0.5898
31.63746,-0.6958
31.64744,-0.8475
31.65739,-1.0328
31.66735,-1.2066
31.67731,-1.3458
31.68727,-1.4445
31.69723,-1.5268
31.70718,-1.6036
31.71714,-1.6566
31.7271,-1.6506
31.73705,-1.6685
31.74701,-1.723
31.75697,-1.7806
31.76693,-1.8594
31.77696,-1.9356
31.78699,-1.9078
31.79702,-1.8508
31.80705,-1.8903
31.81708,-1.848
31.82711,-1.8513
31.83714,-1.8239
31.84717,-1.802
31.8572,-1.7843
31.86723,-1.7372
31.87726,-1.7383
31.88729,-1.7324
31.8973,-1.7653
31.90729,-1.8372
31.91728,-1.8496
31.92727,-1.8528
31.93725,-1.836
31.94724,-1.8209
31.95723,-1.8036
31.96721,-1.7767
31.9772,-1.7426
31.98719,-1.6941
31.99717,-1.6467
32.00716,-1.5411
32.01715,-1.401
32.02724,-1.2901
32.03733,-1.202
32.04742,-1.1277
32.0575,-1.0427
32.06759,-0.9643
32.07768,-0.9272
32.08776,-0.9692
32.09785,-0.8814
32.10794,-0.8416
32.11803,-0.8758
32.12811,-0.9433
32.1382,-0.8542
32.14824,-0.7538
32.15824,-0.6572
32.16823,-0.7326
32.17822,-0.7579
32.18822,-0.615
32.19821,-0.4798
32.20821,-0.6991
32.2182,-0.6593
32.22819,-0.4995
32.23819,-0.2674
32.24818,-0.051
32.25817,0.1003
32.26817,0.1239
32.27819,0.1771
32.2882,0.1906
32.29821,0.1654
32.30822,0.108
32.31823,0.0689
32.32824,0.0584
32.33825,0.0567
32.34826,0.0491
32.35827,0.0537
32.36827,0.0833
32.37828,0.1411
32.38829,0.2072
32.39831,0.2367
32.40829,0.2343
32.41827,0.217
32.42825,0.1864
32.43822,0.1444
32.4482,0.1006
32.45818,0.0256
32.46816,-0.0974
32.47814,-0.2404
32.48812,-0.4164
32.4981,-0.6079
32.50808,-0.8004
32.51806,-0.9809
32.52803,-1.1553
32.53801,-1.2872
32.54799,-1.4123
32.55796,-1.5116
32.56794,-1.6045
32.57792,-1.6897
32.58789,-1.7753
32.59787,-1.8524
32.60785,-1.9162
32.61782,-1.9375
32.6278,-1.9339
32.63777,-1.9328
32.64776,-1.951
32.65775,-1.9416
32.66774,-1.8713
32.67773,-1.8868
32.68772,-1.9054
32.69771,-1.939
32.7077,-1.9161
32.71769,-1.9119
32.72768,-1.9415
32.73767,-1.9548
32.74767,-1.9724
32.75766,-1.981
32.76765,-1.9834
32.77768,-1.9784
32.78771,-1.9348
32.79773,-1.9632
32.80776,-1.9818
32.81779,-1.9368
32.82782,-1.8629
32.83784,-1.7846
32.84787,-1.732
32.8579,-1.6581
32.86793,-1.5898
32.87796,-1.5402
32.88799,-1.4827
32.898,-1.4308
32.908,-1.37
32.918,-1.309
32.92799,-1.2146
32.93799,-1.1275
32.94798,-1.0494
32.95798,-1.0413
32.96798,-1.1459
32.97797,-1.1584
32.98797,-1.1461
32.99797,-1.0302
33.00797,-0.9091
33.01796,-0.8118
33.02797,-0.7464
33.03797,-0.4668
33.04797,-0.5756
33.05797,-0.4411
33.06797,-0.0688
33.07797,0.2521
33.08797,0.1497
33.09797,0.2618
33.10797,0.5027
33.11797,0.6463
33.12797,0.5958
33.13797,0.4354
33.14801,0.1217
33.15809,-0.2236
33.16817,-0.5613
33.17825,-0.8818
33.18833,-1.173
33.19841,-1.4402
33.20848,-1.6717
33.21856,-1.8363
33.22864,-1.9676
33.23872,-2.0451
33.2488,-2.1144
33.25888,-2.1863
33.26896,-2.2324
33.27895,-2.2827
33.28894,-2.348
33.29893,-2.3978
33.30893,-2.419
33.31892,-2.2881
33.32891,-2.2551
33.33891,-2.1787
33.3489,-2.109
33.35889,-2.0115
33.36889,-1.9591
33.37888,-1.9913
33.38887,-2.0344
33.39887,-2.049
33.40886,-2.0288
33.41885,-2.0204
33.42884,-1.9921
33.43883,-1.9545
33.44882,-1.9453
33.45881,-1.9653
33.4688,-2.0462
33.47879,-2.1019
33.48878,-2.1424
33.49877,-2.1153
33.50876,-2.1008
33.51875,-2.061
33.52876,-2.0202
33.53876,-1.9582
33.54876,-1.909
33.55876,-1.8416
33.56876,-1.7448
33.57876,-1.6684
33.58876,-1.5839
33.59876,-1.4901
33.60876,-1.3988
33.61876,-1.3369
33.62876,-1.2815
33.63876,-1.1884
33.64876,-1.0357
33.65876,-0.8673
33.66877,-0.6934
33.67876,-0.6515
33.68877,-0.6049
33.69877,-0.6335
33.70877,-0.7121
33.71877,-0.6765
33.72877,-0.6069
33.73877,-0.5602
33.74878,-0.5411
33.75877,-0.3945
33.76878,-0.1831
33.77885,0.1831
33.78892,0.4455
33.79898,0.5121
33.80906,0.4519
33.81912,0.2602
33.82919,-0.0526
33.83926,-0.4086
33.84933,-0.7588
33.8594,-1.071
33.86947,-1.3193
33.87954,-1.5106
33.88961,-1.6702
33.89963,-1.8002
33.9096,-1.8758
33.91956,-1.9014
33.92953,-1.9037
33.9395,-1.9093
33.94946,-1.9295
33.95943,-1.9656
33.96939,-1.9996
33.97936,-2.0247
33.98932,-2.0541
33.99929,-2.0824
34.00925,-2.1132
34.01922,-2.1492
34.02919,-2.179
34.03916,-2.2172
34.04913,-2.2324
34.0591,-2.2351
34.06907,-2.192
34.07904,-2.1509
34.089,-2.1283
34.09897,-2.1099
34.10894,-2.0694
34.11891,-2.0068
34.12888,-1.9382
34.13884,-1.8749
34.14882,-1.8258
34.15879,-1.7961
34.16876,-1.7728
34.17873,-1.7637
34.1887,-1.7399
34.19867,-1.7251
34.20863,-1.7063
34.21861,-1.701
34.22857,-1.7012
34.23854,-1.7037
34.24851,-1.7056
34.25848,-1.7178
34.26845,-1.7134
34.27853,-1.7174
34.2886,-1.7222
34.29868,-1.7206
34.30875,-1.7272
34.31882,-1.7112
34.3289,-1.6953
34.33897,-1.6759
34.34904,-1.662
34.35912,-1.6567
34.36919,-1.6376
34.37926,-1.6378
34.38934,-1.6462
34.39939,-1.6592
34.4094,-1.6953
34.41941,-1.6695
34.42942,-1.6228
34.43943,-1.5933
34.44944,-1.5999
34.45945,-1.6084
34.46946,-1.6214
34.47947,-1.6574
34.48948,-1.7192
34.49949,-1.761
34.50949,-1.7839
34.5195,-1.8299
34.52947,-1.7571
34.53943,-1.7962
34.5494,-1.835
34.55936,-1.8002
34.56932,-1.7674
34.57929,-1.7647
34.58926,-1.771
34.59922,-1.7369
34.60918,-1.7174
34.61915,-1.6943
34.62911,-1.6766
34.63908,-1.676
34.64906,-1.6784
34.65906,-1.6919
34.66906,-1.7393
34.67906,-1.7908
34.68906,-1.8177
34.69906,-1.8355
34.70906,-1.8347
34.71906,-1.8326
34.72906,-1.8074
34.73906,-1.7691
34.74906,-1.7757
34.75906,-1.7713
34.76906,-1.7341
34.77907,-1.6799
34.78907,-1.5755
34.79906,-1.431
34.80906,-1.3108
34.81907,-1.227
34.82906,-1.0985
34.83906,-1.0792
34.84906,-1.0396
34.85906,-0.9547
34.86906,-0.9759
34.87906,-1.0003
34.88906,-0.9692
34.89907,-0.9377
34.90909,-0.868
34.91911,-0.7716
34.92913,-0.8192
34.93916,-0.7537
34.94918,-0.7074
34.9592,-0.6544
34.96922,-0.5393
34.97924,-0.3538
34.98926,-0.1969
34.99928,-0.0766
35.0093,-0.0407
35.01933,-0.0616
35.0294,-0.1602
35.03947,-0.3275
35.04955,-0.5516
35.05962,-0.817
35.0697,-1.0286
35.07977,-1.1961
35.08985,-1.3404
35.09992,-1.4721
35.11,-1.6009
35.12007,-1.7479
35.13015,-1.8886
35.14022,-2.0062
35.15026,-2.0599
35.16026,-2.1207
35.17025,-2.1706
35.18025,-2.1887
35.19024,-2.2101
35.20024,-2.1472
35.21024,-2.056
35.22023,-2.0287
35.23023,-2.0169
35.24023,-2.0267
35.25023,-2.019
35.26022,-1.9903
35.27022,-1.9692
35.28024,-1.9554
35.29023,-1.9565
35.30023,-1.9756
35.31023,-2.0114
35.32023,-2.001
35.33023,-1.9936
35.34023,-1.9788
35.35022,-1.9309
35.36022,-1.8833
35.37022,-1.8493
35.38022,-1.8153
35.39022,-1.7144
35.4002,-1.6724
35.41012,-1.6306
35.42004,-1.5728
35.42996,-1.5446
35.43988,-1.5243
35.44981,-1.4236
35.45973,-1.3192
35.46965,-1.1983
35.47957,-1.0861
35.48949,-1.0042
35.49942,-0.8643
35.50934,-0.6991
35.51926,-0.5252
35.52933,-0.3546
35.5394,-0.2411
35.54947,-0.1635
35.55953,-0.124
35.5696,-0.1052
35.57967,-0.079
35.58973,-0.0516
35.5998,-0.0144
35.60987,0.0333
35.61993,0.0561
35.63,0.0638
35.64007,0.0371
35.65011,0.0331
35.66011,0.0423
35.6701,0.073
35.6801,0.1105
35.6901,0.1293
35.7001,0.1384
35.71009,0.1893
35.72009,0.212
35.73009,0.258
35.74009,0.2677
35.75008,0.2782
35.76008,0.2781
35.77008,0.2932
35.78009,0.3143
35.7901,0.3173
35.80011,0.3095
35.81011,0.3194
35.82012,0.3032
35.83013,0.2657
35.84014,0.2185
35.85015,0.1497
35.86016,0.0786
35.87017,-0.0012
35.88017,-0.0769
35.89018,-0.1133
35.90019,-0.1369
35.91019,-0.127
35.92019,-0.1297
35.93018,-0.1772
35.94018,-0.232
35.95018,-0.2525
35.96017,-0.2483
35.97017,-0.2589
35.98017,-0.2722
35.99017,-0.2785
36.00016,-0.3136
36.01016,-0.3812
36.02016,-0.4579
36.03014,-0.5454
36.0401,-0.5716
36.05005,-0.5976
36.06001,-0.6003
36.06997,-0.5872
36.07993,-0.5954
36.08989,-0.6127
36.09985,-0.6021
36.10981,-0.5717
36.11976,-0.5497
36.12972,-0.5342
36.13968,-0.5211
36.14967,-0.5031
36.1597,-0.486
36.16973,-0.4515
36.17975,-0.428
36.18978,-0.4223
36.19981,-0.3974
36.20984,-0.3626
36.21986,-0.351
36.22989,-0.3128
36.23991,-0.288
36.24994,-0.3097
36.25997,-0.3144
36.26999,-0.3512
36.28002,-0.4092
36.29004,-0.4582
36.30006,-0.4933
36.31008,-0.5051
36.3201,-0.4938
36.33012,-0.465
36.34014,-0.4204
36.35016,-0.3962
36.36018,-0.3862
36.3702,-0.3635
36.38022,-0.3447
36.39024,-0.3598
36.40024,-0.3593
36.41022,-0.3259
36.42021,-0.2825
36.43019,-0.2621
36.44018,-0.2407
36.45016,-0.2294
36.46014,-0.211
36.47013,-0.198
36.48011,-0.186
36.4901,-0.1749
36.50008,-0.1822
36.51006,-0.1762
36.52005,-0.172
36.53002,-0.1709
36.53999,-0.1639
36.54996,-0.1475
36.55993,-0.1113
36.5699,-0.101
36.57988,-0.0781
36.58985,-0.0699
36.59982,-0.065
36.60979,-0.0855
36.61976,-0.0894
36.62973,-0.0919
36.6397,-0.0657
36.64975,-0.0313
36.65985,-0.0267
36.66994,-0.0684
36.68004,-0.1185
36.69014,-0.1743
36.70023,-0.2286
36.71033,-0.3099
36.72043,-0.382
36.73053,-0.4512
36.74062,-0.5088
36.75072,-0.5733
36.76081,-0.6168
36.77091,-0.6371
36.78087,-0.6483
36.79083,-0.6837
36.80079,-0.6759
36.81075,-0.6615
36.82071,-0.6313
36.83067,-0.6626
36.84063,-0.6699
36.85059,-0.6838
36.86055,-0.7017
36.8705,-0.6726
36.88046,-0.6336
36.89042,-0.6965
36.90041,-0.6972
36.91041,-0.715
36.92042,-0.7223
36.93042,-0.782
36.94043,-1.0103
36.95044,-0.9912
36.96045,-0.987
36.97045,-0.8363
36.98046,-0.7332
36.99046,-1.0246
37.00047,-0.835
37.01048,-1.027
37.02048,-0.7249
37.03048,-0.4374
37.04047,-0.2334
37.05047,-0.4979
37.06046,-0.8874
37.07045,-0.9766
37.08045,-0.9374
37.09044,-0.9137
37.10043,-0.9049
37.11043,-0.9415
37.12042,-0.9987
37.13041,-1.1106
37.14041,-1.2372
37.15044,-1.3517
37.16046,-1.4975
37.17048,-1.6653
37.1805,-1.8045
37.19053,-1.933
37.20055,-2.0377
37.21057,-2.1383
37.22059,-2.205
37.23062,-2.2527
37.24064,-2.3025
37.25066,-2.3388
37.26068,-2.3502
37.27071,-2.392
37.28068,-2.3328
37.29065,-2.3424
37.30061,-2.2371
37.31058,-2.2213
37.32055,-2.1335
37.33052,-2.0798
37.34048,-2.0765
37.35045,-2.0437
37.36042,-2.0658
37.37039,-2.0158
37.38036,-2.0326
37.39032,-2.0191
37.40031,-1.9446
37.41031,-1.9169
37.42031,-1.8587
37.43031,-1.8375
37.44031,-1.7556
37.45031,-1.7225
37.46031,-1.6973
37.47031,-1.6288
37.48031,-1.5036
37.49031,-1.4091
37.50031,-1.3744
37.51031,-1.3427
37.52031,-1.3167
37.5303,-1.3359
37.5403,-1.3593
37.55029,-1.3849
37.56029,-1.3874
37.57029,-1.3455
37.58028,-1.2723
37.59028,-1.2201
37.60028,-1.157
37.61027,-1.2019
37.62027,-1.1691
37.63026,-1.2187
37.64026,-1.2694
37.65025,-1.2225
37.66024,-1.1951
37.67022,-1.1362
37.68021,-1.1
37.69019,-1.0847
37.70018,-1.0558
37.71016,-0.9942
37.72014,-0.8401
37.73013,-0.6916
37.74011,-0.4358
37.7501,-0.2588
37.76008,-0.1795
37.77006,-0.2003
37.78018,-0.2704
37.7903,-0.4115
37.80041,-0.5882
37.81053,-0.775
37.82064,-0.9323
37.83076,-1.0671
37.84087,-1.1676
37.85099,-1.2542
37.8611,-1.3177
37.87122,-1.3804
37.88133,-1.4559
37.89145,-1.5566
37.90151,-1.6819
37.9115,-1.7786
37.9215,-1.844
37.93149,-1.8882
37.94149,-1.9046
37.95148,-1.9413
37.96148,-1.9369
37.97147,-1.9113
37.98147,-1.7886
37.99146,-1.7099
38.00146,-1.6466
38.01145,-1.6377
38.02145,-1.6189
38.03144,-1.5576
38.04144,-1.5249
38.05144,-1.4988
38.06144,-1.4858
38.07143,-1.4928
38.08143,-1.4912
38.09143,-1.5302
38.10142,-1.5713
38.11142,-1.6091
38.12142,-1.6115
38.13141,-1.6552
38.14141,-1.6433
38.15141,-1.6175
38.16141,-1.5918
38.17141,-1.5069
38.18141,-1.3919
38.19141,-1.2734
38.20141,-1.1593
38.21141,-1.0961
38.22141,-1.032
38.23141,-0.978
38.24141,-0.9304
38.25141,-0.869
38.26141,-0.7912
38.27141,-0.6987
38.28141,-0.56
38.2914,-0.6468
38.30139,-0.6069
38.31138,-0.687
38.32137,-0.741
38.33136,-0.7934
38.34135,-0.7824
38.35135,-0.74
38.36134,-0.6934
38.37133,-0.7234
38.38132,-0.7524
38.39131,-0.6947
38.40129,-0.6777
38.41125,-0.6859
38.42122,-0.6618
38.43119,-0.6236
38.44115,-0.6226
38.45112,-0.6566
38.46108,-0.6347
38.47105,-0.614
38.48101,-0.6483
38.49098,-0.7411
38.50095,-0.7806
38.51091,-0.8063
38.52088,-0.8583
38.53091,-0.9311
38.54094,-1.0897
38.55097,-1.2584
38.561,-1.3883
38.57103,-1.4931
38.58106,-1.5806
38.59109,-1.7076
38.60112,-1.7991
38.61115,-1.9543
38.62118,-2.1077
38.63121,-2.2062
38.64124,-2.2712
38.65125,-2.3108
38.66125,-2.334
38.67125,-2.323
38.68124,-2.2951
38.69123,-2.207
38.70123,-2.141
38.71123,-2.1154
38.72123,-2.0795
38.73122,-2.0505
38.74122,-2.0121
38.75121,-1.9588
38.76121,-1.8775
38.77121,-1.8227
38.78119,-1.8001
38.79116,-1.7607
38.80113,-1.7275
38.81111,-1.6649
38.82108,-1.6079
38.83105,-1.6111
38.84103,-1.566
38.851,-1.5699
38.86098,-1.5072
38.87095,-1.4939
38.88092,-1.4434
38.8909,-1.494
38.90094,-1.4832
38.91104,-1.4632
38.92114,-1.4647
38.93124,-1.4655
38.94134,-1.4598
38.95144,-1.463
38.96154,-1.4332
38.97164,-1.4548
38.98174,-1.4007
38.99184,-1.3611
39.00194,-1.3045
39.01204,-1.2739
39.02214,-1.2373
39.03215,-1.2275
39.04214,-1.2053
39.05214,-1.1783
39.06215,-1.1266
39.07214,-1.0553
39.08214,-0.9695
39.09214,-0.8952
39.10214,-0.8353
39.11214,-0.7784
39.12214,-0.7186
39.13214,-0.6262
39.14214,-0.5215
39.15214,-0.39
39.16214,-0.2841
39.17213,-0.2178
39.18213,-0.176
39.19212,-0.1323
39.20212,-0.0802
39.21212,-0.0567
39.22211,0.0094
39.23211,0.0903
39.2421,0.1698
39.2521,0.2385
39.2621,0.2933
39.27209,0.3097
39.28209,0.3029
39.29208,0.3103
39.30208,0.34
39.31207,0.349
39.32207,0.37
39.33206,0.3854
39.34206,0.3675
39.35205,0.4004
39.36205,0.3959
39.37204,0.4146
39.38203,0.4487
39.39203,0.4946
39.40202,0.4811
39.412,0.3784
39.42198,0.2817
39.43196,0.205
39.44194,0.16
39.45191,0.1303
39.46189,0.1111
39.47187,0.1046
39.48185,0.1223
39.49183,0.1292
39.5018,0.1309
39.51178,0.1218
39.52176,0.0401
39.53175,-0.0264
39.54174,-0.0691
39.55173,-0.0858
39.56171,-0.0951
39.5717,-0.0802
39.58169,-0.0557
39.59168,-0.0632
39.60167,-0.0697
39.61165,-0.0876
39.62164,-0.1357
39.63163,-0.195
39.64162,-0.2364
39.65161,-0.2622
39.66161,-0.2704
39.67161,-0.3007
39.68161,-0.3481
39.69161,-0.385
39.70161,-0.4173
39.71161,-0.4353
39.72161,-0.4188
39.73161,-0.3876
39.7416,-0.321
39.75161,-0.2562
39.7616,-0.207
39.7716,-0.1676
39.78161,-0.1336
39.79161,-0.0991
39.80161,-0.0605
39.81161,-0.0619
39.82162,-0.076
39.83162,-0.107
39.84162,-0.1213
39.85162,-0.1205
39.86162,-0.111
39.87162,-0.1359
39.88163,-0.2028
39.89163,-0.2571
39.90164,-0.2671
39.91163,-0.2869
39.92162,-0.281
39.93161,-0.2692
39.9416,-0.2084
39.95159,-0.2728
39.96158,-0.2911
39.97157,-0.2272
39.98156,-0.1454
39.99155,-0.0138
40.00154,0.116
40.01152,0.2083
40.02151,0.2758
40.03162,0.3082
40.04171,0.2581
40.05181,0.1519
40.0619,0.0657
40.072,-0.0368
40.0821,-0.1069
40.0922,-0.1332
40.10229,-0.1545
40.11239,-0.1678
40.12249,-0.1616
40.13259,-0.1574
40.14268,-0.1416
40.15272,-0.1787
40.1627,-0.2042
40.17268,-0.1974
40.18266,-0.161
40.19263,-0.1596
40.20261,-0.207
40.21259,-0.1911
40.22256,-0.1727
40.23254,-0.1553
40.24252,-0.1479
40.25249,-0.1357
40.26247,-0.1344
40.27245,-0.1214
40.28247,-0.12
40.29249,-0.1392
40.30251,-0.1338
40.31254,-0.0801
40.32256,-0.0758
40.33258,-0.0312
40.3426,-0.0203
40.35262,-0.0243
40.36264,-0.0256
40.37267,-0.0653
40.38269,-0.1306
40.39271,-0.2048
40.40271,-0.2739
40.41268,-0.3517
40.42265,-0.3969
40.43262,-0.4626
40.44259,-0.5167
40.45256,-0.5644
40.46254,-0.6343
40.4725,-0.6646
40.48248,-0.6925
40.49245,-0.6783
40.50242,-0.6639
40.51239,-0.6487
40.52236,-0.6425
40.53237,-0.6194
40.54238,-0.5821
40.55239,-0.5705
40.5624,-0.5771
40.57241,-0.6502
40.58242,-0.7198
40.59243,-0.7628
40.60244,-0.8069
40.61244,-0.8418
40.62245,-0.8632
40.63246,-0.8635
40.64247,-0.8237
40.65248,-0.8058
40.66249,-0.783
40.67249,-0.7658
40.68249,-0.7089
40.69249,-0.6571
40.70249,-0.606
40.71249,-0.5499
40.7225,-0.4788
40.7325,-0.4446
40.7425,-0.4028
40.7525,-0.3697
40.7625,-0.3423
40.7725,-0.3469
40.78248,-0.4493
40.79246,-0.5142
40.80243,-0.539
40.81241,-0.5455
40.82239,-0.5199
40.83236,-0.5005
40.84234,-0.5039
40.85232,-0.5265
40.86229,-0.5323
40.87227,-0.4983
40.88224,-0.4311
40.89222,-0.3561
40.90224,-0.3538
40.91226,-0.3589
40.92228,-0.3663
40.9323,-0.3448
40.94233,-0.3177
40.95235,-0.2725
40.96237,-0.2195
40.97239,-0.1583
40.98241,-0.1053
40.99243,-0.0623
41.00245,0.0063
41.01247,0.0787
41.0225,0.0489
41.03249,-0.1949
41.04249,-0.3772
41.05248,-0.3045
41.06247,-0.2224
41.07246,0.0229
41.08246,0.213
41.09245,0.3248
41.10244,0.3745
41.11244,0.3706
41.12243,0.2618
41.13242,0.0302
41.14241,-0.2648
41.15245,-0.5258
41.16251,-0.7217
41.17258,-0.9127
41.18265,-1.0599
41.19272,-1.1893
41.20279,-1.2652
41.21286,-1.3417
41.22292,-1.4014
41.23299,-1.4596
41.24306,-1.5101
41.25313,-1.548
41.2632,-1.5725
41.27327,-1.588
41.28328,-1.6018
41.29329,-1.5851
41.30329,-1.5937
41.3133,-1.5567
41.32331,-1.5493
41.33331,-1.5125
41.34332,-1.4409
41.35332,-1.3766
41.36333,-1.3472
41.37334,-1.322
41.38334,-1.2905
41.39335,-1.2546
41.40336,-1.2213
41.41335,-1.1834
41.42335,-1.1401
41.43334,-1.0606
41.44334,-0.9408
41.45333,-0.8292
41.46333,-0.6229
41.47332,-0.4317
41.48332,-0.0843
41.49331,0.3775
41.50331,0.6793
41.51331,1.0046
41.5233,1.1891
41.5333,1.3276
41.5433,1.4469
41.55331,1.5604
41.56331,1.6821
41.57331,1.7581
41.58332,1.8325
41.59332,1.8403
41.60332,1.8483
41.61333,1.8187
41.62333,1.7861
41.63334,1.7385
41.64334,1.7161
41.65334,1.7139
41.66334,1.696
41.67334,1.7244
41.68333,1.7734
41.69333,1.8095
41.70333,1.8293
41.71333,1.7807
41.72332,1.6936
41.73332,1.5712
41.74332,1.4696
41.75331,1.2918
41.76331,1.0403
41.77331,0.6707
41.78331,0.2412
41.7933,-0.1452
41.8033,-0.4565
41.81329,-0.6794
41.82328,-0.8479
41.83327,-0.9945
41.84327,-1.0993
41.85326,-1.1455
41.86326,-1.1871
41.87325,-1.1916
41.88324,-1.1912
41.89324,-1.1983
41.90324,-1.2579
41.91323,-1.3458
41.92323,-1.3938
41.93322,-1.4137
41.94322,-1.4
41.95322,-1.3658
41.96321,-1.35
41.97321,-1.3057
41.9832,-1.2472
41.9932,-1.1897
42.00319,-1.1292
42.01319,-1.0719
42.02319,-1.001
42.03319,-0.9368
42.04319,-0.8794
42.0532,-0.7909
42.0632,-0.6716
42.0732,-0.3963
42.0832,0.1484
42.0932,0.8916
42.1032,1.495
42.1132,1.9194
42.1232,2.0413
42.13321,1.8033
42.14321,1.1375
42.15319,1.5488
42.16316,1.9946
42.17313,2.1914
42.18311,2.2326
42.19308,2.1088
42.20305,1.8969
42.21302,1.5735
42.22299,1.1935
42.23296,0.7737
42.24293,0.3733
42.2529,0.0526
42.26287,-0.154
42.27285,-0.2501
42.28296,-0.272
42.29306,-0.2652
42.30316,-0.2522
42.31326,-0.2328
42.32336,-0.2388
42.33347,-0.3342
42.34357,-0.4895
42.35367,-0.7377
42.36377,-0.929
42.37387,-1.0712
42.38398,-1.2502
42.39408,-1.3468
42.40413,-1.3947
42.41412,-1.4011
42.42411,-1.4271
42.4341,-1.4452
42.4441,-1.4304
42.45409,-1.4431
42.46408,-1.4473
42.47407,-1.4604
42.48407,-1.4787
42.49406,-1.4597
42.50405,-1.4383
42.51404,-1.4232
42.52403,-1.4096
42.53403,-1.3888
42.54404,-1.3741
42.55404,-1.3717
42.56404,-1.3557
42.57404,-1.3439
42.58404,-1.3415
42.59404,-1.358
42.60404,-1.3595
42.61404,-1.3594
42.62404,-1.3457
42.63404,-1.3266
42.64404,-1.3164
42.65403,-1.3397
42.66398,-1.3559
42.67393,-1.4002
42.68389,-1.4452
42.69384,-1.4795
42.7038,-1.4967
42.71375,-1.4709
42.72371,-1.4714
42.73366,-1.4623
42.74361,-1.458
42.75356,-1.4704
42.76352,-1.4847
42.77347,-1.5012
42.78347,-1.5012
42.79348,-1.5124
42.80348,-1.5235
42.81348,-1.535
42.82348,-1.5468
42.83348,-1.5617
42.84348,-1.576
42.85349,-1.5533
42.86349,-1.5198
42.87349,-1.4673
42.88349,-1.4161
42.89349,-1.3712
42.90349,-1.28
42.91349,-1.1925
42.92348,-1.0999
42.93348,-1.0114
42.94347,-0.899
42.95346,-0.7837
42.96346,-0.6346
42.97345,-0.4948
42.98344,-0.3457
42.99344,-0.2454
43.00343,-0.1272
43.01343,-0.1635
43.02342,-0.1291
43.03346,-0.0709
43.0435,0.0901
43.05353,0.1766
43.06356,0.1654
43.07359,0.2752
43.08363,0.2896
43.09366,-0.0179
43.10369,-0.1202
43.11373,-0.1906
43.12376,-0.2641
43.13379,-0.4434
43.14383,-0.6398
43.15382,-0.8081
43.16379,-0.9587
43.17375,-1.0752
43.18371,-1.1554
43.19368,-1.2037
43.20364,-1.2625
43.2136,-1.3257
43.22356,-1.3944
43.23353,-1.4657
43.24349,-1.4952
43.25346,-1.485
43.26342,-1.4314
43.27338,-1.3576
43.2834,-1.2983
43.29342,-1.2516
43.30344,-1.2233
43.31345,-1.2192
43.32347,-1.2202
43.33349,-1.232
43.34351,-1.2104
43.35352,-1.1826
43.36354,-1.1735
43.37355,-1.1649
43.38357,-1.1395
43.39359,-1.1389
43.40361,-1.1571
43.41362,-1.1651
43.42363,-1.1655
43.43364,-1.1737
43.44365,-1.1692
43.45367,-1.1374
43.46368,-1.1267
43.47369,-1.1161
43.4837,-1.1157
43.49371,-1.1054
43.50372,-1.0855
43.51373,-1.0844
43.52374,-1.0879
43.53382,-1.1133
43.5439,-1.1176
43.55398,-1.0982
43.56406,-1.0785
43.57413,-1.0278
43.58421,-0.998
43.59429,-0.9813
43.60437,-0.9669
43.61445,-0.9522
43.62453,-0.9279
43.63461,-0.9268
43.64468,-0.9163
43.65474,-0.8933
43.66473,-0.8666
43.67472,-0.8282
43.68472,-0.7779
43.69471,-0.7311
43.7047,-0.6854
43.71469,-0.6501
43.72469,-0.6293
43.73468,-0.6283
43.74467,-0.6268
43.75466,-0.6099
43.76466,-0.5858
43.77465,-0.5807
43.78464,-0.5652
43.79464,-0.5888
43.80463,-0.5892
43.81462,-0.5802
43.82461,-0.5023
43.83461,-0.4324
43.8446,-0.333
43.85459,-0.269
43.86458,-0.2216
43.87457,-0.2068
43.88457,-0.2253
43.89456,-0.2835
43.90456,-0.3945
43.91456,-0.5205
43.92457,-0.6677
43.93457,-0.8151
43.94457,-0.9581
43.95458,-1.079
43.96458,-1.1909
43.97458,-1.2738
43.98459,-1.3059
43.99459,-1.2985
44.00459,-1.3102
44.0146,-1.2878
44.0246,-1.2689
44.0346,-1.2177
44.0446,-1.1689
44.0546,-1.1426
44.06459,-1.1168
44.07459,-1.109
44.08459,-1.075
44.09459,-1.0698
44.10458,-1.0396
44.11458,-1.0207
44.12458,-1.0281
44.13458,-1.0271
44.14458,-1.0493
44.15462,-1.1736
44.16467,-1.2802
44.17472,-1.3161
44.18476,-1.3196
44.19481,-1.3156
44.20486,-1.2818
44.21491,-1.1824
44.22496,-1.0906
44.23501,-1.0231
44.24506,-0.9702
44.2551,-0.9402
44.26515,-0.9211
44.2752,-0.9019
44.28516,-0.9002
44.29511,-0.8465
44.30507,-0.77
44.31502,-0.6792
44.32497,-0.5948
44.33493,-0.4562
44.34488,-0.316
44.35484,-0.1751
44.3648,-0.3883
44.37475,-0.2764
44.3847,-0.1256
44.39466,-0.3752
44.40463,-0.248
44.41462,-0.146
44.42461,-0.2532
44.43459,-0.1204
44.44458,-0.0008
44.45457,0.1209
44.46455,0.2237
44.47454,0.2503
44.48453,0.2354
44.49452,0.068
44.50451,-0.2104
44.51449,-0.4711
44.52448,-0.6886
44.53446,-0.8711
44.54443,-0.987
44.5544,-1.0856
44.56437,-1.19
44.57434,-1.2733
44.58432,-1.3451
44.59429,-1.4252
44.60426,-1.5118
44.61423,-1.5819
44.6242,-1.6027
44.63417,-1.6591
44.64414,-1.6671
44.65417,-1.6731
44.66425,-1.6985
44.67433,-1.6137
44.68441,-1.5147
44.69449,-1.4964
44.70457,-1.4746
44.71465,-1.4445
44.72473,-1.4233
44.73481,-1.4374
44.74489,-1.4237
44.75497,-1.4047
44.76505,-1.3572
44.77513,-1.3118
44.78513,-1.3248
44.79513,-1.3031
44.80513,-1.3354
44.81513,-1.2692
44.82513,-1.2992
44.83513,-1.3178
44.84513,-1.3163
44.85513,-1.3044
44.86513,-1.2617
44.87513,-1.2172
44.88512,-1.1733
44.89512,-1.1363
44.90513,-1.0925
44.9151,-1.0552
44.92508,-1.0011
44.93505,-0.9521
44.94503,-0.8757
44.95501,-0.8222
44.96498,-0.7
44.97496,-0.73
44.98493,-0.6633
44.99491,-0.5224
45.00488,-0.4494
45.01486,-0.3159
45.02483,-0.2734
45.03486,-0.2423
45.04489,-0.1352
45.05491,-0.0799
45.06493,-0.0285
45.07495,0.0347
45.08498,-0.0062
45.095,0.068
45.10502,0.1358
45.11505,0.1871
45.12507,0.2022
45.13509,0.1766
45.14511,0.1071
45.15514,-0.1051
45.16514,-0.3971
45.17514,-0.6534
45.18515,-0.8673
45.19515,-1.0542
45.20516,-1.2058
45.21516,-1.3267
45.22517,-1.426
45.23517,-1.4944
45.24517,-1.5427
45.25518,-1.5786
45.26518,-1.5939
45.27519,-1.5961
45.28518,-1.5918
45.29517,-1.6044
45.30516,-1.5774
45.31515,-1.6277
45.32514,-1.6752
45.33513,-1.713
45.34512,-1.7816
45.35511,-1.7805
45.3651,-1.7685
45.37509,-1.7312
45.38508,-1.7209
45.39507,-1.6768
45.40508,-1.6448
45.41509,-1.6603
45.4251,-1.6214
45.43512,-1.5957
45.44513,-1.5877
45.45514,-1.5135
45.46515,-1.4877
45.47517,-1.4724
45.48518,-1.4599
45.49519,-1.4273
45.5052,-1.3995
45.51522,-1.3609
45.52523,-1.3306
45.53522,-1.3414
45.54522,-1.3308
45.55521,-1.3521
45.5652,-1.3397
45.57518,-1.3479
45.58517,-1.3379
45.59517,-1.3173
45.60516,-1.2947
45.61514,-1.2211
45.62513,-1.1513
45.63512,-1.0647
45.64511,-1.0053
45.65511,-0.9218
45.66507,-0.8806
45.67503,-0.8564
45.685,-0.7932
45.69496,-0.6977
45.70493,-0.5388
45.71489,-0.1437
45.72485,-0.1043
45.73482,-0.0807
45.74478,-0.0055
45.75475,0.1217
45.76471,0.2696
45.77467,0.4142
45.78475,0.5205
45.79483,0.5099
45.8049,0.4006
45.81498,0.2817
45.82506,0.1116
45.83514,-0.1066
45.84521,-0.3434
45.85529,-0.5952
45.86537,-0.8343
45.87545,-1.0277
45.88552,-1.1685
45.8956,-1.2985
45.90567,-1.4249
45.91569,-1.4868
45.92571,-1.5564
45.93573,-1.6254
45.94575,-1.6827
45.95577,-1.6851
45.96579,-1.6582
45.97581,-1.5918
45.98583,-1.5597
45.99585,-1.5196
46.00587,-1.5254
46.01588,-1.4713
46.02591,-1.3819
46.03588,-1.318
46.04585,-1.3122
46.05582,-1.2487
46.06579,-1.2796
46.07576,-1.2663
46.08574,-1.2807
46.09571,-1.2901
46.10568,-1.278
46.11565,-1.2271
46.12562,-1.2381
46.13559,-1.2168
46.14556,-1.2173
46.15556,-1.1988
46.16558,-1.1831
46.17561,-1.1521
46.18563,-1.1056
46.19565,-1.0677
46.20567,-1.0241
46.21569,-0.9826
46.22572,-0.9113
46.23574,-0.8218
46.24576,-0.7236
46.25578,-0.6665
46.2658,-0.6094
46.27583,-0.6219
46.2858,-0.6223
46.29577,-0.5502
46.30574,-0.4886
46.31572,-0.4676
46.32569,-0.3692
46.33566,-0.3729
46.34563,-0.4197
46.3556,-0.3698
46.36558,-0.3165
46.37555,-0.257
46.38552,-0.2072
46.39549,-0.1597
46.40548,-0.0937
46.41547,-0.0461
46.42545,0.0408
46.43544,0.1493
46.44543,0.2574
46.45541,0.3624
46.4654,0.4327
46.47539,0.4737
46.48537,0.4852
46.49536,0.473
46.50535,0.4293
46.51534,0.3495
46.52532,0.2151
46.53533,-0.0015
46.54533,-0.2315
46.55533,-0.4073
46.56534,-0.5884
46.57534,-0.7765
46.58534,-0.951
46.59534,-1.082
46.60535,-1.1511
46.61535,-1.1853
46.62535,-1.2121
46.63536,-1.2332
46.64536,-1.2207
46.65536,-1.2472
46.66536,-1.246
46.67537,-1.3023
46.68537,-1.338
46.69537,-1.3206
46.70537,-1.3234
46.71537,-1.3076
46.72537,-1.2847
46.73537,-1.2615
46.74537,-1.2684
46.75537,-1.217
46.76537,-1.1384
46.77538,-1.08
46.78548,-1.0492
46.79558,-1.0006
46.80568,-0.9667
46.81578,-0.9427
46.82589,-0.9033
46.83599,-0.8699
46.84609,-0.8596
46.8562,-0.8429
46.8663,-0.7873
46.8764,-0.7336
46.88651,-0.6783
46.89661,-0.672
46.90666,-0.6657
46.91665,-0.6615
46.92665,-0.6311
46.93664,-0.5806
46.94663,-0.4868
46.95663,-0.3744
46.96662,-0.3397
46.97661,-0.3803
46.98661,-0.6195
46.9966,-0.5451
47.00659,-0.6031
47.01658,-0.4955
47.02658,-0.4183
47.03658,-0.316
47.04658,-0.2928
47.05658,-0.7482
47.06658,-0.5696
47.07658,-0.464
47.08658,-0.3837
47.09658,-0.4569
47.10658,-0.565
47.11658,-0.6751
47.12658,-0.7754
47.13658,-0.9068
47.14658,-1.0517
47.15658,-1.1844
47.16658,-1.2917
47.17657,-1.4087
47.18657,-1.535
47.19656,-1.6372
47.20655,-1.5751
47.21655,-1.421
47.22654,-1.3013
47.23653,-1.2443
47.24653,-1.2162
47.25652,-1.1883
47.26652,-1.1708
47.27651,-1.1757
47.28658,-1.1955
47.29665,-1.2314
47.30671,-1.2557
47.31678,-1.2717
47.32684,-1.2807
47.33691,-1.3114
47.34698,-1.3335
47.35704,-1.3434
47.36711,-1.365
47.37718,-1.3795
47.38725,-1.3811
47.39731,-1.3684
47.40734,-1.3497
47.41734,-1.3016
47.42733,-1.2622
47.43731,-1.2189
47.4473,-1.171
47.45729,-1.123
47.46728,-1.0806
47.47727,-1.0379
47.48726,-0.9979
47.49725,-0.9669
47.50724,-0.9562
47.51723,-0.9613
47.52722,-0.9618
47.53719,-0.9593
47.54715,-0.945
47.5571,-0.9357
47.56706,-0.9283
47.57702,-0.9259
47.58698,-0.9351
47.59694,-0.9661
47.6069,-1.0019
47.61686,-1.0059
47.62682,-0.9856
47.63678,-0.9481
47.64674,-0.9223
47.65672,-0.8967
47.66671,-0.8801
47.6767,-0.8425
47.68669,-0.8067
47.69668,-0.8024
47.70667,-0.8522
47.71667,-0.855
47.72666,-0.8249
47.73665,-0.8067
47.74664,-0.795
47.75663,-0.79
47.76663,-0.7763
47.77662,-0.7647
47.78658,-0.7601
47.79651,-0.7266
47.80645,-0.7074
47.81638,-0.6674
47.82632,-0.6054
47.83626,-0.5449
47.8462,-0.4652
47.85613,-0.3803
47.86607,-0.2967
47.876,-0.2555
47.88594,-0.2319
47.89588,-0.212
47.90593,-0.2188
47.91607,-0.3319
47.92622,-0.4115
47.93637,-0.4524
47.94651,-0.5259
47.95666,-0.528
47.96681,-0.6715
47.97696,-0.6645
47.98711,-0.5443
47.99725,-0.4502
48.0074,-0.4305
48.01755,-0.3862
48.02769,-0.4794
48.03766,-0.3111
48.04763,-0.2812
48.05759,-0.3221
48.06755,-0.4618
48.07752,-0.5487
48.08748,-0.5472
48.09745,-0.5358
48.10741,-0.5589
48.11738,-0.5953
48.12734,-0.6214
48.13731,-0.6146
48.14727,-0.5792
48.15725,-0.543
48.16726,-0.5582
48.17725,-0.5584
48.18726,-0.5023
48.19725,-0.4571
48.20726,-0.4511
48.21725,-0.4182
48.22726,-0.3851
48.23726,-0.3413
48.24726,-0.3113
48.25726,-0.2906
48.26726,-0.2423
48.27726,-0.2595
48.28722,-0.7616
48.29719,-0.7946
48.30715,-1.0917
48.31712,-1.078
48.32708,-0.8741
48.33704,-0.4685
48.347,-0.0236
48.35697,0.3563
48.36693,0.3402
48.3769,0.0368
48.38686,-0.3557
48.39682,-0.7088
48.40683,-0.9842
48.41686,-1.2101
48.42689,-1.4074
48.43692,-1.5894
48.44696,-1.7408
48.45699,-1.825
48.46702,-1.8897
48.47705,-1.8845
48.48708,-1.8535
48.49712,-1.802
48.50715,-1.7291
48.51718,-1.657
48.52721,-1.6176
48.53718,-1.539
48.54715,-1.431
48.55711,-1.33
48.56707,-1.2491
48.57703,-1.2057
48.587,-1.1967
48.59696,-1.2392
48.60693,-1.2731
48.61689,-1.3016
48.62685,-1.3435
48.63681,-1.352
48.64678,-1.2662
48.65677,-1.231
48.6668,-1.1941
48.67683,-1.1618
48.68686,-1.1746
48.69688,-1.1241
48.70691,-1.0679
48.71693,-1.0302
48.72696,-0.9513
48.73699,-0.8361
48.74702,-0.6638
48.75704,-0.5405
48.76707,-0.5643
48.7771,-0.5852
48.78709,-0.607
48.79705,-0.6262
48.80703,-0.6973
48.81699,-0.7604
48.82697,-0.698
48.83694,-0.5782
48.8469,-0.409
48.85688,-0.5304
48.86684,-0.7028
48.87682,-0.817
48.88679,-1.1226
48.89676,-1.0917
48.90674,-1.006
48.91674,-0.9205
48.92673,-0.9479
48.93673,-1.0896
48.94673,-1.1539
48.95672,-1.168
48.96672,-1.0614
48.97672,-0.8262
48.98671,-0.461
48.99671,-0.1085
49.00671,0.0161
49.0167,-0.0699
49.0267,-0.2866
49.03677,-0.5928
49.04685,-0.8884
49.05692,-1.098
49.06699,-1.2489
49.07706,-1.3852
49.08714,-1.4797
49.09721,-1.5635
49.10728,-1.6232
49.11736,-1.6676
49.12743,-1.6888
49.1375,-1.7154
49.14757,-1.7203
49.1576,-1.7201
49.1676,-1.7486
49.1776,-1.7766
49.18759,-1.826
49.19759,-1.8265
49.20758,-1.8316
49.21758,-1.832
49.22758,-1.7772
49.23757,-1.7513
49.24757,-1.674
49.25756,-1.584
49.26756,-1.5109
49.27756,-1.4356
49.28756,-1.3652
49.29757,-1.2752
49.30756,-1.216
49.31757,-1.1794
49.32756,-1.1649
49.33756,-1.1581
49.34756,-1.1644
49.35756,-1.1665
49.36757,-1.148
49.37756,-1.1211
49.38757,-1.0986
49.39756,-1.0808
49.40758,-1.0168
49.41761,-0.8949
49.42764,-0.7416
49.43767,-0.5731
49.4477,-0.4562
49.45773,-0.4277
49.46776,-0.4028
49.47779,-0.3782
49.48782,-0.4364
49.49785,-0.3817
49.50788,-0.3829
49.51791,-0.3328
49.52794,-0.5095
49.53794,-0.5384
49.54793,-0.4038
49.55793,-0.3347
49.56792,-0.4297
49.57791,-0.7414
49.58791,-0.9964
49.5979,-1.0222
49.60789,-1.1087
49.61789,-1.2212
49.62788,-1.378
49.63787,-1.4567
49.64787,-1.4611
49.6579,-1.4861
49.66796,-1.5129
49.67804,-1.5022
49.6881,-1.5129
49.69817,-1.5457
49.70824,-1.5297
49.71831,-1.5369
49.72837,-1.5361
49.73844,-1.5377
49.74851,-1.5143
49.75858,-1.4929
49.76865,-1.4862
49.77871,-1.5068
49.78864,-1.5477
49.79856,-1.5573
49.80849,-1.5563
49.81841,-1.5789
49.82834,-1.5801
49.83826,-1.5894
49.84819,-1.6157
49.85811,-1.6129
49.86803,-1.6044
49.87796,-1.593
49.88788,-1.5522
49.8978,-1.5175
49.90776,-1.4766
49.91774,-1.4465
49.92771,-1.4182
49.93769,-1.3966
49.94767,-1.3837
49.95765,-1.3687
49.96762,-1.3434
49.9776,-1.3021
49.98758,-1.2711
49.99755,-1.2396
50.00753,-1.218
50.01751,-1.2192
50.02748,-1.1981
50.0375,-1.1823
50.04751,-1.1486
50.05753,-1.1391
50.06754,-1.1387
50.07755,-1.1519
50.08756,-1.1521
50.09758,-1.1513
50.10759,-1.1522
50.1176,-1.1354
50.12762,-1.1231
50.13763,-1.1141
50.14764,-1.1392
50.15768,-1.1159
50.16772,-1.1242
50.17777,-1.1032
50.18782,-1.0883
50.19787,-1.0788
50.20792,-1.0705
50.21796,-1.05
50.22801,-1.0365
50.23806,-1.021
50.2481,-0.9941
50.25815,-0.9734
50.2682,-0.9595
50.27825,-0.9454
50.28825,-0.9184
50.29826,-0.8801
50.30826,-0.8637
50.31826,-0.8505
50.32827,-0.8257
50.33827,-0.8269
50.34828,-0.8066
50.35828,-0.86
50.36829,-0.8806
50.37829,-0.844
50.38829,-0.7776
50.3983,-0.6838
50.40831,-0.592
50.41833,-0.5048
50.42836,-0.4382
50.43839,-0.3245
50.44841,-0.31
50.45843,-0.3123
50.46846,-0.474
50.47848,-0.9261
50.4885,-0.8486
50.49853,-0.7546
50.50855,-0.8459
50.51857,-0.4766
50.5286,-0.2509
50.53857,0.0446
50.54853,0.1371
50.5585,0.0972
50.56847,-0.0828
50.57843,-0.319
50.5884,-0.561
50.59837,-0.7562
50.60834,-0.9455
50.6183,-1.0887
50.62827,-1.16
50.63824,-1.1536
50.6482,-1.1055
50.65824,-1.0676
50.66832,-1.04
50.67839,-0.9801
50.68847,-0.9016
50.69854,-0.856
50.70861,-0.8676
50.71869,-0.9326
50.72876,-1.0474
50.73883,-1.1638
50.74891,-1.2889
50.75898,-1.4219
50.76906,-1.5319
50.77913,-1.5863
50.78908,-1.621
50.79902,-1.6115
50.80897,-1.5973
50.81891,-1.5724
50.82885,-1.5334
50.83879,-1.4916
50.84874,-1.4472
50.85868,-1.4534
50.86862,-1.4698
50.87856,-1.4778
50.8885,-1.4649
50.89845,-1.4492
50.90841,-1.4204
50.91839,-1.3881
50.92837,-1.3436
50.93835,-1.2893
50.94833,-1.2111
50.9583,-1.1594
50.96828,-1.0739
50.97826,-0.9806
50.98824,-0.9112
50.99822,-0.8672
51.0082,-0.7892
51.01818,-0.6931
51.02816,-0.633
51.03817,-0.5544
51.04815,-0.4829
51.05813,-0.4532
51.06812,-0.3847
51.07809,-0.4741
51.08808,-0.4953
51.09806,-0.5883
51.10804,-0.6029
51.11802,-0.4751
51.12801,-0.2017
51.13799,-0.0623
51.14797,0.115
51.15797,0.2356
51.16797,0.2089
51.17797,0.0627
51.18798,-0.1525
51.19798,-0.2956
51.20799,-0.3152
51.21799,-0.2759
51.228,-0.2441
51.238,-0.1856
51.248,-0.0894
51.25801,0.0053
51.26801,-0.3121
51.27802,-0.5782
51.28815,-0.0357
51.29827,0.2644
51.30839,0.0306
51.31851,0.1237
51.32863,0.2685
51.33875,0.4571
51.34887,0.496
51.35899,0.3883
51.36912,0.2028
51.37924,-0.0527
51.38936,-0.2602
51.39948,-0.3587
51.40953,-0.384
51.41951,-0.3403
51.42949,-0.2633
51.43948,-0.1521
51.44946,-0.0607
51.45944,-0.0138
51.46942,0.0081
51.4794,0.002
51.48938,-0.0094
51.49936,-0.0224
51.50935,-0.0522
51.51933,-0.0564
51.52931,-0.0556
51.53931,-0.0545
51.5493,-0.0782
51.5593,-0.1576
51.5693,-0.3114
51.57929,-0.4829
51.58929,-0.6308
51.59929,-0.7791
51.60928,-0.9599
51.61928,-1.0897
51.62927,-1.2005
51.63927,-1.2998
51.64927,-1.382
51.65925,-1.4554
51.66922,-1.5202
51.6792,-1.5874
51.68917,-1.6419
51.69914,-1.6844
51.70911,-1.6833
51.71909,-1.6402
51.72906,-1.5757
51.73903,-1.5876
51.749,-1.4622
51.75898,-1.3957
51.76895,-1.3868
51.77892,-1.4144
51.78894,-1.4138
51.79896,-1.4106
51.80898,-1.4072
51.81899,-1.378
51.82901,-1.3862
51.83902,-1.3895
51.84904,-1.407
51.85906,-1.4133
51.86907,-1.3605
51.87909,-1.3068
51.88911,-1.2558
51.89912,-1.1575
51.90912,-1.038
51.91909,-0.8945
51.92907,-0.8263
51.93904,-0.8116
51.94902,-0.7271
51.95899,-0.5231
51.96896,-0.7208
51.97894,-0.6907
51.98891,-0.6249
51.99888,-0.4632
52.00886,0.2273
52.01883,0.8924
52.0288,1.1634
52.03883,1.1254
52.04884,0.638
52.05885,0.5929
52.06886,0.395
52.07888,0.2634
52.08889,0.1722
52.0989,0.0448
52.10891,-0.0545
52.11892,-0.1114
52.12894,-0.1346
52.13895,-0.1031
52.14896,-0.0478
52.15897,0.0178
52.16898,0.0754
52.17899,0.081
52.18899,0.1473
52.199,0.2369
52.20901,0.3573
52.21901,0.4148
52.22902,0.4203
52.23903,0.3571
52.24903,0.2887
52.25904,0.1832
52.26905,0.0489
52.27905,-0.1616
52.28906,-0.4149
52.29906,-0.6816
52.30907,-0.9171
52.31907,-1.1206
52.32908,-1.3235
52.33908,-1.445
52.34909,-1.5289
52.35909,-1.5672
52.36909,-1.565
52.3791,-1.566
52.3891,-1.5852
52.39911,-1.5761
52.40911,-1.6006
52.41909,-1.6213
52.42908,-1.6244
52.43907,-1.6475
52.44906,-1.6776
52.45905,-1.697
52.46904,-1.6906
52.47902,-1.68
52.48901,-1.6626
52.499,-1.6511
52.50899,-1.612
52.51898,-1.5958
52.52896,-1.582
52.53907,-1.5964
52.54916,-1.5861
52.55926,-1.5898
52.56936,-1.5801
52.57945,-1.583
52.58955,-1.5919
52.59965,-1.5748
52.60974,-1.5597
52.61984,-1.549
52.62994,-1.5192
52.64003,-1.4905
52.65013,-1.4206
52.66017,-1.373
52.67015,-1.3584
52.68012,-1.3567
52.6901,-1.3464
52.70008,-1.3452
52.71006,-1.3295
52.72004,-1.3072
52.73001,-1.2961
52.73999,-1.2691
52.74997,-1.2182
52.75994,-1.1436
52.76992,-1.0705
52.7799,-1.0262
52.78988,-0.9982
52.79985,-0.9615
52.80982,-0.8904
52.81979,-0.8538
52.82977,-0.8321
52.83974,-0.8415
52.84971,-0.8378
52.85968,-0.8228
52.86965,-0.8039
52.87962,-0.8107
52.88959,-0.8216
52.89956,-0.824
52.90957,-0.8461
52.9196,-0.8783
52.92963,-0.8883
52.93967,-0.897
52.9497,-0.9029
52.95973,-0.9225
52.96976,-0.9348
52.9798,-0.9354
52.98983,-0.9046
52.99986,-0.9097
53.00989,-0.8883
53.01992,-0.8641
53.02996,-0.8052
53.03996,-0.7381
53.04996,-0.5862
53.05996,-0.3994
53.06996,-0.2575
53.07996,-0.1424
53.08996,0.0253
53.09996,0.1656
53.10997,0.3306
53.11997,0.4084
53.12997,0.4121
53.13997,0.2726
53.14997,0.1169
53.15997,0.0046
53.16996,-0.0836
53.17995,-0.12
53.18994,-0.1478
53.19993,-0.1261
53.20992,-0.0709
53.21991,0.0063
53.2299,0.0846
53.23988,0.155
53.24987,0.2016
53.25986,0.2469
53.26985,0.2864
53.27984,0.3398
53.28983,0.3777
53.29982,0.3902
53.30981,0.3822
53.31981,0.3766
53.3298,0.4332
53.33979,0.5372
53.34978,0.6268
53.35978,0.7006
53.36977,0.7528
53.37976,0.7502
53.38975,0.7176
53.39974,0.6735
53.40974,0.6094
53.41973,0.5016
53.42973,0.4256
53.43972,0.3619
53.44971,0.2813
53.4597,0.1638
53.46969,0.0486
53.47968,-0.029
53.48967,-0.0927
53.49966,-0.154
53.50965,-0.2247
53.51965,-0.2725
53.52964,-0.3197
53.53964,-0.3369
53.54964,-0.3694
53.55965,-0.3886
53.56965,-0.4305
53.57965,-0.4772
53.58966,-0.4691
53.59966,-0.5056
53.60966,-0.4999
53.61966,-0.472
53.62967,-0.4559
53.63967,-0.4661
53.64967,-0.5131
53.65971,-0.5578
53.66978,-0.5626
53.67986,-0.555
53.68993,-0.5398
53.7,-0.51
53.71007,-0.4841
53.72014,-0.4337
53.73021,-0.3524
53.74028,-0.2074
53.75035,0.0202
53.76043,-0.1098
53.7705,-0.8085
53.78057,-0.8077
53.79055,-0.8852
53.80052,-0.9371
53.8105,-0.7273
53.82047,-0.4416
53.83044,-0.5711
53.84042,-0.4899
53.85039,-0.3009
53.86037,0.1308
53.87034,-0.2009
53.88031,-0.0466
53.89029,-0.0689
53.90026,-0.3315
53.91024,-0.7142
53.92023,-1.0385
53.93023,-1.2585
53.94022,-1.4267
53.95021,-1.5464
53.9602,-1.6355
53.97019,-1.6812
53.98018,-1.7147
53.99017,-1.7252
54.00016,-1.7365
54.01015,-1.7012
54.02015,-1.6965
54.03014,-1.6997
54.04016,-1.7288
54.05018,-1.7943
54.0602,-1.8634
54.07022,-1.9396
54.08024,-2.0256
54.09026,-2.0815
54.10028,-2.1082
54.11031,-2.11
54.12033,-2.1085
54.13035,-2.1008
54.14037,-2.0971
54.15039,-2.1503
54.16042,-2.1646
54.17042,-2.179
54.18043,-2.1939
54.19043,-2.1815
54.20044,-2.1613
54.21044,-2.1137
54.22045,-2.0962
54.23045,-2.0766
54.24046,-2.0476
54.25046,-2.043
54.26047,-2.0235
54.27047,-2.0257
54.28048,-1.9855
54.29045,-1.9479
54.30042,-1.9281
54.31038,-1.8915
54.32035,-1.8611
54.33031,-1.7893
54.34028,-1.7053
54.35025,-1.5922
54.36021,-1.4917
54.37018,-1.4253
54.38015,-1.3707
54.39011,-1.3075
54.40008,-1.2915
54.41008,-1.2732
54.4201,-1.2008
54.43011,-1.082
54.44012,-0.9474
54.45013,-1.1462
54.46014,-1.2252
54.47015,-1.2017
54.48016,-1.0945
54.49017,-1.1163
54.50019,-1.0673
54.5102,-1.0541
54.52021,-0.9545
54.53022,-0.6173
54.54024,-0.2128
54.55024,-0.0752
54.56023,-0.334
54.57022,-0.2678
54.58022,-0.2327
54.59022,-0.1507
54.60021,-0.3195
54.61021,-0.464
54.6202,-0.5672
54.6302,-0.7235
54.64019,-0.8764
54.65019,-1.0163
54.66019,-1.1529
54.67019,-1.2911
54.68018,-1.4495
54.69017,-1.5696
54.70017,-1.6556
54.71017,-1.7089
54.72017,-1.7419
54.73016,-1.788
54.74015,-1.8077
54.75015,-1.8143
54.76015,-1.7474
54.77015,-1.7056
54.78014,-1.6759
54.79025,-1.6354
54.80034,-1.6383
54.81043,-1.6372
54.82052,-1.6106
54.83062,-1.5724
54.84071,-1.5307
54.8508,-1.4656
54.86089,-1.4417
54.87098,-1.4529
54.88107,-1.4695
54.89116,-1.5216
54.90125,-1.5423
54.91129,-1.5534
54.9213,-1.5497
54.9313,-1.5324
54.9413,-1.5214
54.9513,-1.5112
54.9613,-1.5032
54.97131,-1.5106
54.98131,-1.485
54.99131,-1.456
55.00131,-1.4226
55.01131,-1.4012
55.02131,-1.386
55.03131,-1.3774
55.04137,-1.364
55.05144,-1.3389
55.0615,-1.2964
55.07156,-1.1781
55.08162,-1.175
55.09168,-1.102
55.10175,-0.9957
55.1118,-0.8437
55.12187,-0.6363
55.13193,-0.5633
55.14199,-0.5801
55.15205,-0.5391
55.16203,-0.4571
55.17194,-0.1344
55.18184,0.1646
55.19174,0.3181
55.20164,0.4143
55.21154,0.3966
55.22144,0.2918
55.23134,0.1109
55.24125,-0.0983
55.25114,-0.3129
55.26105,-0.4829
55.27095,-0.6207
55.28085,-0.7295
55.29084,-0.839
55.30083,-0.9211
55.31082,-1.017
55.3208,-1.1117
55.33079,-1.1941
55.34078,-1.2458
55.35077,-1.3115
55.36075,-1.3737
55.37074,-1.4388
55.38073,-1.4643
55.39072,-1.4899
55.4007,-1.539
55.41071,-1.5948
55.42074,-1.5417
55.43076,-1.5878
55.44079,-1.6091
55.45081,-1.605
55.46084,-1.6487
55.47086,-1.7343
55.48089,-1.771
55.49091,-1.7387
55.50094,-1.6933
55.51096,-1.6358
55.52099,-1.579
55.53101,-1.5052
55.54109,-1.4418
55.55116,-1.3857
55.56123,-1.3446
55.57131,-1.3127
55.58138,-1.2719
55.59145,-1.2484
55.60152,-1.2259
55.6116,-1.1948
55.62167,-1.1892
55.63174,-1.2008
55.64181,-1.2151
55.65189,-1.2061
55.66187,-1.2232
55.67176,-1.2546
55.68165,-1.2966
55.69154,-1.3224
55.70143,-1.3482
55.71132,-1.343
55.72121,-1.3351
55.7311,-1.3437
55.74099,-1.3517
55.75088,-1.3417
55.76077,-1.3338
55.77066,-1.3354
55.78055,-1.3485
55.79066,-1.3529
55.80076,-1.3604
55.81086,-1.3541
55.82097,-1.3523
55.83107,-1.336
55.84118,-1.3303
55.85128,-1.3248
55.86139,-1.3289
55.87149,-1.3251
55.88159,-1.3352
55.8917,-1.333
55.9018,-1.3529
55.91186,-1.3674
55.92187,-1.3736
55.93188,-1.3801
55.94189,-1.3612
55.9519,-1.3474
55.96191,-1.3279
55.97192,-1.3137
55.98193,-1.2827
55.99194,-1.2485
56.00195,-1.2224
56.01197,-1.1777
56.02198,-1.0778
56.03199,-0.9526
56.04205,-0.8149
56.05212,-0.73
56.06219,-0.6621
56.07225,-0.7925
56.08232,-0.8166
56.09238,-0.8668
56.10245,-0.8666
56.11252,-0.8176
56.12259,-0.7662
56.13265,-0.7362
56.14272,-0.7473
56.15279,-0.7365
56.16277,-0.7866
56.17266,-0.623
56.18256,-0.4065
56.19245,-0.4195
56.20235,-0.5759
56.21224,-0.3282
56.22213,-0.3872
56.23203,-0.4522
56.24192,-0.6175
56.25182,-0.8314
56.26171,-1.0418
56.2716,-1.2091
56.2815,-1.3377
56.29158,-1.4261
56.30163,-1.497
56.31169,-1.5452
56.32174,-1.5936
56.3318,-1.6108
56.34185,-1.6068
56.35191,-1.5892
56.36197,-1.6392
56.37202,-1.7151
56.38208,-1.762
56.39214,-1.7992
56.40219,-1.809
56.4122,-1.8268
56.42217,-1.8302
56.43214,-1.7894
56.4421,-1.7268
56.45207,-1.6967
56.46204,-1.6686
56.472,-1.6715
56.48197,-1.6789
56.49194,-1.6857
56.50191,-1.7275
56.51187,-1.7437
56.52184,-1.7371
56.53181,-1.7109
56.54181,-1.6893
56.55181,-1.662
56.56181,-1.6465
56.5718,-1.6296
56.5818,-1.624
56.5918,-1.6353
56.6018,-1.6406
56.6118,-1.644
56.6218,-1.6156
56.63179,-1.5631
56.64179,-1.5261
56.65179,-1.5024
56.66178,-1.4427
56.67175,-1.4158
56.68173,-1.3822
56.6917,-1.3518
56.70168,-1.3448
56.71165,-1.2953
56.72163,-1.2259
56.7316,-1.1357
56.74158,-1.0632
56.75155,-1.0031
56.76153,-0.9438
56.7715,-0.916
56.78148,-0.8424
56.79147,-0.8125
56.80145,-0.83
56.81144,-0.7758
56.82142,-0.5869
56.83141,-0.2092
56.84139,-0.0065
56.85138,0.0301
56.86136,-0.0706
56.87135,-0.3093
56.88133,-0.5525
56.89132,-0.8044
56.9013,-1.0263
56.91132,-1.2075
56.92135,-1.348
56.93139,-1.4801
56.94142,-1.5927
56.95145,-1.6721
56.96149,-1.7386
56.97153,-1.8129
56.98156,-1.846
56.9916,-1.8508
57.00163,-1.8738
57.01167,-1.8959
57.0217,-1.9476
57.03174,-1.9829
57.04173,-1.9881
57.05172,-2.0082
57.06171,-2.0074
57.0717,-1.987
57.08168,-2.0217
57.09167,-2.0106
57.10166,-2.0393
57.11165,-1.9958
57.12164,-1.974
57.13163,-1.9541
57.14162,-1.9066
57.15161,-1.8819
57.16166,-1.8656
57.17178,-1.84
57.1819,-1.8243
57.19202,-1.8085
57.20214,-1.7907
57.21226,-1.7615
57.22238,-1.7414
57.2325,-1.7308
57.24261,-1.7119
57.25274,-1.7006
57.26286,-1.7269
57.27297,-1.7501
57.28309,-1.7679
57.29307,-1.7855
57.30305,-1.7612
57.31302,-1.7308
57.323,-1.6937
57.33297,-1.6516
57.34295,-1.6381
57.35292,-1.6173
57.3629,-1.5716
57.37288,-1.5478
57.38285,-1.5407
57.39283,-1.4715
57.4028,-1.3745
57.41279,-1.2453
57.42274,-1.149
57.4327,-0.9816
57.44265,-0.806
57.45261,-0.6574
57.46256,-1.1155
57.47251,-1.233
57.48247,-1.1995
57.49242,-1.1722
57.50238,-1.2021
57.51233,-1.4194
57.52229,-1.4031
57.53224,-1.4567
57.54233,-1.3107
57.55243,-1.0224
57.56252,-0.6053
57.57261,-0.3442
57.58271,-0.2102
57.5928,-0.2203
57.6029,-0.2886
57.61299,-0.4238
57.62309,-0.6468
57.63318,-0.8801
57.64327,-1.1005
57.65337,-1.2534
57.6634,-1.3752
57.67338,-1.4562
57.68335,-1.5402
57.69333,-1.6168
57.70331,-1.67
57.71328,-1.638
57.72326,-1.5272
57.73323,-1.42
57.74321,-1.3657
57.75319,-1.3251
57.76316,-1.2967
57.77314,-1.2468
57.78311,-1.2274
57.79308,-1.19
57.80305,-1.1856
57.81302,-1.1836
57.82299,-1.1464
57.83296,-1.1065
57.84293,-1.0537
57.8529,-1.0203
57.86287,-0.9993
57.87284,-0.996
57.88281,-0.9325
57.89278,-0.8845
57.90274,-0.8355
57.9127,-0.8158
57.92263,-0.8008
57.93256,-0.7427
57.94249,-0.6711
57.95242,-0.578
57.96235,-0.5143
57.97228,-0.4875
57.98222,-0.4469
57.99215,-0.4229
58.00208,-0.3897
58.01201,-0.3754
58.02194,-0.3556
58.03187,-0.3502
58.04193,-0.3377
58.05197,-0.3002
58.06201,-0.2597
58.07206,-0.2449
58.0821,-0.2644
58.09214,-0.2566
58.10219,-0.2954
58.11223,-0.2808
58.12228,-0.3452
58.13232,-0.3641
58.14236,-0.3865
58.15241,-0.3942
58.16246,-0.3883
58.17252,-0.3974
58.18258,-0.4035
58.19265,-0.4008
58.20271,-0.3854
58.21277,-0.373
58.22283,-0.3601
58.23289,-0.3396
58.24295,-0.3417
58.25301,-0.3751
58.26307,-0.4501
58.27314,-0.4872
58.2832,-0.4691
58.29319,-0.4732
58.30316,-0.465
58.31313,-0.4524
58.32311,-0.4724
58.33308,-0.4839
58.34306,-0.5071
58.35303,-0.5438
58.36301,-0.5808
58.37299,-0.5638
58.38296,-0.5516
58.39294,-0.5381
58.40291,-0.52
58.41295,-0.4792
58.42305,-0.4696
58.43315,-0.4888
58.44325,-0.5153
58.45335,-0.5121
58.46344,-0.5021
58.47355,-0.4819
58.48364,-0.4524
58.49374,-0.4194
58.50384,-0.4039
58.51394,-0.3933
58.52404,-0.3741
58.53414,-0.3351
58.54414,-0.3388
58.55414,-0.3975
58.56414,-0.4501
58.57414,-0.5118
58.58414,-0.5386
58.59414,-0.6035
58.60414,-0.7282
58.61414,-0.7618
58.62414,-0.8352
58.63414,-0.8307
58.64414,-0.8491
58.65414,-0.8199
58.66411,-0.7372
58.67405,-0.7176
58.68399,-0.6765
58.69394,-0.772
58.70387,-0.6164
58.71381,-0.4529
58.72375,-0.3804
58.73369,-0.4476
58.74363,-0.5112
58.75357,-0.4783
58.76352,-0.4715
58.77345,-0.5335
58.78339,-0.6602
58.79338,-0.8053
58.80336,-0.9353
58.81334,-1.0362
58.82332,-1.1161
58.8333,-1.1688
58.84328,-1.2327
58.85326,-1.3
58.86324,-1.3831
58.87322,-1.4747
58.8832,-1.5477
58.89318,-1.6248
58.90316,-1.7077
58.91318,-1.7398
58.92325,-1.7586
58.93332,-1.7575
58.94339,-1.7477
58.95346,-1.6973
58.96352,-1.6354
58.97359,-1.581
58.98366,-1.5521
58.99373,-1.5314
59.0038,-1.4993
59.01387,-1.4957
59.02394,-1.4998
59.03401,-1.4961
59.04393,-1.5204
59.05384,-1.5671
59.06376,-1.5663
59.07367,-1.5889
59.08358,-1.5891
59.0935,-1.5907
59.10341,-1.5763
59.11333,-1.5631
59.12324,-1.5696
59.13316,-1.602
59.14307,-1.6104
59.15298,-1.5919
59.16294,-1.58
59.17294,-1.5356
59.18295,-1.4986
59.19295,-1.4357
59.20295,-1.3495
59.21296,-1.2526
59.22296,-1.1855
59.23296,-1.1178
59.24296,-1.0909
59.25296,-1.0899
59.26297,-1.1017
59.27297,-1.0722
59.28297,-1.0899
59.29297,-0.9633
59.30297,-0.8158
59.31298,-0.6728
59.32298,-0.5222
59.33298,-0.8295
59.34298,-0.6043
59.35298,-0.7637
59.36298,-1.0327
59.37299,-0.9277
59.38299,-0.7064
59.39299,-0.453
59.40299,-0.3557
59.41307,-0.5501
59.42323,-0.6054
59.43338,-0.6
59.44352,-0.5894
59.45367,-0.5712
59.46383,-0.6188
59.47398,-0.7062
59.48412,-0.8089
59.49427,-0.9308
59.50443,-1.0421
59.51458,-1.1335
59.52472,-1.2305
59.53487,-1.3162
59.5448,-1.3766
59.55473,-1.4369
59.56465,-1.4742
59.57457,-1.4627
59.5845,-1.4558
59.59442,-1.4623
59.60434,-1.5037
59.61427,-1.5211
59.62419,-1.5806
59.63411,-1.5915
59.64404,-1.6055
59.65396,-1.6316
59.66393,-1.6589
59.67392,-1.6456
59.68391,-1.6471
59.6939,-1.622
59.70389,-1.5863
59.71389,-1.5389
59.72388,-1.5106
59.73387,-1.5212
59.74386,-1.537
59.75385,-1.5569
59.76384,-1.5614
59.77384,-1.5582
59.78383,-1.5664
59.79383,-1.5893
59.80383,-1.6024
59.81382,-1.6182
59.82382,-1.6238
59.83382,-1.6354
59.84382,-1.6186
59.85382,-1.5944
59.86382,-1.5898
59.87381,-1.5773
59.88381,-1.5849
59.89381,-1.5759
59.90381,-1.5495
59.91381,-1.5408
59.92381,-1.5217
59.93381,-1.4703
59.94381,-1.4293
59.9538,-1.4225
59.9638,-1.3882
59.9738,-1.3416
59.9838,-1.3182
59.99379,-1.2941
60.00379,-1.1908
60.01379,-1.2104
60.02379,-1.1761
60.03379,-1.1046
60.04377,-1.0584
60.05375,-1.0096
60.06373,-0.8517
60.07372,-0.7311
60.08369,-0.7385
60.09368,-1.0549
60.10366,-1.2282
60.11364,-1.2411
60.12362,-1.1903
60.1336,-1.0391
60.14358,-0.8967
60.15356,-0.7293
60.16356,-0.3315
60.17356,-0.1703
60.18356,-0.2775
60.19357,-0.186
60.20357,-0.2989
60.21357,-0.4375
60.22358,-0.653
60.23358,-0.8814
60.24358,-1.0982
60.25359,-1.2736
60.26359,-1.4218
60.27359,-1.5401
60.2836,-1.6251
60.29361,-1.7059
60.30361,-1.7769
60.31361,-1.8262
60.32361,-1.8748
60.33361,-1.9102
60.34362,-1.9486
60.35362,-1.9654
60.36362,-1.9759
60.37363,-1.9631
60.38363,-1.9895
60.39363,-1.9911
60.40363,-2.0328
60.41363,-2.078
60.42362,-2.0436
60.43361,-1.9834
60.4436,-1.935
60.45359,-1.8621
60.46359,-1.7084
60.47358,-1.6672
60.48357,-1.6857
60.49356,-1.6391
60.50355,-1.6063
60.51354,-1.5475
60.52353,-1.4851
60.53352,-1.4457
60.54363,-1.41
60.55371,-1.3985
60.56379,-1.3532
60.57388,-1.319
60.58396,-1.3028
60.59404,-1.2956
60.60412,-1.2613
60.6142,-1.2497
60.62429,-1.2144
60.63437,-1.1692
60.64445,-1.1272
60.65453,-1.0997
60.66457,-1.0596
60.67457,-1.0309
60.68457,-0.9935
60.69456,-0.952
60.70456,-0.9179
60.71456,-0.8952
60.72456,-0.8685
60.73456,-0.8548
60.74456,-0.8465
60.75455,-0.8298
60.76455,-0.8012
60.77455,-0.744
60.78455,-0.6714
60.79453,-0.6051
60.8045,-0.5394
60.81446,-0.4997
60.82443,-0.4625
60.8344,-0.4442
60.84437,-0.4236
60.85434,-0.4073
60.86431,-0.4088
60.87428,-0.3982
60.88425,-0.3931
60.89422,-0.3816
60.90419,-0.3854
60.91419,-0.4014
60.92421,-0.409
60.93423,-0.4294
60.94424,-0.4602
60.95427,-0.4875
60.96428,-0.5087
60.9743,-0.5033
60.98432,-0.4916
60.99434,-0.4777
61.00436,-0.4568
61.01438,-0.4361
61.0244,-0.4331
61.03442,-0.4434
61.04443,-0.4657
61.05443,-0.4863
61.06443,-0.5111
61.07444,-0.5262
61.08444,-0.579
61.09444,-0.6716
61.10445,-0.7657
61.11445,-0.8086
61.12446,-0.8281
61.13446,-0.8411
61.14446,-0.8638
61.15447,-0.8531
61.16447,-0.8788
61.17446,-0.9202
61.18446,-0.9713
61.19445,-1.0056
61.20444,-1.0437
61.21444,-1.0798
61.22443,-1.1051
61.23442,-1.1233
61.24442,-1.1356
61.25441,-1.129
61.2644,-1.129
61.27439,-1.1422
61.28439,-1.1498
61.29439,-1.1523
61.30439,-1.1532
61.31438,-1.177
61.32438,-1.1763
61.33438,-1.1637
61.34438,-1.1569
61.35437,-1.1502
61.36437,-1.1298
61.37437,-1.1019
61.38436,-1.0525
61.39436,-1.0256
61.40436,-1.0186
61.41434,-1.0094
61.4243,-0.9787
61.43426,-0.932
61.44423,-0.8907
61.45419,-0.8648
61.46415,-0.8421
61.47411,-0.8078
61.48408,-0.768
61.49404,-0.739
61.50401,-0.7032
61.51397,-0.643
61.52393,-0.5857
61.53389,-0.5133
61.54393,-0.5118
61.55397,-0.5191
61.564,-0.4715
61.57404,-0.4598
61.58407,-0.4691
61.5941,-0.4582
61.60413,-0.4403
61.61417,-0.4242
61.6242,-0.3958
61.63424,-0.3592
61.64427,-0.3388
61.6543,-0.3412
61.66433,-0.3377
61.67434,-0.333
61.68436,-0.3112
61.69437,-0.3169
61.70439,-0.3401
61.71441,-0.3382
61.72443,-0.353
61.73444,-0.3613
61.74446,-0.4085
61.75447,-0.4575
61.76449,-0.499
61.77451,-0.5475
61.78452,-0.6071
61.79458,-0.6509
61.80464,-0.6961
61.81469,-0.7479
61.82475,-0.81
61.8348,-0.8397
61.84486,-0.8495
61.85492,-0.8299
61.86497,-0.81
61.87503,-0.773
61.88508,-0.7137
61.89514,-0.6387
61.90519,-0.5707
61.91522,-0.5246
61.92521,-0.4821
61.9352,-0.4718
61.94519,-0.4711
61.95518,-0.5123
61.96518,-0.5404
61.97517,-0.5689
61.98516,-0.5366
61.99516,-0.4799
62.00515,-0.4883
62.01514,-0.5297
62.02513,-0.587
62.03512,-0.6175
62.04509,-0.633
62.05506,-0.601
62.06502,-0.6095
62.07499,-0.8095
62.08495,-0.734
62.09492,-0.7428
62.10488,-0.7564
62.11485,-0.7087
62.12481,-0.5793
62.13478,-0.4596
62.14474,-0.4267
62.15471,-0.487
62.1647,-0.6161
62.17471,-0.7808
62.18473,-0.9587
62.19474,-1.1269
62.20476,-1.2574
62.21477,-1.3511
62.22479,-1.4354
62.2348,-1.4969
62.24482,-1.5121
62.25483,-1.4902
62.26485,-1.461
62.27486,-1.4447
62.28488,-1.4249
62.29488,-1.4048
62.30487,-1.4169
62.31485,-1.4527
62.32484,-1.463
62.33483,-1.4746
62.34482,-1.4689
62.3548,-1.449
62.3648,-1.4221
62.37478,-1.4342
62.38477,-1.4214
62.39476,-1.3981
62.40475,-1.3485
62.41476,-1.3535
62.42479,-1.3482
62.43482,-1.3274
62.44485,-1.2945
62.45489,-1.2776
62.46492,-1.2593
62.47495,-1.2572
62.48498,-1.2638
62.49501,-1.2472
62.50504,-1.2249
62.51508,-1.1512
62.5251,-1.065
62.53514,-0.9934
62.54513,-0.9116
62.5551,-0.8109
62.56508,-0.6963
62.57505,-0.6003
62.58503,-0.5097
62.59501,-0.3884
62.60498,-0.3108
62.61496,-0.2512
62.62494,-0.2001
62.63491,-0.1598
62.64489,-0.1875
62.65486,-0.1998
62.66487,-0.2029
62.67489,-0.2695
62.68491,-0.5632
62.69493,-0.9426
62.70496,-0.7604
62.71498,-1.1748
62.725,-1.1981
62.73502,-1.1543
62.74504,-1.2387
62.75507,-1.21
62.76509,-1.1225
62.77511,-0.8333
62.78513,-0.5964
62.79514,-0.4448
62.80515,-0.526
62.81516,-0.6187
62.82516,-0.8431
62.83517,-1.0636
62.84517,-1.2598
62.85518,-1.4063
62.86518,-1.5106
62.87519,-1.5939
62.8852,-1.6598
62.8952,-1.7094
62.90521,-1.7213
62.91524,-1.7164
62.92528,-1.7063
62.93533,-1.7038
62.94537,-1.6776
62.95541,-1.6341
62.96545,-1.5849
62.9755,-1.5556
62.98554,-1.5331
62.99558,-1.5258
63.00563,-1.5416
63.01567,-1.5777
63.02571,-1.6227
63.03576,-1.6095
63.04574,-1.5833
63.05573,-1.5463
63.06571,-1.5282
63.07569,-1.5562
63.08567,-1.5553
63.09566,-1.5234
63.10564,-1.5013
63.11562,-1.4862
63.12561,-1.4797
63.13559,-1.516
63.14557,-1.5356
63.15556,-1.5438
63.16558,-1.5133
63.17558,-1.499
63.18558,-1.4727
63.19558,-1.4689
63.20557,-1.4692
63.21557,-1.4658
63.22557,-1.4437
63.23557,-1.4094
63.24557,-1.3727
63.25557,-1.3625
63.26556,-1.3621
63.27556,-1.3751
63.28556,-1.3841
63.29558,-1.3774
63.3056,-1.312
63.31561,-1.3408
63.32562,-1.2691
63.33563,-1.1755
63.34564,-1.0274
63.35565,-0.9105
63.36566,-1.1158
63.37568,-0.9613
63.38568,-0.7093
63.39569,-0.5174
63.40571,-0.4864
63.41571,-0.7637
63.42568,-1.0145
63.43566,-1.0304
63.44563,-1.0747
63.45561,-1.053
63.46558,-0.9679
63.47556,-1.0616
63.48553,-1.0293
63.49551,-0.9923
63.50549,-0.9706
63.51546,-1.0014
63.52544,-1.0813
63.53541,-1.2053
63.54541,-1.3344
63.55541,-1.4555
63.56541,-1.5546
63.57541,-1.6364
63.5854,-1.7164
63.5954,-1.7649
63.6054,-1.7895
63.6154,-1.8237
63.6254,-1.8588
63.6354,-1.8703
63.64539,-1.8933
63.65539,-1.8729
63.66539,-1.879
63.6754,-1.8795
63.68542,-1.885
63.69543,-1.8928
63.70544,-1.8744
63.71545,-1.8717
63.72547,-1.8524
63.73548,-1.8487
63.74549,-1.8436
63.7555,-1.8039
63.76552,-1.7449
63.77553,-1.7367
63.78554,-1.7346
63.79552,-1.7342
63.80549,-1.7205
63.81546,-1.721
63.82544,-1.6862
63.83541,-1.6814
63.84538,-1.6413
63.85535,-1.6446
63.86532,-1.6708
63.87529,-1.7115
63.88527,-1.7089
63.89524,-1.7012
63.90521,-1.6822
63.91522,-1.6519
63.92524,-1.6305
63.93526,-1.64
63.94529,-1.6335
63.95531,-1.5897
63.96533,-1.5227
63.97535,-1.4211
63.98537,-1.3675
63.99539,-1.345
64.00541,-1.3132
64.01543,-1.2839
64.02545,-1.2313
64.03548,-1.1735
64.04555,-1.1258
64.05562,-1.1392
64.06569,-1.138
64.07576,-1.1363
64.08583,-1.1363
64.0959,-1.0014
64.10597,-0.6481
64.11604,-0.4086
64.12611,-0.2702
64.13618,-0.4522
64.14626,-0.6721
64.15633,-0.8627
64.16637,-1.0178
64.17637,-1.1506
64.18636,-1.3084
64.19637,-1.4426
64.20637,-1.5722
64.21637,-1.6784
64.22637,-1.7798
64.23637,-1.8467
64.24638,-1.9027
64.25638,-1.9332
64.26638,-1.9689
64.27638,-1.9883
64.28638,-1.9597
64.29636,-1.9757
64.30632,-1.9588
64.31628,-1.9416
64.32626,-1.9334
64.33622,-1.9014
64.34619,-1.881
64.35616,-1.8548
64.36612,-1.8906
64.37609,-1.9191
64.38605,-1.9519
64.39602,-1.9765
64.40599,-1.9656
64.41599,-1.9313
64.42599,-1.8887
64.436,-1.8458
64.446,-1.8084
64.45601,-1.7571
64.46601,-1.6872
64.47602,-1.6059
64.48602,-1.5565
64.49603,-1.4996
64.50603,-1.4338
64.51604,-1.3809
64.52605,-1.3287
64.53606,-1.249
64.54607,-1.165
64.55607,-1.1042
64.56607,-1.0669
64.57607,-1.0517
64.58606,-1.0203
64.59605,-0.987
64.60606,-0.927
64.61605,-0.8598
64.62605,-0.8439
64.63604,-0.9215
64.64604,-0.9147
64.65604,-1.0851
64.66605,-1.0992
64.6761,-1.0364
64.68614,-1.0759
64.69618,-1.1003
64.70622,-1.0508
64.71626,-1.0893
64.72631,-1.0009
64.73635,-0.9824
64.74639,-0.892
64.75643,-0.87
64.76648,-0.9124
64.77652,-1.0185
64.78656,-1.1637
64.79658,-1.2973
64.80657,-1.4359
64.81657,-1.551
64.82657,-1.6583
64.83656,-1.7598
64.84657,-1.8434
64.85656,-1.9219
64.86655,-1.8938
64.87656,-1.9158
64.88655,-1.9161
64.89655,-1.9114
64.90655,-1.884
64.91655,-1.8792
64.92654,-1.8429
64.93655,-1.8346
64.94655,-1.825
64.95655,-1.7956
64.96655,-1.8153
64.97655,-1.8198
64.98655,-1.8476
64.99655,-1.8464
65.00655,-1.8426
65.01655,-1.8408
65.02655,-1.843
65.03655,-1.8219
65.04649,-1.78
65.05643,-1.7406
65.06638,-1.6913
65.07632,-1.6481
65.08627,-1.596
65.09621,-1.554
65.10615,-1.491
65.1161,-1.4317
65.12604,-1.3635
65.13598,-1.3169
65.14592,-1.3006
65.15586,-1.2866
65.16587,-1.2639
65.17592,-1.3108
65.18597,-1.3306
65.19603,-1.3354
65.20608,-1.3348
65.21613,-1.3381
65.22618,-1.3419
65.23624,-1.318
65.24629,-1.2958
65.25634,-1.2383
65.2664,-1.2021
65.27644,-1.0932
65.2865,-1.0646
65.29652,-0.9144
65.30654,-0.7817
65.31656,-0.7574
65.32658,-0.7727
65.33659,-0.9119
65.34661,-1.1286
65.35663,-1.3459
65.36665,-1.5338
65.37666,-1.68
65.38668,-1.7976
65.3967,-1.8891
65.40672,-1.955
65.41679,-2.0175
65.42687,-2.083
65.43697,-2.0701
65.44705,-2.0725
65.45715,-2.0451
65.46724,-2.0423
65.47733,-2.0434
65.48742,-2.0249
65.49751,-1.9905
65.5076,-1.9767
65.51769,-1.9441
65.52778,-1.9066
65.53787,-1.866
65.54783,-1.8325
65.55777,-1.7894
65.56771,-1.7703
65.57765,-1.7635
65.58759,-1.7519
65.59754,-1.7597
65.60748,-1.7773
65.61742,-1.7679
65.62737,-1.7594
65.63731,-1.7182
65.64725,-1.6752
65.65719,-1.6166
65.66717,-1.559
65.67716,-1.5294
65.68716,-1.48
65.69715,-1.4123
65.70714,-1.3217
65.71713,-1.2379
65.72713,-1.1517
65.73712,-1.1449
65.74712,-1.2098
65.75711,-1.201
65.7671,-1.2013
65.77709,-1.228
65.78709,-1.2371
65.79709,-1.2322
65.80708,-1.2209
65.81709,-1.17
65.82708,-1.147
65.83708,-1.0976
65.84708,-1.0746
65.85708,-1.0383
65.86707,-0.9986
65.87708,-0.9141
65.88708,-0.872
65.89707,-0.8974
65.90707,-0.9863
65.91707,-1.1297
65.92703,-1.2677
65.937,-1.3778
65.94695,-1.466
65.95692,-1.5586
65.96687,-1.6667
65.97684,-1.7704
65.98679,-1.8268
65.99676,-1.8434
66.00671,-1.8563
66.01668,-1.8578
66.02663,-1.8573
66.0366,-1.8541
66.04662,-1.8195
66.05661,-1.8133
66.06661,-1.797
66.07661,-1.7693
66.0866,-1.734
66.0966,-1.7066
66.1066,-1.6875
66.1166,-1.6508
66.12659,-1.6358
66.1366,-1.6304
66.14659,-1.6497
66.15659,-1.6614
66.1666,-1.6382
66.17663,-1.6221
66.18665,-1.6008
66.19668,-1.5764
66.2067,-1.5666
66.21673,-1.5295
66.22675,-1.4745
66.23678,-1.4222
66.2468,-1.353
66.25683,-1.2942
66.26685,-1.2502
66.27688,-1.2248
66.2869,-1.1791
66.29692,-1.1549
66.30692,-1.0918
66.31692,-1.0111
66.32691,-0.9361
66.33691,-0.8367
66.3469,-0.7746
66.3569,-0.7325
66.3669,-0.7141
66.37689,-0.707
66.38689,-0.6984
66.39689,-0.7117
66.40688,-0.7234
66.41695,-0.7457
66.4271,-0.7704
66.43725,-0.7724
66.44739,-0.7595
66.45753,-0.7313
66.46768,-0.6843
66.47783,-0.6546
66.48798,-0.6077
66.49812,-0.5857
66.50827,-0.5391
66.51842,-0.518
66.52856,-0.4513
66.53871,-0.3555
66.54865,-0.2838
66.55858,-0.2507
66.56851,-0.2678
66.57844,-0.3138
66.58837,-0.4391
66.5983,-0.6397
66.60823,-0.8215
66.61816,-0.9427
66.62809,-1.0239
66.63802,-1.1044
66.64796,-1.1627
66.65788,-1.1995
66.66785,-1.1788
66.67784,-1.1828
66.68784,-1.1839
66.69783,-1.2066
66.70782,-1.246
66.71782,-1.2825
66.72781,-1.3002
66.7378,-1.3178
66.7478,-1.3269
66.75779,-1.3184
66.76778,-1.299
66.77778,-1.267
66.78777,-1.2481
66.79784,-1.2368
66.8079,-1.2563
66.81796,-1.2553
66.82802,-1.2229
66.83808,-1.1898
66.84814,-1.1426
66.8582,-1.1039
66.86826,-1.0673
66.87832,-1.0161
66.88838,-0.962
66.89844,-0.9256
66.9085,-0.8911
66.91855,-0.8769
66.92854,-0.8694
66.93855,-0.8557
66.94855,-0.858
66.95855,-0.8648
66.96855,-0.8327
66.97855,-0.7938
66.98855,-0.7688
66.99855,-0.7455
67.00855,-0.7218
67.01855,-0.6846
67.02855,-0.6504
67.03855,-0.5912
67.04844,-0.5462
67.05833,-0.5007
67.06821,-0.4557
67.0781,-0.4267
67.08799,-0.3814
67.09787,-0.3286
67.10776,-0.2532
67.11765,-0.1782
67.12753,-0.1413
67.13742,-0.16
67.1473,-0.1671
67.15719,-0.1766
67.16714,-0.1842
67.17716,-0.2229
67.18718,-0.2372
67.1972,-0.2714
67.20722,-0.3994
67.21724,-0.5239
67.22726,-0.6055
67.23728,-0.5105
67.2473,-0.5147
67.25732,-0.8455
67.26733,-0.6118
67.27736,-0.4981
67.28738,-0.1455
67.29748,-0.0028
67.30755,0.0873
67.31763,0.1242
67.32771,0.0255
67.33778,-0.1807
67.34785,-0.4211
67.35793,-0.6837
67.36801,-0.9399
67.37808,-1.1501
67.38816,-1.3082
67.39824,-1.4253
67.40832,-1.5128
67.41833,-1.5765
67.4283,-1.6092
67.43827,-1.6424
67.44823,-1.6714
67.4582,-1.6815
67.46816,-1.6536
67.47813,-1.6061
67.48809,-1.5719
67.49805,-1.5493
67.50802,-1.5388
67.51798,-1.5152
67.52795,-1.5184
67.53791,-1.542
67.54794,-1.5742
67.55796,-1.5866
67.56798,-1.6249
67.57799,-1.6522
67.58801,-1.6927
67.59802,-1.7195
67.60804,-1.7587
67.61805,-1.7927
67.62807,-1.7926
67.63808,-1.8054
67.6481,-1.7982
67.65812,-1.7903
67.66815,-1.7788
67.6782,-1.7457
67.68825,-1.7199
67.6983,-1.7065
67.70835,-1.6665
67.7184,-1.5989
67.72845,-1.518
67.7385,-1.4532
67.74855,-1.3157
67.7586,-1.0856
67.76865,-0.9604
67.7787,-0.8984
67.78875,-1.1588
67.79872,-1.1383
67.80869,-0.898
67.81866,-0.6694
67.82863,-0.67
67.83859,-0.6505
67.84856,-0.5929
67.85853,-0.6675
67.86849,-1.1005
67.87846,-0.8803
67.88843,-0.4818
67.89839,-0.373
67.90836,-0.5119
67.91833,-0.4511
67.9283,-0.5989
67.93826,-0.4815
67.94823,-0.2277
67.95819,-0.0709
67.96815,-0.0224
67.97812,-0.1201
67.98808,-0.3268
67.99805,-0.626
68.00801,-0.8807
68.01797,-1.0907
68.02794,-1.292
68.0379,-1.4571
68.04789,-1.5706
68.05788,-1.6588
68.06786,-1.7197
68.07785,-1.7776
68.08784,-1.8365
68.09782,-1.8826
68.10782,-1.9269
68.11781,-1.9843
68.12779,-1.9974
68.13778,-2.0132
68.14777,-2.0019
68.15775,-1.9671
68.16776,-1.9489
68.17777,-1.9116
68.18778,-1.8984
68.19779,-1.9271
68.2078,-1.8901
68.21781,-1.9476
68.22782,-1.9397
68.23783,-1.9232
68.24784,-1.9272
68.25785,-1.9089
68.26786,-1.9482
68.27787,-2.0127
68.28788,-2.0595
68.2979,-2.079
68.30793,-2.1237
68.31796,-2.1503
68.32798,-2.1423
68.33801,-2.1146
68.34804,-2.09
68.35806,-2.0555
68.36809,-2.0168
68.37811,-1.9894
68.38814,-1.9605
68.39816,-1.9295
68.40819,-1.8915
68.41821,-1.8372
68.42825,-1.7522
68.43828,-1.6837
68.44831,-1.5553
68.45834,-1.4834
68.46837,-1.4561
68.4784,-1.3323
68.48843,-1.3797
68.49847,-1.312
68.5085,-1.4553
68.51852,-1.4609
68.52856,-1.48
68.53859,-1.3814
68.54858,-1.338
68.55855,-1.2585
68.56852,-1.1761
68.57848,-1.0509
68.58846,-0.7084
68.59843,-0.3393
68.60839,-0.1414
68.61836,-0.1728
68.62833,-0.3584
68.6383,-0.6327
68.64826,-0.8998
68.65823,-1.0715
68.66828,-1.2531
68.67842,-1.4013
68.68856,-1.5385
68.6987,-1.6477
68.70884,-1.7219
68.71897,-1.779
68.72911,-1.8359
68.73925,-1.8798
68.74939,-1.9034
68.75953,-1.8782
68.76966,-1.8738
68.7798,-1.8862
68.78994,-1.8803
68.79986,-1.8712
68.80978,-1.8827
68.8197,-1.8809
68.82962,-1.8355
68.83954,-1.7989
68.84946,-1.7683
68.85938,-1.7466
68.86929,-1.7293
68.87922,-1.7053
68.88914,-1.7171
68.89906,-1.7178
68.90897,-1.7198
68.91895,-1.7161
68.92895,-1.7089
68.93894,-1.7055
68.94894,-1.6933
68.95894,-1.707
68.96893,-1.7046
68.97893,-1.6964
68.98893,-1.6526
68.99892,-1.6704
69.00892,-1.6619
69.01891,-1.6433
69.02892,-1.6255
69.03891,-1.6052
69.04888,-1.5817
69.05885,-1.5468
69.06882,-1.5219
69.07879,-1.4836
69.08876,-1.4514
69.09873,-1.4376
69.1087,-1.4157
69.11867,-1.3996
69.12864,-1.3922
69.13861,-1.4094
69.14858,-1.4687
69.15855,-1.4916
69.16859,-1.4978
69.17867,-1.4839
69.18876,-1.4364
69.19884,-1.39
69.20893,-1.369
69.21902,-1.3473
69.2291,-1.3183
69.23919,-1.29
69.24928,-1.3564
69.25936,-1.473
69.26945,-1.5258
69.27953,-1.5694
69.28962,-1.5554
69.29964,-1.5124
69.30966,-1.514
69.31968,-1.4987
69.3297,-1.4622
69.33972,-1.4617
69.34974,-1.4663
69.35976,-1.471
69.36977,-1.4495
69.3798,-1.4316
69.38982,-1.4168
69.39983,-1.4084
69.40985,-1.4081
69.41985,-1.3952
69.42979,-1.3895
69.43974,-1.3738
69.44969,-1.4002
69.45964,-1.3979
69.46959,-1.4005
69.47954,-1.4205
69.48949,-1.4219
69.49944,-1.4361
69.50939,-1.4459
69.51934,-1.4294
69.52929,-1.4186
69.53924,-1.386
69.54922,-1.361
69.55919,-1.3251
69.56917,-1.3085
69.57914,-1.274
69.58911,-1.2549
69.59909,-1.229
69.60906,-1.2223
69.61903,-1.2044
69.62901,-1.2009
69.63898,-1.1839
69.64896,-1.1849
69.65893,-1.1811
69.66892,-1.1706
69.67892,-1.1708
69.68891,-1.1601
69.69891,-1.1569
69.7089,-1.182
69.71889,-1.2
69.72889,-1.1985
69.73888,-1.1958
69.74889,-1.1841
69.75888,-1.1764
69.76888,-1.1706
69.77887,-1.1663
69.78886,-1.1585
69.79891,-1.1559
69.80896,-1.1843
69.81901,-1.2079
69.82906,-1.2302
69.8391,-1.1738
69.84915,-1.1218
69.8592,-1.1056
69.86925,-1.1014
69.8793,-1.0897
69.88934,-1.0853
69.89939,-1.0753
69.90944,-1.0603
69.91947,-1.0465
69.92946,-1.0339
69.93945,-1.0275
69.94945,-1.0206
69.95944,-1.0091
69.96944,-1.0119
69.97942,-0.9982
69.98942,-0.9828
69.99941,-0.9702
70.00941,-0.9578
70.01939,-0.9524
70.02939,-0.9472
70.03938,-0.9342
70.0494,-0.9004
70.05939,-0.8699
70.06938,-0.8527
70.07937,-0.8354
70.08936,-0.8368
70.09935,-0.8373
70.10934,-0.8424
70.11933,-0.8299
70.12933,-0.8184
70.13931,-0.783
70.14931,-0.7841
70.15929,-0.7677
70.1693,-0.7567
70.17933,-0.7287
70.18935,-0.7393
70.19938,-0.7193
70.20941,-0.7271
70.21944,-0.7364
70.22947,-0.7303
70.23949,-0.7097
70.24952,-0.7048
70.25955,-0.6934
70.26958,-0.6853
70.27961,-0.6772
70.28963,-0.6686
70.29964,-0.7284
70.30964,-0.7317
70.31964,-0.6896
70.32964,-0.7712
70.33964,-0.7493
70.34963,-0.7105
70.35963,-0.7362
70.36963,-0.7086
70.37962,-0.7551
70.38963,-0.7194
70.39962,-0.7185
70.40962,-0.6995
70.41962,-0.6987
70.42963,-0.6543
70.43964,-0.678
70.44965,-0.6707
70.45965,-0.6202
70.46966,-0.6073
70.47966,-0.5611
70.48967,-0.5584
70.49967,-0.5568
70.50968,-0.5124
70.51968,-0.5603
70.52969,-0.5429
70.5397,-0.5417
70.54967,-0.5384
70.55964,-0.4944
70.56961,-0.4581
70.57958,-0.4604
70.58955,-0.437
70.59953,-0.3852
70.6095,-0.355
70.61947,-0.3919
70.62944,-0.3761
70.63941,-0.3954
70.64938,-0.4251
70.65936,-0.4468
70.66937,-0.4473
70.67944,-0.4367
70.68951,-0.426
70.69958,-0.4057
70.70965,-0.4201
70.71972,-0.417
70.72978,-0.4314
70.73985,-0.4267
70.74992,-0.4352
70.75999,-0.4003
70.77006,-0.4351
70.78012,-0.4345
70.79019,-0.4459
70.8002,-0.4162
70.81019,-0.4409
70.82018,-0.4327
70.83016,-0.4344
70.84015,-0.4331
70.85014,-0.4368
70.86013,-0.475
70.87012,-0.495
70.8801,-0.4758
70.89009,-0.4538
70.90008,-0.4794
70.91006,-0.439
70.92005,-0.4621
70.93003,-0.4727
70.94001,-0.4585
70.94998,-0.4373
70.95996,-0.4471
70.96994,-0.4328
70.97992,-0.4373
70.98989,-0.412
70.99987,-0.4012
71.00985,-0.417
71.01983,-0.3999
71.0298,-0.3808
71.03978,-0.3471
71.04981,-0.3664
71.05982,-0.3815
71.06984,-0.3948
71.07985,-0.399
71.08987,-0.3925
71.09988,-0.388
71.10989,-0.3973
71.1199,-0.3925
71.12991,-0.3889
71.13993,-0.3935
71.14994,-0.3771
71.15996,-0.3916
71.16998,-0.3682
71.17999,-0.3736
71.19001,-0.3924
71.20003,-0.4013
71.21004,-0.4347
71.22006,-0.4446
71.23009,-0.4249
71.2401,-0.429
71.25012,-0.4119
71.26014,-0.4239
71.27016,-0.4162
71.28017,-0.3963
71.29019,-0.38
71.30017,-0.3798
71.31015,-0.3747
71.32014,-0.3926
71.33012,-0.4105
71.3401,-0.4074
71.35007,-0.4276
71.36005,-0.4152
71.37003,-0.4029
71.38001,-0.3927
71.39,-0.3692
71.39998,-0.3699
71.40996,-0.4042
71.41997,-0.4196
71.42999,-0.4102
71.44001,-0.4142
71.45003,-0.4198
71.46005,-0.4212
71.47008,-0.4186
71.48009,-0.4117
71.49012,-0.421
71.50014,-0.4339
71.51016,-0.4256
71.52019,-0.4299
71.5302,-0.4236
71.54023,-0.4546
71.55022,-0.4521
71.56022,-0.4491
71.57021,-0.437
71.58021,-0.4515
71.5902,-0.4746
71.6002,-0.4814
71.61019,-0.4764
71.62019,-0.49
71.63019,-0.4699
71.64018,-0.471
71.65018,-0.4684
71.66017,-0.4724
71.67017,-0.4714
71.68017,-0.4761
71.69016,-0.4853
71.70016,-0.4918
71.71017,-0.4984
71.72016,-0.5044
71.73016,-0.4921
71.74016,-0.4662
71.75016,-0.4427
71.76015,-0.4486
71.77016,-0.4423
71.78015,-0.4315
71.79015,-0.424
71.80016,-0.449
71.81017,-0.4839
71.82017,-0.4829
71.83017,-0.447
71.84017,-0.3938
71.85018,-0.3654
71.86018,-0.2694
71.87019,-0.2306
71.88019,-0.1783
71.89019,-0.1138
71.90019,-0.0957
71.91019,-0.0878
71.92019,-0.0989
71.93015,-0.0886
71.9401,-0.095
71.95006,-0.0643
71.96001,-0.106
71.96997,-0.0565
71.97993,-0.0478
71.98988,-0.0396
71.99985,-0.0407
72.0098,-0.0381
72.01976,-0.0585
72.02972,-0.0972
72.03967,-0.1238
72.04971,-0.1546
72.05975,-0.1436
72.06979,-0.1256
72.07982,-0.0875
72.08986,-0.0818
72.09989,-0.0955
72.10993,-0.1155
72.11996,-0.1248
72.13,-0.1421
72.14004,-0.1407
72.15008,-0.1432
72.16011,-0.1382
72.17017,-0.123
72.18022,-0.114
72.19028,-0.1072
72.20033,-0.1161
72.21039,-0.145
72.22044,-0.1549
72.23049,-0.1342
72.24055,-0.1596
72.2506,-0.1704
72.26066,-0.2141
72.27071,-0.2158
72.28076,-0.2164
72.29082,-0.174
72.30079,-0.1567
72.31077,-0.1432
72.32075,-0.137
72.33073,-0.1289
72.34071,-0.1467
72.35069,-0.1661
72.36066,-0.1855
72.37064,-0.2006
72.38062,-0.198
72.39059,-0.1678
72.40057,-0.1631
72.41055,-0.1437
72.42057,-0.1407
72.4306,-0.125
72.44062,-0.1312
72.45065,-0.1364
72.46067,-0.1358
72.4707,-0.1508
72.48072,-0.1532
72.49075,-0.1459
72.50078,-0.1457
72.5108,-0.1489
72.52083,-0.1422
72.53085,-0.1394
72.54088,-0.1438
72.5509,-0.1459
72.56092,-0.1543
72.57094,-0.154
72.58096,-0.1606
72.59099,-0.1713
72.60101,-0.1649
72.61103,-0.1623
72.62105,-0.1574
72.63107,-0.1561
72.64109,-0.1505
72.65112,-0.1477
72.66113,-0.149
72.67113,-0.1551
72.68108,-0.1479
72.69104,-0.1492
72.701,-0.1475
72.71095,-0.1519
72.72091,-0.1539
72.73087,-0.1564
72.74082,-0.1583
72.75079,-0.1482
72.76074,-0.1468
72.7707,-0.1435
72.78065,-0.1359
72.79061,-0.1442
72.80061,-0.1516
72.81062,-0.1573
72.82062,-0.1512
72.83063,-0.1418
72.84063,-0.1379
72.85063,-0.1187
72.86063,-0.1345
72.87064,-0.1306
72.88065,-0.1319
72.89065,-0.1384
72.90065,-0.1469
72.91065,-0.1575
72.92067,-0.1434
72.93068,-0.142
72.94069,-0.1418
72.9507,-0.138
72.96071,-0.1407
72.97072,-0.1333
72.98072,-0.1334
72.99073,-0.137
73.00074,-0.1366
73.01075,-0.136
73.02076,-0.127
73.03077,-0.1223
73.04078,-0.1248
73.05078,-0.1206
73.06077,-0.1355
73.07076,-0.1434
73.08075,-0.1498
73.09074,-0.1479
73.10073,-0.148
73.11073,-0.1399
73.12071,-0.1395
73.13071,-0.1427
73.14069,-0.143
73.15069,-0.1429
73.16068,-0.1449
73.17068,-0.147
73.18065,-0.1492
73.19063,-0.1472
73.2006,-0.1495
73.21058,-0.1396
73.22055,-0.125
73.23052,-0.1283
73.2405,-0.1256
73.25047,-0.1273
73.26045,-0.1309
73.27042,-0.1302
73.2804,-0.1244
73.29037,-0.1156
73.30048,-0.1175
73.31058,-0.113
73.32068,-0.1207
73.33077,-0.1341
73.34087,-0.1298
73.35097,-0.142
73.36107,-0.1474
73.37117,-0.1599
73.38126,-0.149
73.39137,-0.1469
73.40147,-0.1474
73.41156,-0.1512
73.42162,-0.1542
73.43162,-0.1523
73.44163,-0.1505
73.45163,-0.1394
73.46164,-0.1108
73.47164,-0.1136
73.48165,-0.1051
73.49165,-0.1003
73.50166,-0.0893
73.51167,-0.093
73.52167,-0.1014
73.53168,-0.1162
73.54168,-0.1225
73.55165,-0.1299
73.56163,-0.1396
73.57161,-0.133
73.58159,-0.1405
73.59157,-0.1322
73.60154,-0.1288
73.61152,-0.1305
73.6215,-0.1175
73.63148,-0.1088
73.64146,-0.1036
73.65143,-0.1057
73.66141,-0.1046
73.67141,-0.1069
73.68142,-0.1062
73.69142,-0.1196
73.70143,-0.1452
73.71144,-0.1504
73.72145,-0.1544
73.73146,-0.1515
73.74147,-0.1169
73.75148,-0.1059
73.76149,-0.093
73.7715,-0.0901
73.78151,-0.0997
73.79152,-0.1206
73.80149,-0.1351
73.81145,-0.138
73.82142,-0.1386
73.83138,-0.1341
73.84135,-0.1156
73.85131,-0.1022
73.86127,-0.0925
73.87124,-0.0923
73.8812,-0.1054
73.89117,-0.1115
73.90113,-0.1209
73.91109,-0.1272
73.9211,-0.1178
73.93113,-0.1296
73.94116,-0.1207
73.95119,-0.1141
73.96123,-0.1119
73.97126,-0.1094
73.98129,-0.1105
73.99133,-0.1087
74.00137,-0.1153
74.0114,-0.1244
74.02143,-0.1293
74.03146,-0.1232
74.0415,-0.1304
74.05155,-0.1274
74.06159,-0.1131
74.07164,-0.1044
74.08169,-0.1037
74.09173,-0.1023
74.10178,-0.1035
74.11182,-0.107
74.12186,-0.1019
74.13191,-0.098
74.14195,-0.1112
74.152,-0.1222
74.16205,-0.1285
74.17204,-0.1305
74.18199,-0.1469
74.19194,-0.1436
74.20189,-0.1351
74.21184,-0.1265
74.22179,-0.1073
74.23173,-0.1055
74.24168,-0.1269
74.25163,-0.1369
74.26157,-0.1249
74.27152,-0.1113
74.28147,-0.1063
74.29142,-0.1144
74.30139,-0.1214
74.31136,-0.1226
74.32132,-0.1069
74.33129,-0.1009
74.34126,-0.0958
74.35122,-0.1012
74.36118,-0.109
74.37115,-0.1074
74.38111,-0.1071
74.39108,-0.1019
74.40105,-0.1035
74.41101,-0.1085
74.42103,-0.1114
74.4311,-0.1121
74.44117,-0.1115
74.45124,-0.1112
74.4613,-0.1078
74.47137,-0.1007
74.48145,-0.111
74.49152,-0.1053
74.50159,-0.1005
74.51166,-0.0921
74.52172,-0.0925
74.53179,-0.0788
74.54186,-0.0754
74.5519,-0.0839
74.56194,-0.089
74.57198,-0.1035
74.58202,-0.1003
74.59206,-0.1008
74.60209,-0.1066
74.61213,-0.1017
74.62217,-0.0951
74.6322,-0.0931
74.64224,-0.099
74.65228,-0.1052
74.66232,-0.1034
74.67233,-0.1036
74.68233,-0.1
74.69232,-0.0984
74.70232,-0.0986
74.71231,-0.0982
74.72231,-0.1017
74.7323,-0.1014
74.74229,-0.0973
74.75229,-0.1005
74.76228,-0.1066
74.77228,-0.0987
74.78227,-0.0993
74.79227,-0.1071
74.80223,-0.0976
74.81219,-0.1004
74.82215,-0.1023
74.83211,-0.1056
74.84207,-0.0893
74.85204,-0.0903
74.86199,-0.0986
74.87196,-0.0978
74.88191,-0.1056
74.89188,-0.1029
74.90184,-0.0966
74.9118,-0.0966
74.92183,-0.0916
74.93194,-0.0926
74.94205,-0.0925
74.95215,-0.0979
74.96226,-0.1021
74.97237,-0.1141
74.98248,-0.1014
74.99258,-0.1059
75.00269,-0.0928
75.01279,-0.0989
75.0229,-0.1036
75.033,-0.1044
75.04311,-0.1122
75.05302,-0.1095
75.06293,-0.1076
75.07284,-0.0978
75.08275,-0.098
75.09265,-0.1071
75.10255,-0.1048
75.11246,-0.1019
75.12237,-0.0958
75.13228,-0.0805
75.14218,-0.0842
75.15208,-0.0914
75.16199,-0.0945
75.17196,-0.1098
75.18196,-0.107
75.19197,-0.1116
75.20198,-0.1149
75.21199,-0.1004
75.222,-0.1025
75.23201,-0.095
75.24202,-0.0887
75.25203,-0.0965
75.26203,-0.0952
75.27204,-0.0993
75.28205,-0.1038
75.29206,-0.1038
75.30206,-0.0938
75.31205,-0.0942
75.32204,-0.0933
75.33203,-0.0955
75.34203,-0.09
75.35202,-0.1082
75.36201,-0.1082
75.372,-0.1039
75.38199,-0.1016
75.39198,-0.0923
75.40198,-0.0897
75.41196,-0.0873
75.42196,-0.0986
75.43196,-0.109
75.44196,-0.0969
75.45197,-0.0999
75.46196,-0.099
75.47196,-0.1025
75.48196,-0.1043
75.49197,-0.116
75.50197,-0.1149
75.51197,-0.1176
75.52197,-0.1235
75.53197,-0.1117
75.54197,-0.0926
75.55203,-0.0911
75.5621,-0.095
75.57216,-0.0932
75.58222,-0.0991
75.59228,-0.1093
75.60234,-0.1092
75.6124,-0.1198
75.62247,-0.1118
75.63252,-0.1084
75.64259,-0.1022
75.65265,-0.0967
75.66271,-0.0921
75.67273,-0.0969
75.68271,-0.0973
75.6927,-0.101
75.70267,-0.0993
75.71265,-0.0954
75.72264,-0.0932
75.73262,-0.0945
75.7426,-0.097
75.75259,-0.1037
75.76257,-0.1079
75.77254,-0.1023
75.78253,-0.1036
75.79251,-0.1062
75.80251,-0.1024
75.81251,-0.087
75.8225,-0.0892
75.8325,-0.0923
75.84249,-0.0923
75.85249,-0.0951
75.86248,-0.0986
75.87248,-0.1032
75.88248,-0.1002
75.89247,-0.1055
75.90247,-0.1095
75.91246,-0.109
75.92248,-0.1041
75.93251,-0.1
75.94255,-0.1052
75.95258,-0.1037
75.96262,-0.0986
75.97266,-0.0969
75.9827,-0.0963
75.99273,-0.1016
76.00277,-0.1079
76.0128,-0.1127
76.02284,-0.106
76.03288,-0.1087
76.04292,-0.0983
76.05293,-0.1031
76.06293,-0.1018
76.07293,-0.0936
76.08293,-0.0936
76.09293,-0.0869
76.10293,-0.088
76.11293,-0.0914
76.12293,-0.0984
76.13293,-0.0991
76.14293,-0.1095
76.15293,-0.103
76.16293,-0.1104
76.17293,-0.1052
76.18292,-0.1014
76.19292,-0.1046
76.20291,-0.1047
76.21291,-0.0987
76.22291,-0.0995
76.2329,-0.1022
76.2429,-0.0973
76.25289,-0.0976
76.26289,-0.098
76.27289,-0.0919
76.28288,-0.0904
76.29288,-0.0945
76.30285,-0.0905
76.31282,-0.0924
76.32279,-0.0974
76.33276,-0.0807
76.34274,-0.0943
76.35271,-0.0845
76.36267,-0.0916
76.37264,-0.0931
76.38261,-0.0869
76.39259,-0.0842
76.40256,-0.0869
76.41253,-0.092
76.42251,-0.1107
76.43249,-0.109
76.44247,-0.1021
76.45246,-0.0932
76.46244,-0.0852
76.47243,-0.0998
76.48241,-0.1187
76.49239,-0.1211
76.50238,-0.1223
76.51236,-0.1205
76.52235,-0.1131
76.53233,-0.1134
76.54231,-0.1069
76.55235,-0.1072
76.56239,-0.1085
76.57242,-0.1194
76.58245,-0.1228
76.59249,-0.1281
76.60252,-0.123
76.61256,-0.1153
76.62259,-0.1083
76.63262,-0.1131
76.64265,-0.1261
76.65269,-0.128
76.66272,-0.1291
76.67276,-0.1264
76.68282,-0.1235
76.69288,-0.1274
76.70293,-0.1232
76.71299,-0.1124
76.72305,-0.1028
76.73311,-0.1015
76.74316,-0.0971
76.75322,-0.1028
76.76328,-0.122
76.77334,-0.1132
76.78339,-0.1002
76.79345,-0.0938
76.80347,-0.0854
76.81348,-0.0814
76.82349,-0.0976
76.8335,-0.0844
76.84351,-0.0886
76.85351,-0.0954
76.86352,-0.0879
76.87353,-0.0817
76.88354,-0.0852
76.89355,-0.0807
76.90356,-0.0896
76.91357,-0.084
76.92358,-0.0786
76.93358,-0.0777
76.94358,-0.0727
76.95358,-0.0604
76.96358,-0.072
76.97358,-0.0606
76.98358,-0.0712
76.99358,-0.0835
77.00359,-0.0806
77.01359,-0.0859
77.02359,-0.0728
77.03359,-0.0637
77.04359,-0.0523
77.0536,-0.0524
77.06359,-0.0538
77.07359,-0.0533
77.08358,-0.061
77.09358,-0.0621
77.10358,-0.0685
77.11357,-0.0668
77.12357,-0.0648
77.13356,-0.0631
77.14356,-0.0684
77.15356,-0.0538
77.16355,-0.0433
77.17355,-0.0489
77.18353,-0.0525
77.1935,-0.0549
77.20348,-0.0566
77.21346,-0.0499
77.22344,-0.0482
77.23342,-0.0455
77.2434,-0.0421
77.25338,-0.0348
77.26336,-0.0419
77.27334,-0.0513
77.28332,-0.0459
77.2933,-0.0395
77.30331,-0.0493
77.31333,-0.0461
77.32334,-0.0409
77.33336,-0.0449
77.34337,-0.0458
77.35339,-0.0479
77.3634,-0.0317
77.37341,-0.0268
77.38343,-0.0237
77.39344,-0.018
77.40346,-0.0243
77.41348,0.0013
77.42348,0.0004
77.43348,0.0134
77.44347,0.026
77.45348,0.0356
77.46347,0.0344
77.47347,0.0455
77.48347,0.0383
77.49347,0.0367
77.50346,0.032
77.51347,0.0224
77.52346,0.0157
77.53346,0.0219
77.54346,0.0204
77.55348,0.0381
77.56348,0.0438
77.57348,0.0441
77.58347,0.0563
77.59348,0.0591
77.60347,0.0721
77.61346,0.0816
77.62347,0.0925
77.63346,0.0932
77.64346,0.0914
77.65346,0.0935
77.66346,0.1037
77.67344,0.1045
77.6834,0.1207
77.69336,0.1268
77.70332,0.1274
77.71328,0.1415
77.72324,0.1674
77.7332,0.189
77.74316,0.207
77.75312,0.2181
77.76308,0.2189
77.77304,0.2223
77.783,0.2076
77.79296,0.2081
77.80299,0.2142
77.81301,0.2216
77.82304,0.2271
77.83306,0.2291
77.84309,0.2316
77.85311,0.2357
77.86314,0.2388
77.87316,0.2563
77.88319,0.2526
77.89322,0.2498
77.90324,0.2643
77.91327,0.2662
77.92331,0.2735
77.93336,0.279
77.94341,0.2749
77.95345,0.2842
77.96349,0.2864
77.97353,0.2743
77.98358,0.2637
77.99362,0.2506
78.00367,0.233
78.01371,0.2151
78.02376,0.2025
78.0338,0.2027
78.04385,0.1821
78.05385,0.1829
78.06384,0.1757
78.07384,0.1681
78.08385,0.1557
78.09384,0.1619
78.10384,0.149
78.11384,0.1606
78.12384,0.1624
78.13383,0.1769
78.14384,0.168
78.15383,0.1725
78.16383,0.1752
78.17383,0.1679
78.18382,0.1674
78.1938,0.1714
78.2038,0.159
78.21378,0.1559
78.22377,0.1576
78.23376,0.1566
78.24375,0.1519
78.25375,0.1456
78.26373,0.1364
78.27372,0.1366
78.28371,0.1441
78.2937,0.1253
78.30373,0.1064
78.31375,0.1012
78.32378,0.097
78.3338,0.0935
78.34382,0.0768
78.35384,0.0695
78.36387,0.0495
78.37389,0.0342
78.38392,0.0241
78.39394,0.0227
78.40396,0.0274
78.41399,0.0252
78.424,0.0104
78.43399,0.001
78.44398,-0.0168
78.45397,-0.0021
78.46396,-0.0013
78.47395,0.0096
78.48394,0.0086
78.49393,0.0067
78.50392,0.0129
78.51392,0.0285
78.5239,0.0168
78.5339,0.0113
78.54388,0.0038
78.55398,0
78.56407,0.0073
78.57416,0.0025
78.58424,0.0061
78.59433,-0.0035
78.60442,-0.0052
78.61451,0.0009
78.6246,0.0007
78.63468,0.015
78.64477,0.0034
78.65486,0.0058
78.66495,0.0036
78.675,-0.0129
78.685,-0.0136
78.695,-0.011
78.705,-0.0075
78.715,-0.0081
78.72501,-0.0003
78.73501,-0.0013
78.74501,-0.0043
78.75502,0.0049
78.76502,0.0129
78.77502,0.0347
78.78503,0.0442
78.79503,0.0524
78.80496,0.0497
78.81489,0.05
78.82481,0.0447
78.83474,0.0378
78.84467,0.0353
78.85458,0.0422
78.86451,0.0389
78.87444,0.0413
78.88436,0.0547
78.89429,0.0533
78.90421,0.0603
78.91414,0.0519
78.92409,0.0516
78.93407,0.0465
78.94404,0.0543
78.95401,0.0582
78.96398,0.0559
78.97396,0.06
78.98393,0.0404
78.9939,0.0203
79.00388,0.011
79.01385,0.003
79.02383,-0.0075
79.03381,-0.0072
79.04378,-0.0104
79.05383,-0.02
79.06389,-0.0161
79.07395,-0.0244
79.08401,-0.0104
79.09406,-0.003
79.10413,-0.0046
79.11418,-0.0129
79.12424,-0.0088
79.1343,-0.0036
79.14436,-0.0009
79.15441,0.003
79.16447,-0.0068
79.1745,-0.0055
79.1845,-0.0063
79.1945,-0.0153
79.20449,-0.0188
79.21449,-0.0244
79.22449,-0.028
79.23448,-0.023
79.24448,-0.0182
79.25447,-0.0155
79.26447,-0.0305
79.27447,-0.0394
79.28446,-0.0383
79.29446,-0.0321
79.3045,-0.0362
79.31453,-0.0296
79.32456,-0.0345
79.33459,-0.0398
79.34463,-0.0347
79.35466,-0.0265
79.36469,-0.0217
79.37473,-0.0244
79.38476,-0.0216
79.39479,-0.0211
79.40482,-0.0319
79.41486,-0.0418
79.42487,-0.0368
79.43486,-0.0337
79.44485,-0.0269
79.45485,-0.0227
79.46484,-0.0092
79.47484,-0.0036
79.48483,-0.0136
79.49483,-0.0084
79.50482,-0.0167
79.51482,-0.0137
79.52481,-0.0154
79.53481,-0.0291
79.5448,-0.0412
79.5548,-0.0275
79.5648,-0.0258
79.57481,-0.0171
79.5848,-0.0144
79.5948,-0.0127
79.6048,-0.0206
79.6148,-0.0387
79.6248,-0.0398
79.6348,-0.0389
79.6448,-0.0284
79.6548,-0.0185
79.6648,-0.0192
79.67481,-0.0196
79.68485,-0.0177
79.69489,-0.027
79.70492,-0.0378
79.71496,-0.0255
79.72499,-0.0226
79.73502,-0.0112
79.74506,-0.0242
79.7551,-0.032
79.76513,-0.0389
79.77516,-0.0307
79.7852,-0.0259
79.79523,-0.0179
79.80518,-0.0257
79.8151,-0.0232
79.82504,-0.0268
79.83496,-0.0327
79.84489,-0.0294
79.85483,-0.0214
79.86475,-0.0222
79.87469,-0.0149
79.88461,-0.0109
79.89455,-0.0045
79.90448,-0.0104
79.91441,-0.0258
79.92441,-0.0321
79.93447,-0.0422
79.94453,-0.0438
79.9546,-0.0412
79.96466,-0.0433
79.97472,-0.0266
79.98479,-0.0225
79.99485,-0.0161
80.00491,0.0015
80.01498,0.0083
80.02504,-0.0007
80.0351,-0.027
80.04517,-0.0309
80.05514,-0.0275
80.06509,-0.0353
80.07505,-0.0381
80.085,-0.0256
80.09496,-0.025
80.10491,-0.0229
80.11487,-0.0179
80.12482,-0.0042
80.13477,0.0042
80.14473,-0.0046
80.15469,-0.0187
80.16464,-0.0319
80.17464,-0.0314
80.18468,-0.0291
80.19472,-0.036
80.20476,-0.0315
80.2148,-0.029
80.22484,-0.0168
80.23488,-0.0233
80.24492,-0.0153
80.25496,-0.0208
80.265,-0.0273
80.27504,-0.0196
80.28508,-0.0149
80.29512,-0.0188
80.30517,-0.0262
80.3152,-0.0248
80.32524,-0.0327
80.33527,-0.0183
80.34531,-0.0236
80.35535,-0.0148
80.36539,-0.026
80.37543,-0.0378
80.38546,-0.0388
80.3955,-0.0389
80.40554,-0.0375
80.41557,-0.0285
80.42559,-0.0238
80.43558,-0.0285
80.44556,-0.0146
80.45555,-0.0036
80.46555,-0.0058
80.47553,-0.003
80.48552,-0.0091
80.49551,-0.0195
80.50549,-0.0343
80.51548,-0.0169
80.52547,-0.0222
80.53546,-0.0094
80.54545,-0.0146
80.55543,-0.0168
80.56541,-0.016
80.57538,-0.0203
80.58536,-0.0275
80.59533,-0.0337
80.60531,-0.0321
80.61528,-0.028
80.62526,-0.0209
80.63524,-0.0182
80.64521,-0.0172
80.65519,-0.0182
80.66516,-0.0231
80.67515,-0.0279
80.68515,-0.0239
80.69515,-0.0188
80.70515,-0.0176
80.71516,-0.0063
80.72515,-0.0079
80.73515,-0.0166
80.74516,-0.0249
80.75516,-0.0244
80.76516,-0.0228
80.77515,-0.0316
80.78516,-0.029
80.79516,-0.0133
80.80515,-0.0129
80.81512,-0.0254
80.8251,-0.0344
80.83508,-0.0306
80.84506,-0.0427
80.85504,-0.0411
80.86501,-0.0277
80.87499,-0.0231
80.88497,-0.0208
80.89495,-0.0206
80.90493,-0.0302
80.91491,-0.0406
80.92492,-0.0222
80.93494,-0.0265
80.94497,-0.0258
80.95499,-0.0252
80.96502,-0.0421
80.97504,-0.0402
80.98507,-0.0447
80.99509,-0.0423
81.00512,-0.0446
81.01514,-0.0276
81.02517,-0.0165
81.03519,-0.0212
81.04522,-0.018
81.05524,-0.0254
81.06525,-0.0281
81.07527,-0.0255
81.08529,-0.0196
81.09531,-0.0164
81.10532,-0.0215
81.11534,-0.0286
81.12536,-0.0187
81.13538,-0.0117
81.14539,-0.0137
81.15541,-0.0228
81.16543,-0.0313
81.17541,-0.0297
81.18536,-0.0285
81.19531,-0.021
81.20526,-0.0146
81.21521,-0.0121
81.22516,-0.0233
81.23511,-0.0285
81.24506,-0.0306
81.255,-0.0264
81.26496,-0.0321
81.27491,-0.0337
81.28486,-0.031
81.29481,-0.0236
81.30492,-0.0182
81.31503,-0.0068
81.32513,-0.0096
81.33524,-0.0175
81.34534,-0.0066
81.35545,-0.0142
81.36555,-0.0171
81.37566,-0.0302
81.38577,-0.0367
81.39587,-0.0359
81.40598,-0.0274
81.41609,-0.0268
81.42614,-0.0154
81.43612,-0.0063
81.44609,-0.0205
81.45607,-0.0193
81.46605,-0.0155
81.47603,-0.0195
81.48601,-0.0156
81.49599,-0.0093
81.50597,-0.0073
81.51594,-0.0233
81.52592,-0.014
81.5359,-0.0242
81.54588,-0.0165
81.55589,-0.0208
81.5659,-0.0134
81.57591,-0.0116
81.58592,-0.0162
81.59593,-0.0192
81.60594,-0.0158
81.61595,-0.0241
81.62596,-0.0187
81.63598,-0.0205
81.64599,-0.0144
81.656,-0.0152
81.66601,-0.0157
81.67602,-0.0111
81.68601,-0.0222
81.69601,-0.012
81.70601,-0.0178
81.716,-0.0206
81.72601,-0.0191
81.736,-0.0183
81.746,-0.0224
81.756,-0.0239
81.766,-0.0262
81.77599,-0.0206
81.786,-0.0176
81.79599,-0.0137
81.80598,-0.0195
81.81597,-0.0183
81.82597,-0.0121
81.83596,-0.0081
81.84595,-0.0151
81.85594,-0.0193
81.86594,-0.0155
81.87592,-0.0258
81.88592,-0.0308
81.89591,-0.0209
81.9059,-0.0262
81.91589,-0.0209
