time_s,measured_value
0.0099,0.168
0.01979,0.1803
0.02969,0.1567
0.03959,0.1444
0.04949,0.1487
0.05938,0.1354
0.06928,0.1319
0.07918,0.1393
0.08907,0.1537
0.09897,0.1545
0.10887,0.1624
0.11877,0.1519
0.12874,0.1712
0.13879,0.1647
0.14884,0.1561
0.15888,0.1341
0.16893,0.1306
0.17898,0.1319
0.18902,0.1371
0.19907,0.1545
0.20912,0.1549
0.21916,0.1697
0.22921,0.1659
0.23926,0.1511
0.24931,0.1295
0.2593,0.1255
0.26929,0.1322
0.27929,0.1324
0.28928,0.1412
0.29927,0.1611
0.30927,0.1691
0.31926,0.1692
0.32925,0.1618
0.33925,0.1414
0.34924,0.1425
0.35923,0.126
0.36922,0.1341
0.37917,0.1512
0.38906,0.1699
0.39895,0.1759
0.40884,0.1776
0.41873,0.1789
0.42862,0.1782
0.43851,0.1481
0.4484,0.1364
0.45829,0.1217
0.46818,0.1407
0.47807,0.1578
0.48797,0.1705
0.49786,0.1665
0.50787,0.1636
0.51788,0.1707
0.5279,0.1701
0.53791,0.1566
0.54792,0.1521
0.55794,0.1447
0.56795,0.1436
0.57796,0.1412
0.58798,0.157
0.59799,0.169
0.608,0.1753
0.61802,0.1667
0.62807,0.1665
0.63817,0.149
0.64826,0.1647
0.65835,0.1619
0.66844,0.1543
0.67854,0.141
0.68863,0.1553
0.69872,0.157
0.70881,0.1494
0.71891,0.147
0.729,0.1574
0.73909,0.1493
0.74918,0.1553
0.75912,0.1497
0.76904,0.1494
0.77895,0.1628
0.78887,0.1593
0.79878,0.1533
0.8087,0.152
0.81862,0.163
0.82853,0.1534
0.83845,0.1496
0.84837,0.1511
0.85828,0.1592
0.8682,0.1607
0.8782,0.1552
0.88824,0.1473
0.89829,0.161
0.90834,0.1636
0.91838,0.164
0.92843,0.1626
0.93848,0.1597
0.94852,0.1615
0.95857,0.1581
0.96862,0.1557
0.97866,0.1599
0.98871,0.161
0.99876,0.1553
1.00876,0.1512
1.01876,0.1562
1.02876,0.1549
1.03875,0.1597
1.04875,0.1588
1.05875,0.1554
1.06875,0.1619
1.07875,0.1422
1.08874,0.1459
1.09874,0.148
1.10874,0.1553
1.11874,0.1603
1.12879,0.1621
1.1389,0.1711
1.149,0.1741
1.1591,0.1557
1.1692,0.151
1.17931,0.1399
1.18941,0.136
1.19951,0.1412
1.20961,0.1593
1.21971,0.1629
1.22982,0.1754
1.23992,0.1724
1.25002,0.1577
1.25992,0.1447
1.26981,0.1493
1.27971,0.1392
1.2896,0.1372
1.2995,0.1474
1.30939,0.1643
1.31928,0.1637
1.32918,0.1721
1.33907,0.1666
1.34897,0.155
1.35886,0.1451
1.36876,0.1413
1.37872,0.154
1.38875,0.1598
1.39878,0.1505
1.40881,0.1656
1.41884,0.171
1.42887,0.1578
1.4389,0.1452
1.44892,0.1437
1.45895,0.1347
1.46898,0.1545
1.47901,0.1503
1.48904,0.1694
1.49907,0.1723
1.50908,0.1699
1.51908,0.1602
1.52908,0.1443
1.53908,0.1398
1.54907,0.1381
1.55907,0.1431
1.56907,0.1469
1.57907,0.1641
1.58906,0.1728
1.59906,0.1739
1.60906,0.1591
1.61906,0.1396
1.62906,0.1412
1.63905,0.1425
1.64905,0.1503
1.65904,0.1603
1.66904,0.1577
1.67903,0.1568
1.68903,0.1637
1.69902,0.1761
1.70902,0.1762
1.71901,0.1544
1.72901,0.1378
1.739,0.1288
1.749,0.1444
1.75897,0.1582
1.76893,0.1635
1.77889,0.1682
1.78886,0.1702
1.79882,0.1701
1.80879,0.1768
1.81875,0.1535
1.82871,0.1338
1.83868,0.139
1.84864,0.1482
1.8586,0.1453
1.86857,0.1634
1.87855,0.172
1.88854,0.1769
1.89853,0.1646
1.90852,0.1392
1.91851,0.122
1.9285,0.1204
1.93849,0.1374
1.94848,0.1527
1.95847,0.1627
1.96847,0.1807
1.97846,0.1796
1.98845,0.1701
1.99844,0.1554
2.00855,0.1494
2.01865,0.1409
2.02876,0.1405
2.03887,0.1511
2.04897,0.1604
2.05908,0.1781
2.06918,0.1811
2.07929,0.1647
2.0894,0.1475
2.0995,0.1431
2.10961,0.1501
2.11971,0.1571
2.12977,0.154
2.13978,0.1633
2.14978,0.1791
2.15979,0.179
2.16979,0.1708
2.1798,0.1472
2.18981,0.1451
2.19981,0.1432
2.20982,0.1474
2.21982,0.1629
2.22983,0.1678
2.23984,0.1732
2.24984,0.1733
2.25983,0.1664
2.26982,0.1636
2.2798,0.1442
2.28979,0.1451
2.29977,0.1501
2.30975,0.1513
2.31974,0.1544
2.32972,0.1775
2.3397,0.1713
2.34969,0.166
2.35967,0.171
2.36965,0.1577
2.37965,0.1521
2.38967,0.1478
2.39968,0.1603
2.40969,0.175
2.4197,0.1617
2.42971,0.1781
2.43973,0.1995
2.44974,0.1786
2.45975,0.1572
2.46976,0.153
2.47977,0.155
2.48979,0.1552
2.4998,0.1697
2.50984,0.1765
2.51987,0.189
2.52991,0.1855
2.53994,0.1758
2.54998,0.172
2.56001,0.1531
2.57005,0.1572
2.58008,0.1657
2.59012,0.1729
2.60016,0.1786
2.61019,0.1814
2.62023,0.1797
2.63021,0.1788
2.64014,0.1667
2.65006,0.1618
2.65999,0.1632
2.66992,0.156
2.67984,0.1581
2.68977,0.1719
2.69969,0.1749
2.70962,0.1666
2.71954,0.1737
2.72947,0.1767
2.73939,0.1573
2.74932,0.151
2.75931,0.1687
2.7693,0.1681
2.77928,0.1727
2.78927,0.1845
2.79926,0.1794
2.80924,0.1751
2.81923,0.1683
2.82922,0.1729
2.83921,0.1632
2.84919,0.1626
2.85918,0.1613
2.86917,0.1659
2.87916,0.1814
2.88916,0.1793
2.89916,0.1759
2.90916,0.173
2.91915,0.1648
2.92915,0.1499
2.93915,0.1495
2.94915,0.1576
2.95914,0.1767
2.96914,0.1797
2.97914,0.1725
2.98913,0.1656
2.99913,0.187
3.00913,0.1895
3.01913,0.1682
3.02913,0.1553
3.03913,0.1396
3.04913,0.1471
3.05913,0.177
3.06913,0.1754
3.07913,0.1747
3.08913,0.1776
3.09912,0.1787
3.10912,0.1632
3.11912,0.1512
3.12916,0.1519
3.13925,0.1543
3.14933,0.1678
3.15941,0.1689
3.16949,0.1754
3.17957,0.1756
3.18965,0.1735
3.19973,0.1727
3.20981,0.1766
3.21989,0.1732
3.22997,0.1727
3.24005,0.168
3.25014,0.1756
3.26014,0.1861
3.27014,0.1888
3.28014,0.1733
3.29014,0.1544
3.30014,0.1509
3.31015,0.1609
3.32015,0.1617
3.33015,0.1759
3.34015,0.1821
3.35015,0.1664
3.36015,0.1639
3.37015,0.1734
3.38016,0.1791
3.39017,0.1696
3.40018,0.1584
3.41019,0.183
3.4202,0.1858
3.4302,0.1764
3.44021,0.1647
3.45022,0.1727
3.46023,0.1772
3.47024,0.1717
3.48025,0.1619
3.49026,0.1693
3.50027,0.1697
3.51029,0.1748
3.52031,0.169
3.53034,0.1598
3.54036,0.1838
3.55039,0.1893
3.56041,0.1845
3.57043,0.1674
3.58046,0.1701
3.59048,0.1667
3.6005,0.1688
3.61053,0.1796
3.62055,0.1837
3.63055,0.1786
3.64052,0.1767
3.65049,0.1788
3.66046,0.1661
3.67043,0.1539
3.6804,0.1685
3.69036,0.1676
3.70033,0.1834
3.7103,0.1746
3.72027,0.1615
3.73024,0.1599
3.74021,0.1665
3.75018,0.1739
3.76018,0.1789
3.77019,0.1867
3.78019,0.181
3.7902,0.1653
3.8002,0.1596
3.8102,0.1535
3.82021,0.1702
3.83021,0.1745
3.84022,0.1759
3.85022,0.191
3.86022,0.1849
3.87023,0.163
3.88023,0.1546
3.89021,0.1701
3.9002,0.1614
3.91018,0.1634
3.92017,0.1617
3.93016,0.1794
3.94014,0.1815
3.95013,0.1825
3.96011,0.1745
3.9701,0.1605
3.98009,0.14
3.99007,0.1431
4.00006,0.152
4.01009,0.1686
4.0201,0.1676
4.03012,0.1837
4.04013,0.1926
4.05014,0.1751
4.06016,0.1528
4.07017,0.1526
4.08018,0.1449
4.0902,0.154
4.10021,0.1561
4.11022,0.1716
4.12024,0.1729
4.13024,0.1692
4.14022,0.1658
4.1502,0.1649
4.16018,0.1733
4.17016,0.1666
4.18014,0.152
4.19013,0.1595
4.20011,0.1736
4.21009,0.1757
4.22007,0.1712
4.23005,0.1702
4.24003,0.1815
4.25002,0.1792
4.26003,0.1757
4.27004,0.1646
4.28005,0.1706
4.29006,0.157
4.30007,0.183
4.31008,0.1847
4.32009,0.1994
4.3301,0.1905
4.34011,0.1696
4.35012,0.1721
4.36013,0.1671
4.37014,0.1645
4.38017,0.1718
4.39022,0.1762
4.40027,0.1808
4.41032,0.1878
4.42037,0.1714
4.43042,0.1809
4.44047,0.177
4.45052,0.1679
4.46057,0.1722
4.47062,0.1866
4.48067,0.1756
4.49072,0.1733
4.50077,0.1648
4.51077,0.1648
4.52077,0.1661
4.53077,0.166
4.54077,0.1769
4.55077,0.1754
4.56077,0.1758
4.57077,0.1842
4.58076,0.177
4.59076,0.1706
4.60076,0.1757
4.61076,0.1774
4.62076,0.1678
4.63078,0.1772
4.6408,0.177
4.65083,0.1774
4.66085,0.1851
4.67087,0.1863
4.68089,0.1853
4.69091,0.1817
4.70093,0.1674
4.71096,0.1615
4.72098,0.1589
4.731,0.1731
4.74102,0.1778
4.75104,0.1874
4.76105,0.1864
4.77104,0.189
4.78104,0.1713
4.79104,0.1601
4.80104,0.1513
4.81104,0.1616
4.82104,0.1624
4.83104,0.1749
4.84103,0.1856
4.85103,0.1914
4.86103,0.1949
4.87103,0.1992
4.88102,0.1842
4.891,0.163
4.90097,0.1788
4.91095,0.1622
4.92093,0.1607
4.9309,0.1714
4.94088,0.181
4.95086,0.1893
4.96083,0.1947
4.97081,0.1954
4.98079,0.1853
4.99076,0.1621
5.00074,0.1477
5.01076,0.1561
5.02078,0.1707
5.0308,0.1688
5.04081,0.1797
5.05083,0.2024
5.06085,0.202
5.07087,0.2074
5.08089,0.1995
5.0909,0.1611
5.10092,0.1457
5.11094,0.1507
5.12096,0.1595
5.13095,0.1792
5.14092,0.1976
5.15089,0.2082
5.16085,0.2175
5.17082,0.1984
5.18079,0.1754
5.19076,0.1556
5.20072,0.1601
5.21069,0.1759
5.22066,0.1792
5.23062,0.1889
5.24059,0.2029
5.25056,0.2014
5.26059,0.2083
5.27062,0.1868
5.28065,0.1754
5.29067,0.1761
5.3007,0.1564
5.31073,0.1519
5.32076,0.1632
5.33079,0.1817
5.34081,0.2024
5.35084,0.2065
5.36087,0.1883
5.3709,0.1769
5.38091,0.1666
5.39089,0.1661
5.40088,0.1635
5.41087,0.1716
5.42085,0.17
5.43084,0.1806
5.44083,0.1928
5.45081,0.2009
5.4608,0.1851
5.47078,0.1639
5.48077,0.155
5.49076,0.1576
5.50074,0.1664
5.51084,0.183
5.52093,0.1961
5.53101,0.1983
5.5411,0.1891
5.55119,0.1825
5.56128,0.1859
5.57137,0.1878
5.58146,0.1786
5.59155,0.1695
5.60164,0.178
5.61173,0.1587
5.62182,0.1545
5.63186,0.2137
5.64185,0.2239
5.65184,0.2201
5.66183,0.1892
5.67181,0.1784
5.6818,0.1801
5.69179,0.1721
5.70178,0.1716
5.71177,0.1896
5.72175,0.1785
5.73174,0.1988
5.74173,0.2008
5.75172,0.1926
5.7617,0.1944
5.77167,0.1785
5.78165,0.1681
5.79163,0.1744
5.8016,0.1883
5.81158,0.1993
5.82156,0.1972
5.83154,0.1871
5.84151,0.1837
5.85149,0.1937
5.86147,0.19
5.87144,0.1735
5.88145,0.1665
5.89147,0.1644
5.9015,0.1737
5.91152,0.1888
5.92155,0.2009
5.93157,0.2058
5.9416,0.2025
5.95162,0.1899
5.96165,0.1875
5.97167,0.1733
5.9817,0.1715
5.99173,0.1707
6.00175,0.1678
6.01176,0.1723
6.02176,0.2002
6.03176,0.2185
6.04177,0.2057
6.05177,0.1994
6.06177,0.1666
6.07177,0.1603
6.08178,0.1615
6.09178,0.1652
6.10178,0.1785
6.11178,0.1995
6.12179,0.2153
6.13179,0.2178
6.14179,0.1999
6.15179,0.1929
6.16179,0.1812
6.17179,0.1707
6.18179,0.1752
6.19178,0.1836
6.20178,0.1976
6.21178,0.1991
6.22178,0.2073
6.23178,0.2101
6.24178,0.208
6.25178,0.1814
6.26176,0.1831
6.27174,0.1737
6.28171,0.1833
6.29169,0.189
6.30167,0.186
6.31164,0.208
6.32162,0.2177
6.3316,0.2323
6.34157,0.2008
6.35155,0.1802
6.36153,0.1615
6.3715,0.1768
6.38148,0.1795
6.39147,0.1966
6.40145,0.2098
6.41144,0.2165
6.42142,0.2161
6.43141,0.1933
6.44139,0.1823
6.45138,0.1689
6.46136,0.1733
6.47135,0.1819
6.48133,0.1677
6.49132,0.1947
6.5013,0.2042
6.51135,0.2088
6.52139,0.2065
6.53143,0.1995
6.54147,0.1782
6.55151,0.1669
6.56155,0.1762
6.57159,0.1809
6.58164,0.1837
6.59168,0.1855
6.60172,0.1988
6.61176,0.2027
6.6218,0.2021
6.63186,0.1957
6.64192,0.1778
6.65199,0.1719
6.66206,0.1703
6.67213,0.1734
6.6822,0.1876
6.69227,0.1891
6.70233,0.1942
6.7124,0.1936
6.72247,0.2038
6.73254,0.2044
6.74261,0.1888
6.75268,0.1665
6.76268,0.1669
6.77268,0.1608
6.78268,0.1827
6.79267,0.1822
6.80267,0.1917
6.81267,0.1972
6.82267,0.2007
6.83267,0.1976
6.84267,0.1981
6.85267,0.1885
6.86267,0.1809
6.87266,0.1718
6.88268,0.1863
6.8927,0.1847
6.90272,0.1811
6.91274,0.1832
6.92275,0.1935
6.93277,0.2019
6.94279,0.1925
6.95281,0.1883
6.96283,0.1866
6.97285,0.1839
6.98287,0.1646
6.99289,0.1649
7.00291,0.174
7.01292,0.1811
7.0229,0.2028
7.03289,0.2142
7.04287,0.2157
7.05286,0.1938
7.06285,0.1674
7.07283,0.1688
7.08282,0.1678
7.0928,0.1695
7.10279,0.1842
7.11278,0.1991
7.12276,0.2204
7.13276,0.2065
7.14275,0.1893
7.15274,0.1759
7.16273,0.1702
7.17272,0.1662
7.1827,0.1805
7.19269,0.1939
7.20268,0.2001
7.21267,0.215
7.22266,0.2134
7.23265,0.1996
7.24264,0.1944
7.25263,0.1726
7.2626,0.1695
7.27257,0.1693
7.28254,0.192
7.29251,0.2008
7.30248,0.2101
7.31245,0.2123
7.32242,0.2116
7.33239,0.1971
7.34236,0.1823
7.35233,0.1786
7.3623,0.1787
7.37227,0.1887
7.38225,0.192
7.39223,0.2056
7.4022,0.2216
7.41218,0.2155
7.42216,0.205
7.43213,0.1902
7.44211,0.1785
7.45209,0.1812
7.46206,0.1817
7.47204,0.1912
7.48202,0.2022
7.492,0.2081
7.50197,0.2159
7.512,0.2155
7.52202,0.2016
7.53205,0.1768
7.54207,0.1615
7.5521,0.1755
7.56212,0.1955
7.57215,0.2071
7.58217,0.2111
7.5922,0.2124
7.60222,0.2218
7.61225,0.1981
7.62227,0.1791
7.63229,0.1825
7.64229,0.1852
7.65229,0.1987
7.6623,0.1954
7.6723,0.2008
7.6823,0.2023
7.69231,0.2115
7.70231,0.2119
7.71231,0.2066
7.72232,0.1934
7.73232,0.1844
7.74232,0.1767
7.75233,0.1734
7.7624,0.1881
7.77248,0.1909
7.78255,0.2162
7.79263,0.2239
7.8027,0.2214
7.81278,0.2016
7.82285,0.1909
7.83292,0.1778
7.843,0.1659
7.85307,0.1776
7.86315,0.1911
7.87322,0.2029
7.88326,0.2108
7.89327,0.2056
7.90327,0.1978
7.91327,0.1943
7.92327,0.1821
7.93327,0.18
7.94328,0.1836
7.95328,0.2015
7.96328,0.1991
7.97328,0.1994
7.98329,0.1986
7.99329,0.2059
8.00329,0.196
8.01326,0.182
8.02323,0.1817
8.03321,0.1808
8.04318,0.187
8.05315,0.1917
8.06312,0.2022
8.07309,0.2055
8.08306,0.2106
8.09303,0.2144
8.103,0.2031
8.11298,0.1875
8.12295,0.1745
8.13296,0.1845
8.14297,0.1918
8.15298,0.2109
8.16299,0.2082
8.17301,0.2182
8.18302,0.2089
8.19303,0.1977
8.20304,0.1783
8.21306,0.1833
8.22307,0.1728
8.23308,0.1807
8.24309,0.2009
8.2531,0.2085
8.26311,0.2159
8.27311,0.2121
8.28311,0.2062
8.2931,0.191
8.3031,0.1866
8.3131,0.1926
8.3231,0.1983
8.3331,0.1926
8.3431,0.2039
8.3531,0.2081
8.3631,0.1969
8.3731,0.1865
8.3831,0.1981
8.39309,0.1951
8.40308,0.1852
8.41307,0.1823
8.42306,0.1971
8.43305,0.2037
8.44304,0.2052
8.45303,0.2149
8.46302,0.2094
8.47301,0.1936
8.483,0.1813
8.49299,0.18
8.50298,0.1747
8.51302,0.1831
8.52305,0.2034
8.53308,0.2226
8.54311,0.2201
8.55314,0.1989
8.56317,0.1886
8.5732,0.1778
8.58323,0.1854
8.59326,0.1864
8.60329,0.1921
8.61332,0.2002
8.62335,0.2145
8.63339,0.2165
8.64343,0.2035
8.65347,0.1901
8.66351,0.1782
8.67356,0.1857
8.6836,0.1817
8.69364,0.1916
8.70368,0.2111
8.71372,0.2053
8.72377,0.2111
8.73381,0.2152
8.74385,0.2091
8.75389,0.1865
8.76389,0.1858
8.77389,0.1859
8.78389,0.1843
8.79389,0.1853
8.80389,0.1907
8.81389,0.2061
8.82388,0.2246
8.83388,0.219
8.84388,0.1984
8.85388,0.1762
8.86388,0.1831
8.87388,0.1825
8.8839,0.1811
8.89389,0.1982
8.90389,0.2196
8.91389,0.2108
8.92389,0.2153
8.93389,0.2123
8.94389,0.1991
8.95389,0.1793
8.96389,0.1658
8.97389,0.1769
8.98389,0.1872
8.99388,0.2152
9.00388,0.2176
9.01388,0.2225
9.02388,0.2163
9.03387,0.2099
9.04387,0.1918
9.05386,0.1792
9.06386,0.1744
9.07385,0.1874
9.08385,0.1847
9.09385,0.193
9.10384,0.2048
9.11384,0.2215
9.12383,0.2183
9.13384,0.2103
9.14384,0.1808
9.15385,0.1698
9.16385,0.17
9.17386,0.1711
9.18386,0.193
9.19387,0.2107
9.20387,0.2212
9.21388,0.2233
9.22388,0.2149
9.23389,0.1973
9.2439,0.1706
9.2539,0.1782
9.26387,0.1679
9.27383,0.1883
9.2838,0.2053
9.29377,0.2155
9.30373,0.2189
9.3137,0.2222
9.32366,0.2059
9.33363,0.1921
9.3436,0.1712
9.35356,0.1772
9.36353,0.1889
9.37349,0.1888
9.38348,0.1994
9.39347,0.2101
9.40346,0.212
9.41345,0.2197
9.42345,0.1907
9.43344,0.1786
9.44343,0.1789
9.45342,0.1825
9.46342,0.1928
9.47341,0.1918
9.4834,0.209
9.4934,0.2172
9.50339,0.2149
9.51339,0.2091
9.52339,0.1946
9.53339,0.1861
9.54339,0.1812
9.55339,0.1745
9.56339,0.1862
9.57339,0.1965
9.58339,0.2105
9.59339,0.2308
9.60339,0.2264
9.61339,0.2087
9.62339,0.184
9.63344,0.1765
9.64354,0.1815
9.65364,0.1809
9.66374,0.1858
9.67384,0.1938
9.68394,0.2105
9.69404,0.2332
9.70414,0.223
9.71424,0.197
9.72434,0.174
9.73444,0.1748
9.74454,0.1724
9.75464,0.1921
9.76459,0.1962
9.77454,0.1978
9.78449,0.211
9.79445,0.2225
9.8044,0.2103
9.81435,0.2021
9.8243,0.1866
9.83425,0.1628
9.84421,0.1696
9.85416,0.1804
9.86411,0.1964
9.87406,0.2093
9.88402,0.1992
9.89399,0.1893
9.90395,0.1902
9.91391,0.1739
9.92387,0.1701
9.93384,0.191
9.9438,0.2142
9.95376,0.2153
9.96372,0.1906
9.97368,0.1695
9.98365,0.1663
9.99361,0.1873
10.00357,0.2006
10.01357,0.2006
10.02357,0.1989
10.03356,0.1833
10.04356,0.1443
10.05355,0.1373
10.06355,0.1693
10.07354,0.2105
10.08354,0.235
10.09353,0.2167
10.10352,0.1894
10.11352,0.1694
10.12351,0.147
10.13358,0.1504
10.14371,0.1699
10.15384,0.1962
10.16396,0.1997
10.17409,0.1838
10.18422,0.1838
10.19435,0.164
10.20448,0.1624
10.21461,0.1677
10.22474,0.1823
10.23487,0.1963
10.245,0.1867
10.25513,0.1548
10.26511,0.1433
10.27508,0.1685
10.28505,0.1972
10.29502,0.2265
10.30498,0.2112
10.31495,0.1652
10.32492,0.1594
10.33489,0.1676
10.34485,0.1797
10.35482,0.171
10.36479,0.1602
10.37476,0.1641
10.38474,0.1642
10.39473,0.1834
10.40473,0.1873
10.41472,0.183
10.42471,0.1892
10.4347,0.1825
10.4447,0.1674
10.45469,0.1559
10.46468,0.1639
10.47468,0.1797
10.48467,0.1858
10.49466,0.1873
10.50466,0.1807
10.51465,0.1832
10.52463,0.1964
10.53462,0.2096
10.54461,0.2171
10.55459,0.2075
10.56458,0.2072
10.57457,0.2125
10.58456,0.2138
10.59454,0.2208
10.60453,0.2221
10.61452,0.2428
10.62451,0.2665
10.63453,0.2675
10.64458,0.2801
10.65464,0.2926
10.66469,0.2957
10.67474,0.2939
10.6848,0.2869
10.69485,0.2864
10.7049,0.2957
10.71496,0.3063
10.72501,0.334
10.73507,0.3682
10.74512,0.3891
10.75517,0.4017
10.76513,0.4078
10.77509,0.4151
10.78504,0.4199
10.795,0.4219
10.80495,0.4065
10.81491,0.3986
10.82487,0.408
10.83482,0.4379
10.84478,0.478
10.85473,0.5063
10.86469,0.5174
10.87464,0.5275
10.88462,0.5346
10.8946,0.5447
10.90458,0.5443
10.91456,0.5369
10.92454,0.5436
10.93453,0.5664
10.94451,0.6035
10.95449,0.6426
10.96447,0.6616
10.97445,0.6856
10.98444,0.69
10.99442,0.7046
11.0044,0.7422
11.01436,0.776
11.02432,0.8013
11.03428,0.826
11.04424,0.849
11.0542,0.8717
11.06415,0.8587
11.07411,0.8358
11.08407,0.8216
11.09403,0.8375
11.10399,0.8765
11.11395,0.9208
11.12391,0.9141
11.13394,0.898
11.14405,0.8819
11.15417,0.8483
11.16428,0.7532
11.17439,0.6502
11.1845,0.548
11.19461,0.4698
11.20472,0.3965
11.21484,0.3362
11.22495,0.2989
11.23506,0.27
11.24517,0.254
11.25528,0.2236
11.26528,0.1938
11.27527,0.1674
11.28527,0.1481
11.29526,0.1158
11.30526,0.1008
11.31525,0.1138
11.32524,0.127
11.33524,0.1529
11.34523,0.1739
11.35523,0.1765
11.36522,0.1669
11.37521,0.1623
11.38521,0.1792
11.39522,0.2057
11.40522,0.2058
11.41523,0.1966
11.42523,0.2135
11.43524,0.2335
11.44524,0.247
11.45525,0.2401
11.46526,0.2533
11.47526,0.2701
11.48527,0.2994
11.49527,0.337
11.50528,0.3727
11.5153,0.4102
11.52531,0.4511
11.53533,0.4747
11.54535,0.4731
11.55537,0.4732
11.56538,0.4706
11.5754,0.5214
11.58542,0.573
11.59544,0.6428
11.60545,0.7366
11.61547,0.8399
11.62549,0.9341
11.63549,1.0171
11.64545,1.02
11.65542,1.0484
11.66538,1.0472
11.67535,1.0568
11.68531,1.0803
11.69528,1.1074
11.70525,1.0992
11.71521,1.0626
11.72518,1.0351
11.73514,1.0039
11.74511,1.0055
11.75507,1.0116
11.76507,1.0281
11.77507,1.0732
11.78508,1.1222
11.79508,1.1939
11.80508,1.2949
11.81508,1.4371
11.82508,1.5687
11.83508,1.6534
11.84508,1.6985
11.85508,1.7044
11.86508,1.69
11.87508,1.6416
11.88508,1.617
11.89507,1.6028
11.90506,1.6362
11.91505,1.6799
11.92505,1.7123
11.93504,1.7494
11.94503,1.7808
11.95502,1.8055
11.96501,1.8437
11.975,1.872
11.985,1.934
11.99499,2.0363
12.00498,2.1236
12.01499,2.1711
12.02498,2.1894
12.03498,2.1567
12.04497,2.1071
12.05497,2.0889
12.06496,2.129
12.07495,2.2156
12.08495,2.3424
12.09494,2.4602
12.10493,2.5617
12.11493,2.6662
12.12492,2.767
12.13493,2.7323
12.14494,2.8502
12.15494,2.9641
12.16495,3.0137
12.17495,3.0802
12.18496,3.0449
12.19497,2.9827
12.20497,2.8407
12.21498,2.7661
12.22499,2.6853
12.23499,2.5234
12.245,2.2795
12.255,1.9737
12.26509,1.6954
12.27516,1.466
12.28522,1.3194
12.29529,1.2508
12.30535,1.2187
12.31542,1.2026
12.32548,1.146
12.33555,1.0656
12.34561,0.9567
12.35568,0.8284
12.36575,0.7346
12.37581,0.6581
12.38583,0.5835
12.3958,0.4659
12.40577,0.3648
12.41574,0.3536
12.42571,0.186
12.43568,0.0351
12.44565,-0.1232
12.45562,-0.2608
12.46558,-0.3653
12.47555,-0.4171
12.48552,-0.4585
12.49549,-0.5022
12.50546,-0.5527
12.51549,-0.5885
12.52551,-0.6444
12.53553,-0.6843
12.54555,-0.7161
12.55557,-0.734
12.56559,-0.7319
12.57561,-0.7377
12.58563,-0.7263
12.59565,-0.7453
12.60567,-0.7675
12.61569,-0.7797
12.62572,-0.7982
12.63571,-0.8084
12.64568,-0.7995
12.65565,-0.7907
12.66561,-0.7913
12.67558,-0.7923
12.68555,-0.7952
12.69551,-0.7934
12.70548,-0.8099
12.71545,-0.8231
12.72542,-0.8196
12.73538,-0.8266
12.74535,-0.8348
12.75532,-0.8095
12.76533,-0.7801
12.77533,-0.752
12.78533,-0.7388
12.79533,-0.7407
12.80534,-0.7485
12.81534,-0.7266
12.82534,-0.7215
12.83534,-0.7229
12.84535,-0.6999
12.85535,-0.6661
12.86535,-0.6311
12.87535,-0.5944
12.88535,-0.5524
12.89534,-0.5262
12.90533,-0.5046
12.91532,-0.4895
12.92531,-0.4714
12.9353,-0.453
12.94529,-0.4116
12.95528,-0.3653
12.96527,-0.2777
12.97526,-0.1545
12.98525,-0.0333
12.99524,0.0292
13.00523,0.0422
13.01522,0.0038
13.02521,-0.0147
13.0352,-0.0192
13.04519,0.0163
13.05518,0.077
13.06517,0.1372
13.07516,0.2123
13.08515,0.2588
13.09514,0.2733
13.10513,0.2936
13.11512,0.3104
13.12511,0.3626
13.13511,0.4575
13.14513,0.5579
13.15514,0.6539
13.16515,0.7173
13.17517,0.7751
13.18518,0.7835
13.1952,0.7922
13.20521,0.7852
13.21522,0.7614
13.22524,0.7543
13.23525,0.7859
13.24527,0.8823
13.25528,0.9904
13.26528,1.0521
13.27529,1.0805
13.28529,1.1111
13.29529,1.1595
13.30529,1.2258
13.31529,1.2629
13.32529,1.2677
13.33529,1.2631
13.34529,1.2512
13.3553,1.2971
13.3653,1.386
13.3753,1.5115
13.38535,1.617
13.39545,1.7011
13.40555,1.7802
13.41564,1.8291
13.42574,1.8504
13.43583,1.8494
13.44593,1.8598
13.45603,1.8863
13.46612,1.9416
13.47622,2.0258
13.48631,2.1352
13.49641,2.2026
13.50651,2.2519
13.51649,2.2587
13.52646,2.2648
13.53644,2.2491
13.54642,2.245
13.5564,2.3085
13.56637,2.3702
13.57635,2.4408
13.58633,2.4751
13.5963,2.4779
13.60628,2.4585
13.61626,2.4671
13.62624,2.5026
13.63627,2.5743
13.64636,2.6367
13.65645,2.692
13.66653,2.7317
13.67662,2.7569
13.68671,2.7683
13.6968,2.7903
13.70689,2.83
13.71698,2.8639
13.72706,2.8975
13.73715,2.9229
13.74724,2.9065
13.75733,2.8295
13.76725,2.7406
13.77718,2.6516
13.7871,2.4638
13.79703,2.1321
13.80695,1.7213
13.81688,1.2906
13.8268,0.9192
13.83672,0.5964
13.84665,0.358
13.85657,0.2457
13.8665,0.2247
13.87642,0.2347
13.88637,0.2683
13.89634,0.2799
13.90631,0.3143
13.91628,0.3563
13.92625,0.3817
13.93622,0.4584
13.9462,0.5465
13.95617,0.5986
13.96614,0.61
13.97611,0.5645
13.98608,0.4903
13.99605,0.4077
14.00602,0.334
14.01604,0.2669
14.02606,0.2505
14.03607,0.2617
14.04609,0.2907
14.05611,0.3016
14.06612,0.2776
14.07614,0.2147
14.08616,0.1415
14.09617,0.0925
14.10619,0.077
14.11621,0.0998
14.12622,0.1695
14.13623,0.2734
14.14623,0.39
14.15623,0.4499
14.16623,0.4621
14.17622,0.413
14.18622,0.3614
14.19622,0.3316
14.20622,0.3256
14.21621,0.3465
14.22621,0.3992
14.23621,0.4689
14.2462,0.4669
14.2562,0.443
14.2662,0.3532
14.2762,0.2805
14.28619,0.2965
14.29619,0.3307
14.30619,0.4429
14.31618,0.6245
14.32618,0.8472
14.33618,1.0247
14.34617,1.0845
14.35617,1.0893
14.36616,1.0785
14.37616,1.0785
14.38614,1.084
14.39611,1.1145
14.40608,1.1573
14.41605,1.2362
14.42602,1.3083
14.43599,1.4182
14.44596,1.5119
14.45592,1.6598
14.46589,1.7692
14.47586,1.8142
14.48583,1.7967
14.4958,1.7408
14.50577,1.7264
14.51585,1.7574
14.52593,1.7962
14.53602,1.8906
14.5461,1.9985
14.55618,2.1102
14.56626,2.2294
14.57634,2.3301
14.58642,2.4014
14.5965,2.5917
14.60658,2.7679
14.61667,2.9418
14.62675,3.0797
14.63679,3.1817
14.64679,3.2869
14.65679,3.3524
14.66679,3.3727
14.67679,3.331
14.68678,3.2594
14.69678,3.2754
14.70678,3.3847
14.71678,3.5549
14.72678,3.7302
14.73678,3.8148
14.74678,3.8212
14.75678,3.7761
14.76678,3.7579
14.77677,3.8108
14.78676,3.9012
14.79675,4.0564
14.80675,4.1831
14.81674,4.2275
14.82673,4.1132
14.83672,4.0286
14.84671,3.9041
14.85671,3.6818
14.8667,3.3727
14.87669,2.9465
14.8867,2.4504
14.89673,2.075
14.90676,1.7347
14.91679,1.4091
14.92681,1.0941
14.93684,0.8487
14.94687,0.6755
14.9569,0.5442
14.96692,0.4456
14.97695,0.3717
14.98698,0.2991
14.99701,0.2494
15.00703,0.2225
15.0171,0.2034
15.02717,0.1871
15.03724,0.1769
15.04731,0.1576
15.05738,0.1388
15.06745,0.1454
15.07751,0.1902
15.08758,0.2716
15.09765,0.347
15.10772,0.3853
15.11779,0.4115
15.12786,0.3984
15.13786,0.3681
15.14776,0.3309
15.15767,0.2735
15.16757,0.2324
15.17748,0.19
15.18738,0.1801
15.19728,0.2066
15.20719,0.2195
15.21709,0.2014
15.22699,0.1301
15.2369,0.046
15.2468,0.0048
15.25671,0.0209
15.26672,0.0414
15.27674,0.0815
15.28675,0.1263
15.29677,0.1459
15.30678,0.1581
15.3168,0.1326
15.32681,0.0731
15.33683,0.0179
15.34684,0.0383
15.35686,0.0263
15.36687,0.0265
15.37689,0.0492
15.38689,0.1109
15.39689,0.1814
15.40689,0.2579
15.41689,0.3571
15.42688,0.4379
15.43688,0.5246
15.44688,0.6126
15.45687,0.695
15.46687,0.7659
15.47687,0.8297
15.48687,0.8593
15.49686,0.8754
15.50686,0.8783
15.51691,0.9087
15.52695,0.9555
15.53699,0.9966
15.54704,1.0267
15.55708,1.0296
15.56712,1.053
15.57717,1.1025
15.58721,1.1824
15.59725,1.2527
15.6073,1.2933
15.61734,1.3393
15.62738,1.4018
15.63741,1.4608
15.64741,1.5382
15.65741,1.6531
15.66741,1.79
15.67741,1.8908
15.68741,1.9753
15.69741,2.0157
15.70741,2.0324
15.71742,2.0495
15.72742,2.0419
15.73742,2.0606
15.74742,2.0954
15.75742,2.1248
15.76748,2.1787
15.77753,2.2333
15.78758,2.192
15.79764,2.0635
15.80769,1.8438
15.81775,1.5556
15.8278,1.2038
15.83786,0.8455
15.84791,0.5487
15.85796,0.3176
15.86802,0.1343
15.87807,0.0212
15.88809,-0.0177
15.89806,-0.0606
15.90803,-0.0865
15.918,-0.0949
15.92798,-0.1257
15.93795,-0.1616
15.94792,-0.1647
15.95789,-0.1598
15.96786,-0.1604
15.97783,-0.1723
15.9878,-0.1793
15.99778,-0.1798
16.00775,-0.1903
16.01775,-0.2102
16.02775,-0.2354
16.03775,-0.2564
16.04775,-0.2623
16.05774,-0.2516
16.06774,-0.251
16.07774,-0.2475
16.08774,-0.2444
16.09774,-0.2475
16.10773,-0.2429
16.11773,-0.2532
16.12773,-0.2493
16.13771,-0.2586
16.14768,-0.2673
16.15764,-0.2512
16.16761,-0.2414
16.17757,-0.2446
16.18754,-0.2518
16.1975,-0.2645
16.20746,-0.2845
16.21743,-0.299
16.22739,-0.3208
16.23736,-0.3389
16.24732,-0.3474
16.25729,-0.3316
16.26736,-0.3168
16.27743,-0.3152
16.2875,-0.3254
16.29757,-0.3498
16.30763,-0.3696
16.3177,-0.3693
16.32777,-0.3629
16.33784,-0.3435
16.34791,-0.3111
16.35798,-0.2688
16.36805,-0.2498
16.37812,-0.2094
16.38813,-0.2118
16.39809,-0.214
16.40804,-0.2182
16.418,-0.2125
16.42796,-0.2194
16.43791,-0.2161
16.44787,-0.2114
16.45783,-0.1965
16.46778,-0.1683
16.47774,-0.1335
16.48769,-0.1028
16.49765,-0.0878
16.50761,-0.0817
16.51761,-0.0665
16.5276,-0.0547
16.5376,-0.0461
16.5476,-0.0526
16.55759,-0.0311
16.56759,0.0117
16.57759,0.0562
16.58759,0.0876
16.59758,0.12
16.60758,0.1474
16.61758,0.179
16.62757,0.2217
16.63758,0.2851
16.64757,0.3776
16.65757,0.4912
16.66757,0.5809
16.67757,0.6437
16.68756,0.6728
16.69756,0.6523
16.70756,0.6636
16.71756,0.6936
16.72756,0.7541
16.73755,0.8215
16.74755,0.8953
16.75755,0.9365
16.76764,0.9633
16.77771,0.9944
16.78778,0.9851
16.79785,0.9542
16.80792,0.9139
16.81799,0.904
16.82806,0.9303
16.83813,0.9875
16.8482,1.0468
16.85827,1.0906
16.86834,1.135
16.87841,1.1797
16.88845,1.2308
16.89844,1.2879
16.90844,1.3557
16.91843,1.4467
16.92843,1.5613
16.93842,1.7041
16.94841,1.8404
16.95841,1.9789
16.9684,2.0642
16.9784,2.1254
16.98839,2.1983
16.99838,2.2526
17.00838,2.2874
17.01839,2.3175
17.02839,2.3865
17.0384,2.4649
17.0484,2.5715
17.05841,2.6273
17.06841,2.7361
17.07842,2.8416
17.08842,2.9096
17.09843,2.9693
17.10843,3.0481
17.11844,3.1207
17.12844,3.2187
17.13845,3.2914
17.14845,3.3658
17.15844,3.3927
17.16844,3.3872
17.17843,3.3529
17.18843,3.3331
17.19843,3.3448
17.20842,3.4323
17.21842,3.547
17.22841,3.6412
17.23841,3.704
17.24841,3.7473
17.2584,3.7661
17.26838,3.7811
17.27836,3.7949
17.28834,3.8057
17.29832,3.8344
17.30829,3.931
17.31827,4.0281
17.32825,4.0585
17.33823,4.0678
17.3482,4.0867
17.35818,4.0729
17.36816,4.0698
17.37814,4.0531
17.38813,3.9969
17.39814,3.9215
17.40815,3.8093
17.41815,3.6476
17.42816,3.4244
17.43817,3.1582
17.44818,2.8644
17.45819,2.571
17.46819,2.295
17.4782,2.0371
17.48821,1.785
17.49821,1.5354
17.50822,1.2793
17.5182,1.0216
17.52817,0.826
17.53814,0.6868
17.54812,0.5609
17.55809,0.4697
17.56806,0.4449
17.57804,0.4397
17.58801,0.4437
17.59798,0.4374
17.60795,0.4083
17.61793,0.3774
17.6279,0.372
17.63791,0.3372
17.64795,0.314
17.65799,0.3019
17.66804,0.2826
17.67808,0.2519
17.68812,0.2212
17.69816,0.1761
17.7082,0.1436
17.71825,0.1239
17.72829,0.1211
17.73833,0.1231
17.74837,0.1461
17.75842,0.1419
17.76842,0.1306
17.77843,0.1338
17.78843,0.1366
17.79844,0.1115
17.80844,0.1
17.81845,0.0964
17.82845,0.0875
17.83846,0.0814
17.84846,0.0734
17.85847,0.0545
17.86847,0.0349
17.87848,0.0343
17.88851,0.0331
17.89856,0.0435
17.90862,0.0509
17.91867,0.0711
17.92873,0.0989
17.93878,0.1233
17.94884,0.1559
17.95889,0.1864
17.96895,0.2225
17.979,0.2343
17.98906,0.2692
17.99911,0.3138
18.00917,0.3768
18.01914,0.4262
18.02911,0.4649
18.03908,0.503
18.04905,0.5356
18.05902,0.5633
18.06899,0.5969
18.07896,0.652
18.08893,0.7348
18.0989,0.885
18.10887,1.0483
18.11884,1.2414
18.12881,1.3709
18.13879,1.4606
18.14877,1.4891
18.15876,1.4972
18.16875,1.5147
18.17873,1.511
18.18871,1.4853
18.1987,1.4373
18.20868,1.4334
18.21867,1.4618
18.22866,1.5308
18.23864,1.6459
18.24863,1.7373
18.25861,1.7843
18.26865,1.8386
18.27869,1.8941
18.28873,1.9473
18.29877,1.9941
18.30881,2.04
18.31885,2.1286
18.32889,2.2376
18.33892,2.3335
18.34896,2.4038
18.359,2.4533
18.36904,2.4862
18.37908,2.5347
18.38914,2.5736
18.39921,2.6091
18.40928,2.6521
18.41935,2.678
18.42942,2.7101
18.43949,2.7672
18.44956,2.7892
18.45963,2.8456
18.4697,2.8894
18.47977,2.9327
18.48984,2.9661
18.49991,3.0077
18.50998,3.0477
18.51987,3.0354
18.52975,3.0386
18.53963,3.0285
18.54951,2.9267
18.5594,2.6813
18.56928,2.3034
18.57916,1.9198
18.58905,1.7244
18.59893,1.4576
18.60881,1.1658
18.6187,0.8805
18.62858,0.6283
18.63854,0.4102
18.64858,0.2665
18.65862,0.1651
18.66866,0.0819
18.67869,0.0106
18.68873,-0.0538
18.69877,-0.119
18.7088,-0.1619
18.71884,-0.1842
18.72888,-0.1892
18.73891,-0.1875
18.74895,-0.1803
18.75899,-0.1811
18.76899,-0.1852
18.77899,-0.1865
18.78899,-0.1778
18.79898,-0.1578
18.80898,-0.134
18.81898,-0.1216
18.82898,-0.0767
18.83898,-0.0446
18.84898,-0.0017
18.85897,0.042
18.86897,0.0739
18.87897,0.0991
18.88901,0.1106
18.89907,0.1332
18.90914,0.1585
18.9192,0.2176
18.92927,0.2735
18.93933,0.3183
18.9494,0.3668
18.95946,0.4504
18.96952,0.5512
18.97959,0.6475
18.98965,0.7521
18.99972,0.8484
19.00978,0.9289
19.01982,0.9873
19.02984,1.0191
19.03987,1.0323
19.0499,1.0437
19.05993,1.0777
19.06996,1.1303
19.07999,1.1638
19.09002,1.1837
19.10004,1.2187
19.11007,1.2175
19.1201,1.2074
19.13013,1.197
19.14013,1.2017
19.15011,1.2305
19.16008,1.2831
19.17005,1.3569
19.18003,1.4819
19.19,1.715
19.19997,2.0088
19.20994,2.216
19.21992,2.3762
19.22989,2.5073
19.23986,2.5309
19.24984,2.4891
19.25981,2.4263
19.2698,2.4074
19.27978,2.4431
19.28976,2.5064
19.29975,2.548
19.30973,2.6264
19.31971,2.7298
19.32969,2.8847
19.33968,3.0401
19.34966,3.1606
19.35964,3.2722
19.36963,3.3313
19.37961,3.3698
19.38965,3.3827
19.39971,3.3596
19.40977,3.3879
19.41982,3.5063
19.42988,3.6601
19.43994,3.8063
19.45,3.957
19.46005,4.165
19.47011,4.5896
19.48017,5.0123
19.49023,5.297
19.50028,5.4045
19.51034,5.4637
19.52026,5.5088
19.53017,5.5727
19.54008,5.639
19.54999,5.6394
19.5599,5.5128
19.56982,5.2781
19.57973,4.9785
19.58964,4.6848
19.59955,4.374
19.60946,4.0919
19.61938,3.8289
19.62929,3.6166
19.63925,3.472
19.64925,3.3852
19.65925,3.3096
19.66925,3.2031
19.67926,2.9549
19.68926,2.7553
19.69926,2.5774
19.70926,2.3126
19.71926,2.0484
19.72927,1.7819
19.73927,1.4743
19.74927,1.2072
19.75927,0.9479
19.76934,0.7269
19.77941,0.5338
19.78948,0.395
19.79955,0.2713
19.80962,0.1606
19.81969,0.1085
19.82976,0.0394
19.83983,0.0188
19.8499,0.0163
19.85997,0.0216
19.87004,0.0104
19.88011,-0.0194
19.89012,-0.0428
19.90004,-0.0593
19.90997,-0.0927
19.91989,-0.1523
19.92982,-0.1627
19.93974,-0.1825
19.94966,-0.1958
19.95959,-0.1981
19.96951,-0.1846
19.97943,-0.1916
19.98936,-0.1966
19.99928,-0.2175
20.0092,-0.2467
20.01925,-0.2575
20.02928,-0.2747
20.03931,-0.2984
20.04934,-0.3242
20.05937,-0.3439
20.0694,-0.3416
20.07942,-0.2591
20.08945,-0.0782
20.09948,-0.0677
20.10951,-0.0512
20.11954,-0.0506
20.12957,-0.0478
20.13962,-0.0284
20.14968,-0.0508
20.15975,-0.0756
20.16982,-0.0954
20.17988,-0.114
20.18995,-0.1095
20.20001,-0.0958
20.21008,-0.0672
20.22014,-0.0595
20.23021,-0.0397
20.24027,-0.0166
20.25034,-0.0406
20.26041,-0.0858
20.2704,-0.1155
20.28039,-0.1283
20.29039,-0.1341
20.30038,-0.1255
20.31037,-0.1154
20.32037,-0.095
20.33036,-0.095
20.34035,-0.0853
20.35035,-0.0574
20.36034,-0.0541
20.37033,-0.061
20.38032,-0.0436
20.39032,-0.0595
20.40031,-0.0875
20.41031,-0.1266
20.4203,-0.1243
20.43029,-0.1215
20.44029,-0.1133
20.45028,-0.0764
20.46027,-0.0632
20.47027,-0.0906
20.48026,-0.1039
20.49025,-0.1078
20.50025,-0.1043
20.51024,-0.0412
20.52023,-0.0024
20.53022,0.0306
20.54021,0.0491
20.5502,0.0606
20.56019,0.0724
20.57018,0.0963
20.58017,0.1307
20.59016,0.1578
20.60015,0.1706
20.61014,0.1625
20.62012,0.1659
20.63011,0.1576
20.64011,0.1083
20.65011,0.0554
20.66011,0.0721
20.67011,0.1208
20.68011,0.1618
20.69011,0.1906
20.70011,0.2489
20.71011,0.29
20.7201,0.2919
20.7301,0.2923
20.7401,0.2674
20.7501,0.2482
20.7601,0.2591
20.77012,0.2763
20.78014,0.2663
20.79016,0.2488
20.80018,0.2299
20.81019,0.2082
20.82021,0.1679
20.83023,0.1318
20.84025,0.1093
20.85027,0.1083
20.86029,0.0905
20.8703,0.0873
20.88032,0.0808
20.89033,0.0758
20.90032,0.0522
20.91031,0.0258
20.92031,-0.0076
20.9303,-0.0297
20.94029,-0.0341
20.95028,-0.0316
20.96027,-0.0357
20.97026,-0.0406
20.98026,-0.0571
20.99025,-0.0676
21.00024,-0.0797
21.01023,-0.062
21.02023,-0.0677
21.03023,-0.0924
21.04023,-0.0807
21.05023,-0.0873
21.06023,-0.0659
21.07022,-0.0507
21.08022,-0.0207
21.09022,-0.0134
21.10022,-0.0047
21.11022,0.0111
21.12021,0.0117
21.13021,0.0176
21.14021,0.0227
21.15021,0.0564
21.16021,0.0802
21.17021,0.0985
21.18021,0.1261
21.1902,0.1568
21.2002,0.1857
21.2102,0.2052
21.2202,0.2225
21.2302,0.2287
21.2402,0.2498
21.25019,0.2723
21.26019,0.2983
21.27026,0.3419
21.28033,0.3849
21.2904,0.4412
21.30047,0.4727
21.31054,0.4704
21.32061,0.4565
21.33068,0.4338
21.34075,0.4247
21.35081,0.4224
21.36088,0.4219
21.37095,0.4315
21.38102,0.4518
21.39106,0.503
21.40106,0.5852
21.41106,0.74
21.42106,0.8704
21.43106,0.9739
21.44106,1.0219
21.45106,1.0283
21.46106,1.014
21.47106,0.9958
21.48106,1.0011
21.49106,1.0375
21.50106,1.1114
21.51106,1.2259
21.52106,1.3335
21.53105,1.347
21.54104,1.2968
21.55103,1.1708
21.56102,0.9925
21.571,0.779
21.581,0.6014
21.59098,0.477
21.60097,0.4019
21.61096,0.3597
21.62095,0.3488
21.63094,0.31
21.64093,0.2561
21.6509,0.2056
21.66088,0.1843
21.67086,0.2054
21.68084,0.2171
21.69081,0.2496
21.70079,0.2909
21.71077,0.3337
21.72075,0.3609
21.73072,0.3779
21.7407,0.3997
21.75068,0.4434
21.76066,0.5021
21.77069,0.5894
21.78071,0.6771
21.79074,0.7124
21.80076,0.7325
21.81079,0.7482
21.82081,0.7281
21.83084,0.7027
21.84087,0.7035
21.85089,0.7305
21.86092,0.7573
21.87094,0.7792
21.88097,0.7884
21.89099,0.7467
21.90095,0.6668
21.91092,0.5753
21.92088,0.4724
21.93085,0.3867
21.94081,0.3278
21.95078,0.311
21.96075,0.3184
21.97071,0.34
21.98068,0.364
21.99065,0.4083
22.00061,0.4329
22.01058,0.411
22.02061,0.3772
22.03063,0.3402
22.04066,0.3344
22.05068,0.3399
22.06071,0.3641
22.07073,0.3996
22.08075,0.4451
22.09078,0.4715
22.1008,0.4879
22.11083,0.5166
22.12085,0.5446
22.13088,0.5957
22.14088,0.687
22.15086,0.7663
22.16083,0.841
22.1708,0.9106
22.18078,0.9823
22.19075,1.0401
22.20072,1.0925
22.2107,1.1158
22.22067,1.147
22.23064,1.1786
22.24062,1.2287
22.25059,1.2513
22.26056,1.2545
22.27069,1.2497
22.28082,1.2417
22.29094,1.2147
22.30107,1.1988
22.31119,1.2193
22.32132,1.264
22.33145,1.3573
22.34157,1.4721
22.3517,1.6012
22.36182,1.7288
22.37195,1.8741
22.38208,2.0332
22.39211,2.2202
22.40206,2.3814
22.412,2.4995
22.42194,2.5821
22.43188,2.6356
22.44182,2.6513
22.45176,2.6627
22.4617,2.6917
22.47165,2.7695
22.48159,2.8482
22.49153,2.9574
22.50147,3.0525
22.51141,3.1286
22.52147,3.2006
22.53153,3.2662
22.54159,3.362
22.55164,3.4535
22.5617,3.5451
22.57175,3.6488
22.58181,3.7445
22.59187,3.822
22.60192,3.903
22.61198,3.9292
22.62203,3.9047
22.63209,3.8385
22.64216,3.7794
22.6522,3.7349
22.66225,3.6824
22.67229,3.5922
22.68233,3.392
22.69238,3.0976
22.70242,2.7387
22.71247,2.3667
22.72251,2.0421
22.73256,1.7699
22.7426,1.5838
22.75265,1.4307
22.76269,1.289
22.77261,1.1447
22.78253,1.0649
22.79245,1.0129
22.80236,0.9501
22.81228,0.896
22.8222,0.8327
22.83212,0.7723
22.84203,0.7127
22.85195,0.6291
22.86187,0.552
22.87179,0.4922
22.8817,0.4257
22.89166,0.3937
22.90167,0.3769
22.91167,0.3489
22.92168,0.2878
22.93168,0.2177
22.94169,0.1457
22.95169,0.0984
22.9617,0.0333
22.9717,-0.0081
22.98171,-0.0166
22.99171,-0.0222
23.00172,-0.0332
23.01172,-0.0548
23.02169,-0.0817
23.03165,-0.0924
23.04161,-0.1006
23.05158,-0.1161
23.06154,-0.114
23.0715,-0.1035
23.08146,-0.122
23.09143,-0.1363
23.10139,-0.1521
23.11135,-0.1761
23.12132,-0.1686
23.13128,-0.1473
23.14126,-0.1495
23.15124,-0.1425
23.16123,-0.1528
23.17122,-0.1375
23.1812,-0.0962
23.19119,-0.0502
23.20117,-0.0017
23.21116,0.0268
23.22115,0.0424
23.23113,0.0595
23.24112,0.09
23.2511,0.1772
23.26109,0.3051
23.27118,0.4253
23.28126,0.5383
23.29134,0.6666
23.30142,0.7691
23.3115,0.8611
23.32158,0.9305
23.33166,0.9815
23.34174,1.0358
23.35182,1.0914
23.36191,1.1436
23.37199,1.1755
23.38207,1.241
23.39209,1.3274
23.40204,1.4209
23.412,1.5102
23.42195,1.5901
23.43191,1.6566
23.44186,1.7553
23.45182,1.8422
23.46177,1.904
23.47173,1.9977
23.48168,2.1108
23.49164,2.2365
23.50159,2.3354
23.51155,2.4246
23.5216,2.5065
23.53164,2.5935
23.54169,2.6691
23.55173,2.7493
23.56178,2.856
23.57183,2.9812
23.58188,3.0756
23.59192,3.1202
23.60197,3.1398
23.61202,3.1634
23.62206,3.2048
23.63211,3.2388
23.64215,3.2355
23.65217,3.1966
23.6622,3.1919
23.67222,3.2208
23.68224,3.2947
23.69227,3.3944
23.70229,3.4825
23.71232,3.5555
23.72234,3.5928
23.73236,3.6684
23.74239,3.776
23.75241,3.8958
23.76244,3.9829
23.77243,4.0249
23.78242,4.0696
23.79241,4.1028
23.8024,4.1555
23.81239,4.1415
23.82238,4.1137
23.83237,4.0959
23.84236,4.1593
23.85235,4.2487
23.86234,4.2925
23.87233,4.2423
23.88232,4.0933
23.89232,3.8978
23.90232,3.7004
23.91232,3.4741
23.92233,3.2077
23.93233,2.8917
23.94233,2.5783
23.95233,2.2715
23.96233,1.9717
23.97233,1.6888
23.98233,1.4875
23.99233,1.3271
24.00233,1.1454
24.01234,0.9837
24.02234,0.858
24.03235,0.7699
24.04235,0.6834
24.05236,0.636
24.06236,0.584
24.07236,0.5515
24.08237,0.5401
24.09237,0.5122
24.10238,0.482
24.11238,0.459
24.12239,0.4412
24.13239,0.4044
24.14242,0.3942
24.15247,0.3819
24.16252,0.3786
24.17257,0.3881
24.18262,0.4109
24.19267,0.4312
24.20272,0.4364
24.21277,0.4365
24.22282,0.433
24.23287,0.4413
24.24292,0.4397
24.25298,0.4464
24.26303,0.4633
24.27296,0.479
24.2829,0.4876
24.29283,0.4711
24.30276,0.4453
24.3127,0.4462
24.32263,0.4209
24.33257,0.3606
24.3425,0.3133
24.35243,0.2644
24.36237,0.2226
24.3723,0.2238
24.38224,0.2457
24.39221,0.2422
24.4022,0.2696
24.4122,0.2661
24.4222,0.2911
24.4322,0.3134
24.4422,0.3431
24.4522,0.3905
24.46219,0.4397
24.47219,0.4956
24.48219,0.6117
24.49219,0.7451
24.50219,0.9024
24.51219,1.0354
24.52285,1.1552
24.53351,1.2712
24.54417,1.4095
24.55482,1.576
24.56548,1.7388
24.57614,1.8959
24.5868,2.0193
24.59746,2.1761
24.60811,2.3335
24.61877,2.4772
24.62943,2.592
24.64009,2.6941
24.65013,2.7225
24.65955,2.7747
24.66897,2.8531
24.67839,2.9495
24.68781,3.1176
24.69722,3.2739
24.70664,3.3973
24.71606,3.455
24.72548,3.464
24.7349,3.4369
24.74432,3.4412
24.75374,3.4939
24.76315,3.5323
24.77313,3.5878
24.78309,3.6079
24.79306,3.5804
24.80302,3.5819
24.81299,3.7684
24.82296,3.8898
24.83292,3.9232
24.84289,3.7552
24.85285,3.5753
24.86282,3.3504
24.87279,3.0844
24.88275,2.7896
24.89273,2.4819
24.90272,2.1685
24.91272,1.894
24.92271,1.6323
24.9327,1.3736
24.94269,1.1307
24.95268,0.931
24.96268,0.7981
24.97267,0.721
24.98266,0.6724
24.99265,0.6235
25.00264,0.5641
25.01264,0.5124
25.02267,0.4524
25.03271,0.4142
25.04274,0.4068
25.05278,0.4297
25.06281,0.4575
25.07284,0.4982
25.08288,0.511
25.09291,0.5297
25.10295,0.5522
25.11298,0.557
25.12301,0.551
25.13305,0.5279
25.14307,0.5245
25.15306,0.5471
25.16306,0.552
25.17306,0.5387
25.18305,0.5185
25.19305,0.493
25.20304,0.469
25.21304,0.4421
25.22303,0.4277
25.23303,0.4175
25.24303,0.4195
25.25302,0.4409
25.26302,0.4759
25.27299,0.4961
25.28296,0.4976
25.29292,0.5109
25.30289,0.5307
25.31285,0.5257
25.32282,0.5125
25.33279,0.5097
25.34275,0.501
25.35272,0.5028
25.36269,0.4748
25.37266,0.4579
25.38262,0.4261
25.3926,0.397
25.4026,0.3872
25.4126,0.3782
25.42259,0.3632
25.43259,0.3435
25.44258,0.3518
25.45258,0.3853
25.46257,0.4544
25.47257,0.5201
25.48256,0.5787
25.49256,0.6369
25.50256,0.669
25.51255,0.6828
25.52255,0.703
25.53255,0.7712
25.54254,0.8763
25.55254,0.985
25.56253,1.0954
25.57253,1.106
25.58253,1.0419
25.59252,0.9703
25.60252,0.9051
25.61251,0.8948
25.62251,0.8944
25.6325,0.9279
25.64253,0.9776
25.65258,1.0799
25.66263,1.2247
25.67269,1.4022
25.68274,1.5677
25.69279,1.723
25.70284,1.8923
25.7129,2.0816
25.72295,2.2675
25.733,2.4285
25.74306,2.5235
25.75311,2.6292
25.76316,2.6973
25.77321,2.7303
25.78326,2.7457
25.7933,2.7916
25.80335,2.8068
25.8134,2.8101
25.82344,2.7936
25.83349,2.8068
25.84353,2.8225
25.85358,2.8243
25.86363,2.8193
25.87367,2.8285
25.88372,2.9118
25.89375,3.0544
25.90376,3.1797
25.91377,3.3009
25.92378,3.3351
25.93378,3.3387
25.94379,3.3229
25.9538,3.3122
25.96381,3.3205
25.97382,3.3761
25.98382,3.4631
25.99383,3.5365
26.00384,3.4923
26.01385,3.3719
26.02389,3.1621
26.03391,2.9839
26.04393,2.8568
26.05396,2.7666
26.06398,2.6276
26.074,2.3792
26.08402,2.0366
26.09404,1.7305
26.10406,1.4991
26.11409,1.3956
26.12411,1.3774
26.13413,1.3878
26.14413,1.4585
26.15411,1.5276
26.16409,1.5685
26.17406,1.5782
26.18404,1.5505
26.19402,1.558
26.20399,1.5986
26.21397,1.7003
26.22395,1.8072
26.23393,1.9027
26.2439,1.9812
26.25388,2.0707
26.26386,2.1495
26.27392,2.2572
26.28398,2.3304
26.29403,2.4006
26.30409,2.4242
26.31414,2.4486
26.3242,2.5323
26.33425,2.6462
26.34431,2.7729
26.35436,2.9397
26.36442,3.1266
26.37448,3.3038
26.38453,3.424
26.39456,3.4799
26.40457,3.5162
26.41458,3.531
26.42459,3.6257
26.4346,3.6936
26.44461,3.7231
26.45461,3.7889
26.46462,3.8035
26.47463,3.7895
26.48464,3.8494
26.49465,3.9656
26.50466,4.1049
26.51467,4.2174
26.52459,4.2701
26.53451,4.2407
26.54443,4.1979
26.55434,4.1705
26.56426,4.1654
26.57418,4.1903
26.5841,4.2477
26.59402,4.3126
26.60394,4.3637
26.61386,4.4171
26.62378,4.4369
26.6337,4.4681
26.64366,4.4943
26.65365,4.5717
26.66364,4.6576
26.67363,4.7547
26.68362,4.8205
26.69361,4.8592
26.7036,4.9035
26.7136,4.9591
26.72359,5.0421
26.73358,5.1665
26.74357,5.3166
26.75356,5.456
26.76355,5.5638
26.77357,5.636
26.78358,5.6971
26.79358,5.7659
26.80358,5.8353
26.81359,5.9158
26.82359,6.007
26.83359,6.0712
26.8436,6.1283
26.8536,6.1641
26.86361,6.239
26.87361,6.3888
26.88361,6.5569
26.89366,6.7127
26.90373,6.8372
26.91381,6.9026
26.92388,6.9109
26.93395,6.8596
26.94403,6.8226
26.9541,5.0036
26.96418,3.9804
26.97425,3.2954
26.98433,3.8096
26.9944,3.7522
27.00448,4.0058
27.01455,5.2378
27.02454,5.9031
27.03452,6.5842
27.04449,6.6693
27.05447,6.17
27.06445,5.0286
27.07443,4.0925
27.08441,3.0815
27.09439,2.2561
27.10437,1.7042
27.11435,1.5364
27.12433,1.5811
27.13431,1.7196
27.14435,1.8327
27.15443,1.8631
27.1645,1.8074
27.17457,1.6863
27.18464,1.532
27.19471,1.2848
27.20478,0.9935
27.21486,0.7777
27.22493,0.5639
27.235,0.4318
27.24507,0.3447
27.25514,0.2899
27.26521,0.2541
27.27517,0.2061
27.2851,0.1538
27.29504,0.0844
27.30498,0.0234
27.31491,-0.0453
27.32485,-0.1102
27.33479,-0.1867
27.34473,-0.3034
27.35466,-0.41
27.3646,-0.5011
27.37454,-0.553
27.38447,-0.5696
27.39447,-0.5469
27.40453,-0.5215
27.41458,-0.5164
27.42464,-0.5235
27.4347,-0.5611
27.44475,-0.5962
27.45481,-0.6232
27.46487,-0.6422
27.47492,-0.6699
27.48498,-0.7122
27.49504,-0.7357
27.50509,-0.7843
27.51515,-0.8597
27.52511,-0.8936
27.53505,-0.9346
27.54499,-0.9962
27.55493,-1.0304
27.56487,-1.0238
27.57481,-1.0211
27.58475,-1.0543
27.59469,-1.0938
27.60463,-1.1558
27.61457,-1.2147
27.62451,-1.2772
27.63445,-1.3262
27.64442,-1.3477
27.65442,-1.3234
27.66441,-1.2778
27.67441,-1.2343
27.6844,-1.1649
27.6944,-1.1352
27.70439,-1.0981
27.71439,-1.0605
27.72438,-1.0121
27.73438,-0.9867
27.74437,-0.9521
27.75437,-0.938
27.76436,-0.9156
27.77436,-0.9049
27.78436,-0.8904
27.79435,-0.8946
27.80434,-0.8933
27.81434,-0.8739
27.82433,-0.869
27.83433,-0.8578
27.84432,-0.8475
27.85432,-0.8721
27.86431,-0.9435
27.87431,-0.9032
27.8843,-0.897
27.8943,-0.8873
27.9043,-0.9033
27.9143,-0.9062
27.9243,-0.9128
27.93431,-0.93
27.94431,-0.9847
27.95431,-0.9777
27.96431,-0.9316
27.97431,-0.877
27.98431,-0.8195
27.99431,-0.7585
28.00431,-0.7166
28.01431,-0.6851
28.02433,-0.6702
28.03435,-0.6866
28.04437,-0.6703
28.05439,-0.6047
28.06441,-0.595
28.07443,-0.56
28.08445,-0.5247
28.09447,-0.4524
28.10448,-0.3359
28.1145,-0.2004
28.12452,-0.056
28.13454,0.0712
28.14455,0.1744
28.15453,0.2668
28.16451,0.3389
28.17448,0.4058
28.18446,0.4655
28.19444,0.5432
28.20442,0.6202
28.2144,0.6726
28.22438,0.7059
28.23436,0.715
28.24434,0.698
28.25431,0.6962
28.26429,0.7342
28.27437,0.7635
28.28444,0.8249
28.2945,0.9029
28.30457,1.0037
28.31463,1.112
28.3247,1.2169
28.33477,1.2912
28.34484,1.3626
28.3549,1.4073
28.36497,1.4559
28.37503,1.5139
28.3851,1.5722
28.39514,1.6295
28.40514,1.7129
28.41514,1.7773
28.42515,1.8333
28.43515,1.8807
28.44515,1.9121
28.45515,1.9341
28.46516,1.9458
28.47516,1.9893
28.48516,2.0429
28.49516,2.101
28.50517,2.1735
28.51517,2.2177
28.52518,2.2297
28.53517,2.2231
28.54516,2.2272
28.55515,2.2239
28.56514,2.2644
28.57513,2.343
28.58512,2.4536
28.59511,2.5656
28.6051,2.6648
28.61509,2.7194
28.62508,2.751
28.63507,2.8198
28.64506,2.9092
28.65502,2.9985
28.66499,3.0414
28.67496,3.0448
28.68493,3.042
28.6949,3.041
28.70487,3.0436
28.71484,3.0602
28.7248,3.0221
28.73477,2.9515
28.74474,2.8176
28.75471,2.6403
28.76468,2.3742
28.77471,2.0493
28.78474,1.7631
28.79477,1.515
28.8048,1.2111
28.81483,0.8982
28.82486,0.6498
28.83489,0.4655
28.84492,0.3701
28.85495,0.3318
28.86498,0.2921
28.87501,0.2844
28.88504,0.2981
28.89504,0.2924
28.90501,0.2812
28.91497,0.2761
28.92494,0.2727
28.93491,0.261
28.94488,0.2534
28.95485,0.2615
28.96481,0.2764
28.97478,0.2766
28.98475,0.2946
28.99471,0.3013
29.00468,0.3336
29.01465,0.3464
29.02468,0.3215
29.0347,0.2889
29.04472,0.2545
29.05474,0.2489
29.06477,0.2408
29.07479,0.2395
29.08481,0.2232
29.09484,0.215
29.10486,0.218
29.11488,0.2446
29.1249,0.2494
29.13493,0.2382
29.14494,0.2246
29.15492,0.2476
29.1649,0.304
29.17489,0.3678
29.18487,0.4387
29.19485,0.48
29.20484,0.5342
29.21482,0.569
29.2248,0.6079
29.23479,0.6372
29.24477,0.6451
29.25475,0.6603
29.26474,0.6895
29.27481,0.7224
29.28487,0.7904
29.29494,0.8587
29.30501,0.9284
29.31508,1.0111
29.32515,1.1664
29.33522,1.3227
29.34529,1.4364
29.35535,1.5332
29.36542,1.6282
29.37549,1.7373
29.38556,1.8481
29.3956,1.9932
29.4056,2.1301
29.4156,2.2531
29.4256,2.3644
29.4356,2.4207
29.4456,2.4894
29.4556,2.5766
29.4656,2.6835
29.47561,2.791
29.48561,2.8748
29.49561,2.9515
29.50561,3.0354
29.51561,3.15
29.52563,3.3083
29.53565,3.4971
29.54566,3.5724
29.55568,3.6767
29.5657,3.6836
29.57571,3.7005
29.58573,3.7805
29.59575,3.8816
29.60577,3.9929
29.61578,4.0611
29.6258,4.076
29.63582,4.0289
29.64583,3.9349
29.65579,3.8878
29.66575,3.8581
29.67572,3.8819
29.68568,3.8594
29.69564,3.7369
29.7056,3.5204
29.71557,3.2087
29.72553,2.8807
29.73549,2.5116
29.74546,2.1026
29.75542,1.6308
29.76538,1.118
29.77541,0.6538
29.78544,0.3161
29.79547,0.1133
29.80549,-0.0543
29.81552,-0.2074
29.82555,-0.3475
29.83557,-0.4506
29.8456,-0.5088
29.85563,-0.5526
29.86565,-0.5903
29.87568,-0.6306
29.88571,-0.6758
29.8957,-0.7281
29.90567,-0.8024
29.91563,-0.8221
29.9256,-0.8285
29.93556,-0.8307
29.94553,-0.8663
29.95549,-0.9163
29.96546,-0.9955
29.97542,-1.0551
29.98539,-1.1121
29.99535,-1.2019
30.00532,-1.3055
30.01528,-1.3533
30.0253,-1.3382
30.03531,-1.3162
30.04531,-1.3009
30.05531,-1.2758
30.06531,-1.2727
30.07531,-1.2863
30.08531,-1.3372
30.09532,-1.4031
30.10532,-1.4553
30.11532,-1.4506
30.12532,-1.4401
30.13532,-1.4151
30.14533,-1.3758
30.15534,-1.355
30.16535,-1.311
30.17535,-1.2851
30.18536,-1.2412
30.19537,-1.155
30.20538,-1.0938
30.21538,-1.0318
30.22539,-0.9577
30.2354,-0.9097
30.24541,-0.866
30.25541,-0.831
30.26542,-0.7979
30.27542,-0.7758
30.28541,-0.7483
30.2954,-0.715
30.3054,-0.7031
30.31539,-0.6954
30.32538,-0.6927
30.33537,-0.687
30.34537,-0.679
30.35536,-0.6722
30.36535,-0.6706
30.37535,-0.6792
30.38534,-0.693
30.39542,-0.7061
30.40559,-0.701
30.41575,-0.7029
30.42592,-0.7011
30.43608,-0.6942
30.44625,-0.7018
30.45642,-0.7094
30.46658,-0.7044
30.47675,-0.7
30.48691,-0.6919
30.49708,-0.6908
30.50724,-0.6673
30.51741,-0.6296
30.52735,-0.5795
30.53726,-0.5341
30.54718,-0.4716
30.5571,-0.4053
30.56702,-0.3575
30.57694,-0.3165
30.58686,-0.2668
30.59678,-0.2409
30.6067,-0.2223
30.61661,-0.2048
30.62653,-0.1851
30.63645,-0.1566
30.64642,-0.1232
30.65643,-0.0983
30.66644,-0.0726
30.67645,-0.0279
30.68646,0.0114
30.69648,0.0522
30.70649,0.075
30.7165,0.0794
30.72651,0.0723
30.73652,0.0756
30.74653,0.101
30.75654,0.1481
30.76655,0.2803
30.77656,0.3978
30.78657,0.459
30.79658,0.5388
30.80658,0.6644
30.81659,0.7599
30.8266,0.7478
30.8366,0.7992
30.84661,0.7606
30.85662,0.6726
30.86662,0.6999
30.87663,0.78
30.88663,0.6574
30.89663,0.9745
30.90661,1.5693
30.91659,1.9779
30.92657,2.1382
30.93654,2.1504
30.94652,2.0108
30.9565,1.8147
30.96648,1.6411
30.97645,1.4352
30.98643,1.2008
30.99641,0.9615
31.00639,0.7554
31.01637,0.6005
31.02639,0.4687
31.03642,0.2874
31.04644,0.1155
31.05647,-0.0427
31.0665,-0.1792
31.07652,-0.3151
31.08655,-0.4793
31.09657,-0.6761
31.1066,-0.9052
31.11662,-1.1707
31.12665,-1.3813
31.13668,-1.5705
31.14666,-1.6807
31.15659,-1.7308
31.16652,-1.6745
31.17645,-1.6147
31.18638,-1.5745
31.19631,-1.5484
31.20623,-1.4965
31.21616,-1.4498
31.22609,-1.4028
31.23602,-1.3652
31.24595,-1.342
31.25588,-1.2987
31.26581,-1.2087
31.27582,-1.117
31.28583,-1.0471
31.29585,-0.9615
31.30586,-0.8756
31.31587,-0.7556
31.32588,-0.6031
31.3359,-0.4592
31.34591,-0.3028
31.35592,-0.1701
31.36593,-0.1654
31.37594,-0.1089
31.38596,0.0333
31.39605,0.2634
31.40622,0.6618
31.41639,0.8756
31.42656,0.9385
31.43673,1.1642
31.4469,1.4502
31.45707,1.5616
31.46724,1.506
31.47741,1.4534
31.48758,1.4527
31.49775,1.5685
31.50792,1.6764
31.51809,1.7348
31.5281,1.8186
31.53809,1.8924
31.54809,1.9445
31.55809,1.9548
31.56809,1.8717
31.57808,1.7124
31.58808,1.5123
31.59808,1.2922
31.60808,1.0513
31.61808,0.8136
31.62807,0.5783
31.63807,0.3244
31.64803,0.0746
31.65794,-0.1727
31.66785,-0.3768
31.67777,-0.5959
31.68768,-0.8338
31.69759,-1.0312
31.7075,-1.2262
31.71742,-1.3579
31.72733,-1.4351
31.73724,-1.4823
31.74715,-1.5364
31.75707,-1.5397
31.76698,-1.5568
31.77706,-1.569
31.78714,-1.5496
31.79722,-1.4858
31.8073,-1.4141
31.81738,-1.3595
31.82747,-1.2867
31.83755,-1.2256
31.84763,-1.1951
31.85771,-1.161
31.86779,-1.1056
31.87787,-1.0581
31.88795,-0.9892
31.89795,-0.9123
31.90785,-0.8253
31.91775,-0.7496
31.92766,-0.6868
31.93756,-0.6218
31.94746,-0.5426
31.95737,-0.3348
31.96727,-0.0365
31.97717,0.4046
31.98708,0.5972
31.99698,0.5121
32.00689,0.7603
32.01679,1.0011
32.02682,1.4276
32.03685,1.7122
32.04688,1.3031
32.05691,1.5926
32.06694,1.8831
32.07697,2.0254
32.087,2.006
32.09703,1.9283
32.10706,1.8527
32.11708,1.8091
32.12711,1.7796
32.13714,1.6893
32.14716,1.5323
32.15715,1.3693
32.16715,1.2198
32.17715,1.1004
32.18715,1.0087
32.19714,0.8897
32.20714,0.7474
32.21714,0.5969
32.22713,0.4374
32.23713,0.2578
32.24713,0.0281
32.25712,-0.2153
32.26712,-0.456
32.2771,-0.6683
32.28708,-0.794
32.29706,-0.853
32.30704,-0.8791
32.31702,-0.9264
32.327,-0.946
32.33698,-1.006
32.34696,-1.0525
32.35694,-1.0581
32.36692,-1.104
32.3769,-1.1519
32.38688,-1.1588
32.39695,-1.1594
32.4071,-1.1333
32.41725,-1.0969
32.4274,-1.0548
32.43755,-1.0689
32.4477,-1.0728
32.45785,-1.0467
32.468,-1.0011
32.47815,-0.9325
32.4883,-0.851
32.49845,-0.7745
32.5086,-0.6913
32.51875,-0.6271
32.52871,-0.5704
32.53865,-0.4913
32.5486,-0.3784
32.55855,-0.2051
32.5685,0.0701
32.57845,0.4
32.5884,0.7725
32.59835,1.1866
32.60829,1.3661
32.61824,1.5202
32.62819,1.7422
32.63814,1.9884
32.6481,1.7809
32.65808,2.0427
32.66805,2.2567
32.67803,2.7054
32.68801,2.9997
32.69798,2.9483
32.70796,2.8414
32.71794,2.7665
32.72791,2.8127
32.73789,2.9536
32.74787,3.1582
32.75785,3.2229
32.76782,3.2288
32.77789,3.1951
32.78796,3.1115
32.79802,2.9833
32.80808,2.8178
32.81815,2.5709
32.82821,2.2366
32.83827,1.8675
32.84834,1.5262
32.8584,1.2096
32.86847,0.9502
32.87853,0.7272
32.88859,0.5562
32.89857,0.4635
32.90847,0.4075
32.91837,0.3894
32.92826,0.3096
32.93816,0.2003
32.94805,0.1028
32.95795,-0.0588
32.96784,-0.1784
32.97774,-0.2358
32.98763,-0.2948
32.99753,-0.3396
33.00742,-0.3274
33.01732,-0.3249
33.02734,-0.3164
33.03735,-0.3075
33.04736,-0.3106
33.05737,-0.3029
33.06738,-0.305
33.07739,-0.3199
33.0874,-0.3149
33.09741,-0.2989
33.10742,-0.2599
33.11743,-0.191
33.12744,-0.103
33.13745,0.0249
33.14745,0.1913
33.15743,0.4028
33.16741,0.6508
33.17739,0.9114
33.18737,1.1119
33.19735,1.3032
33.20732,1.479
33.2173,1.7238
33.22728,2.1305
33.23726,2.6662
33.24724,3.1785
33.25722,3.5333
33.2672,3.7037
33.27719,3.7763
33.28719,3.8458
33.29718,3.9825
33.30717,4.283
33.31716,4.7164
33.32716,5.241
33.33715,5.5495
33.34714,5.6617
33.35713,5.572
33.36712,5.2367
33.37711,4.8436
33.3871,4.4526
33.39716,4.1347
33.40726,3.9845
33.41737,3.9159
33.42748,3.8313
33.43759,3.686
33.4477,3.48
33.4578,3.221
33.46791,2.89
33.47802,2.4801
33.48812,1.9669
33.49823,1.4138
33.50834,0.9503
33.51845,0.6474
33.5284,0.4953
33.53832,0.4586
33.54825,0.4577
33.55817,0.456
33.5681,0.3973
33.57803,0.2369
33.58796,-0.0404
33.59788,-0.3486
33.60781,-0.6008
33.61774,-0.7326
33.62766,-0.7437
33.63759,-0.7146
33.64757,-0.6711
33.65761,-0.6608
33.66765,-0.6897
33.67769,-0.7779
33.68773,-0.8765
33.69777,-0.9183
33.70781,-0.9069
33.71785,-0.8824
33.72788,-0.8487
33.73792,-0.8162
33.74796,-0.7591
33.758,-0.7056
33.76804,-0.6749
33.77806,-0.6571
33.78807,-0.6473
33.79809,-0.6269
33.8081,-0.5865
33.81812,-0.5382
33.82813,-0.5129
33.83815,-0.497
33.84816,-0.4954
33.85817,-0.4895
33.86819,-0.499
33.8782,-0.4948
33.88821,-0.4784
33.89823,-0.4117
33.90823,-0.3508
33.91824,-0.3032
33.92825,-0.2518
33.93826,-0.2358
33.94826,-0.2647
33.95827,-0.2809
33.96827,-0.2818
33.97828,-0.26
33.98829,-0.2558
33.99829,-0.2339
34.0083,-0.2218
34.01831,-0.2398
34.02831,-0.2924
34.03831,-0.3665
34.04831,-0.4283
34.0583,-0.4726
34.0683,-0.5073
34.0783,-0.5375
34.0883,-0.5522
34.0983,-0.5575
34.1083,-0.5609
34.11829,-0.5568
34.12829,-0.5617
34.13829,-0.5519
34.14829,-0.5679
34.15829,-0.6255
34.16829,-0.6711
34.17828,-0.6838
34.18828,-0.6916
34.19828,-0.6951
34.20828,-0.6959
34.21827,-0.7204
34.22827,-0.7405
34.23827,-0.7539
34.24827,-0.7526
34.25826,-0.765
34.26826,-0.7855
34.27827,-0.7974
34.28827,-0.8292
34.29827,-0.8549
34.30828,-0.887
34.31828,-0.9031
34.32828,-0.8971
34.33828,-0.8666
34.34828,-0.8294
34.35828,-0.7804
34.36828,-0.7034
34.37828,-0.5951
34.38829,-0.449
34.39828,-0.2877
34.40828,-0.1229
34.41827,0.033
34.42827,0.1827
34.43826,0.3129
34.44825,0.459
34.45825,0.6257
34.46824,0.8152
34.47823,1.0488
34.48823,1.2995
34.49822,1.5156
34.50821,1.7534
34.51821,2.02
34.52821,2.2717
34.5382,2.5308
34.5482,2.7887
34.5582,3.0138
34.5682,3.1978
34.57819,3.3964
34.58819,3.734
34.59818,4.1399
34.60818,4.4717
34.61818,4.7899
34.62817,4.852
34.63817,4.8441
34.64816,4.7573
34.65812,4.847
34.66808,5.1235
34.67805,5.2289
34.68801,4.9279
34.69798,4.3985
34.70794,3.9844
34.7179,3.6701
34.72786,3.3369
34.73783,2.8585
34.74779,2.3316
34.75776,1.8175
34.76772,1.3654
34.77783,0.9304
34.78794,0.5394
34.79806,0.1894
34.80817,-0.0712
34.81828,-0.2509
34.82839,-0.3918
34.8385,-0.5449
34.84861,-0.7408
34.85873,-0.971
34.86884,-1.1923
34.87895,-1.3436
34.88906,-1.4086
34.8991,-1.4215
34.90906,-1.4046
34.91902,-1.3752
34.92899,-1.4186
34.93895,-1.4481
34.94891,-1.4255
34.95887,-1.3574
34.96883,-1.2948
34.97879,-1.2422
34.98875,-1.1701
34.99871,-1.1302
35.00868,-1.0943
35.01864,-1.0674
35.02866,-1.0668
35.03869,-1.0682
35.04871,-1.0555
35.05874,-1.0091
35.06877,-0.9806
35.07879,-0.9797
35.08882,-0.9957
35.09884,-1.0179
35.10887,-1.0309
35.1189,-0.976
35.12892,-0.9271
35.13895,-0.8962
35.14894,-0.8327
35.15891,-0.7632
35.16888,-0.6863
35.17885,-0.6003
35.18881,-0.5373
35.19878,-0.4842
35.20875,-0.4427
35.21872,-0.4165
35.22868,-0.356
35.23865,-0.2407
35.24862,-0.1141
35.25858,0.0425
35.26855,0.2577
35.27856,0.4742
35.28857,0.6072
35.29858,0.7217
35.30859,0.8599
35.3186,1.0243
35.3286,0.9263
35.33861,1.1107
35.34862,1.1929
35.35863,1.1046
35.36863,1.1335
35.37864,1.2543
35.38865,1.5001
35.39867,1.4366
35.40868,1.4998
35.4187,1.7333
35.42871,1.8168
35.43873,1.9041
35.44874,1.9495
35.45876,1.9934
35.46877,2.0809
35.47879,2.0219
35.4888,1.9158
35.49882,1.9482
35.50883,1.9725
35.51885,1.96
35.52886,1.8582
35.53886,1.6642
35.54886,1.3989
35.55886,1.0856
35.56886,0.7328
35.57886,0.383
35.58886,0.0476
35.59886,-0.2041
35.60886,-0.4097
35.61887,-0.6364
35.62886,-0.8369
35.63887,-1.0051
35.64885,-1.1707
35.6588,-1.3083
35.66876,-1.3929
35.67871,-1.4335
35.68867,-1.4256
35.69863,-1.3651
35.70858,-1.345
35.71854,-1.3047
35.7285,-1.2711
35.73845,-1.2201
35.74841,-1.1732
35.75837,-1.118
35.76832,-1.0861
35.77847,-1.0525
35.78861,-1.0194
35.79875,-0.9794
35.8089,-0.9642
35.81904,-0.9353
35.82918,-0.9437
35.83932,-0.948
35.84947,-0.954
35.85961,-0.9156
35.86975,-0.8562
35.8799,-0.7835
35.89004,-0.7392
35.90011,-0.6828
35.91009,-0.6074
35.92007,-0.5083
35.93005,-0.4137
35.94002,-0.369
35.95,-0.3603
35.95998,-0.3764
35.96996,-0.3952
35.97994,-0.4263
35.98992,-0.4561
35.99989,-0.4801
36.00987,-0.4914
36.01985,-0.4872
36.0299,-0.5062
36.03993,-0.5175
36.04997,-0.5438
36.06001,-0.5474
36.07005,-0.5411
36.08009,-0.5366
36.09013,-0.5239
36.10017,-0.5474
36.11021,-0.5984
36.12025,-0.5959
36.13028,-0.5734
36.14032,-0.5669
36.15034,-0.5633
36.16034,-0.5315
36.17034,-0.4952
36.18033,-0.4453
36.19033,-0.3601
36.20033,-0.2592
36.21032,-0.1215
36.22032,0.0116
36.23032,0.1778
36.24031,0.319
36.25031,0.3861
36.2603,0.4324
36.2703,0.4573
36.2803,0.4678
36.29029,0.4771
36.30028,0.4984
36.31026,0.5814
36.32026,0.6974
36.33025,0.8196
36.34024,0.9017
36.35023,0.9587
36.36022,1.0074
36.37021,1.036
36.3802,1.0907
36.39019,1.161
36.40015,1.2929
36.41009,1.4448
36.42002,1.5849
36.42995,1.7233
36.43989,1.8268
36.44982,1.9125
36.45975,1.9619
36.46968,2.0066
36.47962,2.0552
36.48955,2.1019
36.49949,2.1161
36.50942,2.1274
36.51935,2.1245
36.52944,2.1276
36.53952,2.1363
36.5496,2.0992
36.55968,2.0141
36.56976,1.8817
36.57984,1.7192
36.58992,1.5289
36.59999,1.3432
36.61007,1.143
36.62016,0.958
36.63023,0.7711
36.64031,0.567
36.65037,0.2996
36.66036,0.0121
36.67036,-0.2543
36.68036,-0.5013
36.69035,-0.6864
36.70035,-0.843
36.71035,-0.9814
36.72034,-1.0586
36.73034,-1.0561
36.74033,-1.0724
36.75033,-1.0714
36.76033,-1.0433
36.77032,-0.9566
36.78027,-0.9331
36.79022,-0.9182
36.80016,-0.854
36.81011,-0.8129
36.82005,-0.7901
36.83,-0.7652
36.83995,-0.7317
36.84989,-0.6785
36.85984,-0.6047
36.86978,-0.5385
36.87973,-0.4993
36.88967,-0.4939
36.89965,-0.488
36.90966,-0.469
36.91967,-0.4326
36.92967,-0.3712
36.93968,-0.2759
36.94968,-0.1429
36.95969,-0.043
36.9697,0.089
36.9797,0.1507
36.98971,0.2539
36.99971,0.3268
37.00972,0.5382
37.01973,0.6817
37.02977,0.8123
37.0398,0.8641
37.04983,0.7687
37.05987,0.8497
37.0699,0.9839
37.07993,1.1673
37.08997,1.3594
37.1,1.4462
37.11004,1.5599
37.12007,1.5696
37.1301,1.4658
37.14014,1.2988
37.15017,1.0969
37.16017,0.8925
37.17018,0.6936
37.18019,0.5269
37.1902,0.3616
37.20021,0.2245
37.21022,0.1047
37.22023,0.0112
37.23024,-0.1135
37.24025,-0.2395
37.25026,-0.3629
37.26027,-0.4619
37.27028,-0.5798
37.28028,-0.7681
37.29029,-0.831
37.30029,-0.9299
37.3103,-1.0107
37.3203,-1.1234
37.3303,-1.1877
37.34031,-1.2324
37.35031,-1.2915
37.36031,-1.2915
37.37032,-1.2878
37.38032,-1.2914
37.39033,-1.2632
37.40032,-1.2517
37.41029,-1.2487
37.42027,-1.2593
37.43025,-1.2314
37.44022,-1.2074
37.4502,-1.2119
37.46017,-1.212
37.47015,-1.1786
37.48013,-1.1425
37.4901,-1.14
37.50008,-1.1042
37.51006,-1.0649
37.52003,-1.0019
37.53007,-0.9656
37.54009,-0.9268
37.55012,-0.8542
37.56015,-0.8107
37.57017,-0.7468
37.5802,-0.6482
37.59023,-0.4609
37.60025,-0.3535
37.61028,-0.3325
37.6203,-0.3425
37.63033,-0.3472
37.64036,-0.234
37.65037,-0.0601
37.66036,0.198
37.67036,0.4341
37.68036,0.0569
37.69035,0.2349
37.70035,0.4834
37.71035,0.5664
37.72034,0.5791
37.73034,0.712
37.74033,0.7885
37.75033,0.8457
37.76033,0.8845
37.77032,0.9794
37.7803,1.0809
37.79028,1.3832
37.80026,1.5986
37.81024,1.6821
37.82022,1.6173
37.8302,1.4506
37.84018,1.2183
37.85015,0.9378
37.86013,0.692
37.87011,0.4856
37.88009,0.3044
37.89007,0.1541
37.90007,0.0055
37.91008,-0.1548
37.9201,-0.3477
37.93011,-0.5451
37.94012,-0.7228
37.95013,-0.9039
37.96015,-1.0945
37.97016,-1.2486
37.98018,-1.4177
37.99019,-1.5413
38.0002,-1.5328
38.01022,-1.5403
38.02023,-1.4307
38.03024,-1.3643
38.04025,-1.2837
38.05025,-1.2215
38.06026,-1.0822
38.07027,-0.9232
38.08028,-0.9112
38.09028,-0.7628
38.10029,-0.6727
38.1103,-0.5866
38.1203,-0.5735
38.13031,-0.5912
38.14032,-0.5573
38.15038,-0.5184
38.16045,-0.4676
38.17051,-0.3808
38.18058,-0.3093
38.19065,-0.276
38.20072,-0.2253
38.21079,-0.2257
38.22086,-0.2072
38.23093,-0.1945
38.24099,-0.1707
38.25106,-0.1201
38.26113,-0.0693
38.2712,0.0016
38.28119,0.0697
38.29118,0.1238
38.30117,0.1761
38.31116,0.2297
38.32115,0.28
38.33114,0.349
38.34113,0.4139
38.35112,0.4917
38.36111,0.633
38.37111,0.8108
38.3811,1.071
38.39109,1.2524
38.4011,1.2592
38.41109,1.1785
38.42109,1.0735
38.43109,0.9653
38.44109,0.8902
38.45109,0.8393
38.46109,0.7986
38.47108,0.7541
38.48108,0.7093
38.49108,0.6451
38.50108,0.5857
38.51107,0.5246
38.52107,0.496
38.53104,0.4894
38.541,0.5216
38.55097,0.602
38.56093,0.6886
38.5709,0.7187
38.58086,0.6956
38.59083,0.6707
38.60079,0.6369
38.61076,0.5742
38.62072,0.5172
38.63068,0.4955
38.64065,0.4958
38.65064,0.5188
38.66066,0.601
38.67067,0.6487
38.68069,0.66
38.6907,0.6286
38.70071,0.5972
38.71073,0.573
38.72075,0.5596
38.73076,0.5574
38.74078,0.5474
38.75079,0.5468
38.76081,0.5434
38.77082,0.5403
38.78083,0.5412
38.79084,0.523
38.80084,0.4983
38.81085,0.4533
38.82085,0.4244
38.83086,0.391
38.84087,0.3598
38.85088,0.3402
38.86088,0.3177
38.87089,0.3071
38.88089,0.3246
38.8909,0.303
38.90091,0.2824
38.9109,0.2773
38.92089,0.2691
38.93089,0.2764
38.94089,0.2696
38.95088,0.2873
38.96088,0.3545
38.97087,0.4546
38.98087,0.5945
38.99086,0.7474
39.00086,0.9188
39.01086,1.1084
39.02085,1.2539
39.03082,1.1745
39.04078,0.6802
39.05074,0.7452
39.06071,0.6258
39.07067,0.7067
39.08063,0.8208
39.0906,1.1501
39.10056,1.4297
39.11052,1.6191
39.12048,1.7044
39.13045,1.6636
39.14041,1.574
39.15044,1.44
39.16055,1.3137
39.17066,1.2365
39.18077,1.1725
39.19088,1.1238
39.20098,1.1335
39.21109,1.2154
39.2212,1.3393
39.2313,1.4625
39.24141,1.5588
39.25152,1.6661
39.26163,1.754
39.27174,1.825
39.28173,1.8699
39.29173,1.8762
39.30173,1.8708
39.31172,1.8549
39.32172,1.8
39.33171,1.6765
39.34171,1.4998
39.3517,1.2988
39.36169,1.086
39.37169,0.8657
39.38169,0.6615
39.39168,0.4862
39.40168,0.2968
39.41168,0.1013
39.42168,-0.1084
39.43167,-0.3239
39.44167,-0.5364
39.45168,-0.7072
39.46167,-0.8769
39.47167,-0.9717
39.48167,-1.0511
39.49167,-1.0394
39.50167,-1.0818
39.51167,-1.0833
39.52166,-1.056
39.53164,-1.0908
39.54161,-1.0514
39.55157,-1.0056
39.56155,-0.9047
39.57151,-0.871
39.58149,-0.8372
39.59146,-0.7763
39.60143,-0.6973
39.6114,-0.6284
39.62136,-0.5623
39.63134,-0.4744
39.6413,-0.3788
39.6513,-0.2652
39.66133,-0.1164
39.67135,-0.0239
39.68137,0.1542
39.6914,0.338
39.70142,0.583
39.71144,0.5678
39.72147,0.4824
39.73149,0.7438
39.74152,1.0009
39.75154,1.1295
39.76156,0.6077
39.77159,0.6788
39.78157,0.804
39.79153,1.112
39.80149,1.4884
39.81146,1.6862
39.82143,1.659
39.83139,1.6628
39.84136,1.6468
39.85132,1.5661
39.86129,1.3904
39.87125,1.1614
39.88122,0.9688
39.89119,0.8496
39.90118,0.7848
39.91121,0.7339
39.92125,0.6669
39.93128,0.5877
39.94131,0.4798
39.95134,0.3485
39.96137,0.1517
39.97141,-0.0509
39.98144,-0.2391
39.99147,-0.4209
40.0015,-0.5973
40.01153,-0.7254
40.02156,-0.8572
40.03156,-0.9429
40.04155,-1.0227
40.05154,-1.0301
40.06153,-1.0475
40.07152,-1.0406
40.08151,-1.0576
40.0915,-1.1028
40.10149,-1.0891
40.11148,-1.0717
40.12147,-1.0311
40.13146,-1.0014
40.14145,-0.9749
40.15144,-0.9625
40.16144,-0.9226
40.17144,-0.8565
40.18143,-0.7844
40.19143,-0.6715
40.20142,-0.5539
40.21142,-0.4629
40.22142,-0.413
40.23141,-0.382
40.24141,-0.3427
40.25141,-0.2538
40.2614,-0.0963
40.2714,-0.0284
40.28149,0.2293
40.29158,0.4936
40.30166,0.645
40.31175,0.4002
40.32183,0.618
40.33192,0.8318
40.342,0.9545
40.35209,1.0077
40.36217,1.0197
40.37226,1.1932
40.38234,1.4457
40.39243,1.4879
40.40248,1.4646
40.41248,1.5073
40.42248,1.4732
40.43248,1.3583
40.44248,1.233
40.45248,1.0784
40.46248,0.919
40.47248,0.7986
40.48248,0.7269
40.49248,0.6451
40.50248,0.5485
40.51248,0.46
40.52248,0.357
40.53247,0.2045
40.54246,0.0353
40.55245,-0.1369
40.56245,-0.2688
40.57244,-0.4062
40.58243,-0.5033
40.59242,-0.5778
40.60242,-0.6826
40.61241,-0.759
40.6224,-0.8151
40.63239,-0.8508
40.64238,-0.8591
40.65239,-0.8363
40.66238,-0.815
40.67238,-0.8211
40.68238,-0.8279
40.69238,-0.8078
40.70238,-0.7937
40.71238,-0.774
40.72237,-0.7224
40.73237,-0.6995
40.74237,-0.6748
40.75237,-0.6657
40.76237,-0.6623
40.77237,-0.6631
40.78234,-0.6386
40.79231,-0.5921
40.80228,-0.5288
40.81226,-0.4498
40.82223,-0.3758
40.8322,-0.2707
40.84217,-0.1681
40.85215,-0.1517
40.86212,-0.1746
40.87209,-0.1877
40.88206,-0.1225
40.89204,0.0253
40.90202,0.247
40.91201,0.4701
40.92199,0.5881
40.93197,0.6371
40.94196,0.6508
40.95194,0.6982
40.96193,0.8966
40.97191,1.0449
40.9819,1.2554
40.99188,1.1853
41.00187,1.1003
41.01185,1.1278
41.02184,1.0603
41.03184,1.1143
41.04184,1.2948
41.05185,1.3392
41.06185,1.301
41.07185,1.2181
41.08186,1.0943
41.09186,0.9541
41.10186,0.7844
41.11187,0.6173
41.12187,0.476
41.13187,0.365
41.14188,0.2958
41.1519,0.2813
41.16193,0.2651
41.17196,0.2207
41.182,0.1389
41.19203,-0.0064
41.20206,-0.1778
41.2121,-0.3339
41.22213,-0.4592
41.23217,-0.5802
41.2422,-0.7123
41.25223,-0.7767
41.26227,-0.8646
41.2723,-0.9456
41.28226,-1.023
41.29222,-1.0695
41.30218,-1.0536
41.31214,-1.0667
41.3221,-1.0786
41.33206,-1.0536
41.34202,-1.0504
41.35198,-1.0215
41.36193,-0.9872
41.37189,-0.9747
41.38186,-0.9357
41.39182,-0.9171
41.40179,-0.8894
41.41179,-0.873
41.42179,-0.8357
41.43178,-0.7668
41.44178,-0.6749
41.45178,-0.5515
41.46177,-0.3827
41.47177,-0.2988
41.48177,-0.2866
41.49176,-0.306
41.50176,-0.3254
41.51176,-0.2824
41.52176,-0.0969
41.53187,0.1248
41.54198,0.3314
41.55209,0.4897
41.56221,0.5916
41.57232,0.7221
41.58243,0.8663
41.59254,0.9501
41.60265,1.0047
41.61276,1.046
41.62287,1.1188
41.63298,1.1944
41.6431,1.2798
41.65319,1.4341
41.66325,1.536
41.67332,1.6145
41.68339,1.6594
41.69346,1.6616
41.70353,1.6345
41.71359,1.5746
41.72366,1.4634
41.73373,1.3606
41.74379,1.249
41.75386,1.1744
41.76393,1.0736
41.77399,0.941
41.78392,0.7761
41.79383,0.5482
41.80375,0.3118
41.81367,0.0568
41.82359,-0.1796
41.83351,-0.1628
41.84343,-0.1289
41.85334,-0.1081
41.86326,-0.0679
41.87318,-0.0353
41.8831,0.0293
41.89302,0.075
41.90297,0.1277
41.91295,0.1731
41.92293,0.221
41.93291,0.2432
41.94289,0.2733
41.95288,0.3078
41.96286,0.3376
41.97284,0.3811
41.98282,0.4306
41.9928,0.4555
42.00278,0.4846
42.01276,0.4813
42.02275,0.4939
42.03274,0.5259
42.04273,0.5406
42.05272,0.5463
42.06271,0.5667
42.0727,0.6165
42.08269,0.653
42.09268,0.7143
42.10267,0.7614
42.11266,0.805
42.12265,0.865
42.13264,0.9383
42.14263,0.9397
42.15262,1.0309
42.16262,1.1861
42.17261,1.4052
42.18261,1.5266
42.1926,1.5106
42.20259,1.441
42.21259,1.262
42.22259,1.0767
42.23258,1.0462
42.24258,1.0214
42.25257,1.0448
42.26257,1.0601
42.27256,1.0824
42.28259,1.0955
42.29261,1.1523
42.30264,1.2727
42.31267,1.452
42.3227,1.6321
42.33273,1.7846
42.34275,1.8392
42.35278,1.8935
42.3628,1.9095
42.37283,1.873
42.38286,1.835
42.39289,1.8639
42.40289,1.8747
42.41285,1.8027
42.42282,1.7165
42.43278,1.5924
42.44275,1.4272
42.45271,1.2197
42.46268,0.988
42.47264,0.8021
42.48261,0.6453
42.49257,0.4983
42.50254,0.3325
42.5125,0.1848
42.52247,0.0582
42.53266,-0.0613
42.54284,-0.2005
42.55302,-0.3046
42.56321,-0.3586
42.57339,-0.3776
42.58358,-0.3921
42.59377,-0.3949
42.60395,-0.4156
42.61414,-0.4764
42.62432,-0.5714
42.63451,-0.662
42.64469,-0.7303
42.65478,-0.7444
42.66476,-0.7351
42.67475,-0.6893
42.68474,-0.6497
42.69473,-0.5814
42.70471,-0.5453
42.7147,-0.5412
42.72469,-0.5681
42.73467,-0.6052
42.74466,-0.626
42.75465,-0.6312
42.76463,-0.6111
42.77462,-0.5782
42.78455,-0.5451
42.79448,-0.5068
42.8044,-0.4281
42.81433,-0.3154
42.82425,-0.1956
42.83418,-0.118
42.8441,-0.0308
42.85403,0.0503
42.86395,0.1115
42.87388,0.1845
42.8838,0.2989
42.89373,0.483
42.90368,0.6234
42.91365,0.7395
42.92362,0.865
42.93359,1.0632
42.94356,1.0176
42.95353,1.1558
42.9635,1.3456
42.97347,1.6849
42.98344,2.0112
42.99341,1.7417
43.00338,1.4817
43.01335,1.4431
43.02332,1.1283
43.03336,1.3585
43.0434,0.9187
43.05343,1.0136
43.06347,1.15
43.0735,1.2715
43.08353,1.5156
43.09356,1.6168
43.1036,1.5575
43.11363,1.3584
43.12366,1.097
43.1337,0.8166
43.14373,0.6197
43.15376,0.5279
43.16376,0.5035
43.17378,0.5305
43.18379,0.5133
43.1938,0.4914
43.20382,0.4653
43.21383,0.4321
43.22384,0.391
43.23385,0.3255
43.24386,0.2453
43.25388,0.1927
43.26389,0.1711
43.2739,0.1545
43.28385,0.1237
43.29379,0.0795
43.30373,-0.0053
43.31367,-0.1113
43.32361,-0.2475
43.33355,-0.366
43.34349,-0.4748
43.35344,-0.4946
43.36338,-0.5302
43.37332,-0.4927
43.38326,-0.4895
43.3932,-0.516
43.40317,-0.4833
43.41316,-0.5
43.42315,-0.5094
43.43314,-0.5426
43.44313,-0.5496
43.45312,-0.5505
43.46311,-0.5252
43.4731,-0.4762
43.48309,-0.4368
43.49308,-0.4346
43.50307,-0.4318
43.51306,-0.3599
43.52305,-0.2958
43.53306,-0.24
43.54307,-0.1551
43.55308,-0.0302
43.56309,0.0966
43.5731,0.2084
43.58311,0.3091
43.59312,0.4057
43.60313,0.5144
43.61314,0.6558
43.62315,0.7694
43.63316,0.8245
43.64317,0.8651
43.65323,0.9268
43.66333,0.9704
43.67343,0.962
43.68353,0.9405
43.69363,0.908
43.70374,0.9169
43.71384,0.8794
43.72394,0.9271
43.73404,0.9283
43.74414,0.9617
43.75424,1.0162
43.76434,1.0555
43.77444,1.0528
43.78444,1.0462
43.79443,1.0067
43.80442,0.9974
43.81441,0.9857
43.8244,0.978
43.83439,1.0015
43.84438,1.0154
43.85437,1.0165
43.86436,1.0106
43.87435,0.9932
43.88434,0.9569
43.89433,0.9287
43.90433,0.8986
43.9143,0.869
43.92427,0.86
43.93424,0.8486
43.94421,0.851
43.95418,0.8439
43.96415,0.8375
43.97412,0.8257
43.9841,0.84
43.99407,0.8644
44.00404,0.9017
44.01401,0.9262
44.02398,0.9256
44.03399,0.914
44.04399,0.8834
44.05399,0.8403
44.064,0.7956
44.074,0.767
44.08401,0.7534
44.09401,0.7679
44.10401,0.7716
44.11402,0.7573
44.12402,0.7482
44.13402,0.7309
44.14403,0.7178
44.15405,0.6831
44.16407,0.6535
44.17409,0.6256
44.18411,0.6224
44.19414,0.6069
44.20416,0.6017
44.21418,0.5839
44.22421,0.5934
44.23423,0.6212
44.24425,0.643
44.25427,0.6533
44.2643,0.6514
44.27432,0.6379
44.28432,0.5997
44.29432,0.5883
44.30432,0.5738
44.31432,0.562
44.32432,0.554
44.33432,0.5412
44.34432,0.5592
44.35432,0.581
44.36432,0.5863
44.37432,0.5592
44.38432,0.5373
44.39432,0.5304
44.40431,0.5303
44.4143,0.5189
44.42429,0.5156
44.43428,0.5078
44.44427,0.5276
44.45426,0.5414
44.46424,0.5681
44.47424,0.5606
44.48422,0.5492
44.49421,0.5264
44.5042,0.4997
44.51419,0.4945
44.52418,0.4995
44.53418,0.5159
44.54417,0.5286
44.55417,0.5385
44.56417,0.5562
44.57416,0.558
44.58416,0.5656
44.59415,0.586
44.60415,0.5961
44.61415,0.592
44.62414,0.5851
44.63414,0.5587
44.64413,0.5169
44.65414,0.4768
44.66416,0.402
44.67417,0.2751
44.68419,0.1542
44.6942,0.0193
44.70421,-0.0756
44.71423,-0.1511
44.72424,-0.2154
44.73425,-0.3007
44.74427,-0.3128
44.75428,-0.27
44.76429,-0.2413
44.77431,-0.1473
44.78426,-0.0778
44.79422,-0.0281
44.80417,0.0188
44.81413,0.0655
44.82408,0.1418
44.83403,0.2043
44.84399,0.2363
44.85394,0.2159
44.86389,0.1547
44.87385,0.1199
44.8838,0.1604
44.89375,0.2669
44.9038,0.3944
44.91392,0.5137
44.92405,0.6117
44.93417,0.7242
44.9443,0.8322
44.95443,0.9553
44.96455,1.1067
44.97468,1.3564
44.9848,1.5869
44.99493,1.8174
45.00505,1.9838
45.01518,2.0408
45.02531,2.1569
45.03529,2.3239
45.04527,2.5341
45.05525,2.8722
45.06523,3.1277
45.07521,3.3088
45.08519,3.2258
45.09517,3.3544
45.10515,3.5562
45.11513,3.6777
45.12511,3.8213
45.13509,3.9789
45.14507,3.8891
45.15505,3.5874
45.165,3.2841
45.17496,3.1312
45.18492,2.9997
45.19488,2.8036
45.20483,2.5488
45.21479,2.2388
45.22475,1.9386
45.2347,1.6958
45.24466,1.4938
45.25462,1.2872
45.26458,1.1081
45.27453,0.9806
45.28456,0.8346
45.29459,0.6831
45.30462,0.4979
45.31466,0.3288
45.32468,0.1918
45.33471,0.0765
45.34475,-0.0454
45.35477,-0.124
45.36481,-0.1589
45.37484,-0.1823
45.38487,-0.1957
45.3949,-0.1765
45.40492,-0.1399
45.41492,-0.0903
45.42492,-0.013
45.43493,0.0777
45.44492,0.1742
45.45493,0.2342
45.46493,0.2558
45.47493,0.275
45.48493,0.2722
45.49493,0.2768
45.50493,0.3147
45.51493,0.3468
45.52493,0.3704
45.53494,0.3461
45.54494,0.3544
45.55494,0.4302
45.56493,0.5231
45.57493,0.6019
45.58493,0.6923
45.59492,0.7889
45.60492,0.8745
45.61492,0.9299
45.62492,0.9556
45.63491,0.9474
45.64491,0.9342
45.65491,0.9204
45.66486,0.897
45.67482,0.8391
45.68478,0.844
45.69473,0.8591
45.70469,0.7874
45.71464,0.7375
45.7246,0.6759
45.73455,0.6347
45.74451,0.6405
45.75446,0.6946
45.76442,0.6542
45.77438,0.5998
45.78442,0.5515
45.79446,0.5202
45.8045,0.3866
45.81454,0.3217
45.82459,0.2616
45.83463,0.2153
45.84467,0.223
45.85471,0.3082
45.86476,0.4149
45.8748,0.5033
45.88484,0.5484
45.89488,0.5579
45.90493,0.5106
45.91496,0.3935
45.925,0.2748
45.93504,0.2278
45.94508,0.2571
45.95512,0.4141
45.96516,0.6175
45.9752,0.8691
45.98524,1.01
45.99528,1.3462
46.00532,1.5729
46.01536,1.9444
46.0254,2.318
46.0354,2.1474
46.04539,1.3899
46.05539,1.3406
46.06538,1.3709
46.07538,1.6686
46.08538,1.6335
46.09537,1.6093
46.10537,2.033
46.11536,2.6553
46.12535,3.358
46.13535,2.6326
46.14535,2.8053
46.15535,3.153
46.16535,3.5284
46.17536,3.7903
46.18536,3.626
46.19537,3.6763
46.20537,3.719
46.21537,3.7296
46.22538,3.6902
46.23538,3.6874
46.24538,3.8444
46.25539,4.1164
46.26539,4.3263
46.27539,4.4777
46.28543,4.5786
46.29545,4.5268
46.30548,4.3001
46.31551,3.9162
46.32553,3.4891
46.33556,3.0754
46.34558,2.7185
46.35561,2.4085
46.36564,2.1238
46.37566,1.8222
46.38569,1.5203
46.39572,1.1879
46.40571,0.8501
46.41567,0.5767
46.42563,0.3691
46.43559,0.2307
46.44555,0.1437
46.45551,-0.022
46.46547,-0.1532
46.47544,-0.3565
46.4854,-0.5006
46.49536,-0.6087
46.50532,-0.6592
46.51528,-0.651
46.52524,-0.6162
46.53527,-0.5805
46.54529,-0.5699
46.55531,-0.5887
46.56533,-0.5907
46.57535,-0.5878
46.58537,-0.5373
46.59539,-0.4625
46.60542,-0.3332
46.61544,-0.1872
46.62546,-0.0277
46.63548,0.1142
46.6455,0.2534
46.6555,0.3937
46.66547,0.5631
46.67543,0.7262
46.6854,0.9436
46.69537,1.112
46.70534,1.2887
46.71531,1.5115
46.72528,1.8213
46.73524,2.0927
46.74521,2.3816
46.75518,2.4313
46.76515,3.0404
46.77512,3.3776
46.78514,2.9589
46.79516,3.7141
46.80518,4.2032
46.81519,4.1125
46.82521,4.0667
46.83522,4.2056
46.84524,4.4412
46.85526,4.8601
46.86528,5.3188
46.87529,5.8399
46.88531,6.4624
46.89532,7.0718
46.90533,7.4971
46.91533,7.5495
46.92532,7.2342
46.93532,6.7896
46.94532,6.3067
46.95531,5.9705
46.96531,5.7519
46.9753,5.6869
46.9853,5.6824
46.9953,5.6213
47.00529,5.5754
47.01529,5.442
47.02528,5.1217
47.03537,4.5676
47.04546,3.8542
47.05554,3.0933
47.06563,2.5708
47.07572,2.241
47.0858,2.0479
47.09589,1.8443
47.10598,1.5568
47.11606,1.2162
47.12615,0.8582
47.13623,0.6585
47.14632,0.4271
47.15636,0.2705
47.16633,0.1898
47.17631,0.1581
47.18628,0.1316
47.19626,0.1071
47.20624,0.0751
47.21621,0.0601
47.22619,0.0892
47.23617,0.1138
47.24614,0.1398
47.25612,0.1422
47.2661,0.1438
47.27607,0.136
47.28619,0.1357
47.29628,0.1338
47.30637,0.1273
47.31646,0.12
47.32655,0.1263
47.33664,0.1549
47.34674,0.2052
47.35683,0.2603
47.36692,0.2771
47.37701,0.2945
47.3871,0.2847
47.39719,0.2829
47.40719,0.3225
47.41709,0.4067
47.42698,0.5406
47.43687,0.6961
47.44677,0.7944
47.45667,0.8241
47.46656,0.8138
47.47645,0.7707
47.48635,0.7379
47.49624,0.7294
47.50613,0.7958
47.51603,0.9526
47.52592,1.1995
47.53595,1.4769
47.54597,1.7437
47.55599,1.9513
47.56601,2.0984
47.57603,2.2396
47.58606,2.3946
47.59608,2.7076
47.6061,3.1857
47.61612,3.7335
47.62614,4.165
47.63617,4.5138
47.64619,4.917
47.65619,5.3873
47.66617,5.911
47.67615,6.4097
47.68613,6.9303
47.6961,7.5179
47.70608,8.0734
47.71606,8.5197
47.72604,8.9536
47.73602,9.5537
47.74599,10.1644
47.75597,10.7596
47.76595,11.1867
47.77592,11.3235
47.78594,11.3563
47.79596,11.3317
47.80598,11.2996
47.81599,11.3015
47.82601,11.4098
47.83603,11.6958
47.84604,11.9944
47.85606,12.1394
47.86608,12.0649
47.87609,11.6701
47.88611,11.1225
47.89613,10.7331
47.90613,10.6927
47.91611,10.6684
47.92608,10.5129
47.93606,10.116
47.94604,9.3662
47.95601,8.2645
47.96599,6.8593
47.97596,5.3304
47.98594,3.6745
47.99591,2.2799
48.00589,1.3019
48.01587,0.6847
48.02584,0.2356
48.03586,-0.159
48.04588,-0.5207
48.05589,-0.8468
48.06591,-1.1284
48.07592,-1.3313
48.08594,-1.4442
48.09595,-1.5207
48.10597,-1.5898
48.11598,-1.6098
48.126,-1.5977
48.13601,-1.5506
48.14603,-1.5096
48.15612,-1.4182
48.16628,-1.2944
48.17643,-1.2154
48.18659,-1.1435
48.19675,-1.0959
48.20691,-1.0773
48.21706,-1.0462
48.22722,-0.9651
48.23738,-0.9194
48.24754,-0.8287
48.2577,-0.7729
48.26786,-0.735
48.27802,-0.6786
48.28797,-0.6135
48.29792,-0.4984
48.30788,-0.3287
48.31783,-0.1218
48.32778,0.0867
48.33773,0.306
48.34769,0.5378
48.35764,0.7415
48.36759,0.915
48.37754,1.0616
48.3875,1.1809
48.39745,1.3041
48.40742,1.4472
48.41739,1.4433
48.42734,1.6978
48.4373,1.4461
48.44726,1.5865
48.45722,1.6946
48.46717,1.9188
48.47713,1.7548
48.48709,1.7254
48.49705,1.6098
48.50701,1.5714
48.51697,1.7921
48.52692,2.0016
48.53691,2.1204
48.54689,2.1759
48.55687,2.1978
48.56685,2.2101
48.57683,2.2069
48.58681,2.2121
48.59679,2.222
48.60677,2.2331
48.61676,2.2504
48.62674,2.2524
48.63671,2.2084
48.6467,2.1177
48.6567,1.9906
48.66671,1.8202
48.67672,1.6341
48.68673,1.436
48.69675,1.2198
48.70676,1.0384
48.71677,0.868
48.72679,0.7083
48.7368,0.568
48.74681,0.4331
48.75682,0.2946
48.76684,0.1156
48.77685,-0.0649
48.78687,-0.2463
48.79687,-0.4058
48.80687,-0.5066
48.81686,-0.6064
48.82686,-0.6826
48.83686,-0.7738
48.84686,-0.858
48.85686,-0.9351
48.86686,-1.0111
48.87685,-1.0793
48.88685,-1.1072
48.89685,-1.0851
48.90684,-1.0604
48.91681,-1.0429
48.92678,-1.0276
48.93675,-1.0094
48.94672,-1.0399
48.95669,-1.0212
48.96666,-1.0285
48.97663,-1.0251
48.9866,-1.013
48.99657,-0.997
49.00654,-0.9384
49.01651,-0.9135
49.02648,-0.8799
49.03651,-0.8537
49.04654,-0.8573
49.05657,-0.8236
49.0666,-0.7605
49.07663,-0.6974
49.08666,-0.6092
49.09668,-0.6195
49.10671,-0.6536
49.11674,-0.642
49.12677,-0.6438
49.1368,-0.6289
49.14683,-0.5981
49.15684,-0.5693
49.16684,-0.5322
49.17683,-0.5319
49.18682,-0.5615
49.19682,-0.5555
49.20681,-0.5857
49.21681,-0.613
49.22681,-0.6242
49.2368,-0.6162
49.2468,-0.568
49.25679,-0.4945
49.26678,-0.4045
49.27678,-0.323
49.28688,-0.236
49.29697,-0.1613
49.30707,-0.0947
49.31717,-0.0441
49.32727,0.0198
49.33737,0.0959
49.34747,0.2213
49.35756,0.4589
49.36766,0.7175
49.37776,0.9124
49.38786,1.0445
49.39795,1.2466
49.408,1.3451
49.41798,1.2876
49.42796,1.2536
49.43794,1.1543
49.44792,1.1855
49.4579,1.1846
49.46788,1.2532
49.47786,1.4006
49.48784,1.5451
49.49782,1.4896
49.5078,1.489
49.51778,1.5777
49.52776,1.7107
49.53783,1.85
49.5479,1.9866
49.55796,1.9931
49.56803,1.9219
49.57809,1.8491
49.58816,1.9138
49.59822,2.0785
49.60829,2.1669
49.61835,2.2248
49.62842,2.0889
49.63848,2.5206
49.64855,2.5174
49.65858,2.1746
49.66858,1.8877
49.67857,1.6119
49.68857,1.2638
49.69856,0.9494
49.70856,0.712
49.71855,0.7426
49.72855,0.6687
49.73854,0.5763
49.74854,0.3949
49.75853,0.2858
49.76852,0.1266
49.77852,-0.2781
49.78848,-1.0485
49.79845,-1.2583
49.80841,-1.5245
49.81837,-1.7018
49.82834,-1.9165
49.8383,-2.0395
49.84827,-2.1202
49.85823,-2.2018
49.86819,-2.2278
49.87815,-2.1389
49.88812,-2.0386
49.89808,-1.8865
49.90804,-1.7092
49.918,-1.4976
49.92794,-1.2659
49.93789,-1.0231
49.94784,-0.8323
49.95779,-0.7285
49.96774,-0.7552
49.97769,-0.807
49.98764,-0.827
49.99759,-0.7933
50.00754,-0.7583
50.01749,-0.7272
50.02744,-0.7912
50.03753,-0.7772
50.0476,-0.7602
50.05768,-0.7471
50.06776,-0.6644
50.07784,-0.6241
50.08792,-0.6278
50.098,-0.5806
50.10808,-0.5459
50.11816,-0.5467
50.12824,-0.4819
50.13832,-0.5052
50.1484,-0.5223
50.15844,-0.5773
50.16843,-0.5726
50.17843,-0.6213
50.18843,-0.5853
50.19843,-0.6273
50.20843,-0.6558
50.21843,-0.6635
50.22842,-0.7393
50.23842,-0.787
50.24842,-0.8487
50.25842,-0.8542
50.26842,-0.8585
50.27842,-0.8369
50.28834,-0.833
50.29825,-0.8413
50.30817,-0.8635
50.31808,-0.8774
50.328,-0.8905
50.33791,-0.8936
50.34782,-0.8786
50.35774,-0.8371
50.36765,-0.7638
50.37757,-0.6864
50.38748,-0.6271
50.3974,-0.5741
50.40743,-0.4926
50.41758,-0.4098
50.42774,-0.3203
50.43789,-0.1989
50.44805,-0.097
50.4582,0.0301
50.46836,0.2506
50.47851,0.4986
50.48867,0.7464
50.49882,1.0206
50.50898,1.2267
50.51913,1.4415
50.52929,1.6718
50.53926,1.8519
50.54922,2.0187
50.55918,2.1656
50.56913,2.2394
50.57909,2.2863
50.58905,2.3597
50.599,2.4774
50.60896,2.674
50.61892,2.9696
50.62887,3.292
50.63883,3.5431
50.64878,3.6913
50.65875,3.7816
50.66872,3.7852
50.6787,3.688
50.68867,3.554
50.69865,3.5298
50.70862,3.6167
50.71859,3.7694
50.72857,3.9325
50.73854,4.0711
50.74852,4.1725
50.75849,4.1717
50.76846,4.1112
50.77844,4.085
50.78847,4.1066
50.79848,4.2321
50.80849,4.4558
50.8185,4.7972
50.82851,5.3339
50.83852,5.9835
50.84853,6.515
50.85854,6.796
50.86855,6.9306
50.87856,6.9421
50.88857,6.8922
50.89858,6.7221
50.90856,6.5025
50.9185,6.3701
50.92844,6.3438
50.93837,6.4308
50.94831,6.6528
50.95825,6.9102
50.96819,7.0799
50.97812,7.1183
50.98806,7.0007
50.998,6.6469
51.00794,6.1507
51.01788,5.6432
51.02781,5.1681
51.03781,4.7
51.04781,4.2833
51.0578,3.9639
51.06779,3.6571
51.07779,3.2991
51.08778,2.7944
51.09777,2.1521
51.10777,1.4618
51.11776,0.8294
51.12775,0.3697
51.13774,0.1033
51.14774,-0.0332
51.15776,-0.1103
51.16779,-0.1639
51.17783,-0.2267
51.18786,-0.2908
51.19789,-0.3794
51.20793,-0.4293
51.21796,-0.4532
51.228,-0.443
51.23803,-0.4201
51.24807,-0.3831
51.2581,-0.3357
51.26814,-0.3466
51.27817,-0.36
51.28814,-0.3897
51.2981,-0.4594
51.30806,-0.4938
51.31803,-0.4863
51.32799,-0.4754
51.33796,-0.4734
51.34792,-0.5242
51.35788,-0.5773
51.36785,-0.6111
51.37781,-0.6218
51.38778,-0.6361
51.39774,-0.6213
51.40773,-0.6237
51.41777,-0.6268
51.4278,-0.6099
51.43782,-0.5982
51.44785,-0.5703
51.45788,-0.5405
51.46791,-0.4909
51.47794,-0.4378
51.48797,-0.3411
51.498,-0.1168
51.50803,0.0935
51.51806,0.2283
51.52809,0.3025
51.53814,0.3385
51.54818,0.3762
51.55823,0.4259
51.56827,0.5067
51.57831,0.6023
51.58836,0.7492
51.5984,0.915
51.60844,1.0985
51.61848,1.2535
51.62852,1.3805
51.63857,1.4653
51.64861,1.5572
51.65865,1.6877
51.66867,1.8681
51.6787,2.0849
51.68873,2.3077
51.69876,2.4908
51.70878,2.6702
51.71881,2.854
51.72884,3.0146
51.73886,3.1529
51.74889,3.2903
51.75892,3.473
51.76894,3.6642
51.77897,3.8167
51.78897,3.962
51.79897,4.0899
51.80897,4.2181
51.81897,4.3536
51.82897,4.4343
51.83897,4.4466
51.84896,4.3741
51.85896,4.2719
51.86896,4.1308
51.87896,3.9466
51.88896,3.6817
51.89896,3.2283
51.90894,2.6132
51.9189,1.8384
51.92886,1.1198
51.93883,0.534
51.94879,0.0875
51.95875,-0.2348
51.96871,-0.488
51.97868,-0.6578
51.98864,-0.7958
51.9986,-0.8873
52.00856,-0.9733
52.01852,-1.0481
52.02848,-1.084
52.03849,-1.1176
52.0485,-1.1385
52.05851,-1.1342
52.06852,-1.1528
52.07853,-1.1839
52.08854,-1.1888
52.09855,-1.1617
52.10855,-1.1143
52.11856,-1.0631
52.12857,-1.0337
52.13858,-1.0161
52.14859,-0.9434
52.1586,-0.9153
52.1686,-0.9179
52.1786,-0.9285
52.18861,-0.9529
52.1986,-0.9769
52.20861,-1.0093
52.21861,-1.0237
52.22861,-0.9902
52.23861,-0.9499
52.24861,-0.9125
52.25861,-0.8418
52.26861,-0.8176
52.27861,-0.8212
52.28864,-0.8306
52.29866,-0.8486
52.30869,-0.8158
52.31871,-0.7737
52.32874,-0.7179
52.33876,-0.6385
52.34879,-0.5575
52.35881,-0.4897
52.36883,-0.41
52.37886,-0.3167
52.38888,-0.2373
52.3989,-0.1741
52.40895,-0.0656
52.41902,0.034
52.42909,0.1425
52.43916,0.2055
52.44923,0.2517
52.45929,0.2471
52.46936,0.2202
52.47943,0.1743
52.4895,0.102
52.49957,0.0357
52.50963,-0.0354
52.5197,-0.0933
52.52977,-0.1392
52.5397,-0.1616
52.54963,-0.1658
52.55956,-0.1484
52.56948,-0.1239
52.57941,-0.1183
52.58933,-0.1413
52.59925,-0.1853
52.60918,-0.2023
52.61911,-0.1974
52.62903,-0.1567
52.63896,-0.1065
52.64888,-0.0484
52.65888,0.0265
52.66895,0.0827
52.67902,0.1074
52.6891,0.1191
52.69917,0.0809
52.70924,0.0449
52.71931,0.0117
52.72938,0.0284
52.73945,0.0461
52.74953,0.1051
52.7596,0.0934
52.76967,0.0809
52.77974,0.065
52.78975,0.016
52.79973,-0.0281
52.80972,-0.0327
52.81971,-0.002
52.8297,0.0407
52.83968,0.0893
52.84967,0.1467
52.85966,0.188
52.86964,0.2004
52.87963,0.217
52.88962,0.2078
52.89961,0.2377
52.90962,0.2648
52.91962,0.3122
52.92962,0.3281
52.93962,0.2928
52.94962,0.3021
52.95962,0.3024
52.96962,0.3347
52.97962,0.3861
52.98962,0.4652
52.99962,0.517
53.00962,0.5004
53.01962,0.4744
53.02962,0.445
53.03963,0.4884
53.04963,0.6125
53.05964,0.8231
53.06964,0.983
53.07964,1.1004
53.08965,1.2034
53.09965,1.2495
53.10965,1.2442
53.11966,1.1817
53.12966,1.1059
53.13966,0.878
53.14967,0.4494
53.15966,0.4254
53.16962,0.6114
53.17958,0.7953
53.18954,1.001
53.1995,1.0593
53.20947,1.0945
53.21943,1.1526
53.22939,1.3287
53.23935,1.5356
53.24931,1.6109
53.25927,1.5956
53.26924,1.3841
53.2792,1.0349
53.28924,0.6475
53.29927,0.3367
53.30931,0.1236
53.31935,-0.0058
53.32939,-0.0837
53.33942,-0.1051
53.34946,-0.0859
53.3595,-0.0796
53.36954,-0.1176
53.37957,-0.1753
53.38961,-0.2378
53.39965,-0.2774
53.40969,-0.3246
53.41975,-0.3495
53.4298,-0.3449
53.43985,-0.3413
53.44991,-0.3763
53.45996,-0.4019
53.47002,-0.4651
53.48007,-0.4928
53.49012,-0.5481
53.50018,-0.5454
53.51023,-0.4592
53.52028,-0.4487
53.53033,-0.4591
53.54023,-0.5465
53.55011,-0.6202
53.56,-0.6634
53.56989,-0.675
53.57978,-0.6746
53.58966,-0.6225
53.59956,-0.4885
53.60944,-0.3135
53.61933,-0.1461
53.62922,-0.0267
53.63911,0.0632
53.64899,0.1273
53.65895,0.1845
53.66897,0.3062
53.67899,0.4958
53.68901,0.7418
53.69904,0.949
53.70906,0.9715
53.71908,1.1361
53.7291,1.3112
53.73912,1.5921
53.74914,1.7246
53.75916,1.8648
53.76918,1.9566
53.7792,2.0741
53.7893,2.1644
53.7994,2.2942
53.80949,2.4136
53.81958,2.495
53.82968,2.5331
53.83978,2.5257
53.84987,2.5363
53.85997,2.5421
53.87006,2.533
53.88016,2.5875
53.89025,2.7246
53.90035,2.8475
53.91038,2.9087
53.92034,2.9544
53.9303,2.9408
53.94027,2.8632
53.95023,2.7064
53.96019,2.4464
53.97015,2.117
53.98011,1.8156
53.99007,1.5366
54.00003,1.2191
54.00999,0.8576
54.01996,0.5106
54.02992,0.1654
54.03993,-0.1459
54.04994,-0.4171
54.05994,-0.5907
54.06995,-0.6963
54.07996,-0.7652
54.08997,-0.8367
54.09998,-0.8799
54.10999,-0.9024
54.12,-0.9108
54.13,-0.9178
54.14001,-0.9358
54.15002,-0.9558
54.16003,-1.0045
54.17005,-1.0089
54.18007,-0.9842
54.19009,-0.9271
54.2001,-0.8371
54.21012,-0.7734
54.22013,-0.7678
54.23015,-0.7967
54.24017,-0.8351
54.25019,-0.8608
54.2602,-0.897
54.27022,-0.9162
54.28024,-0.8924
54.29025,-0.8443
54.30024,-0.7656
54.31023,-0.6933
54.32022,-0.652
54.33021,-0.6222
54.3402,-0.6126
54.35019,-0.6219
54.36018,-0.6394
54.37017,-0.6599
54.38017,-0.6461
54.39016,-0.5777
54.40015,-0.4517
54.41017,-0.2843
54.42017,-0.0874
54.43017,0.1001
54.44017,0.2584
54.45018,0.3675
54.46018,0.4443
54.47018,0.5044
54.48019,0.6473
54.49019,0.7952
54.50019,1.0381
54.5102,1.2781
54.5202,1.6196
54.5302,1.9246
54.5402,1.9978
54.5502,2.0894
54.56019,1.8754
54.57019,1.8817
54.58018,2.0781
54.59018,2.3969
54.60018,3.0718
54.61017,3.5825
54.62017,3.9234
54.63017,4.0431
54.64016,4.0529
54.65016,4.0287
54.66015,4.0457
54.67015,4.0905
54.68014,4.0986
54.69013,3.9001
54.70013,3.5271
54.71012,3.0731
54.72011,2.6607
54.73011,2.3225
54.7401,1.9922
54.75009,1.5995
54.76009,1.184
54.77008,0.7682
54.78007,0.3694
54.79012,0.0709
54.80016,-0.1101
54.81021,-0.215
54.82025,-0.2728
54.8303,-0.3251
54.84034,-0.3867
54.85038,-0.4756
54.86043,-0.5618
54.87047,-0.7067
54.88052,-0.8209
54.89056,-0.918
54.9006,-0.9961
54.91063,-1.0179
54.92065,-1.0224
54.93066,-1.0629
54.94067,-1.0664
54.95069,-1.0884
54.9607,-1.1382
54.97071,-1.177
54.98073,-1.1765
54.99074,-1.2007
55.00076,-1.1834
55.01077,-1.1525
55.02078,-1.1112
55.0308,-1.0442
55.04081,-0.9486
55.05082,-0.8211
55.06083,-0.6921
55.07083,-0.5978
55.08084,-0.5498
55.09085,-0.4883
55.10086,-0.3679
55.11086,-0.2328
55.12087,-0.0829
55.13088,0.0194
55.14089,-0.0263
55.15089,-0.2052
55.1609,0.0563
55.17091,0.4507
55.18092,0.9391
55.19092,1.3181
55.20093,1.5275
55.21093,1.6063
55.22094,1.6492
55.23095,1.7015
55.24095,1.7777
55.25095,1.8689
55.26096,1.9574
55.27097,2.054
55.28097,2.1563
55.29097,2.2555
55.30096,2.3467
55.31094,2.4465
55.32093,2.5532
55.33092,2.6302
55.34091,2.7167
55.3509,2.7707
55.36089,2.2028
55.37088,1.4721
55.38087,1.853
55.39086,1.953
55.40085,1.91
55.41084,1.7275
55.42085,1.891
55.43085,2.2185
55.44085,2.6733
55.45085,1.8284
55.46085,1.5845
55.47085,1.7934
55.48085,1.8666
55.49085,1.5302
55.50085,0.9726
55.51085,0.7507
55.52085,0.6185
55.53085,0.4743
55.54086,0.243
55.55085,0.0457
55.56084,-0.0657
55.57084,-0.1244
55.58083,-0.1603
55.59082,-0.2172
55.60081,-0.2821
55.6108,-0.3367
55.62079,-0.4001
55.63078,-0.4523
55.64077,-0.4789
55.65076,-0.4895
55.66076,-0.4691
55.67074,-0.4168
55.68072,-0.3488
55.6907,-0.3233
55.70069,-0.3213
55.71067,-0.3078
55.72065,-0.3012
55.73064,-0.3151
55.74062,-0.3238
55.75061,-0.3319
55.76059,-0.3348
55.77057,-0.3675
55.78056,-0.3736
55.79054,-0.3928
55.80053,-0.3911
55.81052,-0.3884
55.8205,-0.3548
55.83049,-0.339
55.84047,-0.3601
55.85046,-0.3781
55.86045,-0.3375
55.87043,-0.2915
55.88042,-0.2219
55.89041,-0.1539
55.90039,-0.0838
55.91039,0.015
55.92039,-0.0099
55.93039,-0.0582
55.94038,-0.1988
55.95037,-0.2662
55.96037,-0.2937
55.97036,-0.2553
55.98036,-0.2876
55.99035,-0.2271
56.00035,-0.1745
56.01034,-0.1404
56.02034,-0.1004
56.03033,-0.0587
56.04051,0.0104
56.05069,0.0862
56.06087,0.1646
56.07105,0.2403
56.08123,0.3512
56.09142,0.4635
56.1016,0.6133
56.11177,0.81
56.12196,1.0251
56.13214,1.3427
56.14232,1.8424
56.1525,2.4183
56.16255,3.1008
56.17247,3.5544
56.1824,3.4812
56.19232,3.4078
56.20224,3.5226
56.21216,3.3481
56.22209,3.5302
56.23201,3.9081
56.24193,4.3505
56.25185,4.8025
56.26178,5.1403
56.2717,5.218
56.28162,5.1322
56.29163,5.1534
56.30163,5.237
56.31163,5.4946
56.32163,5.9499
56.33163,6.382
56.34163,6.3686
56.35163,5.8651
56.36163,5.1248
56.37163,4.4668
56.38163,3.8448
56.39164,3.1769
56.40163,2.4417
56.41165,1.7626
56.42164,1.2109
56.43163,0.7277
56.44162,0.3387
56.45161,0.0357
56.4616,-0.2097
56.47159,-0.4344
56.48158,-0.6011
56.49157,-0.719
56.50155,-0.7855
56.51154,-0.8323
56.52153,-0.8617
56.53152,-0.8774
56.54152,-0.8901
56.55151,-0.8905
56.56151,-0.9077
56.57151,-0.9119
56.58151,-0.9106
56.5915,-0.9108
56.6015,-0.894
56.6115,-0.896
56.62149,-0.8755
56.63149,-0.8325
56.64149,-0.7686
56.65149,-0.7202
56.66147,-0.6761
56.67145,-0.6867
56.68142,-0.6896
56.69139,-0.6926
56.70137,-0.659
56.71134,-0.5949
56.72131,-0.5015
56.73129,-0.4105
56.74126,-0.3036
56.75123,-0.172
56.7612,-0.0238
56.77118,0.1211
56.78115,0.2608
56.79124,0.3644
56.80131,0.4464
56.81139,0.5329
56.82146,0.6253
56.83154,0.7328
56.84161,0.873
56.85168,1.1233
56.86176,1.4032
56.87183,1.6387
56.88191,1.8102
56.89198,1.9938
56.90206,2.1611
56.91208,2.2243
56.92204,2.2534
56.932,2.3369
56.94196,2.4876
56.95192,2.6763
56.96189,2.9055
56.97185,3.1582
56.98182,3.4466
56.99178,3.7047
57.00174,3.8147
57.0117,3.8756
57.02166,4.0127
57.03163,4.2796
57.04161,4.655
57.05157,5.0142
57.06154,5.2951
57.07151,5.447
57.08148,5.5282
57.09145,5.6717
57.10141,5.9067
57.11138,6.2427
57.12135,6.6292
57.13132,7.025
57.14128,7.455
57.15125,7.8793
57.16132,8.1279
57.17147,8.1961
57.18162,7.5119
57.19177,7.1004
57.20192,8.0492
57.21207,8.0481
57.22222,7.9146
57.23237,7.4035
57.24252,7.9795
57.25267,8.7504
57.26282,7.721
57.27297,7.5116
57.28312,7.279
57.29307,7.0616
57.30302,6.5686
57.31297,5.6866
57.32291,4.666
57.33286,3.8409
57.3428,3.4031
57.35275,3.307
57.3627,3.2106
57.37264,2.9315
57.38259,2.5285
57.39254,2.0506
57.40248,1.611
57.41249,1.268
57.42254,1.041
57.4326,0.9296
57.44266,0.8458
57.45272,0.8054
57.46277,0.7548
57.47283,0.7039
57.48289,0.6463
57.49295,0.5356
57.503,0.411
57.51306,0.2844
57.52312,0.2197
57.53318,0.1448
57.5431,0.1105
57.55302,0.0843
57.56294,0.0025
57.57286,-0.0711
57.58278,-0.1579
57.5927,-0.3016
57.60262,-0.3904
57.61254,-0.507
57.62246,-0.6017
57.63238,-0.6159
57.6423,-0.6021
57.65222,-0.5564
57.66217,-0.4897
57.67215,-0.437
57.68213,-0.4566
57.6921,-0.5023
57.70207,-0.5173
57.71205,-0.541
57.72202,-0.5559
57.73199,-0.5639
57.74197,-0.5304
57.75194,-0.4384
57.76192,-0.3125
57.77189,-0.2052
57.78186,-0.1408
57.79188,-0.0997
57.8019,-0.0997
57.81192,-0.1059
57.82194,-0.1262
57.83195,-0.1474
57.84197,-0.1057
57.85199,0.0097
57.86201,0.2359
57.87202,0.5245
57.88204,0.7017
57.89206,0.8635
57.90208,1.0443
57.91207,1.185
57.92205,1.2598
57.93202,1.3987
57.94199,1.3931
57.95197,1.6093
57.96194,1.7137
57.97191,2.0515
57.98189,2.5584
57.99186,3.1598
58.00183,3.7633
58.01181,4.443
58.02178,5.0481
58.03176,5.3468
58.04178,5.1818
58.0518,4.7632
58.06182,4.7841
58.07185,4.9385
58.08187,5.0629
58.09189,5.0462
58.10191,5.3526
58.11193,5.762
58.12196,6.0445
58.13198,5.8645
58.142,6.1383
58.15202,6.2954
58.16202,6.5937
58.17199,7.0099
58.18196,7.0811
58.19194,6.7712
58.20191,6.8265
58.21188,7.0027
58.22186,6.9569
58.23183,6.725
58.2418,6.4242
58.25177,6.073
58.26175,5.9031
58.27172,5.8538
58.28169,5.7031
58.29176,5.2233
58.30183,4.5764
58.3119,4.0378
58.32197,3.6334
58.33204,3.308
58.34211,3.0918
58.35218,3.0041
58.36226,2.9503
58.37232,2.8639
58.38239,2.7188
58.39246,2.5204
58.40253,2.3152
58.41259,2.1021
58.42262,1.8868
58.43264,1.6684
58.44267,1.4368
58.4527,1.2697
58.46273,1.1187
58.47276,0.9925
58.48278,0.9006
58.49281,0.863
58.50284,0.748
58.51287,0.6642
58.52289,0.5206
58.53292,0.4331
58.54292,0.336
58.55291,0.2746
58.56291,0.2477
58.5729,0.2545
58.5829,0.268
58.59289,0.2438
58.60289,0.2041
58.61288,0.159
58.62288,0.1509
58.63287,0.1643
58.64286,0.1561
58.65286,0.154
58.66286,0.1866
58.67286,0.2154
58.68286,0.2008
58.69286,0.2188
58.70287,0.1841
58.71287,0.1738
58.72287,0.2415
58.73287,0.3424
58.74287,0.4255
58.75287,0.5043
58.76287,0.5889
58.77288,0.6994
58.78288,0.8424
58.79288,1.0077
58.80288,1.1693
58.81288,1.3733
58.82287,1.5455
58.83287,1.7356
58.84286,1.9484
58.85286,1.9839
58.86286,2.41
58.87286,2.9809
58.88285,3.7096
58.89285,4.4075
58.90285,4.8776
58.91285,4.8566
58.92285,4.3782
58.93285,4.616
58.94284,4.9388
58.95284,5.3608
58.96284,5.6571
58.97284,6.0434
58.98283,6.568
58.99283,7.0556
59.00283,7.3998
59.01283,7.6725
59.02283,7.8965
59.03283,8.0678
59.04282,8.2209
59.05282,8.4392
59.06281,8.7861
59.0728,9.2575
59.0828,9.8022
59.09279,10.2077
59.10279,10.4288
59.11278,10.5233
59.12278,10.6067
59.13277,10.7657
59.14276,10.9343
59.15276,11.049
59.16275,11.0881
59.17274,11.0076
59.18273,10.8183
59.19272,10.5278
59.20272,10.2026
59.21271,9.8811
59.2227,9.6164
59.23269,9.4874
59.24268,9.5502
59.25267,9.7674
59.26266,9.9838
59.27266,10.0115
59.28265,9.8535
59.29266,9.6648
59.30266,9.5595
59.31266,9.6178
59.32265,9.7546
59.33265,9.9242
59.34264,10.1095
59.35263,10.3618
59.36263,10.6417
59.37263,10.9034
59.38262,10.9934
59.39262,10.9603
59.40261,10.9309
59.41264,10.8698
59.4227,10.7797
59.43275,10.6767
59.44282,10.5566
59.45288,10.5138
59.46294,10.655
59.473,11.0404
59.48306,11.432
59.49311,11.6319
59.50318,11.641
59.51324,11.5941
59.5233,11.5518
59.53336,11.486
59.54337,11.2687
59.55339,11.0555
59.5634,10.9271
59.57341,10.8285
59.58343,10.7914
59.59344,10.7668
59.60345,10.7306
59.61347,10.637
59.62348,10.4371
59.6335,10.044
59.64351,9.5156
59.65352,8.7601
59.66353,7.7076
59.67353,6.4543
59.68354,5.0633
59.69354,3.8382
59.70354,2.8304
59.71355,2.0203
59.72355,1.4164
59.73355,0.9925
59.74355,0.6698
59.75356,0.3937
59.76356,0.1161
59.77356,-0.1487
59.78357,-0.3869
59.79364,-0.5151
59.80371,-0.5687
59.81379,-0.5914
59.82386,-0.5864
59.83393,-0.6082
59.844,-0.6
59.85407,-0.5085
59.86414,-0.3865
59.87421,-0.3088
59.88429,-0.1981
59.89436,-0.0611
59.90443,0.0712
59.91443,0.1513
59.92434,0.1663
59.93426,0.1813
59.94417,0.2781
59.95409,0.4518
59.964,0.6601
59.97392,0.8257
59.98383,0.9018
59.99375,0.9928
60.00366,1.1108
60.01358,1.2343
60.02349,1.3192
60.03341,1.3594
60.04338,1.2034
60.05334,1.0106
60.0633,0.8673
60.07327,0.8626
60.08323,0.873
60.0932,0.9492
60.10316,1.0463
60.11313,1.2226
60.12309,1.4748
60.13306,1.7571
60.14302,1.9304
60.15298,1.791
60.16298,1.9083
60.17301,1.9783
60.18304,2.0947
60.19307,2.1133
60.20311,2.0123
60.21314,1.8954
60.22317,1.847
60.2332,1.8289
60.24323,1.8038
60.25327,1.7944
60.2633,1.8042
60.27333,1.7828
60.28336,1.7535
60.29335,1.7194
60.30334,1.6696
60.31333,1.6469
60.32332,1.6916
60.33331,1.7879
60.3433,1.8137
60.35329,1.8266
60.36328,1.8649
60.37327,1.885
60.38326,1.8739
60.39325,1.8107
60.40324,1.7611
60.41323,1.7631
60.42324,1.8447
60.43324,1.9703
60.44324,2.0946
60.45324,2.2374
60.46324,2.4319
60.47324,2.6066
60.48324,2.8273
60.49324,3.0321
60.50325,3.1888
60.51325,3.3138
60.52325,3.5038
60.53325,3.7135
60.54336,3.8547
60.55346,3.8477
60.56356,3.745
60.57367,3.6368
60.58377,3.5277
60.59387,3.4867
60.60397,3.4763
60.61407,3.4346
60.62418,3.3579
60.63428,3.2588
60.64438,3.147
60.65449,3.0135
60.66456,2.8927
60.67459,2.7757
60.68463,2.6334
60.69466,2.4354
60.7047,2.2117
60.71473,1.9657
60.72477,1.6829
60.7348,1.3727
60.74483,1.0556
60.75487,0.7433
60.7649,0.4469
60.77494,0.1036
60.78497,-0.2459
60.79499,-0.5545
60.80499,-0.7933
60.815,-0.9729
60.82501,-1.113
60.83501,-1.1904
60.84502,-1.2169
60.85503,-1.2085
60.86504,-1.1536
60.87504,-1.1044
60.88505,-1.0896
60.89506,-1.0906
60.90506,-1.1223
60.91507,-1.1551
60.92508,-1.1817
60.93507,-1.2373
60.94508,-1.2649
60.95507,-1.302
60.96508,-1.3289
60.97508,-1.3326
60.98508,-1.2857
60.99508,-1.2489
61.00508,-1.1777
61.01508,-1.1005
61.02508,-1.0199
61.03508,-0.9748
61.04501,-0.9634
61.05493,-0.9621
61.06485,-0.9561
61.07476,-0.9487
61.08468,-0.9319
61.09459,-0.8867
61.10451,-0.8274
61.11443,-0.7405
61.12434,-0.7121
61.13426,-0.7316
61.14417,-0.7966
61.15409,-0.8702
61.16404,-0.9047
61.17403,-0.8898
61.18401,-0.8282
61.194,-0.7597
61.20398,-0.6615
61.21396,-0.5799
61.22395,-0.5683
61.23393,-0.5531
61.24391,-0.5257
61.2539,-0.5017
61.26388,-0.4725
61.27386,-0.4224
61.28385,-0.3507
61.29383,-0.2707
61.30381,-0.244
61.31379,-0.239
61.32376,-0.2379
61.33374,-0.245
61.34372,-0.2155
61.3537,-0.1638
61.36368,-0.0899
61.37366,-0.0429
61.38363,0.0073
61.39361,0.0567
61.40359,0.1115
61.4136,0.1579
61.42364,0.2231
61.43368,0.2946
61.44372,0.3819
61.45376,0.4626
61.4638,0.5884
61.47384,0.7209
61.48388,0.8498
61.49392,1.003
61.50396,1.1703
61.514,1.3267
61.52403,1.4664
61.53407,1.5824
61.54416,1.7094
61.55423,1.8665
61.56431,2.0577
61.57438,2.2259
61.58446,2.3949
61.59454,2.5799
61.60461,2.7395
61.61469,2.8617
61.62476,2.9635
61.63484,3.1012
61.64492,3.2804
61.65499,3.4544
61.66504,3.5871
61.67506,3.7125
61.68508,3.8768
61.6951,4.0623
61.70512,4.2425
61.71514,4.3839
61.72515,4.4841
61.73517,4.6099
61.74519,4.8511
61.75521,5.1167
61.76523,5.3623
61.77525,5.5251
61.78527,5.6131
61.79528,5.5748
61.8053,5.4385
61.81532,5.2441
61.82534,4.94
61.83535,4.487
61.84537,3.9193
61.85539,3.3237
61.86541,2.7706
61.87542,2.2143
61.88544,1.6686
61.89546,1.143
61.90548,0.6986
61.91547,0.3574
61.92544,0.0652
61.9354,-0.146
61.94537,-0.3148
61.95533,-0.4121
61.9653,-0.4767
61.97526,-0.5183
61.98523,-0.5493
61.99519,-0.6064
62.00516,-0.6641
62.01512,-0.6921
62.02509,-0.6636
62.03505,-0.5605
62.045,-0.3906
62.05495,-0.1392
62.0649,0.1675
62.07485,0.2824
62.0848,0.4126
62.09475,0.5522
62.1047,0.7074
62.11465,0.8572
62.1246,1.0034
62.13454,1.1932
62.14449,1.4201
62.15444,1.6997
62.16442,2.0268
62.17442,2.3538
62.18443,2.629
62.19442,2.8244
62.20443,2.9145
62.21442,2.9417
62.22443,3.0322
62.23442,3.198
62.24442,3.5174
62.25443,2.1257
62.26442,2.3849
62.27443,2.7682
62.28442,2.2177
62.29446,2.4503
62.30449,2.6976
62.31452,3.2064
62.32455,3.6329
62.33458,3.3485
62.34461,3.5891
62.35464,3.6428
62.36467,3.3994
62.3747,2.8343
62.38473,2.2256
62.39476,1.6509
62.40479,1.1434
62.41482,0.7173
62.42485,0.3821
62.43487,0.1253
62.4449,-0.0572
62.45492,-0.2153
62.46495,-0.3561
62.47498,-0.4934
62.485,-0.6167
62.49503,-0.7064
62.50505,-0.7573
62.51508,-0.7706
62.5251,-0.7405
62.53513,-0.7296
62.54509,-0.7158
62.55505,-0.7203
62.56501,-0.6955
62.57498,-0.6572
62.58494,-0.6435
62.5949,-0.6541
62.60487,-0.6997
62.61483,-0.7479
62.62479,-0.8107
62.63475,-0.8589
62.64472,-0.9321
62.65468,-0.9647
62.66469,-0.9675
62.67473,-0.9435
62.68478,-0.8943
62.69482,-0.8369
62.70486,-0.7886
62.71491,-0.8051
62.72495,-0.8538
62.735,-0.8979
62.74504,-0.9676
62.75508,-1.0261
62.76513,-1.0556
62.77517,-1.0665
62.78522,-1.0584
62.79523,-1.0311
62.80525,-0.9956
62.81527,-0.9576
62.82528,-0.9434
62.8353,-0.9632
62.84532,-1.024
62.85533,-1.0774
62.86535,-1.0934
62.87536,-1.0627
62.88538,-0.9767
62.8954,-0.8643
62.90541,-0.7423
62.91543,-0.6314
62.92542,-0.5544
62.9354,-0.5271
62.94538,-0.5239
62.95537,-0.5296
62.96535,-0.503
62.97534,-0.4505
62.98532,-0.3845
62.9953,-0.3169
63.00529,-0.2891
63.01527,-0.2248
63.02526,-0.1357
63.03524,-0.0081
63.04525,0.1122
63.05526,0.2096
63.06526,0.3278
63.07527,0.4562
63.08527,0.5749
63.09528,0.6726
63.10528,0.7903
63.11529,0.9229
63.12529,1.043
63.1353,1.209
63.14531,1.3848
63.15531,1.6009
63.16531,1.8375
63.17529,2.02
63.18526,2.1558
63.19524,2.2065
63.20521,2.1766
63.21519,2.0941
63.22516,2.0242
63.23514,1.9725
63.24512,1.9594
63.25509,1.9693
63.26507,2.0087
63.27504,2.0776
63.28502,2.1638
63.29502,2.2553
63.30503,2.3357
63.31503,2.3831
63.32504,2.437
63.33504,2.4963
63.34504,2.5493
63.35505,2.629
63.36505,2.7626
63.37505,2.9324
63.38506,3.1176
63.39506,3.2858
63.40507,3.4112
63.41507,3.4748
63.42508,3.5188
63.43508,3.5503
63.44508,3.5805
63.45509,3.1056
63.46509,1.6128
63.47509,2.0356
63.48509,1.8853
63.49509,2.3797
63.5051,2.9327
63.5151,3.2146
63.5251,2.9942
63.5351,3.5887
63.54511,3.7225
63.55512,3.8349
63.56512,3.736
63.57513,3.3486
63.58514,2.6723
63.59515,1.9263
63.60516,1.3044
63.61517,0.8343
63.62517,0.4551
63.63518,0.1672
63.64519,-0.0626
63.65519,-0.2352
63.66518,-0.3841
63.67515,-0.5248
63.68512,-0.6182
63.69508,-0.7025
63.70505,-0.7817
63.71502,-0.8557
63.72498,-0.8849
63.73495,-0.9283
63.74492,-0.9313
63.75489,-0.9304
63.76485,-0.9123
63.77482,-0.8981
63.78479,-0.9045
63.79484,-0.8959
63.80489,-0.9005
63.81494,-0.9312
63.82498,-0.963
63.83503,-0.9992
63.84508,-1.0439
63.85513,-1.1313
63.86517,-1.2033
63.87522,-1.2685
63.88527,-1.3172
63.89531,-1.3433
63.90536,-1.3485
63.91542,-1.3356
63.92549,-1.3641
63.93556,-1.3851
63.94563,-1.3991
63.95571,-1.4247
63.96578,-1.4364
63.97585,-1.4278
63.98592,-1.4098
63.99599,-1.3766
64.00607,-1.357
64.01614,-1.3931
64.02621,-1.4057
64.03629,-1.4418
64.04635,-1.4641
64.0564,-1.4649
64.06644,-1.4627
64.0765,-1.4559
64.08655,-1.4562
64.0966,-1.4676
64.10665,-1.4541
64.11671,-1.4706
64.12675,-1.4549
64.1368,-1.4419
64.14686,-1.408
64.15691,-1.3759
64.16689,-1.3254
64.17683,-1.3076
64.18676,-1.3232
64.19669,-1.3509
64.20662,-1.3914
64.21655,-1.4415
64.22648,-1.454
64.23641,-1.4677
64.24634,-1.4464
64.25627,-1.3688
64.2662,-1.2691
64.27613,-1.1533
64.28606,-1.0498
64.29607,-0.9741
64.30608,-0.8921
64.31608,-0.8122
64.32608,-0.7214
64.33608,-0.6292
64.34608,-0.523
64.35608,-0.4111
64.36608,-0.3014
64.37608,-0.1635
64.38609,-0.0171
64.39609,0.1403
64.40609,0.2957
64.41609,0.4702
64.42611,0.6681
64.43613,0.861
64.44615,1.0264
64.45617,1.1604
64.46619,1.2561
64.47621,1.3146
64.48623,1.3172
64.49625,1.2985
64.50627,1.302
64.51629,1.344
64.52631,1.4218
64.53633,1.5024
64.54631,1.5643
64.55629,1.6031
64.56626,1.6545
64.57623,1.682
64.5862,1.6834
64.59618,1.6544
64.60616,1.6069
64.61613,1.5791
64.62611,1.5857
64.63608,1.6332
64.64605,1.7032
64.65602,1.7727
64.66599,1.8428
64.67597,1.8724
64.68594,1.8808
64.69592,1.8494
64.70589,1.8338
64.71587,1.8434
64.72584,1.8517
64.73581,1.8804
64.74579,1.9362
64.75576,2.0316
64.76573,2.1731
64.77571,2.3015
64.78568,2.3959
64.79571,2.4528
64.80573,2.4481
64.81575,2.3842
64.82577,2.2441
64.83579,2.036
64.84581,1.762
64.85583,1.4391
64.86584,1.064
64.87587,0.6963
64.88589,0.3793
64.8959,0.1004
64.90592,-0.1258
64.91602,-0.3142
64.92616,-0.4367
64.93631,-0.5236
64.94646,-0.5924
64.95661,-0.6707
64.96676,-0.7145
64.97691,-0.7743
64.98706,-0.8353
64.99721,-0.8732
65.00735,-0.9055
65.0175,-0.9052
65.02766,-0.8956
65.0378,-0.8515
65.04769,-0.7832
65.05759,-0.7084
65.06747,-0.6187
65.07737,-0.5608
65.08726,-0.5291
65.09715,-0.4922
65.10704,-0.4549
65.11693,-0.3897
65.12682,-0.3169
65.13671,-0.2509
65.1466,-0.2089
65.15649,-0.1367
65.16646,0.0093
65.17648,0.2187
65.18651,0.4271
65.19653,0.6041
65.20657,0.7169
65.21659,0.7643
65.22662,0.8033
65.23664,0.8566
65.24667,0.9458
65.25669,1.0724
65.26672,1.2119
65.27675,1.3595
65.28677,1.492
65.29679,1.6275
65.30679,1.735
65.31678,1.8495
65.32677,1.947
65.33677,2.0538
65.34676,2.1712
65.35676,2.2797
65.36674,2.3836
65.37674,2.5254
65.38673,2.6502
65.39673,2.7608
65.40672,2.845
65.41672,2.9058
65.42673,2.9464
65.43673,2.9842
65.44673,3.0144
65.45674,3.0479
65.46674,3.0838
65.47675,3.1454
65.48676,3.2313
65.49676,3.3222
65.50677,3.4176
65.51677,3.502
65.52678,3.6012
65.53678,3.6717
65.54684,3.7224
65.55691,3.7872
65.56698,3.8598
65.57704,3.9229
65.5871,4.0146
65.59717,4.1248
65.60723,4.2632
65.6173,4.4086
65.62737,4.5582
65.63743,4.6483
65.64749,4.6841
65.65755,4.6424
65.66755,4.5989
65.67744,4.6018
65.68734,4.6918
65.69724,4.8505
65.70713,5.0558
65.71703,5.2246
65.72693,5.3728
65.73682,5.491
65.74672,5.5982
65.75661,5.7295
65.76652,5.9386
65.77641,6.1279
65.78631,6.232
65.79633,6.221
65.80637,6.1539
65.81639,6.0745
65.82642,6
65.83645,5.95
65.84647,5.9
65.85651,5.8113
65.86653,5.6548
65.87656,5.4675
65.88659,5.1976
65.89661,4.8727
65.90665,4.4545
65.91668,3.9136
65.92667,3.2823
65.93666,2.5907
65.94666,1.889
65.95665,1.2296
65.96664,0.6489
65.97663,0.2006
65.98663,-0.1731
65.99662,-0.4513
66.00661,-0.6379
66.0166,-0.7713
66.0266,-0.8471
66.03659,-0.8737
66.04662,-0.877
66.05666,-0.8601
66.0667,-0.8451
66.07673,-0.8068
66.08676,-0.7557
66.09679,-0.7352
66.10683,-0.7059
66.11686,-0.6668
66.12689,-0.6387
66.13692,-0.6181
66.14696,-0.5999
66.15699,-0.603
66.16702,-0.6124
66.17702,-0.6182
66.18703,-0.6073
66.19703,-0.5745
66.20703,-0.5152
66.21704,-0.4486
66.22704,-0.3869
66.23705,-0.3251
66.24706,-0.2744
66.25706,-0.2274
66.26706,-0.1924
66.27707,-0.1449
66.28707,-0.0933
66.29718,-0.0461
66.30728,0.0112
66.31738,0.0419
66.32749,0.11
66.33759,0.1984
66.3477,0.3437
66.3578,0.4973
66.3679,0.6698
66.37801,0.824
66.38811,0.965
66.39822,1.0694
66.40833,1.1739
66.41833,1.2872
66.42823,1.4081
66.43813,1.5489
66.44803,1.7318
66.45792,1.9173
66.46783,2.0752
66.47772,2.1764
66.48763,2.2509
66.49752,2.3067
66.50742,2.3547
66.51732,2.4
66.52722,2.4443
66.53712,2.5046
66.54719,2.6008
66.55726,2.7438
66.56732,2.9063
66.57739,3.0235
66.58746,3.1462
66.59753,3.2173
66.6076,3.2311
66.61766,3.1731
66.62773,3.1125
66.63779,3.1152
66.64787,3.2031
66.65793,3.3615
66.66796,3.5128
66.67793,3.5904
66.6879,3.5914
66.69786,3.5147
66.70783,3.3988
66.7178,3.2846
66.72777,3.2483
66.73773,3.278
66.7477,3.3853
66.75767,3.5491
66.76763,3.6566
66.7776,3.7162
66.78757,3.7291
66.79759,3.6997
66.80761,3.7014
66.81762,3.7095
66.82764,3.7345
66.83765,3.7409
66.84766,3.7257
66.85768,3.6934
66.86769,3.6771
66.87771,3.738
66.88772,3.8752
66.89774,4.0271
66.90775,4.1392
66.91772,4.1731
66.92764,4.1677
66.93756,4.1524
66.94749,4.153
66.95741,4.1988
66.96733,4.2722
66.97726,4.3306
66.98717,4.34
66.9971,4.319
67.00702,4.317
67.01694,4.3456
67.02686,4.3598
67.03679,4.3439
67.04679,4.2692
67.05679,4.1658
67.06679,4.0296
67.07679,3.8487
67.08679,3.6104
67.09679,3.3341
67.10679,3.0001
67.11679,2.5826
67.12679,2.0815
67.13679,1.5397
67.14679,0.9491
67.15679,0.4232
67.16685,0.0058
67.17697,-0.2969
67.18708,-0.5042
67.1972,-0.6231
67.20731,-0.6682
67.21743,-0.6529
67.22755,-0.6379
67.23766,-0.6403
67.24778,-0.6856
67.25789,-0.7372
67.26801,-0.797
67.27812,-0.7975
67.28824,-0.7928
67.29828,-0.7345
67.3083,-0.6832
67.31833,-0.6358
67.32835,-0.6004
67.33839,-0.5922
67.34841,-0.5633
67.35844,-0.5356
67.36846,-0.536
67.37849,-0.5084
67.38852,-0.4787
67.39854,-0.481
67.40857,-0.4776
67.41859,-0.491
67.42858,-0.5198
67.43858,-0.5412
67.44858,-0.5402
67.45858,-0.5309
67.46857,-0.4969
67.47858,-0.4905
67.48857,-0.4884
67.49857,-0.5083
67.50857,-0.55
67.51857,-0.6246
67.52856,-0.6834
67.53857,-0.7279
67.54854,-0.7543
67.5585,-0.7844
67.56847,-0.8174
67.57844,-0.8402
67.5884,-0.8503
67.59837,-0.8361
67.60833,-0.8192
67.61829,-0.8095
67.62826,-0.7909
67.63823,-0.7948
67.64819,-0.8015
67.65816,-0.8044
67.66813,-0.79
67.67812,-0.7576
67.6881,-0.712
67.69807,-0.6422
67.70805,-0.6069
67.71803,-0.6057
67.72801,-0.6031
67.73799,-0.626
67.74797,-0.683
67.75795,-0.718
67.76793,-0.7187
67.77791,-0.6784
67.78789,-0.6142
67.79794,-0.5229
67.80799,-0.4058
67.81804,-0.3223
67.82809,-0.2132
67.83814,-0.1263
67.8482,-0.0473
67.85825,0.0136
67.8683,0.0954
67.87836,0.2117
67.8884,0.3591
67.89846,0.5724
67.90851,0.7826
67.91851,0.9669
67.92844,1.1051
67.93837,1.2186
67.9483,1.3142
67.95823,1.3614
67.96815,1.3629
67.97809,1.3507
67.98801,1.3389
67.99795,1.3309
68.00787,1.3636
68.01781,1.3873
68.02773,1.4057
68.03767,1.4351
68.04769,1.4281
68.05771,1.4369
68.06773,1.4899
68.07775,1.6195
68.08777,1.8043
68.09779,2.0361
68.10781,2.2848
68.11784,2.3951
68.12785,2.6042
68.13787,2.7361
68.1479,2.7986
68.15791,2.7835
68.16793,2.7622
68.17794,2.7932
68.18795,2.9328
68.19796,3.0805
68.20797,3.2228
68.21797,3.3398
68.22798,3.4198
68.23799,3.4614
68.248,3.5006
68.25801,3.4795
68.26801,3.4
68.27802,3.254
68.28803,3.0727
68.29799,2.896
68.30795,2.7146
68.3179,2.489
68.32786,2.2472
68.33781,1.951
68.34777,1.6389
68.35773,1.326
68.36768,1.031
68.37764,0.7323
68.3876,0.4407
68.39755,0.1628
68.40751,-0.0674
68.41754,-0.2584
68.42764,-0.4207
68.43773,-0.5239
68.44783,-0.6289
68.45792,-0.7435
68.46803,-0.839
68.47812,-0.9002
68.48822,-0.9322
68.49831,-0.8937
68.50842,-0.7744
68.51851,-0.6739
68.52861,-0.6404
68.5387,-0.6546
68.54871,-0.6664
68.55872,-0.6843
68.56873,-0.6944
68.57874,-0.6944
68.58875,-0.6725
68.59876,-0.6446
68.60877,-0.6495
68.61877,-0.7094
68.62878,-0.799
68.63879,-0.9043
68.6488,-0.9943
68.65881,-1.071
68.66886,-1.1236
68.67893,-1.1595
68.68901,-1.2041
68.69908,-1.2043
68.70915,-1.1891
68.71923,-1.1588
68.7293,-1.0936
68.73937,-1.0308
68.74945,-0.993
68.75952,-0.9709
68.76959,-1.0004
68.77967,-1.0205
68.78974,-1.0051
68.79973,-0.9797
68.80972,-0.9724
68.8197,-0.9986
68.82969,-1.0328
68.83968,-1.0642
68.84967,-1.0896
68.85966,-1.0753
68.86964,-1.0425
68.87963,-1.0208
68.88962,-0.9751
68.8996,-0.9282
68.90959,-0.8916
68.91957,-0.8622
68.9295,-0.8433
68.93942,-0.8035
68.94935,-0.7538
68.95927,-0.7147
68.9692,-0.6615
68.97913,-0.6293
68.98905,-0.5679
68.99898,-0.5239
69.0089,-0.4609
69.01883,-0.3619
69.02876,-0.1612
69.03868,0.0862
69.04864,0.2125
69.0586,0.2975
69.06856,0.4023
69.07852,0.3638
69.08848,0.2827
69.09844,0.3627
69.1084,0.4293
69.11836,0.5545
69.12832,0.693
69.13828,0.8702
69.14824,1.0355
69.1582,1.1871
69.1682,1.2667
69.17822,1.3565
69.18826,1.3458
69.19829,1.2817
69.20832,1.2005
69.21835,1.1442
69.22838,1.125
69.23841,1.1685
69.24844,1.2428
69.25848,1.3341
69.2685,1.4505
69.27853,1.5798
69.28857,1.6922
69.29858,1.8081
69.30858,1.9031
69.31858,1.9846
69.32858,2.0695
69.33858,2.1475
69.34858,2.2223
69.35857,2.2703
69.36858,2.3007
69.37858,2.3224
69.38857,2.3788
69.39857,2.4607
69.40858,2.4961
69.41861,2.4726
69.42868,2.4617
69.43875,2.4693
69.44882,2.5182
69.4589,2.5938
69.46897,2.7244
69.47904,2.8848
69.48911,3.0716
69.49918,3.1954
69.50925,3.2065
69.51933,3.2617
69.5294,3.2926
69.53947,3.2604
69.54948,3.1938
69.55948,3.1272
69.56948,3.0716
69.57948,3.019
69.58949,2.9483
69.59949,2.7959
69.60949,2.581
69.61949,2.2881
69.62949,1.9391
69.6395,1.5723
69.6495,1.2164
69.6595,0.8916
69.66949,0.6218
69.67946,0.3941
69.68942,0.1785
69.69939,-0.0085
69.70936,-0.1995
69.71932,-0.3774
69.72929,-0.5327
69.73926,-0.6488
69.74922,-0.7103
69.75919,-0.7199
69.76916,-0.6913
69.77913,-0.6664
69.78909,-0.6634
69.79913,-0.73
69.80915,-0.8287
69.81918,-0.9261
69.82919,-0.9828
69.83922,-1.0077
69.84924,-1.0108
69.85927,-0.9968
69.86929,-0.9993
69.87932,-1.0251
69.88934,-1.0274
69.89937,-1.1052
69.90939,-1.1357
69.91941,-1.2253
69.92941,-1.2817
69.93939,-1.3263
69.94939,-1.3368
69.95938,-1.3305
69.96937,-1.3466
69.97936,-1.3505
69.98936,-1.3815
69.99934,-1.3599
70.00934,-1.3461
70.01933,-1.2997
70.02932,-1.2254
70.03931,-1.1614
70.04928,-1.0951
70.05925,-1.0432
70.06921,-1.0011
70.07919,-0.9456
70.08915,-0.8846
70.09912,-0.8369
70.10909,-0.8084
70.11906,-0.83
70.12902,-0.889
70.13899,-0.9799
70.14896,-1.0556
70.15893,-1.0997
70.16892,-1.1619
70.17894,-1.2003
70.18896,-1.2386
70.19897,-1.2954
70.20898,-1.3898
70.219,-1.3967
70.22902,-1.4123
70.23903,-1.3788
70.24905,-1.39
70.25906,-1.4363
70.26908,-1.4481
70.27909,-1.4234
70.28911,-1.3795
70.29919,-1.3427
70.30926,-1.3188
70.31933,-1.3271
70.32941,-1.3553
70.33948,-1.3681
70.34956,-1.3532
70.35963,-1.3399
70.3697,-1.3651
70.37978,-1.3948
70.38985,-1.4472
70.39992,-1.4356
70.41,-1.3769
70.42002,-1.3554
70.42998,-1.3695
70.43993,-1.3155
70.44988,-1.3079
70.45984,-1.2233
70.46979,-0.9268
70.47974,-0.8584
70.4897,-0.8985
70.49965,-0.9416
70.50961,-0.9275
70.51956,-0.9284
70.52951,-0.9735
70.53947,-1.0097
70.54947,-1.0157
70.55944,-0.9696
70.56941,-0.9515
70.57938,-0.9082
70.58936,-0.904
70.59933,-0.8817
70.60931,-0.8809
70.61928,-0.9013
70.62925,-0.9116
70.63922,-0.9591
70.64919,-0.9325
70.65916,-0.9292
70.66919,-0.9061
70.67927,-0.9341
70.68934,-0.8637
70.69941,-0.9129
70.70949,-0.9298
70.71956,-0.9777
70.72964,-0.9856
70.73971,-0.9584
70.74978,-0.9528
70.75986,-0.9413
70.76993,-0.9605
70.78001,-0.9681
70.79008,-0.9471
70.80011,-0.9501
70.81011,-0.9584
70.82011,-0.9721
70.83012,-0.9931
70.84012,-0.9936
70.85012,-0.9924
70.86012,-0.9836
70.87012,-0.974
70.88013,-0.969
70.89013,-0.9107
70.90013,-0.9038
70.91013,-0.9505
70.92014,-0.945
70.93012,-0.9533
70.94012,-0.9841
70.95011,-0.9658
70.9601,-0.9639
70.97009,-0.9612
70.98009,-0.9483
70.99008,-0.9363
71.00007,-0.9476
71.01006,-0.9528
71.02006,-0.9723
71.03004,-0.9309
71.04004,-0.9492
71.05001,-0.9473
71.05997,-0.9597
71.06993,-0.9535
71.0799,-0.9638
71.08986,-0.9451
71.09982,-0.9243
71.10979,-0.9404
71.11975,-0.9497
71.12971,-0.9218
71.13968,-0.9633
71.14964,-0.9539
71.15961,-0.9506
71.1696,-0.9467
71.17963,-0.937
71.18967,-0.9369
71.19969,-0.937
71.20972,-0.9472
71.21975,-0.9421
71.22978,-0.9537
71.23981,-0.9651
71.24984,-0.9481
71.25986,-0.9586
71.2699,-0.9501
71.27992,-0.9483
71.28996,-0.9437
71.29994,-0.9224
71.30991,-0.9519
71.31989,-0.9626
71.32985,-0.9656
71.33982,-0.9649
71.34979,-0.9582
71.35976,-0.9575
71.36973,-0.9346
71.3797,-0.9525
71.38967,-0.9501
71.39964,-0.9421
71.40961,-0.9555
71.41962,-0.9615
71.42965,-0.9542
71.43967,-0.979
71.4497,-0.9663
71.45972,-0.952
71.46974,-0.9503
71.47977,-0.9551
71.48978,-0.9275
71.49981,-0.9073
71.50983,-0.9413
71.51986,-0.9478
71.52988,-0.9656
71.5399,-0.9783
71.5499,-0.9835
71.55989,-0.9859
71.56989,-0.9766
71.57987,-0.9562
71.58987,-0.948
71.59986,-0.9469
71.60986,-0.9451
71.61985,-0.9325
71.62984,-0.9583
71.63983,-0.9731
71.64983,-0.981
71.65982,-0.982
71.66987,-0.9628
71.67995,-0.9499
71.69005,-0.9476
71.70014,-0.9423
71.71024,-0.9338
71.72033,-0.9422
71.73042,-0.953
71.74051,-0.9592
71.7506,-0.9606
71.7607,-0.964
71.77078,-0.9663
71.78088,-0.9666
71.79097,-0.9469
71.80093,-0.9417
71.81089,-0.9243
71.82085,-0.9217
71.83081,-0.9411
71.84077,-0.9583
71.85072,-0.9724
71.86069,-0.9691
71.87064,-0.9549
71.8806,-0.9507
71.89056,-0.9409
71.90052,-0.9256
71.91048,-0.9183
71.92048,-0.9333
71.93048,-0.945
71.94048,-0.9452
71.95049,-0.9422
71.96048,-0.9356
71.97048,-0.9399
71.98048,-0.9324
71.99048,-0.9166
72.00048,-0.9171
72.01048,-0.9189
72.02048,-0.9311
72.03048,-0.9293
72.04048,-0.9351
72.05051,-0.9374
72.06053,-0.9326
72.07055,-0.9328
72.08057,-0.9306
72.0906,-0.9337
72.10062,-0.9226
72.11065,-0.9211
72.12067,-0.9254
72.1307,-0.9362
72.14072,-0.9361
72.15074,-0.9307
72.16077,-0.9429
72.17078,-0.953
72.18076,-0.9369
72.19076,-0.9237
72.20074,-0.919
72.21073,-0.9148
72.22073,-0.9202
72.23071,-0.9316
72.2407,-0.9421
72.25069,-0.9424
72.26068,-0.9273
72.27067,-0.9227
72.28066,-0.9163
72.29065,-0.9164
72.30061,-0.9161
72.31058,-0.9268
72.32054,-0.9103
72.33051,-0.9025
72.34047,-0.9181
72.35043,-0.9239
72.3604,-0.9271
72.37035,-0.9332
72.38032,-0.9368
72.39028,-0.923
72.40025,-0.9102
72.41021,-0.9076
72.42021,-0.9056
72.43023,-0.8974
72.44025,-0.904
72.45027,-0.9279
72.46029,-0.9433
72.47031,-0.9426
72.48032,-0.9526
72.49035,-0.9399
72.50037,-0.9247
72.51038,-0.9167
72.5204,-0.9148
72.53043,-0.9133
72.54044,-0.9188
72.55042,-0.9321
72.56041,-0.9355
72.5704,-0.9236
72.58038,-0.9257
72.59036,-0.9188
72.60035,-0.923
72.61034,-0.9101
72.62032,-0.8981
72.6303,-0.903
72.64029,-0.9172
72.65028,-0.9323
72.66026,-0.9426
72.67027,-0.9444
72.6803,-0.9406
72.69032,-0.9358
72.70035,-0.9287
72.71038,-0.9276
72.72041,-0.923
72.73043,-0.9129
72.74046,-0.9148
72.75048,-0.9222
72.76051,-0.9478
72.77054,-0.9511
72.78056,-0.9568
72.79059,-0.9451
72.80058,-0.925
72.81056,-0.922
72.82053,-0.9177
72.83051,-0.9149
72.84048,-0.9162
72.85046,-0.9274
72.86044,-0.9352
72.87041,-0.9386
72.88039,-0.9427
72.89037,-0.9353
72.90034,-0.9346
72.91032,-0.9299
72.92039,-0.9235
72.93055,-0.9292
72.94071,-0.9178
72.95087,-0.9097
72.96103,-0.922
72.97119,-0.9256
72.98135,-0.9228
72.99152,-0.938
73.00168,-0.945
73.01184,-0.9326
73.022,-0.9187
73.03216,-0.9189
73.04232,-0.9184
73.05231,-0.9096
73.06229,-0.9207
73.07227,-0.9278
73.08224,-0.9336
73.09222,-0.9303
73.1022,-0.9182
73.11218,-0.9269
73.12216,-0.9276
73.13214,-0.9216
73.14212,-0.915
73.1521,-0.9098
73.16208,-0.9046
73.17203,-0.9188
73.18193,-0.9203
73.19184,-0.9349
73.20175,-0.9354
73.21165,-0.93
73.22157,-0.9262
73.23148,-0.9096
73.24139,-0.9017
73.25129,-0.8914
73.2612,-0.9009
73.27111,-0.9084
73.28101,-0.9259
73.29092,-0.9313
73.30092,-0.9218
73.31092,-0.9032
73.32092,-0.9096
73.33092,-0.9187
73.34091,-0.9107
73.35091,-0.9018
73.36091,-0.908
73.37091,-0.9188
73.38091,-0.9152
73.39091,-0.9028
73.4009,-0.9164
73.4109,-0.9061
73.42092,-0.8965
73.43095,-0.9081
73.44098,-0.9141
73.451,-0.9118
73.46104,-0.9005
73.47106,-0.9235
73.48109,-0.9275
73.49111,-0.9153
73.50114,-0.9053
73.51117,-0.921
73.52119,-0.9123
73.53123,-0.8944
73.54125,-0.903
73.55123,-0.9224
73.5612,-0.9284
73.57117,-0.9124
73.58114,-0.9132
73.59111,-0.9249
73.60108,-0.9252
73.61105,-0.9093
73.62103,-0.8968
73.631,-0.9097
73.64097,-0.8984
73.65094,-0.8932
73.66091,-0.9035
73.67091,-0.9191
73.68092,-0.9257
73.69094,-0.9238
73.70096,-0.9072
73.71098,-0.9062
73.72099,-0.8995
73.73101,-0.8806
73.74103,-0.8793
73.75105,-0.9109
73.76106,-0.9362
73.77108,-0.9244
73.7811,-0.9104
73.79111,-0.9191
73.80108,-0.9226
73.81104,-0.9054
73.82101,-0.9044
73.83097,-0.916
73.84093,-0.9081
73.8509,-0.8927
73.86086,-0.9063
73.87082,-0.927
73.88078,-0.9305
73.89075,-0.9164
73.90071,-0.8966
73.91068,-0.9089
73.92068,-0.908
73.93071,-0.8907
73.94074,-0.8829
73.95078,-0.9056
73.96082,-0.8958
73.97085,-0.8814
73.98088,-0.8959
73.99091,-0.9068
74.00095,-0.9
74.01098,-0.9043
74.02102,-0.9148
74.03105,-0.8934
74.04108,-0.8973
74.05118,-0.9019
74.06126,-0.9259
74.07133,-0.9237
74.08141,-0.9096
74.0915,-0.9101
74.10158,-0.9136
74.11166,-0.9105
74.12173,-0.8979
74.13182,-0.9088
74.1419,-0.9127
74.15198,-0.8929
74.16206,-0.8836
74.1721,-0.8855
74.18209,-0.8875
74.19209,-0.8853
74.20208,-0.8951
74.21207,-0.9147
74.22207,-0.9179
74.23206,-0.9095
74.24206,-0.9094
74.25205,-0.9024
74.26205,-0.9108
74.27204,-0.922
74.28204,-0.9115
74.29203,-0.8925
74.302,-0.897
74.31197,-0.898
74.32193,-0.8962
74.3319,-0.9163
74.34187,-0.9339
74.35183,-0.9288
74.3618,-0.9298
74.37177,-0.9172
74.38174,-0.9057
74.3917,-0.8979
74.40166,-0.8925
74.41164,-0.9078
74.42164,-0.9237
74.43167,-0.9318
74.4417,-0.9177
74.45172,-0.9174
74.46175,-0.9237
74.47177,-0.9203
74.4818,-0.9179
74.49183,-0.8989
74.50185,-0.8963
74.51188,-0.9037
74.52191,-0.9104
74.53194,-0.9071
74.54196,-0.9055
74.55195,-0.9304
74.56194,-0.9342
74.57193,-0.9186
74.58192,-0.9095
74.59192,-0.9144
74.60191,-0.9023
74.6119,-0.9152
74.62189,-0.9209
74.63188,-0.9203
74.64188,-0.9209
74.65187,-0.9194
74.66186,-0.9155
74.67188,-0.9212
74.68188,-0.9162
74.69188,-0.905
74.70188,-0.8904
74.71188,-0.8919
74.72189,-0.9164
74.73189,-0.9162
74.74189,-0.9076
74.75188,-0.9021
74.76189,-0.9085
74.77189,-0.9213
74.78189,-0.9167
74.79189,-0.905
74.80189,-0.9037
74.81188,-0.9038
74.82188,-0.8816
74.83187,-0.8897
74.84187,-0.9102
74.85186,-0.919
74.86185,-0.9103
74.87185,-0.9089
74.88184,-0.9101
74.89184,-0.9022
74.90183,-0.8949
74.91183,-0.8857
74.92183,-0.8777
74.93182,-0.8887
74.94183,-0.895
74.95182,-0.8985
74.96181,-0.9088
74.97181,-0.918
74.98181,-0.8985
74.99181,-0.8779
75.0018,-0.8916
75.0118,-0.897
75.0218,-0.8914
75.03179,-0.8905
75.04179,-0.9025
75.05178,-0.9078
75.06178,-0.8848
75.07178,-0.8897
75.08178,-0.8924
75.09178,-0.893
75.10178,-0.8915
75.11178,-0.8923
75.12178,-0.8849
75.13178,-0.8783
75.14178,-0.8829
75.15178,-0.8793
75.16178,-0.8873
75.17182,-0.8932
75.1819,-0.9121
75.19197,-0.8999
75.20205,-0.8995
75.21213,-0.8856
75.22221,-0.8877
75.23228,-0.8753
75.24236,-0.8701
75.25243,-0.8765
75.26251,-0.8907
75.27258,-0.8924
75.28266,-0.8914
75.29274,-0.9
75.30274,-0.8928
75.31274,-0.8808
75.32275,-0.8951
75.33275,-0.9076
75.34275,-0.9005
75.35275,-0.9041
75.36275,-0.902
75.37276,-0.8929
75.38276,-0.8805
75.39276,-0.8823
75.40276,-0.8946
75.41277,-0.8989
75.42279,-0.9039
75.43278,-0.9121
75.44277,-0.909
75.45276,-0.8917
75.46275,-0.886
75.47274,-0.8887
75.48273,-0.8751
75.49271,-0.8847
75.50271,-0.9076
75.5127,-0.9162
75.52268,-0.8872
75.53268,-0.8875
75.54266,-0.8997
75.55264,-0.888
75.56261,-0.8678
75.57259,-0.8729
75.58257,-0.8766
75.59254,-0.8879
75.60252,-0.894
75.6125,-0.8835
75.62247,-0.9
75.63245,-0.8926
75.64243,-0.8968
75.6524,-0.8947
75.66238,-0.9007
75.67239,-0.8978
75.68243,-0.8836
75.69247,-0.8839
75.70251,-0.8863
75.71255,-0.8888
75.72259,-0.8709
75.73263,-0.8866
75.74267,-0.9
75.75271,-0.9142
75.76275,-0.8992
75.77279,-0.8859
75.78283,-0.876
75.79287,-0.8696
75.80286,-0.8662
75.81285,-0.8681
75.82285,-0.8839
75.83283,-0.8949
75.84282,-0.8997
75.85281,-0.89
75.86279,-0.8863
75.87278,-0.8797
75.88277,-0.8761
75.89275,-0.8627
75.90274,-0.8764
75.91273,-0.8773
75.92274,-0.9061
75.93275,-0.8915
75.94278,-0.8834
75.9528,-0.882
75.96281,-0.8707
75.97284,-0.8528
75.98286,-0.8707
75.99287,-0.893
76.0029,-0.8883
76.01292,-0.8862
76.02293,-0.9006
76.03296,-0.8985
76.04298,-0.8831
76.05295,-0.8708
76.0629,-0.8811
76.07287,-0.8854
76.08283,-0.8779
76.0928,-0.8696
76.10275,-0.891
76.11272,-0.9136
76.12268,-0.891
76.13264,-0.8724
76.14261,-0.8813
76.15257,-0.8995
76.16253,-0.8987
76.17254,-0.8756
76.1826,-0.8713
76.19267,-0.9008
76.20273,-0.8913
76.21279,-0.8905
76.22285,-0.8972
76.23292,-0.893
76.24298,-0.8814
76.25304,-0.8745
76.2631,-0.8845
76.27316,-0.8847
76.28323,-0.8844
76.29329,-0.8791
76.30334,-0.882
76.31339,-0.8735
76.32343,-0.8641
76.33348,-0.8662
76.34353,-0.8847
76.35357,-0.8831
76.36362,-0.8799
76.37366,-0.8722
76.38371,-0.8726
76.39375,-0.8754
76.4038,-0.8815
76.41385,-0.8835
76.42385,-0.8702
76.43383,-0.8698
76.4438,-0.8767
76.45378,-0.8811
76.46375,-0.8892
76.47373,-0.8778
76.4837,-0.8622
76.49368,-0.8651
76.50365,-0.8782
76.51363,-0.8912
76.52361,-0.8787
76.53358,-0.8769
76.54356,-0.8863
76.5536,-0.8823
76.56362,-0.8678
76.57365,-0.8808
76.58367,-0.8826
76.5937,-0.8908
76.60372,-0.8867
76.61375,-0.8708
76.62377,-0.8752
76.6338,-0.8806
76.64383,-0.8806
76.65385,-0.8703
76.66388,-0.8841
76.67387,-0.8848
76.68382,-0.8784
76.69376,-0.8686
76.7037,-0.863
76.71365,-0.8791
76.7236,-0.8944
76.73355,-0.9075
76.7435,-0.8994
76.75345,-0.8915
76.76339,-0.8928
76.77334,-0.8837
76.78329,-0.8684
76.79324,-0.8691
76.80323,-0.8755
76.81323,-0.8803
76.82323,-0.8759
76.83323,-0.8892
76.84323,-0.894
76.85323,-0.8855
76.86323,-0.8753
76.87322,-0.8656
76.88322,-0.8756
76.89323,-0.8813
76.90322,-0.8766
76.91322,-0.8677
76.92324,-0.8798
76.93327,-0.8905
76.94328,-0.8806
76.95331,-0.873
76.96333,-0.8743
76.97335,-0.8665
76.98338,-0.8691
76.9934,-0.878
77.00342,-0.8784
77.01344,-0.8852
77.02347,-0.8881
77.03349,-0.8829
77.04351,-0.8716
77.05354,-0.8707
77.06355,-0.8733
77.07358,-0.8721
77.0836,-0.8841
77.09362,-0.8968
77.10364,-0.8903
77.11366,-0.8753
77.12368,-0.8707
77.1337,-0.8867
77.14372,-0.8761
77.15374,-0.8778
77.16376,-0.8778
77.17377,-0.8835
77.1838,-0.8761
77.19382,-0.8822
77.20384,-0.8806
77.21387,-0.8823
77.22389,-0.8827
77.23392,-0.8789
77.24393,-0.8739
77.25396,-0.8707
77.26398,-0.8716
77.27401,-0.8791
77.28403,-0.8766
77.29405,-0.8678
77.30399,-0.8747
77.31391,-0.8916
77.32384,-0.8924
77.33377,-0.8738
77.3437,-0.8797
77.35362,-0.8795
77.36355,-0.8731
77.37348,-0.8617
77.38341,-0.8633
77.39333,-0.8693
77.40326,-0.8758
77.41319,-0.8834
77.42318,-0.895
77.43322,-0.8991
77.44326,-0.8842
77.4533,-0.8655
77.46334,-0.8641
77.47338,-0.8559
77.48342,-0.8695
77.49346,-0.8905
77.5035,-0.8952
77.51354,-0.8827
77.52358,-0.873
77.53362,-0.887
77.54366,-0.8837
77.55376,-0.8623
77.56387,-0.8669
77.57398,-0.8717
77.58409,-0.8721
77.5942,-0.8894
77.60431,-0.8936
77.61442,-0.8944
77.62453,-0.8749
77.63464,-0.8871
77.64474,-0.8784
77.65485,-0.8717
77.66496,-0.8644
77.67502,-0.8535
77.68501,-0.8659
77.695,-0.8661
77.70499,-0.8668
77.71497,-0.8893
77.72496,-0.8852
77.73495,-0.883
77.74494,-0.875
77.75493,-0.878
77.76492,-0.8501
77.77491,-0.8545
77.7849,-0.8794
77.79488,-0.8871
77.80482,-0.8768
77.81477,-0.8924
77.8247,-0.8918
77.83464,-0.8882
77.84457,-0.8806
77.85452,-0.8672
77.86445,-0.8675
77.87439,-0.859
77.88432,-0.8526
77.89426,-0.8626
77.9042,-0.8748
77.91414,-0.8814
77.92412,-0.8773
77.93415,-0.8778
77.94418,-0.8747
77.95421,-0.8722
77.96423,-0.864
77.97427,-0.8526
77.98429,-0.8518
77.99432,-0.8735
78.00435,-0.8797
78.01438,-0.8845
78.02441,-0.89
78.03444,-0.8846
78.04446,-0.8672
78.05438,-0.8617
78.0643,-0.8733
78.07422,-0.8885
78.08414,-0.8673
78.09406,-0.8669
78.10398,-0.8679
78.1139,-0.8657
78.12383,-0.8597
78.13374,-0.865
78.14366,-0.8729
78.15359,-0.8815
78.16351,-0.8755
78.17352,-0.8789
78.18362,-0.873
78.19371,-0.8741
78.2038,-0.8722
78.2139,-0.8818
78.224,-0.8758
78.23409,-0.8725
78.24419,-0.8721
78.25428,-0.8667
78.26437,-0.8713
78.27448,-0.8769
78.28457,-0.8999
78.29466,-0.8873
78.30457,-0.8803
78.31448,-0.8824
78.32439,-0.8806
78.3343,-0.8626
78.34422,-0.8522
78.35412,-0.8532
78.36403,-0.8622
78.37394,-0.879
78.38385,-0.8828
78.39376,-0.8901
78.40367,-0.8906
78.41358,-0.8838
78.42354,-0.8857
78.43355,-0.8674
78.44357,-0.8538
78.45358,-0.8478
78.46358,-0.8613
78.47359,-0.8649
78.48361,-0.8763
78.49362,-0.8837
78.50363,-0.8876
78.51364,-0.8822
78.52366,-0.8635
78.53367,-0.8727
78.54368,-0.8759
78.55376,-0.8575
78.56384,-0.8561
78.57392,-0.8783
78.58401,-0.8852
78.59409,-0.885
78.60416,-0.889
78.61424,-0.8841
78.62432,-0.87
78.6344,-0.86
78.64448,-0.8555
78.65456,-0.8514
78.66463,-0.8628
78.67468,-0.8728
78.68468,-0.8947
78.69467,-0.8837
78.70466,-0.8744
78.71465,-0.8621
78.72465,-0.8638
78.73464,-0.8556
78.74464,-0.8452
78.75463,-0.8446
78.76462,-0.8612
78.77461,-0.8788
78.78461,-0.8809
78.7946,-0.8821
78.8046,-0.882
78.81458,-0.8743
78.82457,-0.8572
78.83456,-0.8458
78.84455,-0.8383
78.85454,-0.8341
78.86453,-0.8533
78.87452,-0.861
78.88451,-0.8567
78.8945,-0.8614
78.90449,-0.8638
78.91447,-0.8687
78.92448,-0.8687
78.93448,-0.8705
78.94449,-0.8685
78.95449,-0.8664
78.96449,-0.8605
78.9745,-0.8413
78.9845,-0.8408
78.99451,-0.8455
79.00452,-0.8666
79.01452,-0.8733
79.02452,-0.8825
79.03453,-0.8797
79.04453,-0.8771
79.0545,-0.8625
79.06447,-0.8598
79.07444,-0.8545
79.08441,-0.8626
79.09438,-0.863
79.10435,-0.8608
79.11432,-0.859
79.12428,-0.8671
79.13425,-0.861
79.14422,-0.8574
79.15419,-0.8548
79.16416,-0.8697
79.17419,-0.8701
79.18427,-0.8696
79.19434,-0.8701
79.20441,-0.8608
79.21449,-0.8569
79.22457,-0.8439
79.23464,-0.8511
79.24472,-0.8502
79.2548,-0.8403
79.26488,-0.8526
79.27495,-0.8701
79.28503,-0.8723
79.2951,-0.8628
79.30508,-0.8608
79.31505,-0.8617
79.325,-0.8561
79.33497,-0.853
79.34493,-0.863
79.3549,-0.866
79.36486,-0.8507
79.37482,-0.8566
79.38479,-0.8662
79.39474,-0.8637
79.40471,-0.849
79.41467,-0.8538
79.42464,-0.857
79.43459,-0.8716
79.44453,-0.8542
79.45448,-0.8568
79.46443,-0.8576
79.47437,-0.861
79.48432,-0.8643
79.49427,-0.8568
79.50422,-0.8644
79.51417,-0.8638
79.52411,-0.8568
79.53406,-0.8615
79.54401,-0.8617
79.55404,-0.8589
79.56406,-0.855
79.5741,-0.8573
79.58412,-0.8542
79.59415,-0.8544
79.60418,-0.8594
79.6142,-0.8558
79.62424,-0.8527
79.63426,-0.8528
79.64429,-0.8458
79.65432,-0.8636
79.66435,-0.866
79.6744,-0.863
79.68448,-0.8481
79.69455,-0.8597
79.70463,-0.8614
79.7147,-0.8418
79.72477,-0.831
79.73485,-0.8462
79.74492,-0.8682
79.75499,-0.8676
79.76507,-0.8595
79.77514,-0.8551
79.78522,-0.8575
79.79529,-0.8567
79.8053,-0.8461
79.8153,-0.8448
79.82529,-0.8432
79.8353,-0.8353
79.8453,-0.8564
79.8553,-0.8592
79.8653,-0.8694
79.8753,-0.8623
79.8853,-0.8612
79.8953,-0.8415
79.9053,-0.8383
79.91531,-0.8307
79.9253,-0.8353
79.9353,-0.8539
79.94529,-0.8626
79.95528,-0.8703
79.96528,-0.8688
79.97527,-0.8619
79.98527,-0.8479
79.99526,-0.8504
80.00526,-0.8379
80.01525,-0.8449
80.02525,-0.8538
80.03524,-0.8578
80.04523,-0.8599
80.05522,-0.857
80.0652,-0.854
80.07518,-0.8685
80.08516,-0.8621
80.09514,-0.8499
80.10512,-0.8299
80.1151,-0.8323
80.12508,-0.8404
80.13506,-0.8289
80.14503,-0.8404
80.15501,-0.8574
80.16499,-0.8659
80.17498,-0.8557
80.18499,-0.859
80.19499,-0.8506
80.20499,-0.8486
80.215,-0.8526
80.22501,-0.8519
80.23502,-0.8494
80.24502,-0.8508
80.25502,-0.8533
80.26503,-0.8529
80.27503,-0.8564
80.28504,-0.8574
80.29504,-0.8562
80.30503,-0.8487
80.31501,-0.847
80.32499,-0.8457
80.33497,-0.8422
80.34495,-0.8445
80.35493,-0.8528
80.36491,-0.8631
80.37489,-0.8646
80.38486,-0.8504
80.39484,-0.8554
80.40482,-0.8436
80.41479,-0.8384
