time_s,measured_value
0.00997,-5.5785
0.01994,-5.5766
0.0299,-5.5662
0.03987,-5.5691
0.04984,-5.5826
0.05981,-5.5815
0.06977,-5.5792
0.07974,-5.5542
0.08971,-5.5645
0.09968,-5.5742
0.10965,-5.5862
0.11961,-5.5651
0.12957,-5.5494
0.1395,-5.5627
0.14943,-5.5783
0.15936,-5.5763
0.16929,-5.5596
0.17922,-5.5657
0.18915,-5.5917
0.19908,-5.5932
0.20901,-5.5613
0.21894,-5.5565
0.22888,-5.5578
0.23881,-5.5779
0.24874,-5.5806
0.25875,-5.5599
0.26876,-5.5524
0.27878,-5.5728
0.28879,-5.5817
0.2988,-5.5666
0.30881,-5.5653
0.31882,-5.563
0.32884,-5.5772
0.33885,-5.5822
0.34886,-5.5709
0.35887,-5.5655
0.36888,-5.5668
0.37888,-5.584
0.38884,-5.5746
0.39879,-5.5632
0.40874,-5.5685
0.4187,-5.578
0.42865,-5.5738
0.4386,-5.5669
0.44856,-5.5573
0.45851,-5.5733
0.46846,-5.5793
0.47842,-5.5767
0.48837,-5.5652
0.49832,-5.5518
0.50835,-5.568
0.51837,-5.5752
0.52839,-5.5663
0.53842,-5.5422
0.54844,-5.5613
0.55847,-5.5845
0.56849,-5.5784
0.57851,-5.5657
0.58854,-5.5547
0.59856,-5.5604
0.60858,-5.5755
0.61861,-5.5652
0.62866,-5.5505
0.63875,-5.5613
0.64883,-5.589
0.65892,-5.593
0.669,-5.5802
0.67909,-5.5643
0.68918,-5.5589
0.69926,-5.5645
0.70935,-5.5721
0.71943,-5.553
0.72952,-5.5467
0.7396,-5.5661
0.74969,-5.5822
0.75971,-5.5771
0.76971,-5.5643
0.77971,-5.5632
0.78971,-5.5749
0.79971,-5.5741
0.80971,-5.5606
0.81971,-5.5481
0.82971,-5.5528
0.83971,-5.5666
0.84971,-5.5731
0.85972,-5.5543
0.86972,-5.5461
0.8797,-5.5629
0.88965,-5.5723
0.8996,-5.5769
0.90956,-5.5591
0.91951,-5.5627
0.92947,-5.5771
0.93942,-5.5717
0.94937,-5.5548
0.95933,-5.5481
0.96928,-5.5649
0.97924,-5.5626
0.98919,-5.5611
0.99914,-5.5536
1.00919,-5.5646
1.01923,-5.5841
1.02928,-5.5765
1.03932,-5.563
1.04936,-5.5624
1.05941,-5.5729
1.06945,-5.5795
1.07949,-5.5717
1.08953,-5.5559
1.09958,-5.5514
1.10962,-5.5705
1.11966,-5.5712
1.12966,-5.5619
1.13962,-5.5541
1.14957,-5.5627
1.15952,-5.5726
1.16948,-5.5721
1.17943,-5.5538
1.18938,-5.5446
1.19934,-5.5689
1.20929,-5.5841
1.21924,-5.5707
1.2292,-5.5451
1.23915,-5.5516
1.2491,-5.5757
1.25921,-5.5854
1.26931,-5.5604
1.27941,-5.5482
1.28951,-5.5654
1.29961,-5.5804
1.30971,-5.5757
1.31981,-5.5529
1.32991,-5.5583
1.34001,-5.5719
1.35011,-5.5734
1.36021,-5.5657
1.37031,-5.5584
1.38034,-5.5645
1.39029,-5.5797
1.40024,-5.5744
1.4102,-5.5635
1.42015,-5.564
1.43011,-5.5673
1.44006,-5.5827
1.45002,-5.5687
1.45997,-5.5565
1.46992,-5.5597
1.47988,-5.5772
1.48983,-5.5755
1.49979,-5.5619
1.50975,-5.5496
1.51972,-5.5646
1.52968,-5.5776
1.53965,-5.5651
1.54961,-5.5557
1.55957,-5.5557
1.56954,-5.5729
1.5795,-5.5796
1.58947,-5.5742
1.59943,-5.5552
1.6094,-5.5678
1.61936,-5.5737
1.62936,-5.579
1.63935,-5.56
1.64935,-5.5479
1.65935,-5.5647
1.66934,-5.5771
1.67934,-5.5779
1.68934,-5.5547
1.69933,-5.561
1.70933,-5.5753
1.71933,-5.5824
1.72932,-5.5737
1.73932,-5.5588
1.74932,-5.5663
1.75941,-5.582
1.7695,-5.5763
1.77958,-5.5598
1.78967,-5.5535
1.79975,-5.5651
1.80984,-5.5728
1.81993,-5.5666
1.83001,-5.5521
1.8401,-5.5628
1.85019,-5.5745
1.86027,-5.584
1.87036,-5.5711
1.8804,-5.5593
1.89039,-5.5722
1.90038,-5.574
1.91037,-5.5626
1.92036,-5.5514
1.93035,-5.5543
1.94034,-5.5704
1.95033,-5.5711
1.96032,-5.5555
1.97031,-5.553
1.9803,-5.568
1.99029,-5.5789
2.00027,-5.5725
2.01028,-5.5596
2.02028,-5.5607
2.03028,-5.5774
2.04028,-5.5834
2.05028,-5.5565
2.06028,-5.553
2.07027,-5.5563
2.08027,-5.5737
2.09027,-5.5816
2.10027,-5.5661
2.11027,-5.5555
2.12027,-5.5842
2.13027,-5.5947
2.14027,-5.5839
2.15027,-5.5666
2.16027,-5.5543
2.17026,-5.573
2.18026,-5.5825
2.19026,-5.5508
2.20026,-5.5469
2.21025,-5.5544
2.22025,-5.5763
2.23025,-5.5753
2.24025,-5.5585
2.25024,-5.55
2.26024,-5.5639
2.27023,-5.5782
2.28022,-5.5777
2.29021,-5.5569
2.3002,-5.5565
2.31019,-5.5678
2.32018,-5.579
2.33017,-5.5595
2.34016,-5.5517
2.35015,-5.5616
2.36014,-5.5798
2.37013,-5.5801
2.38013,-5.5619
2.39013,-5.5619
2.40013,-5.568
2.41013,-5.5724
2.42012,-5.5646
2.43012,-5.5511
2.44012,-5.5505
2.45012,-5.5733
2.46012,-5.5792
2.47011,-5.5613
2.48011,-5.5619
2.49011,-5.5695
2.50011,-5.577
2.51011,-5.5673
2.52011,-5.5562
2.53011,-5.5496
2.54012,-5.5806
2.55012,-5.5765
2.56012,-5.5606
2.57012,-5.5501
2.58012,-5.5732
2.59012,-5.5804
2.60013,-5.5792
2.61013,-5.558
2.62013,-5.5534
2.63013,-5.5754
2.64012,-5.5857
2.65011,-5.5616
2.6601,-5.5436
2.67009,-5.5552
2.68008,-5.5622
2.69006,-5.5743
2.70005,-5.557
2.71004,-5.5537
2.72003,-5.5601
2.73002,-5.5762
2.74001,-5.5796
2.75,-5.5648
2.76,-5.5623
2.77,-5.5743
2.78,-5.5705
2.79,-5.5639
2.8,-5.552
2.81,-5.5575
2.82,-5.5713
2.83,-5.5641
2.84,-5.5625
2.85,-5.5575
2.86,-5.5736
2.87,-5.576
2.88002,-5.5659
2.89006,-5.5616
2.90011,-5.5575
2.91015,-5.562
2.92019,-5.5649
2.93023,-5.552
2.94027,-5.5497
2.95031,-5.5686
2.96036,-5.5765
2.9704,-5.5737
2.98044,-5.5496
2.99048,-5.5558
3.00052,-5.5809
3.01052,-5.5739
3.02051,-5.5568
3.0305,-5.5439
3.04049,-5.5583
3.05048,-5.5738
3.06047,-5.5666
3.07046,-5.5433
3.08045,-5.548
3.09045,-5.5713
3.10044,-5.5791
3.11043,-5.5646
3.12042,-5.5528
3.13042,-5.5576
3.14042,-5.5791
3.15042,-5.5756
3.16042,-5.5577
3.17042,-5.5432
3.18042,-5.5533
3.19042,-5.5705
3.20042,-5.5732
3.21042,-5.5504
3.22042,-5.5474
3.23042,-5.5741
3.24042,-5.5854
3.25042,-5.5647
3.26046,-5.561
3.27049,-5.5549
3.28052,-5.5614
3.29056,-5.578
3.30059,-5.5516
3.31062,-5.5517
3.32065,-5.5628
3.33068,-5.5797
3.34071,-5.5685
3.35075,-5.5523
3.36078,-5.5591
3.37081,-5.5723
3.38081,-5.5705
3.39077,-5.5583
3.40073,-5.547
3.41069,-5.5604
3.42065,-5.5712
3.43061,-5.5699
3.44057,-5.5553
3.45054,-5.5503
3.4605,-5.5707
3.47046,-5.5699
3.48042,-5.5585
3.49038,-5.5529
3.50034,-5.5519
3.51035,-5.5758
3.52037,-5.5693
3.53039,-5.5626
3.5404,-5.5575
3.55042,-5.5625
3.56044,-5.5772
3.57045,-5.5642
3.58047,-5.5421
3.59049,-5.5621
3.6005,-5.5708
3.61052,-5.5659
3.62054,-5.5568
3.63055,-5.5582
3.64056,-5.5737
3.65057,-5.5811
3.66058,-5.5692
3.67059,-5.5508
3.68059,-5.5546
3.6906,-5.5688
3.70061,-5.5712
3.71062,-5.5571
3.72063,-5.5466
3.73063,-5.5591
3.74064,-5.568
3.75065,-5.5733
3.76066,-5.5595
3.77066,-5.5535
3.78066,-5.5609
3.79067,-5.5749
3.80067,-5.5679
3.81067,-5.557
3.82068,-5.5547
3.83068,-5.5695
3.84068,-5.5734
3.85069,-5.5517
3.86069,-5.5382
3.87069,-5.5657
3.8807,-5.5716
3.89069,-5.5643
3.90069,-5.5533
3.91068,-5.5511
3.92068,-5.5622
3.93067,-5.5667
3.94067,-5.5594
3.95066,-5.547
3.96066,-5.5526
3.97066,-5.5729
3.98065,-5.5702
3.99065,-5.5529
4.00064,-5.5526
4.01072,-5.5626
4.0208,-5.569
4.03087,-5.5604
4.04095,-5.5459
4.05103,-5.5448
4.0611,-5.5653
4.07118,-5.5753
4.08126,-5.5518
4.09133,-5.5461
4.10141,-5.5585
4.11149,-5.573
4.12156,-5.566
4.1316,-5.5488
4.14159,-5.5406
4.15158,-5.5592
4.16157,-5.5757
4.17156,-5.5595
4.18155,-5.5437
4.19154,-5.5575
4.20153,-5.5733
4.21152,-5.5729
4.22151,-5.5574
4.2315,-5.5405
4.24149,-5.5618
4.25148,-5.5683
4.26151,-5.5578
4.27154,-5.5507
4.28156,-5.555
4.29159,-5.5646
4.30161,-5.5634
4.31164,-5.5578
4.32166,-5.5443
4.33169,-5.5463
4.34171,-5.5607
4.35174,-5.5713
4.36176,-5.5585
4.37178,-5.5597
4.38181,-5.5692
4.39183,-5.5726
4.40184,-5.5537
4.41186,-5.5526
4.42188,-5.5562
4.43189,-5.5655
4.44191,-5.5706
4.45193,-5.5495
4.46195,-5.5482
4.47196,-5.5669
4.48198,-5.5646
4.492,-5.5629
4.50201,-5.5449
4.51198,-5.552
4.52194,-5.5682
4.53189,-5.5705
4.54184,-5.5546
4.55179,-5.546
4.56174,-5.5649
4.5717,-5.5694
4.58165,-5.5645
4.5916,-5.5447
4.60155,-5.5461
4.6115,-5.5599
4.62146,-5.5725
4.63145,-5.5603
4.64145,-5.5386
4.65144,-5.5471
4.66144,-5.5692
4.67144,-5.5668
4.68144,-5.5502
4.69143,-5.5401
4.70143,-5.5528
4.71143,-5.5658
4.72143,-5.5591
4.73142,-5.5548
4.74142,-5.5477
4.75142,-5.5666
4.76139,-5.5765
4.77136,-5.5662
4.78133,-5.5547
4.7913,-5.5597
4.80128,-5.5685
4.81125,-5.5625
4.82122,-5.5504
4.83119,-5.5381
4.84116,-5.5656
4.85113,-5.5708
4.8611,-5.561
4.87107,-5.55
4.88106,-5.5579
4.89106,-5.5768
4.90106,-5.5674
4.91106,-5.547
4.92106,-5.5349
4.93105,-5.5589
4.94105,-5.5701
4.95105,-5.5548
4.96105,-5.5416
4.97105,-5.5493
4.98105,-5.5617
4.99105,-5.573
5.00104,-5.557
5.01124,-5.5385
5.02141,-5.5523
5.03158,-5.5715
5.04176,-5.5704
5.05193,-5.5474
5.0621,-5.5439
5.07228,-5.5667
5.08245,-5.5676
5.09262,-5.5501
5.1028,-5.5422
5.11297,-5.5466
5.12314,-5.5702
5.13321,-5.5809
5.14316,-5.5657
5.15311,-5.5464
5.16306,-5.5694
5.17301,-5.5758
5.18296,-5.5696
5.19291,-5.5502
5.20286,-5.5443
5.21281,-5.5589
5.22276,-5.5748
5.23272,-5.5666
5.24267,-5.5555
5.25262,-5.5616
5.26259,-5.5726
5.27257,-5.5569
5.28254,-5.5489
5.29251,-5.5381
5.30249,-5.5598
5.31246,-5.5669
5.32243,-5.562
5.3324,-5.5573
5.34238,-5.5598
5.35235,-5.5681
5.36232,-5.5679
5.3723,-5.5476
5.3823,-5.5432
5.39233,-5.5534
5.40236,-5.5569
5.41239,-5.5602
5.42242,-5.5569
5.43245,-5.5509
5.44248,-5.5741
5.4525,-5.5635
5.46253,-5.5528
5.47256,-5.5431
5.48259,-5.5555
5.49262,-5.5602
5.50265,-5.5671
5.51269,-5.5509
5.52272,-5.5588
5.53276,-5.5714
5.54279,-5.5675
5.55283,-5.5623
5.56286,-5.5452
5.57289,-5.5518
5.58293,-5.5764
5.59296,-5.5727
5.603,-5.54
5.61303,-5.555
5.62307,-5.5629
5.63303,-5.5724
5.64292,-5.5672
5.6528,-5.5475
5.66269,-5.5457
5.67257,-5.5654
5.68246,-5.5674
5.69235,-5.5527
5.70223,-5.5434
5.71212,-5.5499
5.722,-5.5629
5.73189,-5.5682
5.74178,-5.5504
5.75166,-5.541
5.76166,-5.562
5.77165,-5.5682
5.78165,-5.5661
5.79164,-5.5453
5.80164,-5.5535
5.81163,-5.5692
5.82163,-5.5693
5.83163,-5.5555
5.84162,-5.5468
5.85162,-5.5487
5.86161,-5.5686
5.87161,-5.5621
5.88163,-5.5498
5.89167,-5.5547
5.9017,-5.5724
5.91174,-5.5653
5.92178,-5.5636
5.93182,-5.5551
5.94186,-5.5519
5.95189,-5.5673
5.96193,-5.5603
5.97197,-5.546
5.98201,-5.551
5.99205,-5.5656
6.00208,-5.5778
6.01205,-5.5707
6.02202,-5.5574
6.03198,-5.5497
6.04194,-5.5611
6.0519,-5.5684
6.06186,-5.5519
6.07182,-5.5377
6.08179,-5.5467
6.09175,-5.557
6.10171,-5.5544
6.11167,-5.5403
6.12163,-5.5455
6.13163,-5.5544
6.14166,-5.5543
6.15169,-5.5455
6.16172,-5.5382
6.17174,-5.5523
6.18177,-5.5631
6.1918,-5.5465
6.20183,-5.5434
6.21186,-5.536
6.22189,-5.5542
6.23192,-5.5612
6.24194,-5.5558
6.25197,-5.5375
6.26205,-5.5539
6.27213,-5.5638
6.2822,-5.5512
6.29227,-5.5462
6.30235,-5.5358
6.31243,-5.5495
6.3225,-5.5592
6.33257,-5.5516
6.34265,-5.5484
6.35273,-5.5577
6.3628,-5.5627
6.37288,-5.5672
6.38292,-5.5551
6.39292,-5.5463
6.40292,-5.5589
6.41292,-5.5689
6.42292,-5.556
6.43292,-5.5413
6.44292,-5.5504
6.45292,-5.5565
6.46292,-5.5657
6.47292,-5.5445
6.48292,-5.5467
6.49292,-5.5458
6.50293,-5.572
6.51289,-5.5699
6.52285,-5.5518
6.53282,-5.54
6.54278,-5.5524
6.55274,-5.569
6.56271,-5.5584
6.57267,-5.5474
6.58263,-5.5448
6.59259,-5.5688
6.60256,-5.5677
6.61252,-5.5601
6.62248,-5.5415
6.63248,-5.552
6.6425,-5.5666
6.65252,-5.5691
6.66254,-5.5468
6.67257,-5.5457
6.68259,-5.5558
6.69261,-5.5709
6.70264,-5.5618
6.71266,-5.5476
6.72268,-5.5538
6.7327,-5.5545
6.74273,-5.5647
6.75275,-5.5598
6.76275,-5.5523
6.77275,-5.5666
6.78276,-5.5702
6.79276,-5.5684
6.80276,-5.5522
6.81276,-5.5459
6.82276,-5.5598
6.83276,-5.5681
6.84276,-5.5453
6.85276,-5.5423
6.86277,-5.5538
6.87277,-5.5732
6.88277,-5.5709
6.89276,-5.5573
6.90275,-5.554
6.91274,-5.5505
6.92273,-5.563
6.93272,-5.5547
6.94272,-5.5402
6.95271,-5.5449
6.9627,-5.567
6.97269,-5.5613
6.98268,-5.5513
6.99267,-5.5462
7.00267,-5.5539
7.01264,-5.5602
7.02261,-5.5537
7.03258,-5.5355
7.04254,-5.5367
7.05251,-5.5594
7.06248,-5.5664
7.07245,-5.5506
7.08242,-5.5408
7.09239,-5.5492
7.10236,-5.5641
7.11233,-5.557
7.1223,-5.5538
7.1323,-5.5473
7.14233,-5.5556
7.15235,-5.5761
7.16237,-5.5629
7.17239,-5.5383
7.18242,-5.5501
7.19244,-5.5617
7.20246,-5.561
7.21249,-5.5379
7.22251,-5.5291
7.23253,-5.5532
7.24256,-5.5587
7.25258,-5.5588
7.26258,-5.543
7.27258,-5.5527
7.28258,-5.5586
7.29258,-5.5628
7.30259,-5.5498
7.31259,-5.5392
7.32259,-5.548
7.33259,-5.5603
7.34259,-5.5431
7.35259,-5.5495
7.36259,-5.5431
7.37259,-5.5492
7.38263,-5.5645
7.3927,-5.5569
7.40277,-5.5431
7.41284,-5.5401
7.4229,-5.5638
7.43297,-5.5636
7.44304,-5.5497
7.45311,-5.5414
7.46318,-5.5488
7.47325,-5.5574
7.48332,-5.5571
7.49338,-5.5346
7.50345,-5.5358
7.51343,-5.555
7.52341,-5.5657
7.53338,-5.5551
7.54336,-5.5415
7.55334,-5.5497
7.56331,-5.5595
7.57329,-5.5601
7.58326,-5.5396
7.59324,-5.5396
7.60321,-5.5507
7.61319,-5.5592
7.62317,-5.5596
7.63316,-5.5404
7.64315,-5.5341
7.65314,-5.558
7.66313,-5.556
7.67312,-5.5507
7.68312,-5.5455
7.69311,-5.538
7.7031,-5.5602
7.71309,-5.5598
7.72308,-5.5477
7.73307,-5.5371
7.74306,-5.5462
7.75306,-5.557
7.76309,-5.5508
7.77313,-5.5372
7.78316,-5.5445
7.79319,-5.5483
7.80322,-5.5629
7.81326,-5.5407
7.82329,-5.5398
7.83332,-5.5415
7.84335,-5.5571
7.85339,-5.5487
7.86342,-5.5293
7.87345,-5.535
7.88347,-5.5633
7.89346,-5.5633
7.90345,-5.546
7.91344,-5.5395
7.92343,-5.5531
7.93342,-5.5581
7.94342,-5.5542
7.95341,-5.5377
7.9634,-5.5364
7.97339,-5.5525
7.98338,-5.561
7.99337,-5.5479
8.00337,-5.5373
8.01335,-5.5375
8.02332,-5.562
8.0333,-5.5594
8.04327,-5.534
8.05325,-5.533
8.06323,-5.5432
8.0732,-5.5598
8.08318,-5.5586
8.09315,-5.5456
8.10313,-5.5315
8.11311,-5.5451
8.12308,-5.5583
8.13308,-5.5482
8.14311,-5.5263
8.15313,-5.5428
8.16315,-5.5605
8.17317,-5.5657
8.18319,-5.5532
8.19321,-5.5379
8.20323,-5.556
8.21325,-5.5692
8.22327,-5.548
8.23329,-5.5442
8.24332,-5.5493
8.25334,-5.5596
8.26333,-5.5595
8.27333,-5.5507
8.28332,-5.5329
8.29331,-5.5445
8.30331,-5.5458
8.3133,-5.5536
8.3233,-5.5452
8.33329,-5.5434
8.34328,-5.5565
8.35328,-5.56
8.36327,-5.5557
8.37326,-5.5372
8.38329,-5.5389
8.39334,-5.5608
8.40339,-5.5574
8.41343,-5.5432
8.42348,-5.5318
8.43353,-5.5356
8.44358,-5.5552
8.45363,-5.5501
8.46368,-5.5346
8.47373,-5.5297
8.48378,-5.5456
8.49383,-5.5588
8.50387,-5.5381
8.5139,-5.5311
8.52392,-5.5407
8.53395,-5.5495
8.54397,-5.5506
8.55399,-5.5398
8.56402,-5.5302
8.57404,-5.5465
8.58406,-5.5582
8.59409,-5.5423
8.60411,-5.5389
8.61413,-5.5365
8.62416,-5.5495
8.63415,-5.5577
8.64412,-5.5418
8.65408,-5.5273
8.66405,-5.5339
8.67401,-5.5569
8.68398,-5.5541
8.69394,-5.5433
8.70391,-5.5328
8.71387,-5.5444
8.72384,-5.5527
8.7338,-5.5459
8.74377,-5.5338
8.75373,-5.539
8.76377,-5.5504
8.7738,-5.5537
8.78383,-5.5357
8.79386,-5.535
8.80389,-5.5417
8.81391,-5.5438
8.82394,-5.5328
8.83397,-5.5318
8.844,-5.5375
8.85403,-5.5518
8.86406,-5.5481
8.87409,-5.5394
8.8841,-5.5294
8.8941,-5.5408
8.9041,-5.5514
8.91409,-5.5441
8.92409,-5.535
8.93408,-5.5335
8.94408,-5.5553
8.95408,-5.5532
8.96407,-5.5347
8.97407,-5.5273
8.98407,-5.5356
8.99406,-5.5439
9.00406,-5.5492
9.01406,-5.5329
9.02406,-5.5333
9.03405,-5.5447
9.04405,-5.5581
9.05405,-5.5545
9.06404,-5.5307
9.07404,-5.5289
9.08404,-5.5491
9.09403,-5.5558
9.10403,-5.5339
9.11402,-5.5219
9.12402,-5.5337
9.13402,-5.5479
9.14401,-5.5558
9.154,-5.5466
9.16399,-5.5331
9.17398,-5.5535
9.18397,-5.5577
9.19396,-5.5384
9.20395,-5.5265
9.21394,-5.5357
9.22393,-5.547
9.23392,-5.55
9.24391,-5.5367
9.2539,-5.5304
9.26387,-5.5374
9.27385,-5.5447
9.28383,-5.5452
9.2938,-5.535
9.30378,-5.5271
9.31376,-5.5485
9.32373,-5.5497
9.33371,-5.5379
9.34369,-5.5224
9.35366,-5.5297
9.36364,-5.5438
9.37361,-5.5379
9.38362,-5.5304
9.39364,-5.5174
9.40367,-5.5458
9.41369,-5.5628
9.42371,-5.5725
9.43373,-5.5773
9.44376,-5.5772
9.45378,-5.5679
9.4638,-5.5644
9.47383,-5.5353
9.48385,-5.5213
9.49387,-5.5236
9.5039,-5.5431
9.51397,-5.5187
9.52405,-5.5097
9.53413,-5.5316
9.54421,-5.543
9.55428,-5.5253
9.56436,-5.5259
9.57444,-5.5306
9.58452,-5.5177
9.59459,-5.5265
9.60467,-5.5346
9.61475,-5.5248
9.62483,-5.5424
9.63486,-5.5444
9.64485,-5.5533
9.65484,-5.5606
9.66483,-5.5704
9.67483,-5.5878
9.68481,-5.5947
9.69481,-5.5944
9.7048,-5.5855
9.71479,-5.5854
9.72478,-5.5903
9.73477,-5.6096
9.74476,-5.6108
9.75475,-5.6289
9.76475,-5.6412
9.77476,-5.6425
9.78476,-5.6365
9.79476,-5.6164
9.80477,-5.5991
9.81477,-5.605
9.82477,-5.6038
9.83478,-5.616
9.84478,-5.6276
9.85478,-5.63
9.86478,-5.6099
9.87479,-5.6116
9.88479,-5.6368
9.89478,-5.6488
9.90478,-5.645
9.91478,-5.6553
9.92477,-5.6668
9.93477,-5.6514
9.94476,-5.6264
9.95476,-5.6001
9.96475,-5.5949
9.97475,-5.5864
9.98474,-5.5734
9.99474,-5.549
10.00473,-5.5337
10.01474,-5.5357
10.02474,-5.5607
10.03473,-5.5548
10.04473,-5.5296
10.05473,-5.5053
10.06473,-5.495
10.07473,-5.4995
10.08473,-5.5003
10.09473,-5.4857
10.10473,-5.4944
10.11473,-5.5159
10.12473,-5.5005
10.13473,-5.4826
10.14472,-5.483
10.15472,-5.4948
10.16471,-5.4784
10.1747,-5.4625
10.18469,-5.4747
10.19469,-5.4846
10.20468,-5.481
10.21467,-5.4862
10.22467,-5.4975
10.23466,-5.5016
10.24465,-5.5104
10.25464,-5.5363
10.26463,-5.5581
10.27461,-5.5676
10.28459,-5.5919
10.29458,-5.6363
10.30456,-5.6571
10.31454,-5.6745
10.32452,-5.6787
10.33451,-5.662
10.34449,-5.6491
10.35447,-5.6584
10.36445,-5.674
10.37443,-5.672
10.38443,-5.6799
10.39445,-5.6858
10.40446,-5.7022
10.41447,-5.6951
10.42448,-5.7019
10.4345,-5.7071
10.44451,-5.7022
10.45452,-5.689
10.46453,-5.6967
10.47455,-5.715
10.48456,-5.7306
10.49457,-5.722
10.50458,-5.7379
10.51465,-5.7547
10.52471,-5.7661
10.53477,-5.7599
10.54484,-5.7559
10.5549,-5.7689
10.56496,-5.7651
10.57502,-5.7522
10.58508,-5.7514
10.59515,-5.7615
10.60521,-5.7726
10.61527,-5.7615
10.62533,-5.7277
10.63538,-5.7298
10.64539,-5.7367
10.6554,-5.711
10.66542,-5.734
10.67543,-5.7665
10.68545,-5.7701
10.69546,-5.7471
10.70547,-5.7375
10.71549,-5.7296
10.7255,-5.7389
10.73552,-5.7227
10.74553,-5.726
10.75555,-5.7481
10.76551,-5.7651
10.77548,-5.7582
10.78544,-5.7669
10.7954,-5.7835
10.80536,-5.7962
10.81533,-5.7852
10.82529,-5.7696
10.83525,-5.7528
10.84522,-5.758
10.85518,-5.7595
10.86514,-5.7787
10.8751,-5.794
10.88509,-5.7952
10.89508,-5.7711
10.90508,-5.7602
10.91508,-5.7331
10.92507,-5.7191
10.93507,-5.7307
10.94507,-5.7959
10.95506,-5.7842
10.96506,-5.7748
10.97506,-5.8
10.98505,-5.8192
10.99505,-5.8291
11.00505,-5.8344
11.01505,-5.8111
11.02505,-5.7907
11.03506,-5.7748
11.04506,-5.78
11.05506,-5.8054
11.06507,-5.8167
11.07507,-5.813
11.08507,-5.7989
11.09508,-5.7813
11.10508,-5.7782
11.11508,-5.7718
11.12509,-5.7677
11.1351,-5.7608
11.14511,-5.7347
11.15513,-5.7156
11.16515,-5.6972
11.17516,-5.6798
11.18518,-5.6665
11.19519,-5.6572
11.20521,-5.6503
11.21523,-5.6653
11.22524,-5.6717
11.23526,-5.6842
11.24527,-5.6972
11.25529,-5.7166
11.26531,-5.7395
11.27533,-5.7655
11.28535,-5.7919
11.29537,-5.7942
11.3054,-5.7886
11.31542,-5.7581
11.32544,-5.7484
11.33546,-5.7519
11.34548,-5.7624
11.3555,-5.7753
11.36552,-5.7822
11.37554,-5.784
11.38554,-5.7928
11.39552,-5.7868
11.40549,-5.7644
11.41547,-5.7408
11.42545,-5.6987
11.43543,-5.6599
11.4454,-5.6212
11.45538,-5.5762
11.46536,-5.5435
11.47533,-5.5214
11.48531,-5.4512
11.49529,-5.4044
11.50527,-5.338
11.51527,-5.2442
11.52526,-5.1443
11.53526,-4.9601
11.54526,-4.5023
11.55526,-4.0307
11.56525,-3.8691
11.57525,-4.1243
11.58525,-3.6943
11.59525,-2.9457
11.60525,-2.1542
11.61524,-1.98
11.62524,-2.1119
11.63523,-1.7997
11.6452,-1.7177
11.65516,-1.727
11.66513,-1.7669
11.6751,-1.6359
11.68507,-1.2198
11.69504,-0.8373
11.70501,-1.2083
11.71497,-1.0147
11.72494,-0.6172
11.73491,-0.3783
11.74488,-0.3454
11.75485,-0.4342
11.76493,-0.5567
11.775,-0.6841
11.78507,-0.822
11.79515,-0.9147
11.80522,-0.9744
11.8153,-1.0232
11.82537,-1.0996
11.83545,-1.2134
11.84552,-1.3176
11.8556,-1.3615
11.86567,-1.3842
11.87575,-1.3953
11.88579,-1.4319
11.89579,-1.5978
11.90578,-1.797
11.91578,-2.054
11.92578,-2.2552
11.93577,-2.3961
11.94577,-2.5996
11.95577,-2.8299
11.96576,-2.9639
11.97576,-3.0161
11.98575,-3.0255
11.99575,-2.9893
12.00575,-2.9238
12.01575,-2.9137
12.02576,-2.912
12.03576,-2.9022
12.04576,-2.8226
12.05577,-2.6671
12.06577,-2.4312
12.07577,-2.1885
12.08577,-2.0304
12.09578,-1.977
12.10578,-1.9772
12.11578,-2.072
12.12578,-2.1415
12.13578,-2.2171
12.14578,-2.1449
12.15577,-1.9953
12.16576,-1.8495
12.17575,-1.9287
12.18575,-1.7414
12.19574,-1.4746
12.20573,-1.6155
12.21572,-1.5709
12.22572,-1.356
12.23571,-1.0183
12.2457,-0.5775
12.25569,-0.2051
12.26572,-0.0703
12.27572,-0.0615
12.28572,-0.1888
12.29572,-0.0019
12.30572,0.2881
12.31572,0.3245
12.32572,0.261
12.33573,0.3466
12.34573,0.3885
12.35573,0.2931
12.36573,0.1927
12.37573,0.1367
12.38573,0.0824
12.39571,-0.0204
12.40569,-0.1402
12.41568,-0.2919
12.42566,-0.4806
12.43565,-0.7244
12.44563,-0.9522
12.45562,-1.1438
12.4656,-1.3268
12.47558,-1.5294
12.48557,-1.7666
12.49555,-2.0164
12.50554,-2.1892
12.51556,-2.2919
12.52557,-2.4721
12.53559,-2.6517
12.5456,-2.8813
12.55561,-2.9605
12.56563,-3.1288
12.57564,-3.3
12.58565,-3.3395
12.59567,-3.3242
12.60568,-3.3043
12.61569,-3.37
12.62571,-3.4929
12.63571,-3.7295
12.64569,-3.959
12.65567,-4.0938
12.66566,-4.1849
12.67564,-4.1707
12.68562,-4.2639
12.69561,-4.4271
12.70559,-4.5805
12.71557,-4.6669
12.72556,-4.6963
12.73554,-4.6859
12.74552,-4.6705
12.75551,-4.6528
12.76561,-4.6601
12.77572,-4.671
12.78582,-4.6582
12.79593,-4.6525
12.80603,-4.6362
12.81613,-4.6217
12.82624,-4.5607
12.83634,-4.4748
12.84645,-4.4046
12.85655,-4.3144
12.86666,-4.2515
12.87676,-4.2467
12.88681,-4.2557
12.89681,-4.3407
12.90681,-4.359
12.9168,-4.3488
12.9268,-4.3535
12.93679,-4.3639
12.94679,-4.3544
12.95679,-4.3334
12.96678,-4.3003
12.97678,-4.2916
12.98678,-4.2799
12.99677,-4.3076
13.00677,-4.3167
13.01676,-4.2951
13.02676,-4.2325
13.03675,-4.1213
13.04675,-4.0998
13.05674,-4.0873
13.06673,-4.034
13.07673,-3.9355
13.08672,-3.8311
13.09671,-3.7296
13.10671,-3.6321
13.1167,-3.5885
13.12669,-3.5873
13.13669,-3.4848
13.14669,-3.3393
13.15669,-3.1464
13.16669,-2.9053
13.17668,-2.6624
13.18668,-2.4282
13.19668,-2.2298
13.20667,-2.0594
13.21667,-1.9239
13.22667,-1.7842
13.23667,-1.6486
13.24666,-1.4871
13.25666,-1.2837
13.26663,-1.0855
13.2766,-0.9048
13.28656,-0.698
13.29653,-0.4087
13.3065,-0.0411
13.31647,0.2121
13.32644,0.3829
13.3364,0.4983
13.34637,0.5267
13.35634,0.5476
13.36631,0.2391
13.37627,0.6667
13.38626,0.8585
13.39627,0.6343
13.40627,0.768
13.41627,0.8493
13.42628,0.8554
13.43628,0.9235
13.44629,0.5877
13.45629,0.6771
13.4663,0.7885
13.4763,0.6937
13.48631,0.6123
13.49631,0.601
13.50632,0.5866
13.51633,0.5994
13.52635,0.5883
13.53636,0.5587
13.54638,0.4875
13.55639,0.3691
13.56641,0.2602
13.57642,0.1283
13.58643,0.0378
13.59645,-0.0411
13.60646,-0.127
13.61648,-0.1894
13.62649,-0.2017
13.63651,-0.2052
13.64652,-0.274
13.65653,-0.4309
13.66654,-0.5841
13.67655,-0.7383
13.68657,-0.888
13.69658,-1.0326
13.70659,-1.2161
13.7166,-1.3962
13.72661,-1.5976
13.73662,-1.8364
13.74663,-2.1549
13.75665,-2.4486
13.76664,-2.6166
13.77662,-2.8806
13.78661,-3.1182
13.79659,-3.3088
13.80657,-3.4659
13.81656,-3.6652
13.82654,-3.7731
13.83652,-3.946
13.84651,-4.0825
13.85649,-4.2044
13.86648,-4.3126
13.87646,-4.4125
13.88648,-4.4611
13.89653,-4.514
13.90658,-4.5968
13.91663,-4.6834
13.92668,-4.7686
13.93673,-4.8441
13.94678,-4.9044
13.95683,-4.9677
13.96688,-4.9962
13.97694,-4.9949
13.98699,-4.9605
13.99704,-4.9212
14.00709,-4.9138
14.01713,-4.8974
14.02717,-4.8896
14.03721,-4.9091
14.04726,-4.9246
14.0573,-4.9479
14.06734,-4.9524
14.07738,-4.914
14.08742,-4.8643
14.09746,-4.734
14.1075,-4.7131
14.11755,-4.7472
14.12759,-4.7518
14.13761,-4.7076
14.1476,-4.6888
14.15759,-4.7008
14.16758,-4.7022
14.17757,-4.6549
14.18756,-4.6317
14.19755,-4.5952
14.20754,-4.5539
14.21754,-4.4826
14.22753,-4.3945
14.23752,-4.3015
14.24751,-4.257
14.2575,-4.2578
14.26747,-4.2737
14.27744,-4.3013
14.28741,-4.3283
14.29738,-4.3302
14.30734,-4.311
14.31731,-4.2963
14.32728,-4.2642
14.33725,-4.2021
14.34722,-4.1173
14.35719,-4.0266
14.36715,-3.9503
14.37712,-3.8817
14.38713,-3.8616
14.39718,-3.8829
14.40722,-3.919
14.41727,-3.926
14.42731,-3.8847
14.43736,-3.8136
14.44741,-3.7276
14.45745,-3.6522
14.4675,-3.582
14.47754,-3.5277
14.48759,-3.4887
14.49764,-3.4207
14.50768,-3.32
14.51766,-3.2169
14.52764,-3.0963
14.53762,-2.9703
14.54759,-2.8883
14.55757,-2.8189
14.56754,-2.756
14.57752,-2.7258
14.58749,-2.6802
14.59747,-2.606
14.60745,-2.4695
14.61742,-2.2375
14.6274,-1.9738
14.63738,-1.7658
14.64738,-1.6225
14.65737,-1.497
14.66736,-1.3864
14.67735,-1.3332
14.68734,-1.8046
14.69733,-1.7554
14.70732,-1.471
14.71732,-1.0182
14.72731,-0.539
14.7373,-0.8239
14.74729,-1.0224
14.75728,-0.9054
14.76729,-0.8979
14.77728,-0.9147
14.78727,-0.9586
14.79726,-0.9498
14.80725,-0.855
14.81723,-0.7061
14.82722,-0.5847
14.83721,-0.5409
14.8472,-0.5288
14.85719,-0.4998
14.86718,-0.4111
14.87717,-0.3014
14.88716,-0.172
14.89715,-0.0479
14.90714,0.0232
14.91713,0.0798
14.92713,0.1566
14.93712,0.2097
14.94711,0.2257
14.9571,0.2181
14.96709,0.1741
14.97709,0.1414
14.98708,0.13
14.99707,0.1196
15.00706,0.0643
15.01714,-0.0701
15.02722,-0.2573
15.0373,-0.4299
15.04737,-0.6279
15.05745,-0.8241
15.06753,-1.0262
15.0776,-1.259
15.08768,-1.4979
15.09776,-1.7043
15.10784,-1.8732
15.11791,-2.0256
15.12799,-2.2622
15.13804,-2.5144
15.14804,-2.801
15.15805,-2.9974
15.16805,-3.1054
15.17806,-3.2014
15.18807,-3.3433
15.19807,-3.4495
15.20808,-3.4566
15.21809,-3.538
15.22809,-3.6945
15.2381,-3.8325
15.2481,-3.8864
15.25811,-3.9285
15.26811,-3.9828
15.27811,-4.0352
15.28811,-4.044
15.29811,-4.0292
15.30811,-3.9767
15.31811,-3.8973
15.32811,-3.8486
15.33811,-3.8591
15.34811,-3.863
15.35811,-3.8297
15.36811,-3.7529
15.37811,-3.6756
15.38812,-3.5981
15.39812,-3.5176
15.40812,-3.4604
15.41812,-3.3942
15.42812,-3.253
15.43813,-3.0899
15.44813,-2.9602
15.45813,-2.8541
15.46813,-2.7788
15.47813,-2.6056
15.48813,-2.4551
15.49814,-2.2222
15.50814,-2.0515
15.51813,-1.964
15.52812,-2.0809
15.53811,-1.9457
15.5481,-1.3684
15.55808,-0.8713
15.56807,-0.5483
15.57806,-0.4037
15.58805,-0.2366
15.59804,-0.0426
15.60803,0.052
15.61802,0.1313
15.62801,0.1718
15.63804,0.238
15.64811,0.3831
15.65818,0.5787
15.66825,0.7112
15.67832,0.7586
15.68839,0.7319
15.69847,0.6981
15.70854,0.6789
15.71861,0.6916
15.72868,0.6882
15.73875,0.6955
15.74882,0.665
15.75889,0.5943
15.7689,0.492
15.77889,0.3403
15.78889,0.1522
15.79889,-0.0441
15.80888,-0.2721
15.81888,-0.5582
15.82888,-0.8583
15.83887,-1.1687
15.84887,-1.4461
15.85887,-1.6721
15.86886,-1.851
15.87886,-1.9876
15.88882,-2.1253
15.8987,-2.3438
15.90859,-2.6072
15.91847,-2.8966
15.92836,-3.2131
15.93824,-3.5339
15.94813,-3.7633
15.95801,-4.0001
15.96789,-4.2124
15.97778,-4.4395
15.98766,-4.6939
15.99755,-4.8325
16.00743,-4.8687
16.0175,-5.0208
16.02755,-5.1684
16.03761,-5.226
16.04767,-5.3131
16.05773,-5.2916
16.06779,-5.3384
16.07785,-5.3435
16.08791,-5.3826
16.09797,-5.4156
16.10803,-5.3749
16.11808,-5.3707
16.12814,-5.3718
16.1382,-5.3597
16.14822,-5.3321
16.15825,-5.3514
16.16827,-5.3605
16.1783,-5.3594
16.18832,-5.3432
16.19835,-5.3214
16.20838,-5.2639
16.2184,-5.1673
16.22843,-5.0636
16.23845,-4.97
16.24848,-4.9225
16.2585,-4.9127
16.26856,-4.8476
16.27861,-4.7529
16.28866,-4.5999
16.29872,-4.3908
16.30877,-4.188
16.31882,-4.037
16.32887,-3.9336
16.33893,-3.9225
16.34898,-3.9733
16.35903,-4.0196
16.36909,-4.0967
16.37914,-4.1723
16.38916,-4.2029
16.39915,-4.1281
16.40914,-4.1017
16.41913,-4.0145
16.42912,-3.8839
16.43912,-3.8038
16.44911,-3.8142
16.4591,-3.8872
16.46909,-3.9876
16.47908,-4.0729
16.48907,-4.1021
16.49906,-4.0809
16.50905,-4.0322
16.51905,-3.9629
16.52906,-3.8457
16.53906,-3.702
16.54906,-3.5498
16.55907,-3.4493
16.56907,-3.3889
16.57907,-3.3618
16.58908,-3.3467
16.59908,-3.3226
16.60908,-3.3082
16.61909,-3.1916
16.62909,-2.8947
16.63911,-2.4707
16.64915,-2.1043
16.65919,-1.8371
16.66924,-1.6446
16.67928,-1.4687
16.68932,-1.3267
16.69936,-1.2277
16.7094,-1.2697
16.71944,-1.2004
16.72948,-1.0591
16.73952,-0.8416
16.74956,-0.6042
16.7596,-0.323
16.76954,0.0247
16.77947,0.4466
16.78939,0.8637
16.79932,1.1473
16.80925,1.2823
16.81917,1.2633
16.8291,1.1823
16.83903,1.119
16.84895,1.1808
16.85888,1.3612
16.8688,1.6358
16.87873,1.9385
16.88868,2.1665
16.89864,2.3262
16.9086,2.4514
16.91856,2.5664
16.92852,2.676
16.93848,2.7891
16.94844,2.9003
16.9584,3.1049
16.96836,3.4062
16.97832,3.6566
16.98828,3.8337
16.99824,3.9293
17.0082,3.9233
17.01823,3.8096
17.02826,3.6624
17.03829,3.5623
17.04832,3.5245
17.05835,3.4868
17.06838,3.4534
17.07841,3.4292
17.08843,3.4044
17.09846,3.4309
17.10849,3.4442
17.11852,3.2834
17.12855,2.8414
17.13857,2.184
17.14857,1.4185
17.15856,0.5688
17.16856,-0.2623
17.17856,-1.0653
17.18856,-1.8236
17.19856,-2.4912
17.20856,-2.9857
17.21856,-3.3184
17.22856,-3.5658
17.23855,-3.7739
17.24855,-3.9226
17.25855,-4.0273
17.26863,-4.1261
17.2787,-4.1435
17.28878,-4.1106
17.29885,-4.0507
17.30893,-3.9438
17.319,-3.8188
17.32908,-3.681
17.33915,-3.573
17.34923,-3.5093
17.3593,-3.4965
17.36938,-3.517
17.37945,-3.5216
17.38948,-3.4626
17.39944,-3.2694
17.4094,-2.8847
17.41937,-2.381
17.42933,-1.8867
17.4393,-1.4785
17.44926,-1.1999
17.45922,-1.0093
17.46919,-0.8215
17.47915,-0.5233
17.48911,-0.026
17.49908,0.3925
17.50904,0.7883
17.51907,1.2307
17.5291,1.6791
17.53912,2.1229
17.54914,2.3513
17.55917,2.6773
17.56919,2.9504
17.57922,3.281
17.58924,3.6514
17.59927,4.013
17.60929,4.3072
17.61932,4.5653
17.62934,4.7719
17.63935,4.9473
17.64932,5.13
17.65929,5.332
17.66926,5.4736
17.67923,5.4969
17.68921,5.3372
17.69918,4.9821
17.70915,4.4188
17.71912,3.7406
17.72909,3.1168
17.73907,2.7385
17.74904,2.7002
17.75901,2.9299
17.76901,3.2112
17.779,3.2271
17.789,2.8411
17.79899,2.0494
17.80899,0.8519
17.81898,-0.4335
17.82898,-1.4778
17.83898,-2.0866
17.84897,-2.3427
17.85897,-2.4162
17.86896,-2.5031
17.87896,-2.6951
17.88898,-2.9989
17.89901,-3.4243
17.90905,-3.8428
17.91909,-4.1575
17.92912,-4.3359
17.93916,-4.4498
17.9492,-4.4971
17.95924,-4.6063
17.96927,-4.7743
17.97931,-4.9069
17.98935,-5.0173
17.99938,-5.0738
18.00942,-5.1454
18.01939,-5.168
18.02935,-5.1518
18.03932,-5.0706
18.04928,-4.9069
18.05924,-4.7124
18.06921,-4.4979
18.07917,-4.3406
18.08913,-4.2577
18.0991,-4.2064
18.10906,-4.114
18.11902,-3.9291
18.12899,-3.6947
18.13902,-3.4721
18.14911,-3.2149
18.15921,-2.808
18.1693,-2.2336
18.17939,-1.58
18.18948,-0.9591
18.19958,-0.4197
18.20967,-0.0211
18.21976,0.2779
18.22985,0.5466
18.23995,0.8618
18.25004,1.2687
18.26013,1.686
18.2701,2.076
18.28005,2.3993
18.29001,2.7142
18.29997,3.0638
18.30993,3.4728
18.31989,3.9237
18.32985,4.3744
18.33981,4.7439
18.34976,5.0844
18.35972,5.2884
18.36968,5.3516
18.37964,5.3434
18.3896,5.3285
18.39957,5.4137
18.40953,5.655
18.4195,5.9718
18.42946,6.3146
18.43943,6.5676
18.44939,6.6794
18.45936,6.6292
18.46932,6.4166
18.47929,6.0402
18.48925,5.4497
18.49922,4.7292
18.50918,3.9777
18.51929,3.3838
18.52939,2.994
18.5395,2.7382
18.5496,2.2898
18.55971,1.5598
18.56981,0.6593
18.57992,-0.3268
18.59002,-1.3789
18.60013,-2.3833
18.61023,-3.1518
18.62033,-3.5771
18.63044,-3.7614
18.64046,-3.834
18.65039,-3.8705
18.66032,-3.9259
18.67025,-4.0313
18.68018,-4.2078
18.69011,-4.411
18.70004,-4.597
18.70997,-4.7354
18.7199,-4.8777
18.72982,-4.9657
18.73975,-5.0114
18.74968,-5.0492
18.75961,-5.1068
18.76963,-5.1758
18.77965,-5.2199
18.78966,-5.247
18.79968,-5.3106
18.8097,-5.3739
18.81971,-5.4548
18.82973,-5.474
18.83974,-5.4807
18.84976,-5.4774
18.85977,-5.4576
18.86979,-5.4297
18.8798,-5.3648
18.88982,-5.276
18.89983,-5.1663
18.90984,-5.057
18.91985,-5.0191
18.92986,-4.9526
18.93987,-4.874
18.94988,-4.7499
18.95989,-4.611
18.9699,-4.4537
18.97991,-4.2803
18.98992,-4.085
18.99994,-3.8489
19.00994,-3.5568
19.01995,-3.0444
19.02996,-2.4001
19.03997,-1.8215
19.04997,-1.3278
19.05998,-0.8534
19.06999,-0.363
19.07999,0.2325
19.09,0.896
19.10001,1.5786
19.11001,2.178
19.12002,2.6517
19.13003,3.0461
19.14003,3.4325
19.15002,3.9119
19.16001,4.3309
19.17,4.5139
19.17999,4.496
19.18998,4.336
19.19997,4.1533
19.20996,4.0697
19.21995,4.1163
19.22994,4.1795
19.23993,4.2255
19.24992,4.2547
19.2599,4.2181
19.26991,4.1098
19.27991,3.9268
19.28992,3.6716
19.29992,3.3981
19.30992,3.1021
19.31992,2.8058
19.32993,2.4813
19.33993,2.1041
19.34993,1.6231
19.35993,0.8
19.36994,-0.1839
19.37994,-1.1618
19.38993,-2.1904
19.39989,-3.1723
19.40985,-4.0331
19.41982,-4.7566
19.42978,-5.3813
19.43975,-5.6555
19.44971,-5.8005
19.45967,-5.8835
19.46964,-5.9857
19.4796,-6.0889
19.48957,-6.1502
19.49953,-6.2045
19.50949,-6.2161
19.5195,-6.2296
19.5295,-6.2108
19.5395,-6.1863
19.5495,-6.1767
19.5595,-6.1757
19.5695,-6.1557
19.5795,-6.1735
19.5895,-6.1684
19.59949,-6.1524
19.6095,-6.1433
19.6195,-6.1181
19.6295,-6.0898
19.63954,-6.0398
19.64962,-5.9625
19.6597,-5.8888
19.66978,-5.7807
19.67986,-5.6251
19.68994,-5.3655
19.70002,-5.0113
19.7101,-4.6914
19.72018,-4.2742
19.73026,-3.6787
19.74034,-2.7428
19.75042,-1.5292
19.7605,-0.4812
19.77052,0.2264
19.78053,0.7256
19.79053,1.2466
19.80054,1.7163
19.81055,2.1775
19.82056,2.4548
19.83057,2.7523
19.84058,3.0076
19.85059,3.2694
19.8606,3.6075
19.8706,4.0308
19.88061,4.4959
19.89062,4.7713
19.90063,4.8738
19.91063,4.9842
19.92064,5.0807
19.93064,5.1885
19.94065,5.2396
19.95065,5.2124
19.96066,5.1292
19.97066,5.0072
19.98067,4.7966
19.99067,4.4978
20.00068,4.1796
20.01068,3.9613
20.02069,3.8842
20.03067,3.8484
20.04066,3.8436
20.05064,3.7622
20.06063,3.5985
20.07062,3.4351
20.0806,3.3272
20.09059,3.3153
20.10057,3.3511
20.11056,3.4266
20.12055,3.5513
20.13053,3.6832
20.14053,3.8122
20.15054,3.8978
20.16055,3.9018
20.17056,3.9073
20.18057,3.8986
20.19057,3.9091
20.20058,3.9232
20.21059,3.9283
20.2206,3.9881
20.23061,4.1391
20.24062,4.233
20.25063,4.3624
20.26064,4.5094
20.27064,4.5484
20.28064,4.5214
20.29064,4.4396
20.30064,4.3206
20.31064,4.2051
20.32064,4.1616
20.33064,4.2334
20.34063,4.3623
20.35063,4.4525
20.36063,4.4511
20.37063,4.437
20.38063,4.4718
20.39062,4.5504
20.4006,4.6779
20.41058,4.834
20.42056,4.9999
20.43054,5.1469
20.44052,5.1924
20.4505,5.0645
20.46048,4.8202
20.47046,4.5473
20.48044,4.3169
20.49042,4.2137
20.5004,4.142
20.51038,4.1097
20.52036,3.9322
20.53034,3.4264
20.54032,2.5949
20.55029,1.5175
20.56027,0.43
20.57025,-0.6971
20.58023,-1.8065
20.5902,-2.753
20.60018,-3.4188
20.61016,-3.7568
20.62014,-3.8309
20.63011,-3.8985
20.64012,-3.9674
20.65015,-4.0699
20.66019,-4.2254
20.67022,-4.4458
20.68025,-4.6653
20.69028,-4.8725
20.70031,-5.0979
20.71034,-5.3078
20.72038,-5.4411
20.73041,-5.4726
20.74044,-5.5113
20.75047,-5.6142
20.7605,-5.6685
20.77058,-5.7685
20.78064,-5.8622
20.79071,-5.8991
20.80078,-5.9102
20.81085,-5.9361
20.82092,-5.8867
20.83099,-5.825
20.84105,-5.7811
20.85112,-5.7798
20.86119,-5.764
20.87126,-5.737
20.88133,-5.7104
20.89138,-5.6939
20.90138,-5.6164
20.91138,-5.4929
20.92138,-5.3473
20.93137,-5.2149
20.94137,-5.1117
20.95137,-5.0821
20.96136,-5.071
20.97136,-5.0113
20.98136,-4.9375
20.99136,-4.8269
21.00135,-4.619
21.01135,-4.4127
21.02135,-4.4313
21.03134,-4.5375
21.04133,-4.4495
21.05133,-4.1844
21.06132,-3.9843
21.07132,-3.4729
21.08131,-2.8315
21.0913,-2.3378
21.1013,-2.0689
21.11129,-1.7562
21.12128,-1.2671
21.13128,-0.6801
21.14128,-0.3655
21.15128,-0.1348
21.16128,0.0101
21.17128,0.1575
21.18128,0.2407
21.19128,0.1548
21.20129,-0.0197
21.21129,-0.0851
21.22129,-0.1943
21.23129,-0.3408
21.24129,-0.5059
21.25129,-0.6722
21.26129,-0.8004
21.27128,-0.8525
21.28127,-0.8446
21.29125,-0.818
21.30124,-0.8286
21.31122,-0.8565
21.32121,-0.9328
21.33119,-1.0082
21.34118,-1.1128
21.35116,-1.307
21.36115,-1.4698
21.37113,-1.6492
21.38112,-1.815
21.39112,-1.9258
21.40112,-2.0247
21.41113,-2.1106
21.42114,-2.1933
21.43115,-2.257
21.44116,-2.3085
21.45116,-2.3643
21.46117,-2.4558
21.47118,-2.497
21.48119,-2.5153
21.4912,-2.4959
21.5012,-2.4026
21.51121,-2.2781
21.52119,-2.124
21.53116,-1.9323
21.54113,-1.7198
21.5511,-1.5125
21.56108,-1.2446
21.57105,-0.8713
21.58102,-0.2861
21.59099,0.4014
21.60096,0.9473
21.61094,1.5587
21.62091,2.0613
21.63088,2.5371
21.64088,2.9207
21.65088,2.5772
21.66088,2.7283
21.67088,3.5586
21.68088,4.3628
21.69088,4.6904
21.70088,4.9127
21.71088,4.9693
21.72088,4.9329
21.73088,4.8032
21.74088,4.745
21.75088,4.7592
21.76088,4.6691
21.77086,4.5034
21.78085,4.2908
21.79083,4.0718
21.80081,3.882
21.8108,3.7556
21.82078,3.6405
21.83076,3.4834
21.84075,3.3089
21.85073,3.1493
21.86071,3.0034
21.8707,2.798
21.88068,2.5234
21.89073,2.1792
21.90084,1.8286
21.91094,1.5418
21.92105,1.2967
21.93115,1.1076
21.94126,0.9409
21.95136,0.795
21.96147,0.6663
21.97158,0.5441
21.98168,0.4103
21.99179,0.258
22.00189,0.113
22.012,-0.0709
22.02202,-0.1825
22.03202,-0.2838
22.04202,-0.3603
22.05202,-0.4772
22.06202,-0.6167
22.07202,-0.7328
22.08201,-0.8109
22.09201,-0.8959
22.10201,-0.9401
22.11201,-0.9467
22.12201,-0.9383
22.13201,-0.8817
22.14201,-0.7714
22.15201,-0.6537
22.162,-0.5003
22.172,-0.3497
22.182,-0.2117
22.19199,-0.0967
22.20199,-0.0149
22.21198,0.036
22.22198,0.0663
22.23198,0.1833
22.24197,0.4446
22.25197,0.7622
22.26196,1.4264
22.27196,2.1046
22.28195,2.604
22.29195,2.9741
22.30194,2.7561
22.31194,2.9241
22.32193,3.2972
22.33192,3.8601
22.34192,4.2316
22.35191,4.5097
22.36191,4.7928
22.3719,5.1672
22.3819,5.1638
22.3919,4.8745
22.40191,5.103
22.41192,4.8214
22.42192,4.8503
22.43193,4.9904
22.44194,5.0477
22.45195,5.0221
22.46196,4.9548
22.47197,4.8513
22.48197,4.687
22.49198,4.424
22.50199,4.2112
22.512,3.9282
22.52199,3.7527
22.53198,3.6326
22.54197,3.4377
22.55196,3.0837
22.56195,2.7531
22.57194,2.4891
22.58193,2.3149
22.59192,2.1413
22.60191,1.9358
22.6119,1.7199
22.62189,1.5533
22.63188,1.3992
22.64186,1.2011
22.65182,0.9814
22.66178,0.6348
22.67174,0.3163
22.6817,0.0025
22.69166,-0.2763
22.70162,-0.6519
22.71158,-1.0616
22.72154,-1.4634
22.7315,-1.8438
22.74146,-2.1639
22.75142,-2.4099
22.76138,-2.5945
22.77144,-2.7571
22.7815,-2.8933
22.79155,-3.0133
22.80161,-3.0514
22.81166,-3.1299
22.82172,-3.1198
22.83178,-3.1782
22.84184,-3.273
22.85189,-3.3269
22.86195,-3.4802
22.872,-3.67
22.88206,-3.9338
22.89213,-4.0265
22.90217,-4.1531
22.91221,-4.3273
22.92225,-4.4317
22.9323,-4.5326
22.94234,-4.6316
22.95238,-4.7783
22.96242,-4.8915
22.97247,-4.931
22.98251,-4.9513
22.99255,-4.9706
23.00259,-5.0041
23.01263,-5.0602
23.02265,-5.13
23.03266,-5.1654
23.04267,-5.1864
23.05268,-5.2087
23.06269,-5.2117
23.07271,-5.2073
23.08272,-5.23
23.09273,-5.2427
23.10274,-5.2316
23.11275,-5.2206
23.12276,-5.1997
23.13278,-5.1781
23.14277,-5.3593
23.15274,-5.3731
23.16271,-5.385
23.17268,-5.4093
23.18265,-5.4295
23.19262,-5.4421
23.20259,-5.4453
23.21256,-5.4338
23.22252,-5.3967
23.23249,-5.3547
23.24246,-5.3025
23.25243,-5.2555
23.2624,-5.2196
23.27242,-5.1803
23.28241,-5.1806
23.2924,-5.1961
23.3024,-5.2011
23.31239,-5.1893
23.32239,-5.1565
23.33238,-5.1559
23.34238,-5.1653
23.35237,-5.1798
23.36237,-5.2129
23.37236,-5.2041
23.38236,-5.1429
23.39237,-5.1163
23.40239,-5.102
23.41241,-5.1067
23.42243,-5.0885
23.43245,-5.0325
23.44247,-4.9489
23.45249,-4.8401
23.46251,-4.7489
23.47253,-4.6829
23.48255,-4.599
23.49257,-4.4658
23.50259,-4.2943
23.51262,-4.1231
23.52258,-3.9705
23.53255,-3.8432
23.54251,-3.6878
23.55248,-3.4897
23.56244,-3.2509
23.5724,-2.9917
23.58237,-2.6747
23.59233,-2.3143
23.6023,-1.9663
23.61226,-1.7549
23.62223,-1.3815
23.63219,-0.9031
23.64222,-0.7393
23.65232,-0.2796
23.66242,0.104
23.67252,0.6941
23.68262,1.1657
23.69271,1.3823
23.70281,1.5848
23.71291,1.7163
23.72301,1.8031
23.73311,1.7972
23.74321,1.821
23.75331,1.9423
23.7634,2.1609
23.77331,2.5
23.7832,2.8867
23.7931,3.182
23.803,3.3616
23.8129,3.4576
23.8228,3.4593
23.8327,3.4003
23.84259,3.2649
23.85249,3.088
23.86239,3.0034
23.87229,3.0856
23.88218,3.2847
23.89214,3.5235
23.90216,3.552
23.91217,3.5884
23.92219,3.2815
23.93221,2.8284
23.94222,2.8536
23.95224,2.9756
23.96225,3.0071
23.97227,3.0332
23.98228,3.0302
23.9923,2.9647
24.00231,2.8102
24.01233,2.5414
24.02231,2.2298
24.03229,1.8833
24.04226,1.4675
24.05224,0.956
24.06222,0.4387
24.0722,-0.0926
24.08217,-0.5747
24.09215,-0.9836
24.10213,-1.3114
24.11211,-1.5667
24.12208,-1.8177
24.13206,-2.0795
24.14213,-2.355
24.1523,-2.6341
24.16246,-2.8484
24.17263,-2.9852
24.18279,-3.1243
24.19296,-3.2484
24.20312,-3.3779
24.21329,-3.4737
24.22345,-3.56
24.23362,-3.6516
24.24378,-3.7729
24.25395,-3.8794
24.26411,-3.9468
24.27408,-4.0284
24.28404,-4.087
24.294,-4.1466
24.30397,-4.1737
24.31393,-4.1816
24.32389,-4.2459
24.33386,-4.2661
24.34382,-4.3442
24.35378,-4.4127
24.36375,-4.4867
24.37371,-4.4917
24.38367,-4.416
24.39365,-4.2964
24.4036,-4.161
24.41355,-4.0209
24.4235,-3.8985
24.43344,-3.7927
24.44339,-3.7188
24.45334,-3.6356
24.46329,-3.4971
24.47323,-3.2443
24.48318,-3.2292
24.49313,-2.8007
24.50308,-2.7798
24.51302,-2.3071
24.52305,-2.0576
24.53308,-1.5759
24.54311,-1.0506
24.55314,-0.5701
24.56316,-1.2492
24.57319,-1.0244
24.58322,-0.5799
24.59325,-0.3458
24.60328,-0.2447
24.6133,-0.0385
24.62333,0.2904
24.63336,0.578
24.64337,0.8554
24.65336,1.0622
24.66335,1.0669
24.67333,0.9805
24.68332,1.4074
24.69331,1.4731
24.7033,1.5517
24.71329,1.5597
24.72328,1.5095
24.73326,1.3802
24.74325,1.2011
24.75324,1.0523
24.76323,0.93
24.77323,0.7986
24.78322,0.6266
24.79322,0.4437
24.80321,0.2449
24.81321,0.0914
24.8232,-0.0482
24.8332,-0.181
24.84319,-0.3076
24.85319,-0.4721
24.86318,-0.6795
24.87318,-0.9225
24.88317,-1.1821
24.89318,-1.4669
24.90318,-1.7099
24.91318,-1.905
24.92318,-2.0761
24.93318,-2.2032
24.94318,-2.3571
24.95319,-2.4715
24.96319,-2.5231
24.97319,-2.6151
24.98319,-2.673
24.99319,-2.8353
25.00319,-2.9217
25.0132,-2.9672
25.02317,-3.0287
25.03314,-3.0491
25.04312,-3.0668
25.05309,-3.0442
25.06306,-3.0894
25.07303,-3.1309
25.083,-3.1689
25.09298,-3.2053
25.10295,-3.2446
25.11292,-3.2537
25.12289,-3.2322
25.13286,-3.1725
25.14286,-3.1183
25.15289,-3.0878
25.16291,-3.0906
25.17293,-3.1071
25.18295,-3.1412
25.19297,-3.1597
25.203,-3.095
25.21302,-3.0246
25.22304,-2.9582
25.23306,-2.9207
25.24309,-2.8889
25.25311,-2.8537
25.26313,-2.8003
25.27321,-2.7662
25.28328,-2.7442
25.29335,-2.6892
25.30342,-2.6085
25.3135,-2.4782
25.32357,-2.3387
25.33364,-2.2312
25.34372,-2.153
25.35379,-2.0537
25.36386,-1.9049
25.37394,-1.6932
25.38401,-1.5108
25.39403,-1.4059
25.404,-1.3548
25.41397,-1.3132
25.42394,-1.2683
25.43391,-1.2394
25.44388,-1.2393
25.45385,-1.2977
25.46382,-1.3976
25.47378,-1.5028
25.48375,-1.5928
25.49372,-1.6534
25.50369,-1.7143
25.51366,-1.816
25.52369,-1.9469
25.53371,-2.0755
25.54373,-2.1853
25.55375,-2.2492
25.56378,-2.2407
25.5738,-2.1827
25.58382,-2.1034
25.59384,-2.0061
25.60386,-1.9302
25.61389,-1.8594
25.62391,-1.764
25.63393,-1.6533
25.64393,-1.5027
25.65389,-1.3343
25.66385,-1.1259
25.67382,-0.8565
25.68378,-0.4933
25.69374,-0.0441
25.70371,0.4592
25.71367,0.7645
25.72364,1.1459
25.7336,1.5731
25.74356,1.8906
25.75353,2.2727
25.76349,2.0929
25.77351,2.5414
25.78353,2.8333
25.79355,3.0066
25.80357,3.3144
25.81359,3.4605
25.82361,3.6607
25.83363,3.986
25.84365,4.2985
25.85367,4.5509
25.86369,4.7156
25.87371,4.7076
25.88373,4.7952
25.89373,5.0002
25.90371,5.1959
25.91368,5.3504
25.92366,5.4421
25.93363,5.5209
25.94361,5.5194
25.95358,5.5235
25.96356,5.6013
25.97353,5.6938
25.98351,5.8442
25.99348,5.9816
26.00346,6.1509
26.01343,6.2773
26.02342,6.2974
26.03341,6.1628
26.0434,5.9118
26.05339,5.6397
26.06338,5.3425
26.07337,5.0297
26.08335,4.7233
26.09334,4.444
26.10333,4.2088
26.11332,3.958
26.12331,3.6554
26.1333,3.3333
26.14332,3.0435
26.15336,2.808
26.1634,2.5956
26.17345,2.3883
26.18349,2.1713
26.19353,1.8951
26.20358,1.6236
26.21362,1.3142
26.22366,1.0375
26.23371,0.7853
26.24375,0.5775
26.25379,0.328
26.26383,0.1338
26.27382,-0.0653
26.28381,-0.2265
26.2938,-0.3546
26.30379,-0.4547
26.31378,-0.4805
26.32377,-0.5482
26.33376,-0.6358
26.34375,-0.7895
26.35373,-0.9332
26.36372,-1.1039
26.37371,-1.1459
26.3837,-1.1595
26.39374,-1.1797
26.40382,-1.169
26.4139,-1.1956
26.42398,-1.2152
26.43406,-1.3306
26.44414,-1.39
26.45422,-1.4874
26.4643,-1.5888
26.47438,-1.5853
26.48446,-1.609
26.49454,-1.62
26.50462,-1.5866
26.5147,-1.6351
26.5247,-1.5974
26.5347,-1.5126
26.54471,-1.4355
26.55471,-1.2844
26.56471,-1.024
26.57471,-0.7888
26.58472,-0.6019
26.59472,-0.4894
26.60472,-0.4415
26.61473,-0.4408
26.62473,-0.4299
26.63473,-0.3815
26.64473,-0.2721
26.65472,-0.0765
26.66471,0.1788
26.6747,0.7181
26.68469,1.2736
26.69468,1.7005
26.70467,1.8471
26.71466,1.9362
26.72465,2.0413
26.73464,2.1262
26.74463,2.2478
26.75462,2.4214
26.76461,2.5769
26.77465,2.6742
26.78469,2.6731
26.79472,2.5934
26.80476,2.4584
26.81479,2.3461
26.82483,2.2162
26.83486,2.1738
26.8449,2.0824
26.85493,2.01
26.86497,1.9628
26.875,1.979
26.88504,1.9838
26.89504,1.9792
26.90502,1.996
26.91499,1.9371
26.92497,1.7337
26.93494,1.3594
26.94492,0.8196
26.95489,0.1522
26.96487,-0.5216
26.97484,-1.1286
26.98482,-1.5967
26.99479,-1.8812
27.00476,-2.0701
27.01474,-2.2587
27.02473,-2.4644
27.03471,-2.6391
27.04468,-2.7736
27.05466,-2.8618
27.06464,-2.9282
27.07461,-2.9646
27.08459,-2.9919
27.09456,-3.0274
27.10454,-3.0534
27.11451,-3.0233
27.12449,-2.9748
27.13446,-2.9077
27.14446,-2.8163
27.15446,-2.6777
27.16446,-2.489
27.17447,-2.3083
27.18447,-2.1585
27.19448,-1.8629
27.20448,-1.0938
27.21449,-0.5082
27.22449,-0.2057
27.2345,0.0504
27.2445,0.3861
27.25451,0.8818
27.26451,1.3845
27.27448,1.7223
27.28444,1.6873
27.29441,1.9405
27.30437,2.1545
27.31433,2.2783
27.3243,2.4089
27.33426,2.5177
27.34423,2.7165
27.35419,2.7519
27.36416,3.2707
27.37412,3.8101
27.38409,4.2078
27.39412,4.7459
27.40422,4.5929
27.41432,4.5262
27.42442,4.8135
27.43452,4.9046
27.44462,5.1331
27.45472,5.4041
27.46482,5.6685
27.47492,5.8337
27.48503,5.9234
27.49512,5.8489
27.50523,5.681
27.51533,5.466
27.52532,5.2303
27.53532,4.9347
27.54531,4.6074
27.55531,4.2253
27.5653,3.8118
27.5753,3.425
27.58529,3.081
27.59529,2.7867
27.60529,2.482
27.61528,2.171
27.62527,1.8757
27.63527,1.5939
27.64527,1.3184
27.65527,1.0668
27.66526,0.7744
27.67526,0.4816
27.68525,0.1656
27.69525,-0.123
27.70524,-0.4193
27.71523,-0.6644
27.72523,-0.8854
27.73522,-0.9847
27.74522,-1.1971
27.75521,-1.2522
27.76521,-1.4203
27.77521,-1.5211
27.78522,-1.6809
27.79522,-1.7793
27.80522,-1.8627
27.81522,-1.9034
27.82523,-1.8604
27.83523,-1.7301
27.84523,-1.5907
27.85523,-1.4765
27.86524,-1.3533
27.87524,-1.1991
27.88524,-0.9592
27.89524,-0.6677
27.90523,-0.374
27.91522,-0.0643
27.92521,0.2595
27.9352,0.8192
27.94519,1.1282
27.95518,1.6311
27.96516,2.1862
27.97515,2.4638
27.98514,1.6621
27.99513,1.9087
28.00512,2.185
28.01511,2.4877
28.02513,2.7771
28.03513,2.7901
28.04513,2.7654
28.05513,3.1059
28.06513,3.2682
28.07514,3.2802
28.08514,3.2095
28.09514,3.1678
28.10514,3.1575
28.11514,3.0414
28.12514,2.7982
28.13514,2.5526
28.14514,2.3436
28.15514,2.1966
28.16513,2.0831
28.17512,1.9807
28.18512,1.8597
28.19511,1.7044
28.2051,1.5261
28.2151,1.3599
28.22509,1.1406
28.23508,0.8733
28.24508,0.5864
28.25507,0.2581
28.26507,-0.0459
28.27506,-0.2695
28.28505,-0.4328
28.29505,-0.5606
28.30504,-0.7033
28.31503,-0.8728
28.32502,-1.0286
28.33501,-1.2269
28.345,-1.3963
28.35499,-1.5321
28.36498,-1.6969
28.37497,-1.8566
28.38496,-2.0055
28.39495,-2.2336
28.40493,-2.4126
28.4149,-2.5726
28.42488,-2.7148
28.43486,-2.8104
28.44484,-2.9566
28.45481,-3.08
28.46479,-3.1558
28.47477,-3.2143
28.48475,-3.2437
28.49472,-3.2758
28.5047,-3.3078
28.51468,-3.3252
28.52479,-3.3418
28.5349,-3.3231
28.54501,-3.3111
28.55511,-3.3065
28.56522,-3.2657
28.57533,-3.1898
28.58544,-3.0912
28.59555,-2.9772
28.60566,-2.8405
28.61576,-2.7148
28.62587,-2.6263
28.63598,-2.5871
28.64602,-2.5734
28.65599,-2.5781
28.66596,-2.5603
28.67593,-2.4841
28.6859,-2.1864
28.69586,-1.7147
28.70583,-1.2636
28.7158,-0.8688
28.72577,-0.6294
28.73574,-0.4818
28.7457,-0.3865
28.75567,-0.2796
28.76564,-0.0735
28.77564,0.0704
28.78563,0.1522
28.79562,0.2366
28.80561,0.2551
28.8156,0.1672
28.82559,0.0018
28.83558,-0.2463
28.84556,-0.4314
28.85555,-0.5665
28.86554,-0.684
28.87553,-0.8217
28.88552,-0.9725
28.89552,-1.1291
28.90551,-1.3592
28.9155,-1.7284
28.92549,-2.1604
28.93548,-2.6129
28.94547,-2.9849
28.95546,-3.264
28.96545,-3.442
28.97544,-3.5639
28.98543,-3.6623
28.99542,-3.7214
29.00541,-3.7625
29.0154,-3.7757
29.02542,-3.783
29.03544,-3.7748
29.04546,-3.7388
29.05548,-3.669
29.0655,-3.6068
29.07552,-3.5556
29.08554,-3.5423
29.09556,-3.5735
29.10558,-3.6211
29.1156,-3.6741
29.12562,-3.7182
29.13564,-3.7349
29.14565,-3.7955
29.15564,-3.8523
29.16563,-3.8276
29.17562,-3.6042
29.18561,-3.438
29.1956,-3.3897
29.20559,-3.4354
29.21558,-3.5109
29.22557,-3.5653
29.23556,-3.6017
29.24555,-3.6241
29.25554,-3.6198
29.26554,-3.5801
29.27555,-3.4764
29.28556,-3.3369
29.29557,-3.1388
29.30558,-2.9087
29.31559,-2.6542
29.3256,-2.5049
29.33561,-2.3641
29.34562,-2.3361
29.35563,-2.031
29.36564,-1.5075
29.37565,-0.8578
29.38566,-0.1956
29.39566,0.4046
29.40566,0.9064
29.41566,1.2703
29.42566,1.4461
29.43565,1.3876
29.44565,1.2778
29.45565,1.1095
29.46564,0.9023
29.47564,0.7312
29.48564,0.5975
29.49563,0.4972
29.50563,0.3764
29.51563,0.2237
29.52563,0.0839
29.53562,-0.0351
29.54562,-0.1043
29.55562,-0.1541
29.56561,-0.1952
29.57561,-0.261
29.58561,-0.4042
29.5956,-0.5756
29.6056,-0.7229
29.6156,-0.8281
29.62559,-0.8994
29.63559,-0.9363
29.64563,-1.0261
29.6557,-1.1718
29.66577,-1.3342
29.67585,-1.5105
29.68592,-1.684
29.696,-1.8654
29.70607,-1.9862
29.71614,-2.0401
29.72622,-2.157
29.73629,-2.3801
29.74636,-2.6505
29.75644,-2.8281
29.76651,-3.052
29.77652,-3.2517
29.78652,-3.4612
29.79652,-3.6186
29.80652,-3.7389
29.81653,-3.7781
29.82653,-3.9405
29.83653,-4.1142
29.84653,-4.1879
29.85653,-4.3143
29.86654,-4.4046
29.87654,-4.4421
29.88654,-4.4441
29.89654,-4.3678
29.90654,-4.3158
29.91654,-4.2218
29.92653,-4.1324
29.93653,-4.047
29.94653,-3.9488
29.95652,-3.8684
29.96652,-3.7561
29.97652,-3.5927
29.98651,-3.4144
29.99651,-3.23
30.00651,-3.0212
30.0165,-2.8328
30.0265,-2.7339
30.0365,-2.698
30.0465,-2.6658
30.0565,-2.5685
30.0665,-2.5166
30.0765,-2.434
30.0865,-2.429
30.0965,-2.4797
30.1065,-2.5089
30.1165,-2.5398
30.1265,-2.6031
30.1365,-2.7208
30.14651,-2.878
30.1565,-3.0408
30.1665,-3.2072
30.1765,-3.3712
30.1865,-3.491
30.1965,-3.5606
30.2065,-3.5906
30.2165,-3.6047
30.22649,-3.6336
30.23649,-3.6625
30.24649,-3.709
30.25649,-3.7424
30.26649,-3.7958
30.27649,-3.8401
30.28648,-3.8579
30.29648,-3.8396
30.30647,-3.816
30.31647,-3.7795
30.32647,-3.7302
30.33646,-3.6976
30.34646,-3.6716
30.35646,-3.6658
30.36645,-3.6432
30.37645,-3.6144
30.38645,-3.5682
30.39644,-3.5121
30.40644,-3.4297
30.41643,-3.3515
30.42643,-3.2855
30.43642,-3.2618
30.44641,-3.1479
30.45641,-3.0423
30.4664,-3.029
30.4764,-3.0781
30.48639,-3.1867
30.49639,-3.2896
30.50638,-3.3675
30.51637,-3.4678
30.52636,-3.5926
30.53634,-3.7712
30.54632,-3.981
30.5563,-4.1832
30.56628,-4.3414
30.57626,-4.4496
30.58624,-4.4896
30.59622,-4.5151
30.6062,-4.528
30.61618,-4.5068
30.62616,-4.5431
30.63614,-4.5796
30.64613,-4.6212
30.65611,-4.665
30.6661,-4.6931
30.67608,-4.7007
30.68607,-4.7097
30.69606,-4.6822
30.70604,-4.6549
30.71603,-4.6429
30.72602,-4.5728
30.736,-4.4998
30.74599,-4.4368
30.75597,-4.3711
30.76596,-4.3085
30.77609,-4.2313
30.78623,-4.1468
30.79636,-4.0636
30.80649,-3.9605
30.81662,-3.8563
30.82675,-3.7686
30.83688,-3.7069
30.84701,-3.6677
30.85715,-3.6081
30.86728,-3.5253
30.87741,-3.4201
30.88754,-3.4532
30.8976,-3.4663
30.90758,-3.3715
30.91756,-3.3066
30.92754,-3.2105
30.93752,-3.1539
30.94749,-2.9741
30.95748,-2.7532
30.96745,-2.5839
30.97743,-2.7306
30.98741,-2.3957
30.99739,-2.2141
31.00737,-1.9478
31.01735,-1.6275
31.02739,-1.359
31.03742,-1.1537
31.04745,-1.1203
31.05748,-1.0101
31.0675,-1.0024
31.07754,-1.2254
31.08756,-1.1589
31.09759,-1.0645
31.10762,-0.912
31.11765,-0.7718
31.12768,-0.6123
31.13771,-0.5236
31.1477,-0.4466
31.15765,-0.4011
31.1676,-0.3234
31.17755,-0.2494
31.18749,-0.2135
31.19744,-0.1279
31.20739,0.0003
31.21734,0.1964
31.22729,0.3594
31.23723,0.5062
31.24718,0.4712
31.25713,0.4988
31.26708,0.532
31.27712,0.5657
31.28717,0.5845
31.29721,0.5409
31.30725,0.613
31.31729,0.7153
31.32734,0.7914
31.33738,0.8799
31.34742,0.939
31.35746,0.9573
31.3675,0.9629
31.37755,0.9522
31.38759,0.9715
31.39759,1.0219
31.40755,1.1316
31.41751,1.2661
31.42748,1.3767
31.43744,1.414
31.4474,1.4205
31.45736,1.4163
31.46732,1.4159
31.47728,1.3808
31.48724,1.3213
31.4972,1.2802
31.50717,1.2698
31.51713,1.2874
31.52718,1.3257
31.53724,1.3458
31.54729,1.3258
31.55735,1.2889
31.56741,1.3048
31.57746,1.3291
31.58752,1.3401
31.59758,1.3413
31.60763,1.3033
31.61769,1.2791
31.62774,1.2162
31.6378,1.0134
31.64779,1.0134
31.6577,1.149
31.66761,1.2008
31.67752,1.1952
31.68743,1.1444
31.69733,1.0656
31.70724,0.9091
31.71715,0.6865
31.72706,0.4139
31.73697,0.1421
31.74688,-0.0753
31.75679,-0.2612
31.7667,-0.3866
31.77678,-0.4707
31.78685,-0.5352
31.79692,-0.6195
31.80699,-0.7203
31.81706,-0.8454
31.82714,-0.9604
31.83721,-1.1201
31.84728,-1.2649
31.85735,-1.4077
31.86742,-1.4852
31.8775,-1.5294
31.88757,-1.5676
31.89765,-1.6537
31.90775,-1.7574
31.91784,-1.8982
31.92793,-1.9705
31.93802,-2.037
31.94812,-2.0713
31.95821,-2.095
31.9683,-2.1524
31.97839,-2.2425
31.98849,-2.3607
31.99858,-2.4608
32.00867,-2.5136
32.01876,-2.5728
32.02871,-2.6612
32.03866,-2.7027
32.04861,-2.7923
32.05855,-2.895
32.0685,-3.0255
32.07844,-3.1308
32.08839,-3.2512
32.09834,-3.3645
32.10828,-3.475
32.11823,-3.5518
32.12817,-3.6314
32.13811,-3.7026
32.14811,-3.7928
32.15815,-3.8518
32.16819,-3.9231
32.17823,-3.9682
32.18827,-3.973
32.19831,-4.0364
32.20835,-4.0364
32.21838,-4.0161
32.22842,-4.0451
32.23846,-4.1386
32.2485,-4.1958
32.25854,-4.2782
32.26858,-4.41
32.27856,-4.4879
32.28853,-4.5428
32.29849,-4.5878
32.30845,-4.5757
32.31841,-4.5422
32.32837,-4.514
32.33834,-4.5117
32.3483,-4.5436
32.35826,-4.5627
32.36822,-4.5527
32.37819,-4.5481
32.38815,-4.5274
32.39814,-4.494
32.40813,-4.4781
32.41813,-4.4712
32.42813,-4.4884
32.43813,-4.4998
32.44813,-4.4951
32.45813,-4.4982
32.46812,-4.4952
32.47812,-4.4841
32.48812,-4.4413
32.49812,-4.3894
32.50812,-4.3055
32.51812,-4.2073
32.52817,-4.1493
32.53822,-4.1378
32.54827,-4.1847
32.55832,-4.2476
32.56837,-4.3084
32.57842,-4.3405
32.58847,-4.3534
32.59852,-4.3361
32.60857,-4.2916
32.61862,-4.2202
32.62867,-4.1577
32.63873,-4.0744
32.6487,-4.0318
32.6586,-4.0042
32.66849,-3.9904
32.67838,-3.9648
32.68828,-3.9223
32.69817,-3.8893
32.70807,-3.8473
32.71796,-3.8203
32.72785,-3.8106
32.73774,-3.8159
32.74764,-3.8432
32.75753,-3.8855
32.76743,-3.9402
32.77745,-3.9875
32.78747,-4.0179
32.79749,-4.0299
32.8075,-4.0118
32.81752,-4.0067
32.82754,-4.0486
32.83755,-4.1318
32.84757,-4.2336
32.85759,-4.267
32.86761,-4.2497
32.87763,-4.1874
32.88765,-4.1112
32.8977,-4.0626
32.90777,-4.0431
32.91785,-4.0658
32.92793,-4.1125
32.938,-4.1846
32.94808,-4.2394
32.95815,-4.2758
32.96823,-4.2994
32.97831,-4.2701
32.98838,-4.2347
32.99846,-4.1806
33.00854,-4.1491
33.01861,-4.1475
33.02864,-4.1806
33.03866,-4.2004
33.04868,-4.2057
33.0587,-4.1995
33.06872,-4.1828
33.07874,-4.1606
33.08876,-4.1087
33.09879,-4.0972
33.10881,-4.1387
33.11883,-4.1871
33.12885,-4.1435
33.13887,-4.1398
33.14886,-4.1478
33.15883,-4.1408
33.16879,-4.1225
33.17876,-4.0239
33.18872,-3.9644
33.19868,-3.8586
33.20865,-3.7491
33.21862,-3.6444
33.22858,-3.5491
33.23854,-3.4967
33.24851,-3.4432
33.25847,-3.3658
33.26844,-3.285
33.27845,-3.2347
33.28846,-3.1755
33.29847,-3.1467
33.30848,-3.11
33.31849,-3.0379
33.3285,-2.9614
33.33852,-2.8571
33.34853,-2.7428
33.35854,-2.6628
33.36855,-2.6082
33.37856,-2.5504
33.38857,-2.4585
33.39858,-2.3047
33.40858,-2.115
33.41858,-1.9176
33.42858,-1.7386
33.43858,-1.577
33.44858,-1.5054
33.45858,-1.7456
33.46857,-1.9745
33.47858,-1.5713
33.48857,-1.1644
33.49857,-0.9025
33.50858,-0.7273
33.51857,-0.6318
33.52857,-0.548
33.53857,-0.5691
33.54857,-0.6679
33.55856,-0.7672
33.56856,-0.8299
33.57856,-0.8725
33.58856,-0.874
33.59856,-0.8333
33.60855,-0.7608
33.61855,-0.6852
33.62855,-0.6076
33.63855,-0.5469
33.64855,-0.4632
33.65854,-0.3505
33.66854,-0.2106
33.67853,-0.0909
33.68852,-0.0055
33.69851,0.0731
33.7085,0.1515
33.7185,0.2532
33.72849,0.3526
33.73848,0.4733
33.74847,0.5932
33.75847,0.7016
33.76846,0.7991
33.77846,0.8737
33.78846,0.9562
33.79846,1.0226
33.80846,1.0451
33.81846,1.0542
33.82846,1.0786
33.83846,1.0895
33.84846,1.1151
33.85846,1.1409
33.86846,1.1771
33.87846,1.1839
33.88846,1.1687
33.89845,1.1585
33.90841,1.1318
33.91838,1.1047
33.92835,1.0835
33.93832,1.0279
33.94829,0.9577
33.95826,0.8827
33.96822,0.8041
33.97819,0.7159
33.98816,0.6194
33.99813,0.4322
34.00809,0.1422
34.01806,-0.2272
34.02815,-0.6181
34.03823,-1.0865
34.0483,-1.6056
34.05837,-2.2402
34.06845,-2.8509
34.07852,-3.3526
34.08859,-3.7449
34.09867,-4.0825
34.10874,-4.386
34.11881,-4.6416
34.12889,-4.8616
34.13896,-5.0659
34.14902,-5.1126
34.15905,-5.1932
34.16908,-5.252
34.17912,-5.3315
34.18915,-5.3745
34.19918,-5.396
34.20921,-5.3862
34.21924,-5.4035
34.22927,-5.3316
34.23931,-5.324
34.24934,-5.3633
34.25937,-5.3394
34.26941,-5.3553
34.2794,-5.4301
34.28938,-5.3579
34.29936,-5.3918
34.30934,-5.3896
34.31932,-5.4039
34.3293,-5.4498
34.33928,-5.5067
34.34927,-5.564
34.35925,-5.5858
34.36923,-5.6148
34.37921,-5.6384
34.38919,-5.6502
34.39922,-5.6506
34.40924,-5.6418
34.41928,-5.6493
34.42931,-5.6481
34.43934,-5.6593
34.44937,-5.6921
34.4594,-5.6976
34.46943,-5.6931
34.47947,-5.6695
34.48949,-5.6337
34.49953,-5.5864
34.50956,-5.5484
34.51959,-5.4981
34.52958,-5.4386
34.53958,-5.3854
34.54957,-5.3792
34.55956,-5.3682
34.56955,-5.358
34.57955,-5.3356
34.58954,-5.3395
34.59953,-5.3168
34.60953,-5.2917
34.61952,-5.2928
34.62951,-5.2772
34.6395,-5.2329
34.64949,-5.2084
34.65944,-5.1915
34.6694,-5.1555
34.67936,-5.0854
34.68931,-4.9982
34.69927,-4.9248
34.70923,-4.8801
34.71918,-4.8458
34.72914,-4.8034
34.7391,-4.7538
34.74906,-4.7192
34.75901,-4.692
34.76897,-4.6992
34.77898,-4.7043
34.789,-4.7253
34.79901,-4.7407
34.80902,-4.7586
34.81904,-4.7505
34.82905,-4.7345
34.83907,-4.7485
34.84908,-4.7574
34.85909,-4.7822
34.86911,-4.7952
34.87912,-4.788
34.88913,-4.806
34.89914,-4.8081
34.90915,-4.8456
34.91915,-4.9043
34.92915,-4.9539
34.93916,-4.9664
34.94916,-4.9485
34.95916,-4.9019
34.96917,-4.8921
34.97917,-4.9048
34.98918,-4.8997
34.99918,-4.8915
35.00919,-4.8645
35.01919,-4.8369
35.02914,-4.7929
35.0391,-4.7546
35.04906,-4.7003
35.05901,-4.6613
35.06897,-4.6195
35.07892,-4.5859
35.08888,-4.5643
35.09883,-4.5585
35.10879,-4.5418
35.11875,-4.5214
35.1287,-4.5026
35.13866,-4.4191
35.14864,-4.305
35.15865,-4.2163
35.16865,-4.1592
35.17866,-4.0935
35.18866,-3.9945
35.19867,-3.8648
35.20867,-3.7612
35.21868,-3.6973
35.22868,-3.6415
35.23869,-3.5373
35.24869,-3.4366
35.2587,-3.2918
35.2687,-3.1454
35.27887,-3.0311
35.28902,-2.9404
35.29918,-2.8447
35.30933,-2.7655
35.31948,-2.7005
35.32962,-2.663
35.33978,-2.6214
35.34993,-2.5634
35.36008,-2.4907
35.37023,-2.4365
35.38038,-2.4149
35.39053,-2.3863
35.4006,-2.3559
35.4106,-2.3643
35.42059,-2.3706
35.43059,-2.4034
35.44059,-2.4095
35.45058,-2.3727
35.46058,-2.2916
35.47057,-2.202
35.48057,-2.1138
35.49056,-2.0486
35.50056,-1.9953
35.51056,-1.9062
35.52055,-1.7623
35.53053,-1.5977
35.5405,-1.4669
35.55048,-1.3749
35.56045,-1.3187
35.57043,-1.2523
35.5804,-1.199
35.59038,-1.1392
35.60035,-1.0756
35.61033,-0.9712
35.6203,-0.845
35.63028,-0.7251
35.64025,-0.6458
35.65023,-0.589
35.66019,-0.5683
35.67015,-0.5431
35.68012,-0.5013
35.69008,-0.5398
35.70005,-1.5563
35.71001,-1.2321
35.71997,-0.3748
35.72994,0.1016
35.7399,0.2986
35.74986,0.3403
35.75983,0.283
35.76979,0.085
35.77981,-2.4067
35.78981,-2.2926
35.79981,-2.1407
35.80981,-2.3038
35.81981,-2.1386
35.8298,-1.7561
35.8398,-1.5259
35.8498,-1.3252
35.8598,-1.2471
35.8698,-1.323
35.8798,-1.4112
35.8898,-1.6282
35.89983,-1.8426
35.90989,-1.9981
35.91994,-2.1232
35.93,-2.2222
35.94006,-2.3371
35.95012,-2.4889
35.96017,-2.6727
35.97023,-2.8716
35.98029,-3.061
35.99035,-3.1662
36.00041,-3.2225
36.01046,-3.2445
36.02052,-3.2613
36.03049,-3.2892
36.04046,-3.327
36.05043,-3.3975
36.0604,-3.4437
36.07037,-3.4324
36.08033,-3.3916
36.0903,-3.2992
36.10027,-3.171
36.11024,-3.0579
36.1202,-2.9655
36.13017,-2.8972
36.14014,-2.8072
36.15009,-2.702
36.16002,-2.6044
36.16995,-2.513
36.17987,-2.4603
36.1898,-2.452
36.19973,-2.4945
36.20966,-2.6015
36.21959,-2.7539
36.22952,-2.9288
36.23944,-3.0874
36.24937,-3.2008
36.2593,-3.2899
36.26923,-3.342
36.27931,-3.4299
36.28939,-3.5474
36.29947,-3.6843
36.30955,-3.8083
36.31963,-3.9156
36.32971,-3.9614
36.33979,-3.9579
36.34987,-3.8971
36.35995,-3.8063
36.37003,-3.6977
36.38011,-3.6056
36.39019,-3.5332
36.40026,-3.4823
36.41032,-3.4245
36.42038,-3.404
36.43044,-3.3955
36.44049,-3.4013
36.45055,-3.3809
36.46061,-3.3722
36.47067,-3.3392
36.48073,-3.3117
36.49079,-3.3455
36.50084,-3.3789
36.5109,-3.3938
36.52096,-3.3841
36.53092,-3.3648
36.54086,-3.4193
36.5508,-3.5082
36.56074,-3.585
36.57068,-3.6539
36.58062,-3.7296
36.59057,-3.8109
36.60051,-3.9178
36.61045,-3.9958
36.62039,-4.0624
36.63033,-4.117
36.64027,-4.2451
36.65026,-4.3653
36.66027,-4.4788
36.67029,-4.5746
36.68031,-4.6269
36.69032,-4.7074
36.70034,-4.6385
36.71036,-4.6604
36.72037,-4.7341
36.73039,-4.8168
36.74041,-4.9158
36.75042,-5.0118
36.76044,-5.1118
36.77045,-5.2098
36.78047,-5.3132
36.79048,-5.4401
36.8005,-5.5659
36.8105,-5.6663
36.82052,-5.6957
36.83053,-5.7022
36.84054,-5.6999
36.85055,-5.6902
36.86056,-5.6843
36.87057,-5.677
36.88058,-5.6439
36.8906,-5.6606
36.90061,-5.7162
36.91061,-5.786
36.9206,-5.8363
36.9306,-5.8841
36.9406,-5.8935
36.9506,-5.8962
36.96059,-5.9043
36.97059,-5.8926
36.98059,-5.8461
36.99059,-5.7601
37.00058,-5.6541
37.01058,-5.5432
37.02058,-5.4402
37.03057,-5.332
37.04056,-5.2453
37.05055,-5.1595
37.06054,-5.0953
37.07053,-5.0268
37.08052,-4.9509
37.09051,-4.8487
37.1005,-4.7404
37.11049,-4.6292
37.12048,-4.529
37.13047,-4.4454
37.14046,-4.3727
37.15047,-4.2885
37.1605,-4.2898
37.17054,-4.2789
37.18057,-4.2574
37.1906,-4.1227
37.20063,-3.9741
37.21067,-3.8873
37.2207,-3.8107
37.23074,-3.7325
37.24077,-3.6814
37.2508,-3.6185
37.26083,-3.527
37.27087,-3.3504
37.28085,-3.1293
37.29083,-2.8857
37.30081,-2.7119
37.31079,-2.5063
37.32077,-2.3103
37.33076,-2.1074
37.34074,-1.8518
37.35072,-1.6267
37.3607,-1.4141
37.37068,-1.2225
37.38066,-1.0983
37.39064,-0.9999
37.40063,-0.9645
37.41058,-0.9554
37.42054,-0.9338
37.4305,-0.919
37.44046,-0.8742
37.45042,-0.834
37.46038,-0.8137
37.47033,-0.8075
37.48029,-0.7352
37.49025,-0.6553
37.50021,-0.5685
37.51017,-0.4721
37.52013,-0.3993
37.53022,-0.3809
37.54031,-0.3599
37.5504,-0.3154
37.56049,-0.2438
37.57059,-0.1352
37.58068,-0.0147
37.59077,0.1036
37.60086,0.1658
37.61095,0.2509
37.62104,0.3486
37.63113,0.4593
37.64122,0.533
37.65128,0.598
37.66128,0.6823
37.67129,0.7427
37.68129,0.7921
37.6913,0.7609
37.70131,0.6988
37.71132,0.524
37.72132,0.3497
37.73133,0.1921
37.74133,0.0696
37.75134,-0.0363
37.76135,-0.1637
37.77135,-0.2921
37.78132,-0.4172
37.79128,-0.5479
37.80124,-0.7182
37.8112,-0.9092
37.82116,-1.1228
37.83112,-1.3827
37.84108,-1.6787
37.85105,-1.9703
37.86101,-2.2252
37.87097,-2.4418
37.88093,-2.6591
37.89089,-2.8725
37.90088,-3.0874
37.9109,-3.2907
37.92093,-3.4787
37.93095,-3.6818
37.94098,-3.7513
37.951,-3.711
37.96102,-3.6609
37.97104,-3.5989
37.98107,-3.559
37.99109,-3.5336
38.00111,-3.5221
38.01114,-3.5055
38.02116,-3.4968
38.03116,-3.5044
38.04115,-3.4923
38.05114,-3.4518
38.06113,-3.3926
38.07112,-3.3398
38.08111,-3.2984
38.0911,-3.2807
38.10109,-3.2935
38.11108,-3.3162
38.12107,-3.3502
38.13107,-3.3507
38.14106,-3.3708
38.15105,-3.3433
38.16104,-3.292
38.17103,-3.2431
38.18102,-3.2103
38.19101,-3.2081
38.20099,-3.2221
38.21098,-3.2626
38.22097,-3.3216
38.23096,-3.398
38.24094,-3.4869
38.25093,-3.5433
38.26092,-3.6065
38.27091,-3.6555
38.2809,-3.7347
38.29088,-3.7887
38.30087,-3.8272
38.31085,-3.812
38.32083,-3.7766
38.33082,-3.7098
38.3408,-3.6625
38.35078,-3.6282
38.36077,-3.6258
38.37075,-3.6445
38.38074,-3.6875
38.39072,-3.7516
38.40071,-3.8473
38.41071,-3.9673
38.42072,-4.1061
38.43072,-4.2218
38.44072,-4.3182
38.45072,-4.3529
38.46072,-4.3791
38.47072,-4.4459
38.48072,-4.5999
38.49072,-4.7092
38.50072,-4.8111
38.51072,-4.9614
38.52073,-5.0274
38.53072,-5.057
38.54072,-5.1516
38.55071,-5.1857
38.56071,-5.2152
38.5707,-5.2759
38.5807,-5.3544
38.59069,-5.4351
38.60069,-5.5181
38.61068,-5.5818
38.62067,-5.6285
38.63066,-5.631
38.64066,-5.6308
38.65074,-5.6152
38.66088,-5.5871
38.67101,-5.5616
38.68115,-5.5544
38.69128,-5.5691
38.70142,-5.5869
38.71155,-5.5939
38.72169,-5.5994
38.73182,-5.6057
38.74196,-5.5803
38.75209,-5.5438
38.76223,-5.5099
38.77236,-5.5316
38.78232,-5.4614
38.79227,-5.3368
38.80223,-5.182
38.81219,-5.0962
38.82214,-5.0275
38.8321,-4.9515
38.84205,-4.8754
38.85201,-4.7942
38.86197,-4.7039
38.87192,-4.6722
38.88187,-4.6769
38.89183,-4.6649
38.90181,-4.6329
38.91181,-4.5405
38.92181,-4.3819
38.93181,-4.2281
38.94181,-4.0967
38.95181,-3.975
38.9618,-3.8747
38.9718,-3.8398
38.9818,-3.8743
38.9918,-3.9292
39.0018,-3.9943
39.0118,-4.0557
39.02179,-4.0611
39.03178,-4.0369
39.04177,-3.9655
39.05175,-3.8991
39.06174,-3.8341
39.07173,-3.7793
39.08171,-3.7837
39.0917,-3.8258
39.10169,-3.884
39.11167,-3.9597
39.12166,-4.0045
39.13165,-3.9977
39.14163,-3.9498
39.15164,-3.8706
39.16165,-3.8273
39.17166,-3.8242
39.18167,-3.846
39.19168,-3.9187
39.20169,-3.9886
39.2117,-4.0075
39.22171,-4.0132
39.23172,-4.0216
39.24173,-4.0432
39.25174,-4.0832
39.26175,-4.124
39.27176,-4.178
39.28177,-4.2168
39.29178,-4.2606
39.3018,-4.306
39.31181,-4.3526
39.32182,-4.4231
39.33184,-4.4811
39.34185,-4.5302
39.35186,-4.6109
39.36188,-4.6303
39.37189,-4.6556
39.3819,-4.6567
39.39192,-4.6143
39.40195,-4.5343
39.41201,-4.4425
39.42206,-4.3431
39.43211,-4.2603
39.44217,-4.1673
39.45222,-4.0571
39.46227,-3.9638
39.47232,-3.8926
39.48237,-3.8828
39.49242,-3.897
39.50248,-3.8932
39.51253,-3.8351
39.52258,-3.7638
39.53254,-3.7457
39.5425,-3.805
39.55246,-3.7159
39.56242,-3.4994
39.57238,-3.2924
39.58234,-3.2027
39.59229,-3.4378
39.60225,-3.3126
39.61221,-3.2835
39.62217,-3.1261
39.63213,-3.2299
39.64209,-3.2158
39.65207,-3.0066
39.66209,-2.7787
39.67212,-2.7221
39.68214,-2.5878
39.69216,-2.472
39.70218,-2.3631
39.71221,-2.2648
39.72223,-2.1744
39.73225,-2.0465
39.74227,-1.8662
39.7523,-1.6696
39.76232,-1.4603
39.77234,-1.2591
39.78233,-1.0906
39.79231,-0.9526
39.80229,-0.8433
39.81227,-0.7478
39.82225,-0.6739
39.83224,-0.5927
39.84222,-0.49
39.8522,-0.3639
39.86218,-0.2295
39.87217,-0.0477
39.88215,0.0128
39.89213,0.0293
39.90212,0.0251
39.91212,0.0369
39.92212,0.096
39.93212,0.1972
39.94212,0.3449
39.95212,0.5267
39.96212,0.711
39.97212,0.854
39.98212,0.9299
39.99212,0.9387
40.00212,0.9167
40.01212,0.9035
40.02212,0.9508
40.03212,0.9795
40.04211,1.0281
40.0521,0.6063
40.0621,0.2853
40.07209,0.5056
40.08209,0.7581
40.09208,1.0382
40.10207,0.9816
40.11207,0.6865
40.12206,0.0359
40.13206,-0.0262
40.14205,-0.2156
40.15207,-0.0211
40.1621,0.2893
40.17213,0.3186
40.18217,0.3596
40.1922,0.5443
40.20224,0.7299
40.21227,0.7939
40.22231,0.7481
40.23234,0.7339
40.24237,0.6798
40.2524,0.5316
40.26244,0.3202
40.27247,0.1031
40.28247,-0.12
40.29247,-0.2837
40.30246,-0.3834
40.31245,-0.4455
40.32245,-0.4718
40.33244,-0.4904
40.34243,-0.4895
40.35243,-0.4925
40.36242,-0.5047
40.37242,-0.5142
40.38241,-0.5012
40.3924,-0.4696
40.4024,-0.4423
40.41239,-0.4197
40.42238,-0.4338
40.43238,-0.4928
40.44237,-0.5999
40.45236,-0.6951
40.46236,-0.7841
40.47235,-0.905
40.48234,-1.0094
40.49234,-1.1027
40.50233,-1.21
40.51232,-1.3134
40.52232,-1.4208
40.53232,-1.5175
40.54232,-1.6227
40.55232,-1.7324
40.56232,-1.8543
40.57232,-1.997
40.58232,-2.1545
40.59232,-2.3305
40.60232,-2.4765
40.61232,-2.5721
40.62232,-2.739
40.63232,-2.8556
40.64231,-2.9419
40.65232,-3.0141
40.66232,-3.0351
40.67231,-3.076
40.68231,-3.129
40.69231,-3.1529
40.7023,-3.136
40.7123,-3.1614
40.7223,-3.2138
40.7323,-3.2457
40.74229,-3.3003
40.75229,-3.3332
40.76229,-3.3461
40.77229,-3.3061
40.78236,-3.4285
40.79244,-3.5627
40.80252,-3.6466
40.81259,-3.7247
40.82267,-3.8469
40.83274,-3.9437
40.84282,-4.002
40.85289,-4.0668
40.86297,-4.1024
40.87305,-4.1349
40.88312,-4.1607
40.8932,-4.229
40.90324,-4.2857
40.91324,-4.3156
40.92324,-4.3493
40.93324,-4.4135
40.94324,-4.4919
40.95324,-4.5175
40.96324,-4.6157
40.97324,-4.7212
40.98324,-4.7938
40.99324,-4.8659
41.00324,-4.8946
41.01324,-4.9219
41.02324,-4.9583
41.03321,-4.9933
41.04317,-4.9993
41.05313,-4.9768
41.0631,-4.9533
41.07307,-4.9405
41.08303,-4.928
41.09299,-4.9099
41.10296,-4.8956
41.11292,-4.8878
41.12289,-4.8778
41.13285,-4.8596
41.14281,-4.8228
41.15282,-4.7936
41.16285,-4.754
41.17288,-4.7251
41.18291,-4.6883
41.19294,-4.614
41.20297,-4.4992
41.213,-4.4015
41.22303,-4.3063
41.23306,-4.1939
41.24309,-4.107
41.25312,-4.0548
41.26315,-4.0256
41.27318,-3.9651
41.28315,-3.8973
41.29312,-3.8066
41.30309,-3.7253
41.31305,-3.6482
41.32302,-3.5894
41.33298,-3.4625
41.34295,-3.3752
41.35292,-3.2478
41.36289,-3.143
41.37286,-3.0721
41.38282,-3.0056
41.39279,-2.9362
41.40278,-2.8391
41.41279,-2.7012
41.4228,-2.5366
41.43282,-2.373
41.44283,-2.2689
41.45284,-2.229
41.46284,-2.201
41.47285,-2.2146
41.48286,-2.1878
41.49288,-2.1134
41.50289,-1.955
41.5129,-1.7755
41.52291,-1.6102
41.53292,-1.5306
41.54294,-1.5289
41.55296,-1.4896
41.56297,-1.4283
41.57299,-1.3802
41.583,-1.3568
41.59302,-1.3051
41.60303,-1.3469
41.61305,-2.365
41.62307,-1.6198
41.63308,-1.4331
41.6431,-1.1509
41.6531,-0.8615
41.66308,-0.7494
41.67307,-0.8787
41.68305,-1.0215
41.69304,-1.2441
41.70302,-1.3523
41.71301,-1.3774
41.72299,-1.3665
41.73297,-1.3768
41.74295,-1.5061
41.75294,-1.6564
41.76292,-1.7903
41.77291,-1.915
41.7829,-2.0221
41.79289,-2.1033
41.80289,-2.1596
41.81288,-2.2136
41.82287,-2.2852
41.83286,-2.3771
41.84285,-2.4658
41.85284,-2.5671
41.86283,-2.6419
41.87283,-2.6998
41.88282,-2.7073
41.89281,-2.6631
41.90282,-2.5982
41.91283,-2.5306
41.92285,-2.4562
41.93286,-2.3924
41.94287,-2.3412
41.95289,-2.3089
41.9629,-2.3184
41.97292,-2.3469
41.98293,-2.3872
41.99294,-2.4022
42.00296,-2.3954
42.01297,-2.3499
42.02298,-2.2679
42.03305,-2.1481
42.04313,-2.0446
42.0532,-1.9589
42.06327,-1.9156
42.07335,-1.9198
42.08342,-1.9569
42.09349,-2.0187
42.10357,-2.1103
42.11364,-2.2316
42.12371,-2.322
42.13379,-2.4506
42.14386,-2.6262
42.1539,-2.8166
42.1639,-3.0167
42.1739,-3.2233
42.1839,-3.4079
42.1939,-3.5772
42.2039,-3.7142
42.2139,-3.8175
42.2239,-3.9558
42.23391,-4.0791
42.2439,-4.2271
42.25391,-4.3607
42.2639,-4.4314
42.27391,-4.5179
42.28391,-4.5348
42.29391,-4.5949
42.3039,-4.6542
42.3139,-4.7209
42.32389,-4.7508
42.33389,-4.8858
42.34389,-5.0957
42.35389,-5.2232
42.36388,-5.3095
42.37388,-5.5075
42.38387,-5.4363
42.39387,-5.5239
42.40387,-5.5118
42.41386,-5.5638
42.42385,-5.6432
42.43384,-5.7065
42.44383,-5.7431
42.45382,-5.79
42.46382,-5.8113
42.47381,-5.8401
42.4838,-5.8724
42.49379,-5.9329
42.50378,-5.9485
42.51378,-5.9828
42.52377,-6.0391
42.53377,-6.0659
42.54377,-6.0883
42.55377,-6.0951
42.56377,-6.0877
42.57377,-6.0556
42.58377,-6.0333
42.59377,-6.0189
42.60377,-6.0428
42.61377,-6.0311
42.62376,-6.041
42.63376,-6.032
42.64376,-5.9959
42.65375,-5.9943
42.66371,-6.0154
42.67367,-6.0082
42.68363,-5.9921
42.69359,-5.9901
42.70355,-5.9778
42.71351,-5.995
42.72347,-5.9714
42.73343,-5.9849
42.74339,-6.0014
42.75335,-5.9754
42.76331,-5.9493
42.77327,-5.9207
42.78328,-5.8962
42.79327,-5.8835
42.80328,-5.885
42.81327,-5.8982
42.82328,-5.9206
42.83327,-5.9066
42.84328,-5.8516
42.85328,-5.7965
42.86328,-5.7566
42.87328,-5.7255
42.88328,-5.7452
42.89328,-5.7585
42.9033,-5.7785
42.91333,-5.7934
42.92337,-5.8065
42.9334,-5.7979
42.94343,-5.7471
42.95346,-5.6631
42.9635,-5.6076
42.97353,-5.5965
42.98357,-5.5969
42.9936,-5.5437
43.00363,-5.4515
43.01366,-5.3715
43.0237,-5.3183
43.03367,-5.2576
43.04364,-5.1655
43.0536,-5.0343
43.06358,-4.8755
43.07354,-4.6976
43.08351,-4.5649
43.09348,-4.6315
43.10345,-4.5525
43.11342,-4.4671
43.12339,-4.255
43.13335,-4.075
43.14332,-3.8713
43.15341,-3.8616
43.16358,-3.7221
43.17375,-3.581
43.18391,-3.4677
43.19408,-3.255
43.20425,-3.1345
43.21442,-3.0112
43.22459,-2.7553
43.23476,-2.6319
43.24493,-2.5914
43.2551,-2.4372
43.26526,-2.3172
43.27543,-2.2417
43.28544,-2.0792
43.29544,-1.8858
43.30544,-1.733
43.31544,-1.5816
43.32544,-1.4569
43.33544,-1.3291
43.34544,-1.1917
43.35543,-1.1042
43.36543,-1.0929
43.37543,-1.1244
43.38543,-1.1595
43.39543,-1.1749
43.4054,-1.1962
43.41532,-1.2287
43.42525,-1.2317
43.43517,-1.2461
43.4451,-1.2026
43.45502,-1.1534
43.46495,-1.1133
43.47488,-1.085
43.48481,-1.0432
43.49473,-0.9963
43.50466,-0.9192
43.51458,-0.8254
43.52451,-0.7187
43.53455,-0.6457
43.54459,-0.604
43.55464,-0.5698
43.56468,-0.4553
43.57472,-0.3646
43.58477,-0.318
43.59481,-0.2643
43.60485,-0.3044
43.61489,-0.578
43.62494,-0.6189
43.63498,-0.5453
43.64502,-0.522
43.65504,-0.6507
43.66502,-0.7876
43.67499,-0.8346
43.68497,-0.8705
43.69495,-0.8727
43.70493,-0.8983
43.7149,-0.9495
43.72488,-1.032
43.73486,-1.1484
43.74483,-1.2571
43.75481,-1.3724
43.76479,-1.5022
43.77477,-1.62
43.7847,-1.7413
43.79464,-1.9028
43.80457,-2.0957
43.81451,-2.284
43.82444,-2.4633
43.83438,-2.6079
43.84431,-2.7393
43.85425,-2.8456
43.86419,-2.9486
43.87412,-3.0608
43.88406,-3.1606
43.89399,-3.2486
43.90396,-3.3256
43.91396,-3.4069
43.92395,-3.4937
43.93395,-3.589
43.94395,-3.6346
43.95394,-3.6294
43.96394,-3.637
43.97393,-3.5897
43.98393,-3.5271
43.99393,-3.5059
44.00393,-3.572
44.01392,-3.6651
44.02392,-3.9025
44.03395,-4.1652
44.04398,-4.3626
44.05401,-4.4738
44.06403,-4.5266
44.07406,-4.4926
44.08409,-4.4594
44.09412,-4.4263
44.10414,-4.3773
44.11417,-4.3379
44.1242,-4.4754
44.13422,-4.5969
44.14425,-4.7171
44.15427,-4.7878
44.16426,-4.8188
44.17426,-4.8101
44.18426,-4.7859
44.19426,-4.6904
44.20426,-4.6097
44.21426,-4.597
44.22426,-4.5905
44.23426,-4.6033
44.24426,-4.598
44.25425,-4.581
44.26425,-4.5468
44.27425,-4.4798
44.2843,-4.3891
44.29435,-4.286
44.3044,-4.2066
44.31445,-4.1487
44.3245,-4.105
44.33455,-4.0293
44.3446,-3.9031
44.35466,-3.6983
44.36471,-3.4491
44.37476,-3.1914
44.38481,-2.9796
44.39486,-2.861
44.40489,-2.8087
44.41491,-2.7869
44.42492,-2.7313
44.43493,-2.7134
44.44495,-2.4746
44.45496,-2.1341
44.46497,-1.8838
44.47499,-1.5416
44.485,-1.3057
44.49501,-1.2765
44.50502,-1.4342
44.51504,-1.3845
44.52505,-1.3728
44.53506,-1.1607
44.54506,-0.8548
44.55507,-0.4794
44.56507,-0.1301
44.57508,0.1228
44.58509,0.3025
44.59509,0.395
44.60509,0.5505
44.6151,0.7886
44.62511,1.0492
44.63511,1.3457
44.64512,1.5766
44.65511,1.6747
44.66509,1.6997
44.67507,1.5898
44.68505,1.0306
44.69503,0.4912
44.705,0.6036
44.71498,0.7527
44.72496,1.2748
44.73494,1.5974
44.74491,1.7588
44.75489,1.7749
44.76487,1.7348
44.77485,1.7003
44.78484,1.6693
44.79482,1.6319
44.80481,1.5945
44.8148,1.6038
44.82478,1.6472
44.83477,1.723
44.84475,1.8509
44.85474,2.0115
44.86473,2.1841
44.87471,2.3241
44.8847,2.4113
44.89468,2.472
44.9047,2.4927
44.91475,2.4801
44.92479,2.4958
44.93483,2.5902
44.94488,2.7121
44.95492,2.855
44.96497,3.0121
44.97501,3.1392
44.98506,3.2125
44.9951,3.24
45.00515,3.215
45.01519,3.0873
45.02524,2.9076
45.03528,2.72
45.04531,2.4833
45.05535,2.2311
45.06539,1.9654
45.07542,1.6581
45.08546,1.2639
45.0955,0.8181
45.10553,0.3089
45.11557,-0.2422
45.12561,-0.8552
45.13564,-1.5035
45.14568,-2.1708
45.15567,-2.7554
45.1656,-3.1879
45.17553,-3.4634
45.18546,-3.669
45.19538,-3.8338
45.20531,-3.999
45.21524,-4.1977
45.22517,-4.4351
45.2351,-4.6785
45.24503,-4.903
45.25496,-5.1055
45.26488,-5.2296
45.27481,-5.3111
45.28482,-5.3971
45.29483,-5.4629
45.30484,-5.5591
45.31485,-5.6791
45.32485,-5.7974
45.33486,-5.9739
45.34487,-6.1481
45.35488,-6.2831
45.36489,-6.3477
45.37489,-6.3365
45.3849,-6.3401
45.39491,-6.3626
45.40495,-6.3418
45.41502,-6.3638
45.42509,-6.346
45.43515,-6.3499
45.44522,-6.3606
45.45529,-6.3607
45.46536,-6.3569
45.47543,-6.3596
45.4855,-6.3902
45.49557,-6.3858
45.50563,-6.3778
45.51571,-6.325
45.52577,-6.2645
45.53578,-6.2253
45.54576,-6.2263
45.55575,-6.2273
45.56573,-6.233
45.57572,-6.2425
45.5857,-6.266
45.59569,-6.2412
45.60567,-6.1475
45.61566,-6.0499
45.62564,-5.9968
45.63563,-5.9655
45.64561,-5.7885
45.65562,-5.6333
45.66562,-5.6279
45.67562,-5.6665
45.68562,-5.7259
45.69561,-5.805
45.70561,-5.8329
45.71561,-5.7315
45.72561,-5.5016
45.7356,-5.2952
45.7456,-5.2213
45.7556,-5.3239
45.76559,-5.4394
45.77559,-5.4602
45.78558,-5.3017
45.79555,-5.1453
45.80553,-4.959
45.81551,-4.8651
45.82549,-5.2078
45.83546,-5.4545
45.84544,-5.6446
45.85542,-5.7296
45.86539,-5.7757
45.87537,-5.8483
45.88535,-5.8023
45.89532,-5.7749
45.90533,-5.7827
45.91535,-5.7952
45.92538,-5.9534
45.9354,-5.6973
45.94543,-4.8852
45.95545,-4.0201
45.96548,-3.0381
45.9755,-2.1615
45.98552,-1.4233
45.99555,-0.861
46.00557,-0.5132
46.0156,-0.3197
46.02562,-0.1424
46.03563,0.1172
46.04563,0.484
46.05563,0.9193
46.06563,1.3625
46.07563,1.8156
46.08563,2.2742
46.09563,2.6802
46.10563,3.0218
46.11563,3.2568
46.12563,3.3516
46.13563,3.3833
46.14563,3.4121
46.15562,3.4752
46.16561,3.6233
46.17559,3.8075
46.18558,4.0408
46.19556,4.2298
46.20554,4.3467
46.21553,4.5169
46.22551,4.6505
46.2355,4.7129
46.24548,4.8013
46.25546,4.994
46.26545,5.2253
46.27543,5.4742
46.28541,5.6437
46.29538,5.9393
46.30536,6.0989
46.31533,6.0724
46.3253,6.1542
46.33527,6.3651
46.34525,6.7062
46.35522,7.1227
46.36519,7.5419
46.37516,7.9153
46.38514,8.213
46.39511,8.441
46.40512,8.5656
46.41515,8.5993
46.42519,8.5486
46.43522,8.546
46.44526,8.6312
46.4553,8.8026
46.46533,8.9639
46.47536,9.0913
46.4854,9.1573
46.49543,9.1714
46.50547,9.115
46.5155,9.0266
46.52554,8.926
46.53562,8.8067
46.54569,8.784
46.55576,8.8799
46.56584,8.9606
46.57591,9.0123
46.58599,9.1231
46.59606,9.2275
46.60613,9.2493
46.61621,9.209
46.62628,8.8425
46.63636,8.3526
46.64643,7.4883
46.65646,7.4161
46.66646,7.167
46.67645,6.9883
46.68645,6.5713
46.69645,5.9237
46.70644,5.3444
46.71643,5.364
46.72643,5.3366
46.73642,5.0431
46.74642,4.6242
46.75642,4.1246
46.76641,3.6231
46.77641,3.2047
46.7864,2.9806
46.79638,2.9165
46.80637,2.8598
46.81635,2.7266
46.82634,2.5729
46.83632,2.4037
46.84631,2.3082
46.8563,2.2754
46.86628,2.2705
46.87627,2.2188
46.88625,2.1373
46.89624,2.03
46.90625,1.9482
46.91627,1.8979
46.92629,1.8964
46.9363,1.8792
46.94632,1.7927
46.95634,1.6786
46.96635,1.5233
46.97637,1.2992
46.98638,1.0592
46.9964,0.8353
47.00642,0.6494
47.01643,0.496
47.02645,0.3382
47.03642,0.1443
47.04638,-0.0314
47.05635,-0.2176
47.06631,-0.3753
47.07628,-0.4957
47.08625,-0.5877
47.09621,-0.6652
47.10618,-0.731
47.11615,-0.7687
47.12611,-0.7677
47.13608,-0.8086
47.14605,-0.8721
47.15604,-0.9306
47.16604,-0.9632
47.17604,-0.95
47.18604,-0.9168
47.19603,-0.9169
47.20603,-0.9435
47.21603,-1.0118
47.22602,-1.0743
47.23602,-1.1
47.24601,-1.1063
47.25601,-1.1399
47.26601,-1.2035
47.276,-1.2762
47.28603,-1.4264
47.29605,-1.5524
47.30607,-1.676
47.31609,-1.8108
47.32611,-1.9259
47.33614,-1.9929
47.34616,-2.0632
47.35618,-2.154
47.3662,-2.2143
47.37622,-2.2629
47.38624,-2.2724
47.39626,-2.3448
47.40627,-2.4464
47.41627,-2.5669
47.42627,-2.7447
47.43626,-2.8834
47.44626,-2.9921
47.45626,-3.0612
47.46626,-3.0965
47.47625,-3.1091
47.48625,-3.1236
47.49625,-3.126
47.50625,-3.1293
47.51624,-3.1779
47.52624,-3.1769
47.53623,-3.1598
47.54621,-3.2002
47.55619,-3.2716
47.56617,-3.384
47.57616,-3.4771
47.58614,-3.4908
47.59612,-3.4005
47.6061,-3.2149
47.61609,-3.0024
47.62607,-2.813
47.63605,-2.63
47.64603,-2.4949
47.65606,-2.4017
47.66611,-2.3453
47.67616,-2.312
47.68622,-2.2845
47.69627,-2.1351
47.70633,-1.9062
47.71638,-1.6212
47.72644,-1.3695
47.73649,-1.1771
47.74654,-1.1455
47.7566,-1.2408
47.76665,-1.3713
47.77671,-1.4632
47.78672,-1.5203
47.79672,-1.557
47.80672,-1.5367
47.81673,-1.4261
47.82674,-1.2336
47.83674,-0.9425
47.84675,-0.595
47.85675,-0.2565
47.86676,0.0124
47.87677,0.1419
47.88677,0.1971
47.89678,0.2672
47.90683,0.3262
47.91693,0.3906
47.92703,0.5068
47.93713,0.7007
47.94723,0.898
47.95733,1.0673
47.96743,1.2033
47.97753,1.2796
47.98763,1.3189
47.99773,1.3605
48.00783,1.4179
48.01793,1.5034
48.02803,1.6025
48.03795,1.6775
48.04787,1.7554
48.0578,1.8278
48.06772,1.8624
48.07764,1.9032
48.08757,1.9624
48.09749,2.038
48.10741,2.1396
48.11734,2.2538
48.12726,2.3845
48.13718,2.5056
48.14711,2.6323
48.15707,2.7071
48.16708,2.7246
48.17708,2.648
48.18708,2.5478
48.19709,2.4985
48.20709,2.5164
48.21709,2.6283
48.2271,2.768
48.2371,2.8318
48.2471,2.7899
48.2571,2.7128
48.26711,2.7004
48.27711,2.7404
48.28717,2.7838
48.29724,2.7774
48.3073,2.763
48.31736,2.762
48.32743,2.8054
48.33749,2.8918
48.34755,2.9636
48.35762,2.9859
48.36768,2.9628
48.37774,2.9152
48.38781,2.8894
48.39787,2.905
48.40786,2.9619
48.41779,3.0057
48.42771,2.9829
48.43763,2.9081
48.44756,2.8191
48.45748,2.7269
48.4674,2.6993
48.47733,2.7152
48.48725,2.7346
48.49717,2.7671
48.5071,2.8427
48.51702,2.9211
48.52694,2.9718
48.53691,2.9878
48.54689,2.9591
48.55685,2.8993
48.56682,2.7811
48.57679,2.706
48.58676,2.6944
48.59673,2.769
48.6067,2.858
48.61667,2.8844
48.62664,2.9174
48.6366,2.904
48.64657,2.8333
48.65659,2.6797
48.66663,2.4178
48.67669,2.0999
48.68673,1.7406
48.69678,1.2786
48.70683,0.7133
48.71688,0.0536
48.72693,-0.6122
48.73698,-1.2158
48.74703,-1.7095
48.75708,-2.079
48.76713,-2.3431
48.77718,-2.5515
48.78724,-2.7478
48.79729,-2.9403
48.80734,-3.1326
48.81739,-3.3049
48.82745,-3.4617
48.8375,-3.5562
48.84755,-3.5677
48.8576,-3.5042
48.86765,-3.4027
48.8777,-3.3149
48.88776,-3.2714
48.89781,-3.2651
48.90783,-3.3207
48.91783,-3.425
48.92783,-3.5478
48.93783,-3.6816
48.94783,-3.7932
48.95782,-3.8658
48.96782,-3.8704
48.97782,-3.7789
48.98782,-3.6837
48.99782,-3.5753
49.00782,-3.4755
49.01781,-3.3585
49.02781,-3.2578
49.03782,-3.1399
49.04781,-3.0367
49.05781,-2.9418
49.06781,-2.8316
49.0778,-2.6473
49.0878,-2.3855
49.0978,-2.0653
49.10779,-1.7903
49.11779,-1.5748
49.12778,-1.3459
49.13778,-1.0906
49.14778,-0.7766
49.15778,-0.4359
49.16778,-0.1577
49.17778,0.0381
49.18777,0.1664
49.19777,0.2527
49.20777,0.3167
49.21777,0.386
49.22776,0.529
49.23776,0.7811
49.24776,1.1417
49.25776,1.5188
49.26775,1.8726
49.27775,2.1098
49.28775,2.2395
49.29774,2.2857
49.30774,2.2809
49.31774,2.2874
49.32773,2.3988
49.33773,2.5923
49.34772,2.8646
49.35772,3.2156
49.36772,3.5269
49.37771,3.7443
49.38771,3.837
49.39771,3.8403
49.40771,3.6879
49.41771,3.5372
49.4277,3.4819
49.4377,3.5294
49.4477,3.7421
49.4577,4.0586
49.46769,4.4088
49.47769,4.6414
49.48769,4.7542
49.49768,4.8546
49.50768,4.9092
49.51768,4.7274
49.52768,4.2482
49.53768,4.376
49.54768,4.7003
49.55767,3.7535
49.56767,4.0551
49.57766,3.6251
49.58766,3.3372
49.59766,2.8478
49.60765,2.1744
49.61765,1.7038
49.62765,1.3811
49.63764,1.1056
49.64764,0.9325
49.65764,0.795
49.66764,0.6536
49.67764,0.5339
49.68763,0.4542
49.69763,0.5305
49.70763,0.8075
49.71763,1.2884
49.72763,1.8133
49.73763,2.2617
49.74762,2.6247
49.75762,2.7649
49.76762,2.8475
49.77762,2.9781
49.78759,3.2346
49.79756,3.5947
49.80753,3.9102
49.8175,4.0975
49.82748,4.1349
49.83745,4.0271
49.84742,3.9004
49.85739,3.791
49.86736,3.6817
49.87733,3.6206
49.8873,3.6343
49.89727,3.7095
49.90729,3.7575
49.91735,3.7353
49.92742,3.5975
49.93748,3.4209
49.94754,3.2207
49.9576,2.9985
49.96767,2.7611
49.97773,2.4662
49.98779,2.1117
49.99785,1.7096
50.00792,1.1759
50.01797,0.8525
50.02804,0.541
50.03815,0.1982
50.04826,-0.1389
50.05838,-0.4767
50.06849,-0.7828
50.07859,-1.0754
50.08871,-1.3003
50.09882,-1.449
50.10892,-1.5549
50.11904,-1.6626
50.12915,-1.8351
50.13926,-1.9677
50.14937,-2.0154
50.15942,-2.0321
50.1694,-2.0426
50.17937,-2.0799
50.18936,-2.1419
50.19934,-2.2524
50.20932,-2.3821
50.2193,-2.4954
50.22928,-2.5925
50.23926,-2.5705
50.24924,-2.4664
50.25922,-2.3344
50.2692,-2.2306
50.27918,-2.1937
50.28912,-2.2219
50.29905,-2.2967
50.30898,-2.4023
50.31892,-2.5005
50.32885,-2.5651
50.33879,-2.5309
50.34872,-2.485
50.35865,-2.5494
50.36859,-2.6863
50.37852,-2.8906
50.38846,-3.1399
50.39839,-3.3597
50.40838,-3.5333
50.4184,-3.7069
50.42842,-3.8312
50.43843,-3.8889
50.44845,-3.8481
50.45847,-3.7882
50.46849,-3.6989
50.47851,-3.658
50.48853,-3.5782
50.49854,-3.5282
50.50856,-3.3736
50.51858,-3.13
50.52859,-2.7899
50.53858,-2.325
50.54855,-1.8638
50.55853,-1.5281
50.56851,-1.34
50.57849,-1.1083
50.58847,-0.7521
50.59845,-0.2716
50.60843,0.2584
50.6184,0.503
50.62838,1.039
50.63836,1.7318
50.64834,2.7669
50.65837,3.505
50.66845,3.8323
50.67852,4.066
50.68859,5.5691
50.69867,5.8877
50.70874,5.936
50.71881,6.1002
50.72888,5.809
50.73895,5.3623
50.74903,4.692
50.7591,4.2355
50.76917,4.0785
50.77924,3.9717
50.78918,3.7002
50.79911,3.1452
50.80904,2.2996
50.81897,1.4744
50.82891,0.9853
50.83884,0.928
50.84877,0.9409
50.85871,0.791
50.86864,0.5865
50.87857,0.43
50.8885,0.2228
50.89844,0.123
50.90841,0.2239
50.91839,0.3944
50.92836,0.8471
50.93834,1.5264
50.94832,2.2587
50.9583,2.9698
50.96827,3.6589
50.97825,4.3852
50.98823,5.0907
50.99821,6.5682
51.00818,7.026
51.01816,7.104
51.02814,9.1912
51.0383,11.6555
51.04846,10.4827
51.05862,10.0598
51.06878,10.6029
51.07894,10.1319
51.0891,9.0787
51.09925,8.6309
51.10941,7.8118
51.11957,7.2944
51.12973,7.2382
51.13989,7.0683
51.15005,6.5988
51.16007,6.0578
51.16995,5.041
51.17984,3.9884
51.18972,3.1509
51.19961,2.5193
51.20949,2.2391
51.21938,2.1959
51.22926,2.2309
51.23915,2.36
51.24903,2.5987
51.25892,2.7201
51.26881,2.9046
51.27869,3.2225
51.28869,3.6488
51.29868,4.181
51.30868,4.9484
51.31867,5.8941
51.32866,7.0994
51.33866,8.2063
51.34865,9.7965
51.35864,11.0899
51.36863,11.5246
51.37863,11.7352
51.38862,11.9582
51.39861,12.4904
51.40864,10.6276
51.41869,11.4549
51.42873,10.7648
51.43878,9.9647
51.44883,9.0024
51.45888,8.5209
51.46893,8.4668
51.47898,8.3351
51.48903,8.0168
51.49907,6.9336
51.50912,5.4678
51.51917,4.3976
51.52922,3.5497
51.53922,3.0432
51.54922,2.7779
51.55923,2.5688
51.56923,2.3429
51.57923,2.3667
51.58923,2.5859
51.59923,3.0189
51.60923,3.7078
51.61923,4.6604
51.62923,5.8928
51.63923,7.3443
51.64923,8.978
51.65926,10.1497
51.66931,10.6297
51.67937,10.7381
51.68942,11.6246
51.69947,12.9431
51.70953,13.2475
51.71959,12.0725
51.72964,11.3928
51.73969,9.5234
51.74975,8.3248
51.7598,7.0473
51.76986,6.5644
51.77991,5.1686
51.78983,4.7814
51.79974,4.2731
51.80965,3.7154
51.81957,3.0463
51.82948,2.3301
51.8394,2.111
51.84931,1.8263
51.85922,1.3238
51.86914,1.235
51.87905,1.0181
51.88897,0.9864
51.89888,1.1111
51.90885,1.2887
51.91886,1.5687
51.92887,1.8672
51.93889,2.244
51.9489,2.8224
51.95892,3.7406
51.96893,4.8463
51.97895,6.0459
51.98896,7.3165
51.99897,8.4666
52.00899,9.0227
52.019,9.5504
52.02902,9.8629
52.03901,11.1433
52.049,11.2951
52.05899,11.0851
52.06898,10.3746
52.07898,9.8337
52.08897,9.0512
52.09896,8.364
52.10895,7.7721
52.11894,6.6784
52.12893,6.791
52.13892,6.6229
52.14891,6.4094
52.15894,5.8387
52.16898,5.3587
52.17902,4.5451
52.18906,3.5697
52.1991,2.6506
52.20914,2.0087
52.21919,1.2578
52.22923,0.9333
52.23927,0.6813
52.24931,0.5149
52.25936,0.3384
52.2694,0.2197
52.27944,0.3999
52.2895,0.709
52.29956,1.1351
52.30961,1.5115
52.31966,1.8624
52.32972,2.2142
52.33977,2.6042
52.34982,2.9931
52.35987,3.2221
52.36993,2.951
52.37998,3.2974
52.39004,3.4678
52.40009,3.2463
52.41014,2.6218
52.42019,2.4158
52.43024,2.6075
52.4403,2.5957
52.45034,2.5626
52.4604,2.2803
52.47045,1.9723
52.4805,1.5831
52.49055,1.0144
52.5006,0.4468
52.51065,0.0591
52.5207,-0.1873
52.53075,-0.4224
52.54069,-0.6667
52.55061,-0.8421
52.56054,-0.8753
52.57045,-0.7224
52.58038,-0.4846
52.5903,-0.3655
52.60022,-0.2097
52.61014,-0.1137
52.62006,-0.1109
52.62998,-0.1243
52.6399,-0.0981
52.64983,0.0017
52.65978,0.1048
52.66977,0.0918
52.67977,-0.0165
52.68976,-0.1981
52.69975,-0.363
52.70974,-0.5497
52.71973,-0.734
52.72972,-1.0345
52.73971,-1.4181
52.7497,-1.7542
52.75969,-1.912
52.76968,-2.268
52.77967,-2.6709
52.78965,-2.8732
52.79962,-2.9913
52.80959,-3.0624
52.81956,-3.1744
52.82954,-3.176
52.83951,-3.2693
52.84948,-3.2517
52.85946,-3.1332
52.86943,-2.9548
52.8794,-2.6997
52.88937,-2.3114
52.89934,-1.9125
52.90937,-1.3001
52.91943,0.0694
52.92948,1.2625
52.93954,1.2816
52.94959,2.4746
52.95965,3.7271
52.96971,4.4843
52.97976,4.8422
52.98982,4.9481
52.99987,4.7847
53.00993,4.3734
53.01999,3.7665
53.03004,2.9787
53.04003,2.0488
53.04999,1.1005
53.05996,-0.0053
53.06992,-1.2185
53.07989,-2.4605
53.08985,-3.3198
53.09982,-3.784
53.10978,-4.0095
53.11975,-4.061
53.12971,-4.2115
53.13968,-4.4337
53.14964,-4.681
53.15962,-4.8555
53.16961,-4.9753
53.17959,-4.999
53.18958,-4.9675
53.19956,-4.9789
53.20955,-5.0043
53.21953,-4.9463
53.22951,-4.8781
53.2395,-4.7659
53.24948,-4.5898
53.25946,-4.2278
53.26945,-3.9703
53.27943,-3.3248
53.28949,-2.7191
53.29955,-2.1825
53.3096,-1.6353
53.31966,-1.4966
53.32971,-1.846
53.33977,-1.2123
53.34982,-1.2656
53.35987,-1.5665
53.36993,-2.0446
53.37999,-2.6359
53.39004,-3.1473
53.4001,-3.764
53.41014,-4.3955
53.42015,-4.8984
53.43017,-5.3648
53.44019,-5.7681
53.45021,-5.9916
53.46022,-6.0365
53.47024,-5.9676
53.48026,-5.8673
53.49028,-5.8575
53.50029,-5.9911
53.51031,-5.9982
53.52033,-6.0596
53.53035,-6.1053
53.54035,-6.1569
53.55036,-6.2451
53.56036,-6.2909
53.57037,-6.2242
53.58037,-6.1007
53.59037,-5.9455
53.60038,-5.8345
53.61038,-5.7206
53.62038,-5.4255
53.63039,-4.81
53.64039,-3.8398
53.6504,-2.741
53.6604,-2.0339
53.67041,-1.6638
53.68041,-1.5864
53.69041,-1.6466
53.70042,-1.7051
53.71042,-1.9204
53.72043,-2.2676
53.73043,-2.6663
53.74044,-3.0626
53.75044,-3.5609
53.76044,-4.1678
53.77045,-4.8029
53.78045,-5.3019
53.79044,-5.5874
53.8004,-5.8203
53.81036,-6.0047
53.82032,-6.1206
53.83028,-6.0211
53.84024,-5.7911
53.8502,-5.6531
53.86016,-5.5062
53.87012,-5.3755
53.88008,-5.2407
53.89005,-5.1777
53.90001,-5.1376
53.91,-5.1891
53.92002,-5.2828
53.93004,-5.3553
53.94007,-5.3818
53.95009,-5.3032
53.96011,-5.0958
53.97014,-4.473
53.98016,-3.2539
53.99018,-2.8721
54.00021,-3.7017
54.01023,-2.6537
54.02025,-1.8144
54.03028,-1.5066
54.04028,-1.5175
54.05028,-1.7971
54.06028,-2.1773
54.07027,-2.5837
54.08027,-3.0567
54.09026,-3.4792
54.10026,-3.949
54.11026,-4.513
54.12025,-5.1305
54.13025,-5.7561
54.14025,-6.1657
54.15025,-6.2077
54.16024,-6.1324
54.17025,-6.0492
54.18025,-6.0834
54.19025,-6.1579
54.20026,-6.3453
54.21026,-6.4296
54.22027,-6.5009
54.23027,-6.4948
54.24028,-6.466
54.25028,-6.4411
54.26028,-6.3812
54.27029,-6.2808
54.28029,-6.155
54.29031,-5.9465
54.3003,-5.5852
54.3103,-5.0172
54.3203,-4.1996
54.3303,-3.2322
54.34029,-2.4544
54.35029,-1.9349
54.36029,-1.381
54.37029,-0.6159
54.38028,-0.1854
54.39028,0.0181
54.40028,-0.0051
54.4103,-0.1176
54.42033,-0.3446
54.43037,-0.5649
54.4404,-0.8934
54.45044,-1.3089
54.46047,-1.7498
54.47051,-2.1512
54.48055,-2.447
54.49058,-2.7054
54.50061,-2.9736
54.51065,-3.2212
54.52068,-3.5156
54.53072,-3.8968
54.54075,-4.2874
54.55078,-4.6086
54.5608,-4.8906
54.57083,-5.0563
54.58085,-5.2509
54.59088,-5.3551
54.6009,-5.5095
54.61093,-5.6387
54.62095,-5.7919
54.63098,-5.9156
54.641,-6.0092
54.65103,-6.0607
54.66102,-6.1329
54.67099,-6.1185
54.68096,-6.2084
54.69093,-6.1383
54.7009,-6.085
54.71087,-6.0972
54.72084,-6.0952
54.7308,-5.9869
54.74077,-5.7576
54.75074,-5.5581
54.76071,-5.4361
54.77068,-5.2594
54.78065,-5.0359
54.79065,-4.6389
54.80064,-4.0671
54.81063,-3.3647
54.82062,-3.1086
54.83061,-2.8459
54.84061,-2.6947
54.8506,-2.5478
54.86059,-2.5904
54.87058,-2.8187
54.88057,-3.0152
54.89057,-3.145
54.90056,-3.3874
54.91055,-3.5933
54.92055,-3.6889
54.93055,-3.7503
54.94055,-3.8234
54.95055,-3.9496
54.96055,-4.1271
54.97055,-4.356
54.98055,-4.5897
54.99054,-4.6844
55.00055,-4.656
55.01054,-4.5884
55.02054,-4.4992
55.03054,-4.4342
55.04055,-4.5
55.05055,-4.6597
55.06056,-4.8032
55.07056,-4.9432
55.08057,-5.1315
55.09057,-5.2889
55.10057,-5.4419
55.11058,-5.5545
55.12058,-5.664
55.13059,-5.7534
55.14059,-5.8852
55.1506,-5.9701
55.1606,-5.9756
55.17061,-6.0054
55.18061,-5.8958
55.19062,-5.6695
55.20062,-5.4744
55.21062,-5.3343
55.22063,-5.1792
55.23064,-4.9782
55.24064,-4.8226
55.25064,-4.4832
55.26065,-3.8735
55.27065,-3.1105
55.28066,-2.2412
55.29065,-1.3961
55.30065,-1.9074
55.31064,-1.7267
55.32064,-1.3906
55.33063,-1.091
55.34063,-0.3261
55.35062,0
55.36061,0.0241
55.37061,-0.1718
55.3806,-0.5236
55.39059,-0.8831
55.40059,-1.2156
55.41059,-1.5927
55.42061,-1.9819
55.43062,-2.468
55.44064,-3.022
55.45065,-3.4875
55.46066,-3.7324
55.47068,-3.7948
55.48069,-3.9202
55.4907,-4.0269
55.50072,-4.1062
55.51073,-4.1117
55.52074,-4.1148
55.53076,-4.1103
55.54088,-4.0693
55.55098,-4.0811
55.56107,-3.9641
55.57117,-3.787
55.58127,-3.5085
55.59137,-3.1196
55.60147,-2.7293
55.61156,-2.3603
55.62166,-1.9909
55.63176,-1.5062
55.64186,-0.7803
55.65195,0.0475
55.66201,1.1468
55.67198,2.1782
55.68195,2.6953
55.69192,4.309
55.7019,5.64
55.71187,5.7717
55.72184,5.7153
55.73181,5.8789
55.74178,5.8824
55.75175,5.8677
55.76173,5.8727
55.7717,5.6931
55.78167,5.2205
55.79174,4.564
55.8018,3.8343
55.81186,3.0922
55.82192,2.4304
55.83198,1.6974
55.84204,0.9373
55.8521,0.3188
55.86216,-0.1942
55.87222,-0.6205
55.88229,-0.87
55.89235,-1.0584
55.9024,-1.3098
55.91238,-1.4959
55.92229,-1.6545
55.93219,-1.7423
55.94209,-1.6666
55.952,-1.5017
55.96189,-1.0914
55.9718,-0.5075
55.9817,0.1376
55.9916,0.7652
56.00151,1.4858
56.01141,2.4799
56.02131,3.4418
56.03121,4.7357
56.04126,5.6643
56.05129,7.3389
56.06133,7.7921
56.07137,7.9858
56.0814,8.1046
56.09144,7.9109
56.10147,7.5898
56.11151,7.1711
56.12155,6.633
56.13158,5.9083
56.14162,5.142
56.15166,4.3384
56.16171,3.4303
56.17178,2.4304
56.18185,1.6516
56.19191,1.1679
56.20198,0.5971
56.21204,-0.0315
56.22211,-0.473
56.23217,-0.9887
56.24224,-1.2165
56.2523,-1.3346
56.26237,-1.4071
56.27243,-1.3633
56.2825,-1.2491
56.29242,-0.8948
56.30234,-0.378
56.31226,0.3492
56.32218,1.2252
56.3321,2.0851
56.34202,3.0112
56.35194,3.786
56.36185,4.2843
56.37177,4.7741
56.38169,6.1507
56.39161,7.3707
56.40153,7.6495
56.41147,7.6339
56.42143,7.3155
56.43139,6.8837
56.44135,6.4529
56.4513,6.1101
56.46126,5.8129
56.47122,5.5092
56.48117,5.1009
56.49113,4.5656
56.50109,3.9384
56.51105,3.1309
56.52101,2.2347
56.53096,1.4272
56.54098,0.8674
56.55099,0.2332
56.561,-0.4389
56.57101,-0.8992
56.58103,-1.1619
56.59104,-1.2824
56.60105,-1.163
56.61106,-0.8976
56.62107,-0.5766
56.63109,-0.1848
56.6411,0.3619
56.65111,1.0294
56.66117,1.7399
56.67127,2.5816
56.68137,3.7329
56.69147,5.018
56.70158,5.6456
56.71168,6.6334
56.72178,8.7786
56.73188,8.1312
56.74199,9.0334
56.75209,8.5434
56.76219,7.8298
56.77229,8.3308
56.78239,8.2267
56.79237,7.5083
56.80234,6.7257
56.81231,6.1897
56.82228,5.6126
56.83226,4.8505
56.84223,3.8785
56.8522,2.7939
56.86217,1.8637
56.87215,1.1252
56.88212,0.6354
56.89209,0.2574
56.90206,-0.1529
56.91204,-0.4344
56.92204,-0.6616
56.93203,-0.7721
56.94201,-0.7832
56.952,-0.7147
56.96199,-0.5381
56.97198,-0.2734
56.98197,0.0844
56.99196,0.5821
57.00195,1.1687
57.01194,1.9663
57.02193,3.1708
57.03192,4.8397
57.04193,6.5118
57.05193,7.9684
57.06193,9.1154
57.07193,10.2585
57.08194,10.7143
57.09194,10.7304
57.10194,10.365
57.11194,9.9577
57.12194,9.4746
57.13194,8.9842
57.14194,8.395
57.15195,7.5756
57.16199,6.4221
57.17209,4.9893
57.18219,3.447
57.19228,1.8394
57.20238,0.5146
57.21247,-0.4214
57.22256,-0.963
57.23266,-1.5769
57.24276,-2.1367
57.25285,-2.3729
57.26294,-2.6947
57.27304,-2.971
57.28313,-3.1539
57.29306,-2.9964
57.30299,-2.6148
57.31291,-2.1089
57.32283,-1.5735
57.33276,-0.9313
57.34268,-0.1309
57.3526,0.5093
57.36253,1.0459
57.37246,1.7088
57.38238,2.5056
57.3923,3.5468
57.40223,5.0809
57.41219,5.0346
57.42219,5.4642
57.43219,5.0865
57.44218,4.7794
57.45218,4.3961
57.46218,3.9564
57.47218,3.6362
57.48218,3.3401
57.49218,2.9799
57.50217,2.5882
57.51217,2.3182
57.52217,1.9682
57.53217,1.789
57.54216,1.7273
57.55214,1.3704
57.56213,0.9656
57.57211,0.6442
57.5821,0.3048
57.59209,0.0406
57.60207,-0.166
57.61206,-0.2968
57.62204,-0.3534
57.63203,-0.1292
57.64201,0.2633
57.652,0.8642
57.66202,1.5385
57.67202,2.245
57.68202,3.0453
57.69203,4.1147
57.70203,5.4105
57.71204,6.8154
57.72204,7.7102
57.73204,8.4356
57.74205,9.2116
57.75205,9.7715
57.76205,9.7423
57.77206,9.4677
57.78206,8.9779
57.79218,8.5048
57.80229,8.1229
57.8124,7.7608
57.82252,7.4127
57.83263,6.8639
57.84274,6.167
57.85286,5.2749
57.86297,4.2993
57.87309,3.3119
57.8832,2.2712
57.89331,1.2151
57.90342,0.3853
57.91349,-0.1016
57.92345,-0.5444
57.93343,-0.9701
57.94339,-1.2787
57.95336,-1.4353
57.96333,-1.4322
57.9733,-1.2277
57.98327,-0.7612
57.99324,-0.0168
58.00321,0.7497
58.01318,1.4353
58.02315,2.2561
58.03312,3.0887
58.04308,3.7314
58.05305,5.4739
58.06302,7.2853
58.07299,7.7499
58.08296,7.8295
58.09293,7.6065
58.1029,7.1579
58.11287,6.5011
58.12284,5.9343
58.1328,5.5627
58.14277,5.2682
58.15274,4.763
58.16275,4.1292
58.17277,3.3781
58.18279,2.4849
58.19281,1.5871
58.20282,0.6418
58.21284,-0.2406
58.22285,-1.1054
58.23287,-1.8318
58.24289,-2.5672
58.2529,-2.9787
58.26292,-3.0136
58.27293,-3.1154
58.28295,-3.2037
58.29295,-3.4809
58.30294,-3.3384
58.31294,-3.5037
58.32294,-3.4665
58.33293,-3.3615
58.34293,-3.2116
58.35292,-3.0047
58.36292,-2.6351
58.37291,-1.9914
58.38291,-1.1621
58.39291,-0.5467
58.4029,0.1333
58.41288,0.7933
58.42284,1.8401
58.4328,1.5768
58.44277,2.4537
58.45273,2.8552
58.46269,2.6471
58.47265,2.6742
58.48261,2.3398
58.49258,2.0496
58.50254,1.7512
58.5125,1.3023
58.52246,0.5392
58.53242,-0.3098
58.54245,-1.166
58.55248,-2.0874
58.56251,-2.7174
58.57254,-3.1398
58.58257,-3.3042
58.59259,-3.3707
58.60262,-3.4188
58.61264,-3.3156
58.62267,-3.1272
58.6327,-2.8433
58.64273,-2.8527
58.65276,-2.768
58.66276,-2.7065
58.67276,-2.7295
58.68275,-2.7645
58.69275,-2.9523
58.70274,-3.1416
58.71274,-3.2158
58.72274,-3.2068
58.73273,-3.1862
58.74273,-3.0767
58.75272,-2.9201
58.76272,-2.7658
58.77271,-2.621
58.78271,-2.5058
58.79268,-2.4731
58.80265,-2.4723
58.81262,-2.4493
58.82259,-2.4215
58.83256,-2.401
58.84253,-2.3795
58.8525,-2.374
58.86247,-2.3807
58.87244,-2.4753
58.8824,-2.562
58.89238,-1.4611
58.90234,-1.3357
58.91243,-1.9859
58.92262,-2.5588
58.9328,-2.7537
58.94299,-2.8839
58.95318,-3.1035
58.96337,-3.2849
58.97355,-3.608
58.98374,-4.0272
58.99393,-4.2779
59.00412,-4.5129
59.0143,-4.5349
59.02449,-4.4872
59.03468,-4.3803
59.04467,-4.0192
59.05468,-3.4431
59.06467,-3.0804
59.07467,-2.7852
59.08467,-2.49
59.09467,-2.1302
59.10467,-1.4755
59.11467,-0.6806
59.12466,0.1507
59.13466,1.0726
59.14466,1.9666
59.15466,2.7812
59.16463,3.1907
59.17455,3.3378
59.18448,3.5791
59.1944,3.6411
59.20433,3.4896
59.21425,3.0949
59.22418,2.7616
59.2341,2.6548
59.24403,2.5264
59.25395,2.1995
59.26388,1.6486
59.2738,0.9799
59.28373,0.3278
59.2937,-0.2159
59.30368,-0.9417
59.31365,-1.3095
59.32362,-1.6568
59.3336,-1.9579
59.34357,-2.0125
59.35354,-2.056
59.36352,-2.1311
59.37349,-1.96
59.38346,-1.6516
59.39344,-1.2185
59.40341,-0.5927
59.41346,0.2533
59.42353,1.1931
59.43362,2.3449
59.4437,3.0114
59.45378,3.8678
59.46386,5.3531
59.47394,6.9975
59.48402,7.4336
59.4941,7.2281
59.50418,6.837
59.51426,6.2975
59.52434,5.9538
59.53442,5.7935
59.54442,5.748
59.55441,5.7015
59.56441,5.5125
59.5744,5.1457
59.5844,4.7049
59.59439,4.1486
59.60439,3.4821
59.61438,2.7828
59.62437,2.3596
59.63437,2.1553
59.64436,2.0436
59.65436,2.1448
59.66438,1.8585
59.67438,1.8283
59.68438,1.9965
59.69438,1.9899
59.70438,2.1483
59.71438,2.4163
59.72438,2.6209
59.73438,3.0397
59.74438,3.5892
59.75439,4.2289
59.76439,5.0867
59.77439,5.7851
59.78439,6.2552
59.79433,6.0827
59.80427,5.8491
59.8142,4.5374
59.82413,3.3736
59.83406,3.0648
59.84399,3.1338
59.85392,2.8746
59.86385,2.2707
59.87378,1.968
59.88372,1.9587
59.89365,1.9448
59.90358,1.8313
59.91354,1.5376
59.92353,1.1322
59.93351,0.9329
59.94349,0.8268
59.95348,0.4915
59.96346,0.0716
59.97345,-0.2195
59.98343,-0.7023
59.99342,-0.9293
60.0034,-1.1338
60.01339,-0.6989
60.02337,-0.437
60.03336,0.02
60.04346,0.5427
60.05355,1.2991
60.06365,2.3177
60.07375,3.5326
60.08385,4.6899
60.09394,5.5661
60.10404,6.1673
60.11414,6.7807
60.12424,7.2887
60.13433,7.7441
60.14443,8.1855
60.15453,8.3179
60.16458,8.1734
60.17458,7.6789
60.18458,7.0928
60.19458,6.6981
60.20458,6.3471
60.21458,6.0323
60.22458,5.6498
60.23457,5.189
60.24457,4.6232
60.25457,4.0679
60.26457,3.5449
60.27457,3.1139
60.28456,2.4009
60.29454,1.7832
60.30453,1.305
60.31451,0.8287
60.32449,0.4589
60.33447,0.1342
60.34445,-0.0716
60.35443,-0.3287
60.36441,-0.3498
60.37439,-0.2952
60.38437,0.0091
60.39435,0.4977
60.40434,1.1031
60.41436,1.7276
60.42443,2.4662
60.4345,3.3918
60.44457,4.3814
60.45464,5.3592
60.46471,6.2744
60.47478,7.1233
60.48485,7.1083
60.49492,8.168
60.50499,8.5913
60.51506,9.2211
60.52513,8.9467
60.5352,8.1157
60.54522,7.6673
60.55521,7.5485
60.56521,7.5953
60.57521,7.5804
60.5852,7.3203
60.5952,6.836
60.6052,6.129
60.61519,5.2235
60.62519,4.3714
60.63519,3.8927
60.64518,3.5906
60.65518,3.3519
60.66516,3.1666
60.67512,2.8326
60.68507,2.6189
60.69503,2.3987
60.70499,2.6066
60.71495,2.7586
60.7249,3.2376
60.73486,3.891
60.74482,4.7908
60.75477,5.8065
60.76473,6.7651
60.77468,7.5012
60.78464,8.1039
60.79461,8.8367
60.80457,9.4033
60.81453,10.3227
60.82449,11.2134
60.83445,9.5869
60.84442,10.008
60.85438,10.582
60.86434,9.9813
60.87431,9.8509
60.88427,8.9716
60.89423,7.9872
60.90419,7.5018
60.91419,7.0385
60.92419,6.535
60.93418,6.0578
60.94418,5.4559
60.95417,4.6483
60.96417,3.4113
60.97417,2.3386
60.98417,1.8032
60.99416,1.6807
61.00416,1.8986
61.01415,1.9892
61.02415,2.1625
61.03415,2.3419
61.04422,2.4542
61.05429,2.5924
61.06435,2.8862
61.07442,3.3476
61.08449,3.9272
61.09456,4.6166
61.10463,5.3262
61.11469,5.8574
61.12476,6.1712
61.13483,6.5633
61.1449,7.422
61.15496,7.993
61.16502,8.4545
61.17504,8.7027
61.18505,8.5492
61.19506,7.3828
61.20507,7.4189
61.21509,6.632
61.2251,6.0636
61.23512,5.7673
61.24513,5.6166
61.25514,5.3994
61.26516,5.3193
61.27517,5.5508
61.28518,5.6609
61.29523,5.8873
61.30526,5.9164
61.3153,5.7484
61.32533,5.1995
61.33537,4.7316
61.3454,4.3042
61.35543,4.0096
61.36547,3.7756
61.3755,3.6453
61.38554,3.381
61.39557,3.1137
61.40561,2.8403
61.41563,2.8226
61.42563,2.8293
61.43563,3.1471
61.44564,3.8658
61.45564,4.593
61.46564,5.2085
61.47565,5.7832
61.48565,6.2555
61.49566,6.8119
61.50566,7.4071
61.51566,7.9778
61.52567,8.9625
61.53567,9.7857
61.54568,9.6574
61.55566,8.7607
61.56565,9.2739
61.57564,9.7515
61.58563,10.0038
61.59562,9.6594
61.60561,9.1705
61.6156,8.8671
61.62559,8.6231
61.63558,8.1419
61.64557,7.5011
61.65556,6.7025
61.66552,5.7455
61.67543,4.4526
61.68535,3.4735
61.69527,2.6794
61.70518,2.0365
61.7151,1.4497
61.72502,1.0845
61.73494,0.9522
61.74485,0.8483
61.75477,0.8336
61.76469,0.9183
61.7746,1.1046
61.78452,1.4978
61.79451,2.0467
61.8045,2.6148
61.81448,3.2432
61.82447,3.9974
61.83446,4.7119
61.84445,5.6297
61.85443,7.1329
61.86442,7.9299
61.87441,9.966
61.8844,11.442
61.89438,11.8976
61.90437,11.6338
61.91442,11.4291
61.92452,11.1932
61.93462,10.8787
61.94472,10.5651
61.95482,10.1915
61.96492,9.6261
61.97503,8.9355
61.98513,8.1904
61.99522,7.2943
62.00533,6.1497
62.01543,5.0174
62.02553,4.0691
62.03563,3.1312
62.04556,2.3427
62.05549,1.7289
62.06542,1.275
62.07535,1.1818
62.08528,1.1149
62.09521,1.2506
62.10514,1.4925
62.11507,1.8906
62.125,2.3699
62.13493,2.8686
62.14486,3.4414
62.15479,4.1658
62.1648,4.9223
62.17488,5.9063
62.18496,6.3148
62.19505,6.7855
62.20513,8.1998
62.21521,7.8554
62.22529,6.6482
62.23537,5.9407
62.24545,5.8814
62.25553,5.6031
62.26561,5.4913
62.27569,5.4065
62.28577,5.201
62.29574,4.9811
62.3057,4.8026
62.31566,4.5774
62.32563,4.2712
62.33559,3.8878
62.34555,3.2547
62.35551,2.4487
62.36547,1.7175
62.37544,0.9844
62.3854,0.2954
62.39536,-0.2299
62.40532,-0.4687
62.41532,-0.8162
62.42532,-1.0701
62.43533,-1.3502
62.44532,-1.4793
62.45533,-1.4553
62.46533,-1.1609
62.47533,-0.6024
62.48533,0.1967
62.49533,1.2654
62.50533,2.2882
62.51534,3.0349
62.52533,4.0544
62.53534,4.9598
62.54535,5.6179
62.55536,6.1778
62.56537,6.3974
62.57538,6.53
62.58539,6.7262
62.5954,6.8296
62.60541,6.9156
62.61542,6.9481
62.62543,6.7951
62.63544,6.453
62.64545,6.013
62.65547,5.4825
62.66548,4.7716
62.6755,3.804
62.6855,2.53
62.69551,1.1362
62.70553,-0.062
62.71554,-0.8305
62.72555,-1.3712
62.73556,-1.8209
62.74557,-2.2301
62.75558,-2.5312
62.76559,-2.7533
62.77561,-3.0299
62.78562,-3.1102
62.7956,-3.0955
62.80557,-3.0966
62.81554,-3.1029
62.8255,-2.9873
62.83547,-2.7441
62.84544,-2.4767
62.85541,-2.1616
62.86538,-1.7901
62.87534,-1.3822
62.88531,-1.051
62.89528,-0.8725
62.90525,-0.7473
62.91524,-0.4407
62.92526,0.5433
62.93528,1.6188
62.9453,2.3577
62.95532,2.8067
62.96534,2.9745
62.97536,2.9833
62.98539,2.9553
62.99541,2.9042
63.00542,2.7987
63.01545,2.4927
63.02547,2.1231
63.03549,1.7192
63.04545,1.3366
63.05542,0.8302
63.06538,0.0883
63.07534,-0.7713
63.08531,-1.6289
63.09527,-2.2248
63.10524,-2.5464
63.1152,-2.8345
63.12516,-3.0803
63.13513,-3.151
63.14509,-3.2483
63.15506,-3.3756
63.16506,-3.3463
63.17509,-3.1803
63.18513,-2.8616
63.19516,-1.6961
63.20519,-0.2052
63.21523,0.7733
63.22526,1.5738
63.23529,2.1862
63.24532,2.7145
63.25536,2.5787
63.26539,2.529
63.27542,2.34
63.28545,1.8813
63.29543,1.1974
63.3054,0.4042
63.31536,-0.4378
63.32533,-1.3282
63.33529,-2.1145
63.34525,-2.67
63.35521,-3.0267
63.36518,-3.3084
63.37514,-3.6382
63.3851,-3.9663
63.39507,-4.3412
63.40503,-4.672
63.41508,-5.073
63.42518,-5.2484
63.43529,-5.2801
63.44539,-5.0985
63.45549,-4.8985
63.4656,-4.8282
63.4757,-4.6735
63.4858,-4.1963
63.4959,-3.0905
63.506,-1.4679
63.51611,0.1085
63.52621,1.5891
63.53631,2.7427
63.54629,4.1976
63.55627,5.3005
63.56624,5.9733
63.57622,6.0185
63.5862,5.432
63.59617,4.7857
63.60615,4.1242
63.61613,3.4565
63.6261,2.7585
63.63608,2.0366
63.64606,1.3634
63.65603,0.7421
63.66603,-0.1556
63.67603,-1.1645
63.68603,-2.0199
63.69603,-2.8418
63.70603,-3.5918
63.71603,-4.1748
63.72603,-4.6383
63.73603,-4.9998
63.74603,-5.2258
63.75603,-5.2382
63.76603,-4.9286
63.77603,-4.4396
63.78603,-3.8422
63.79606,-2.9254
63.80609,-1.516
63.81611,0.5037
63.82614,2.75
63.83616,4.8034
63.84619,6.5874
63.85621,7.9645
63.86624,8.4192
63.87627,7.467
63.88629,8.6326
63.89632,8.1144
63.90634,7.3525
63.91633,6.4919
63.92629,5.4393
63.93625,4.2632
63.94621,3.0578
63.95617,1.8086
63.96613,0.3725
63.9761,-0.9279
63.98606,-1.873
63.99602,-2.4637
64.00597,-2.8829
64.01594,-3.2232
64.02589,-3.4513
64.03586,-3.5975
64.04588,-3.6093
64.05589,-3.3718
64.06591,-2.9555
64.07593,-2.5791
64.08595,-2.1255
64.09596,-1.4964
64.10598,-0.2399
64.116,1.317
64.12601,3.1299
64.13603,4.5912
64.14605,6.9863
64.15607,3.7794
64.16607,4.9702
64.17604,6.3973
64.18601,6.8091
64.19598,6.4356
64.20596,5.4847
64.21593,5.6017
64.22591,5.7475
64.23588,4.4875
64.24585,3.6152
64.25582,2.7276
64.2658,1.9831
64.27577,1.2652
64.28574,0.7805
64.29575,0.6823
64.30575,0.405
64.31576,0.1417
64.32576,-0.0023
64.33576,-0.1084
64.34576,-0.2937
64.35577,-0.3785
64.36577,-0.4737
64.37577,-0.6123
64.38577,-0.7364
64.39577,-0.9404
64.40578,-0.9218
64.41581,-0.8415
64.42586,-0.6616
64.43591,-0.5168
64.44595,-0.5002
64.456,-0.4535
64.46605,-0.3548
64.4761,-0.2461
64.48615,-0.0188
64.49619,0.3193
64.50624,0.8611
64.51629,1.6292
64.52634,2.7011
64.53638,4.0348
64.54641,5.4207
64.55643,6.6123
64.56644,8.0042
64.57645,8.8393
64.58646,10.9007
64.59648,11.6276
64.60649,8.9412
64.61651,9.0807
64.62652,9.3888
64.63654,9.6133
64.64655,9.1015
64.65656,8.4574
64.66661,7.812
64.67668,7.2251
64.68675,6.516
64.69683,5.5616
64.7069,4.2507
64.71697,2.9625
64.72705,2.047
64.73712,1.2303
64.7472,0.9179
64.75727,0.6286
64.76734,0.3819
64.77742,0.1534
64.78749,0.1082
64.79745,-0.0063
64.80739,0.0211
64.81733,0.1912
64.82728,0.479
64.83722,0.9134
64.84717,1.447
64.85711,2.1835
64.86706,3.3024
64.877,4.7004
64.88694,6.1564
64.89689,7.6444
64.90683,9.4843
64.91682,10.6737
64.92685,11.7212
64.93687,12.88
64.9469,14.071
64.95693,14.8199
64.96696,14.9572
64.97698,14.6495
64.98701,14.0137
64.99704,13.0676
65.00706,12.2026
65.01709,11.2762
65.02712,10.0915
65.03715,8.5321
65.0471,6.7588
65.05704,5.0527
65.06698,3.8875
65.07692,3.2432
65.08686,2.847
65.09681,2.4416
65.10675,2.1535
65.11669,1.8686
65.12663,1.6498
65.13657,1.5173
65.14651,1.5449
65.15646,1.696
65.16644,1.8667
65.17645,2.1691
65.18645,2.6937
65.19646,3.5385
65.20647,4.3701
65.21647,5.3031
65.22648,6.379
65.23649,7.607
65.24649,8.2827
65.2565,7.8961
65.26651,7.4433
65.27651,6.9215
65.28652,6.4475
65.29652,5.7415
65.30652,4.8114
65.31652,3.5414
65.32652,2.5345
65.33651,1.8853
65.34651,1.3576
65.35651,0.9148
65.3665,0.4751
65.3765,-0.083
65.3865,-0.5711
65.39649,-1.2477
65.40649,-1.6113
65.41649,-2.0894
65.42649,-2.2887
65.4365,-2.5728
65.4465,-2.7937
65.4565,-3.1235
65.46651,-3.2898
65.47651,-3.3596
65.48651,-3.5973
65.49651,-3.7685
65.50652,-3.8991
65.51652,-3.9632
65.52652,-3.9889
65.53652,-4.015
65.54662,-3.928
65.55672,-3.685
65.56681,-3.3409
65.5769,-2.8972
65.587,-2.2757
65.59709,-1.5046
65.60719,-0.5944
65.61728,0.6533
65.62737,1.9233
65.63747,2.8861
65.64756,3.3471
65.65765,3.6959
65.6677,4.3284
65.6777,4.9529
65.68769,5.3858
65.69769,5.4305
65.70767,5.0366
65.71767,4.3084
65.72766,3.3275
65.73766,2.3261
65.74765,1.291
65.75764,0.4962
65.76763,-0.2929
65.77763,-1.1029
65.78762,-1.86
65.79761,-2.5662
65.80759,-3.1311
65.81758,-3.5381
65.82756,-3.8016
65.83755,-3.9095
65.84753,-3.8927
65.85751,-3.9562
65.8675,-3.9236
65.87749,-3.9514
65.88747,-3.8411
65.89745,-3.7206
65.90744,-3.5718
65.91743,-3.3288
65.92741,-2.9681
65.9374,-2.178
65.94739,-1.1542
65.95738,-1.6179
65.96737,-0.6568
65.97736,-0.5326
65.98735,0.1234
65.99734,0.9477
66.00732,1.7695
66.01731,1.9374
66.02731,2.2023
66.03729,2.3931
66.04728,2.0542
66.05726,1.4085
66.06724,0.5919
66.07722,-0.2658
66.0872,-1.0833
66.09718,-1.8502
66.10716,-2.5792
66.11715,-2.9989
66.12713,-3.2045
66.13711,-3.5221
66.14709,-3.7251
66.15707,-3.8667
66.16708,-3.8843
66.17712,-3.909
66.18714,-3.9589
66.19717,-3.9605
66.20721,-3.8807
66.21723,-3.8525
66.22726,-3.8259
66.2373,-3.635
66.24732,-3.4537
66.25735,-3.2002
66.26739,-3.0674
66.27741,-2.9045
66.28745,-2.3084
66.29745,-0.924
66.30745,-0.922
66.31744,0.209
66.32744,-0.0248
66.33743,0.5254
66.34742,1.1909
66.35741,2.1536
66.36741,2.4978
66.3774,3.0895
66.3874,3.3215
66.39738,2.9878
66.40738,2.5261
66.41737,1.9766
66.42734,1.1591
66.43731,0.1302
66.44728,-0.5942
66.45726,-1.1804
66.46723,-1.8782
66.4772,-2.5866
66.48717,-3.094
66.49715,-3.4157
66.50712,-3.7133
66.5171,-3.8712
66.52707,-3.9731
66.53704,-4.0158
66.54703,-4.0219
66.55701,-3.8633
66.56699,-3.6201
66.57697,-3.3894
66.58695,-3.0474
66.59694,-2.5707
66.60692,-1.8186
66.6169,-0.745
66.62688,0.5484
66.63686,1.7763
66.64684,3.6314
66.65682,4.4391
66.66688,5.4837
66.677,6.513
66.68713,7.0478
66.69725,7.0696
66.70737,6.6491
66.7175,6.2224
66.72762,5.4245
66.73775,4.4641
66.74786,3.4581
66.75799,2.4027
66.76811,1.5336
66.77824,0.9437
66.78836,0.1761
66.79835,-0.6251
66.80834,-1.4739
66.81833,-2.3635
66.82832,-3.243
66.8383,-3.841
66.8483,-4.1512
66.85828,-4.2013
66.86827,-4.0532
66.87827,-3.7169
66.88825,-3.2867
66.89824,-2.7558
66.90823,-2.0953
66.91827,-1.3222
66.92834,-0.6184
66.93841,0.1516
66.94848,0.9726
66.95856,1.8894
66.96863,2.6731
66.9787,4.5002
66.98877,3.8458
66.99884,4.4953
67.00891,4.7248
67.01899,4.9287
67.02906,5.0403
67.03913,4.8929
67.04903,4.3761
67.05891,3.7248
67.0688,3.1762
67.07869,2.6089
67.08858,2.0007
67.09846,1.432
67.10836,0.8162
67.11825,0.1122
67.12814,-0.6232
67.13802,-1.3052
67.14791,-1.901
67.1578,-2.569
67.16777,-3.0758
67.17784,-3.4112
67.18791,-3.7472
67.19798,-4.1652
67.20805,-4.5838
67.21812,-4.8006
67.22819,-5.0783
67.23825,-5.3634
67.24832,-5.4898
67.25839,-5.5175
67.26846,-5.5527
67.27853,-5.4677
67.2886,-5.3317
67.29857,-4.8723
67.30853,-4.5086
67.3185,-4.0788
67.32847,-3.5433
67.33843,-3.0814
67.3484,-2.5935
67.35837,-1.9556
67.36833,-1.0184
67.3783,-0.4927
67.38827,0.7855
67.39823,1.4032
67.4082,2.6222
67.4182,4.5414
67.42822,5.0326
67.43824,4.0995
67.44827,3.7687
67.45828,3.4094
67.46831,2.8238
67.47832,2.1368
67.48835,1.3689
67.49837,0.7746
67.50839,0.4532
67.51841,0.3203
67.52843,-0.0939
67.53845,-0.4716
67.54839,-0.8792
67.55832,-1.4679
67.56825,-2.2608
67.57819,-3.2188
67.58812,-4.0159
67.59805,-4.4574
67.60799,-4.6297
67.61792,-4.6402
67.62785,-4.5188
67.63779,-4.3855
67.64772,-4.2163
67.65765,-4.0324
67.66769,-3.7553
67.6778,-3.5021
67.68792,-3.0919
67.69804,-2.4116
67.70815,-1.1389
67.71827,0.2882
67.72839,1.721
67.7385,1.4898
67.74862,1.4977
67.75874,2.1741
67.76885,3.5973
67.77897,4.5939
67.78909,4.6881
67.79916,3.6201
67.80922,2.1577
67.81927,0.8449
67.82933,-0.3576
67.83939,-1.4922
67.84944,-2.5215
67.8595,-3.3544
67.86955,-4.1313
67.87961,-4.7701
67.88966,-5.2777
67.89972,-5.7567
67.90977,-6.1608
67.9198,-6.5344
67.92979,-6.6212
67.93979,-6.6332
67.94978,-6.6245
67.95979,-6.5446
67.96978,-6.5632
67.97977,-6.593
67.98977,-6.4546
67.99976,-6.4292
68.00976,-6.1643
68.01976,-5.8585
68.02975,-5.3562
68.03975,-5.4141
68.04964,-5.5112
68.05953,-5.8639
68.06943,-6.3792
68.07932,-6.6028
68.0892,-6.7318
68.0991,-6.5493
68.10899,-6.1871
68.11887,-5.5999
68.12877,-4.9002
68.13866,-4.3373
68.14854,-4.0823
68.15844,-4.2014
68.16839,-4.769
68.17839,-4.5175
68.18839,-4.6434
68.19839,-5.2537
68.2084,-4.3776
68.2184,-4.4624
68.2284,-3.8654
68.2384,-3.3562
68.24841,-3.0863
68.25842,-2.4983
68.26842,-1.7259
68.27842,-1.2542
68.28842,-1.0714
68.29843,-0.9976
68.30842,-1.3789
68.31841,-1.8941
68.32839,-2.4043
68.33838,-2.7067
68.34837,-3.0968
68.35835,-3.7874
68.36834,-4.4885
68.37833,-4.9167
68.38831,-5.2485
68.3983,-5.5278
68.40829,-5.8085
68.4183,-5.9952
68.42834,-6.025
68.43838,-5.9915
68.44842,-6.0364
68.45846,-6.0523
68.4685,-6.0562
68.47854,-6.0692
68.48858,-6.1151
68.49862,-6.1265
68.50866,-6.0848
68.5187,-6.0069
68.52874,-5.9123
68.53878,-5.8878
68.54885,-5.6999
68.5589,-5.5651
68.56895,-5.4509
68.57901,-5.2717
68.58907,-5.0038
68.59911,-4.6223
68.60917,-4.1634
68.61922,-3.5985
68.62928,-2.7884
68.63934,-1.6125
68.64938,-0.1795
68.65944,1.2358
68.66944,2.0051
68.67938,2.5733
68.68932,3.2424
68.69926,4.5735
68.70921,5.6969
68.71915,6.1112
68.72909,5.7489
68.73902,4.797
68.74896,3.5019
68.7589,1.8919
68.76884,0.0992
68.77879,-1.6272
68.78873,-2.7323
68.79876,-3.5197
68.8088,-4.2333
68.81883,-5.0203
68.82887,-5.5877
68.83891,-5.9552
68.84894,-6.1265
68.85898,-5.9734
68.86901,-5.874
68.87904,-5.7945
68.88908,-5.5833
68.89912,-5.2367
68.90915,-4.7998
68.91917,-4.3577
68.92917,-3.799
68.93916,-3.0301
68.94917,-2.9511
68.95916,-2.0334
68.96916,-1.5469
68.97916,-1.5255
68.98916,-1.9538
68.99915,-1.382
69.00916,-1.1557
69.01915,-1.0656
69.02915,-1.185
69.03915,-1.5215
69.04916,-2.06
69.05915,-2.635
69.06915,-2.9928
69.07914,-3.1651
69.08913,-3.2109
69.09912,-3.2996
69.10912,-3.5029
69.11911,-3.882
69.1291,-4.4892
69.13909,-5.1438
69.14909,-5.6697
69.15908,-6.0051
69.16909,-6.1321
69.17912,-6.1292
69.18914,-6.0716
69.19916,-6.0282
69.20918,-5.9314
69.21921,-5.9186
69.22923,-5.7762
69.23926,-5.4373
69.24928,-4.9345
69.2593,-4.2954
69.26933,-3.5172
69.27935,-2.4464
69.28938,-1.0061
69.29942,0.6313
69.30946,1.9848
69.31949,1.491
69.32953,4.4986
69.33956,5.7102
69.3496,5.9556
69.35963,5.8552
69.36967,5.1603
69.37971,4.2708
69.38974,3.2383
69.39978,2.0858
69.40981,0.9266
69.41982,-0.1663
69.4298,-1.0845
69.43978,-1.8317
69.44976,-2.453
69.45974,-2.9711
69.46972,-3.484
69.4797,-3.9391
69.48969,-4.2881
69.49966,-4.517
69.50964,-4.5544
69.51962,-4.4377
69.5296,-4.2932
69.53958,-4.0644
69.54958,-3.9287
69.55956,-3.7978
69.56953,-3.676
69.57951,-3.3556
69.58948,-2.5954
69.59945,-1.5196
69.60943,0.1444
69.6194,2.9406
69.62937,4.1536
69.63935,5.3734
69.64932,5.7091
69.65929,5.5725
69.66929,5.0044
69.6793,4.1404
69.6893,3.1408
69.69931,2.2142
69.70932,1.2964
69.71932,0.233
69.72933,-0.7746
69.73934,-1.5808
69.74934,-2.1842
69.75935,-2.6498
69.76936,-3.0875
69.77937,-3.5249
69.78938,-3.9814
69.79939,-4.3524
69.80941,-4.6023
69.81942,-4.6856
69.82944,-4.6141
69.83945,-4.4786
69.84946,-4.2882
69.85948,-4.1215
69.86949,-3.9502
69.87951,-3.7717
69.88952,-3.4653
69.89954,-2.7304
69.90955,-1.3433
69.91959,1.0505
69.92966,2.1743
69.93972,4.3791
69.94978,6.3976
69.95985,7.1243
69.9699,7.0724
69.97997,6.6442
69.99003,5.8565
70.00009,4.7609
70.01015,3.678
70.02021,2.5667
70.03027,1.3954
70.04034,0.1689
70.05031,-0.9747
70.06027,-1.8572
70.07024,-2.5555
70.08022,-3.1362
70.09019,-3.6892
70.10015,-4.2487
70.11012,-4.7642
70.12009,-5.104
70.13006,-5.258
70.14003,-5.465
70.15,-5.6042
70.15997,-5.718
70.16996,-5.775
70.17996,-5.6494
70.18996,-5.435
70.19997,-4.9831
70.20998,-4.2232
70.21998,-2.4512
70.22998,-0.0796
70.23998,1.4463
70.24998,2.5278
70.25999,2.6346
70.27,3.8559
70.28,4.333
70.29,4.1288
70.29998,3.4289
70.30995,2.1236
70.31992,0.7281
70.3299,-0.6444
70.33987,-1.8606
70.34984,-2.8893
70.35981,-3.8393
70.36978,-4.6351
70.37975,-5.2262
70.38972,-5.6013
70.3997,-5.897
70.40967,-6.0209
70.41966,-5.9991
70.42969,-5.9639
70.43972,-5.9267
70.44975,-5.8043
70.45978,-5.725
70.4698,-5.7034
70.47983,-5.6309
70.48986,-5.5653
70.49989,-5.6071
70.50992,-5.5785
70.51994,-5.5831
70.52998,-5.5449
70.54,-5.5658
70.55,-5.6158
70.56001,-5.6087
70.57001,-5.6134
70.58,-5.7478
70.59,-6.2554
70.60001,-6.4011
70.61001,-6.4479
70.62001,-6.5083
70.63,-6.5966
70.64001,-6.631
70.65001,-6.6212
70.66001,-6.543
70.67,-6.4809
70.67998,-6.4736
70.68996,-6.4404
70.69994,-6.4218
70.70991,-6.4296
70.71989,-6.4602
70.72987,-6.5046
70.73984,-6.5426
70.74982,-6.5746
70.7598,-6.5729
70.76978,-6.5622
70.77975,-6.5528
70.78973,-6.5348
70.79975,-6.5168
70.80977,-6.5333
70.81979,-6.5365
70.82981,-6.5288
70.83983,-6.5486
70.84985,-6.5396
70.85986,-6.5598
70.86989,-6.5664
70.87991,-6.5637
70.88992,-6.5676
70.89994,-6.5482
70.90996,-6.53
70.91997,-6.5458
70.92997,-6.5709
70.93996,-6.562
70.94996,-6.5699
70.95995,-6.588
70.96996,-6.5608
70.97995,-6.5159
70.98994,-6.4854
70.99995,-6.473
71.00994,-6.5086
71.01994,-6.527
71.02994,-6.5537
71.03993,-6.5743
71.0499,-6.5778
71.05988,-6.5537
71.06985,-6.5471
71.07981,-6.53
71.08978,-6.5228
71.09975,-6.5382
71.10972,-6.5436
71.11969,-6.559
71.12966,-6.5768
71.13963,-6.5973
71.1496,-6.5995
71.15957,-6.6059
71.1696,-6.5967
71.1797,-6.5846
71.18979,-6.5498
71.19988,-6.538
71.20998,-6.554
71.22006,-6.5694
71.23016,-6.5894
71.24025,-6.6023
71.25034,-6.621
71.26044,-6.607
71.27052,-6.6133
71.28062,-6.6179
71.29071,-6.5817
71.30071,-6.4737
71.31071,-6.3635
71.32071,-6.3864
71.3307,-6.5381
71.3407,-6.674
71.3507,-6.7075
71.36069,-6.72
71.37069,-6.7206
71.38069,-6.7168
71.39069,-6.6958
71.40068,-6.6692
71.41068,-6.6005
71.42068,-6.5526
71.43068,-6.5351
71.44067,-6.5642
71.45067,-6.6375
71.46066,-6.6649
71.47065,-6.694
71.48064,-6.7
71.49064,-6.6738
71.50063,-6.663
71.51063,-6.6496
71.52062,-6.6434
71.53062,-6.6426
71.54061,-6.641
71.55062,-6.6468
71.56063,-6.666
71.57063,-6.6756
71.58064,-6.6501
71.59065,-6.6362
71.60065,-6.6492
71.61066,-6.6578
71.62067,-6.6455
71.63068,-6.6458
71.64069,-6.6471
71.6507,-6.642
71.6607,-6.6413
71.67068,-6.6471
71.68066,-6.6432
71.69064,-6.6512
71.70061,-6.6594
71.71059,-6.6527
71.72057,-6.6428
71.73055,-6.6467
71.74052,-6.6456
71.7505,-6.6583
71.76047,-6.6612
71.77045,-6.6629
71.78042,-6.6733
71.7904,-6.6768
71.8004,-6.6651
71.81039,-6.6632
71.82039,-6.6645
71.83038,-6.6668
71.84038,-6.6644
71.85037,-6.657
71.86037,-6.6581
71.87035,-6.6641
71.88035,-6.6659
71.89034,-6.6671
71.90034,-6.6761
71.91033,-6.6778
71.92034,-6.6748
71.93037,-6.6771
71.94039,-6.672
71.95041,-6.6717
71.96043,-6.6704
71.97046,-6.6791
71.98048,-6.687
71.99051,-6.6826
72.00053,-6.6876
72.01055,-6.6988
72.02058,-6.6825
72.0306,-6.686
72.04063,-6.6864
72.05063,-6.6806
72.06063,-6.6865
72.07063,-6.686
72.08064,-6.6832
72.09064,-6.6722
72.10064,-6.6774
72.11064,-6.6805
72.12064,-6.7029
72.13065,-6.6878
72.14065,-6.696
72.15065,-6.6911
72.16065,-6.6917
72.17065,-6.6873
72.18061,-6.6748
72.19057,-6.6661
72.20054,-6.6766
72.2105,-6.6894
72.22047,-6.6979
72.23043,-6.6917
72.24039,-6.7035
72.25035,-6.6978
72.26031,-6.6932
72.27028,-6.6903
72.28024,-6.7051
72.29021,-6.6991
72.30032,-6.6845
72.31042,-6.6921
72.32052,-6.6936
72.33062,-6.6936
72.34072,-6.6941
72.35082,-6.699
72.36092,-6.698
72.37103,-6.6922
72.38113,-6.6808
72.39123,-6.6892
72.40133,-6.6883
72.41143,-6.6931
72.42147,-6.6973
72.43144,-6.7131
72.44141,-6.7106
72.45139,-6.6944
72.46136,-6.6992
72.47134,-6.6925
72.48131,-6.6883
72.49128,-6.6865
72.50125,-6.6969
72.51122,-6.7055
72.5212,-6.7112
72.53117,-6.72
72.54115,-6.717
72.55118,-6.7011
72.56121,-6.6989
72.57125,-6.6999
72.58128,-6.6942
72.59132,-6.6885
72.60135,-6.6881
72.61138,-6.7069
72.62142,-6.7161
72.63145,-6.7194
72.64149,-6.7172
72.65152,-6.7175
72.66155,-6.7078
72.67157,-6.7046
72.68156,-6.6934
72.69155,-6.6981
72.70155,-6.6925
72.71153,-6.6953
72.72153,-6.704
72.73151,-6.7038
72.74151,-6.7107
72.7515,-6.7146
72.76149,-6.7121
72.77148,-6.714
72.78147,-6.7067
72.79146,-6.7
72.80148,-6.7041
72.81147,-6.7025
72.82146,-6.6942
72.83146,-6.7025
72.84145,-6.7046
72.85146,-6.7077
72.86145,-6.7051
72.87144,-6.7115
72.88144,-6.7083
72.89143,-6.7113
72.90144,-6.7171
72.91143,-6.7096
72.92142,-6.7064
72.93141,-6.6992
72.9414,-6.7052
72.95139,-6.7049
72.96137,-6.7196
72.97136,-6.7218
72.98135,-6.7233
72.99133,-6.7243
73.00132,-6.7165
73.01131,-6.7091
73.02129,-6.7009
73.03128,-6.7011
73.04127,-6.7074
73.05127,-6.7099
73.06127,-6.7281
73.07127,-6.7259
73.08127,-6.7311
73.09127,-6.7238
73.10127,-6.718
73.11127,-6.7112
73.12127,-6.7177
73.13127,-6.7089
73.14127,-6.691
73.15128,-6.706
73.16128,-6.7264
73.17126,-6.7277
73.18124,-6.73
73.19123,-6.7377
73.20121,-6.7282
73.21119,-6.7207
73.22117,-6.7254
73.23115,-6.7228
73.24113,-6.7105
73.25111,-6.718
73.26109,-6.7216
73.27107,-6.7329
73.28105,-6.7316
73.29103,-6.7279
73.30106,-6.744
73.31107,-6.7549
73.32108,-6.7478
73.3311,-6.7351
73.34112,-6.7268
73.35114,-6.73
73.36115,-6.7316
73.37116,-6.7211
73.38118,-6.7304
73.3912,-6.7368
73.40121,-6.7342
73.41123,-6.7358
73.42128,-6.7329
73.43132,-6.7374
73.44137,-6.7424
73.45141,-6.7389
73.46146,-6.7294
73.4715,-6.7223
73.48154,-6.7166
73.49158,-6.7163
73.50163,-6.7177
73.51167,-6.7211
73.52172,-6.7213
73.53176,-6.7302
73.54181,-6.7336
73.55183,-6.7345
73.56185,-6.7336
73.57187,-6.7356
73.58189,-6.74
73.5919,-6.7211
73.60191,-6.7064
73.61193,-6.7057
73.62195,-6.707
73.63197,-6.7164
73.64198,-6.7091
73.652,-6.7096
73.66202,-6.7217
73.67204,-6.732
73.68204,-6.7439
73.69205,-6.7339
73.70207,-6.7229
73.71208,-6.7245
73.7221,-6.7236
73.73211,-6.7196
73.74213,-6.7164
73.75214,-6.7285
73.76215,-6.7372
73.77216,-6.7411
73.78218,-6.7363
73.79219,-6.7369
73.80219,-6.7375
73.81218,-6.7293
73.82217,-6.7307
73.83218,-6.7323
73.84217,-6.7314
73.85217,-6.7295
73.86216,-6.7433
73.87215,-6.741
73.88215,-6.7452
73.89214,-6.7311
73.90214,-6.7343
73.91213,-6.7359
73.92214,-6.7251
73.93213,-6.7203
73.94212,-6.7318
73.9521,-6.751
73.96209,-6.7568
73.97208,-6.7632
73.98207,-6.7538
73.99206,-6.7584
74.00204,-6.753
74.01203,-6.7358
74.02203,-6.7313
74.03201,-6.7297
74.042,-6.7343
74.052,-6.7401
74.062,-6.7465
74.07201,-6.7582
74.08201,-6.7615
74.09201,-6.7582
74.10201,-6.7399
74.11201,-6.7385
74.12201,-6.7255
74.13201,-6.7372
74.14201,-6.7479
74.15202,-6.7555
74.16202,-6.7511
74.17201,-6.7503
74.18199,-6.7447
74.19197,-6.7444
74.20194,-6.7358
74.21192,-6.7309
74.2219,-6.7335
74.23188,-6.7422
74.24185,-6.7481
74.25183,-6.7574
74.26181,-6.7621
74.27179,-6.7605
74.28176,-6.7529
74.29174,-6.7414
74.30173,-6.7343
74.31171,-6.7365
74.32169,-6.7296
74.33167,-6.7316
74.34165,-6.7416
74.35162,-6.7452
74.3616,-6.7451
74.37158,-6.7586
74.38156,-6.7561
74.39154,-6.7367
74.40152,-6.7339
74.4115,-6.7393
74.4215,-6.7301
74.43153,-6.7373
74.44157,-6.7487
74.4516,-6.7465
74.46163,-6.7521
74.47166,-6.7415
74.4817,-6.746
74.49173,-6.7405
74.50176,-6.7366
74.5118,-6.7354
74.52183,-6.7353
74.53186,-6.7357
74.54189,-6.7503
74.55188,-6.7517
74.56185,-6.7512
74.57182,-6.7413
74.58179,-6.7346
74.59176,-6.7436
74.60173,-6.7431
74.61169,-6.7412
74.62167,-6.7368
74.63164,-6.7393
74.6416,-6.753
74.65157,-6.751
74.66154,-6.7499
74.67158,-6.7399
74.68166,-6.7488
74.69176,-6.7571
74.70184,-6.7517
74.71193,-6.7437
74.72202,-6.7474
74.73211,-6.7587
74.7422,-6.7614
74.75229,-6.756
74.76237,-6.7499
74.77246,-6.7488
74.78255,-6.7516
74.79264,-6.7552
74.8027,-6.7545
74.81276,-6.7626
74.82281,-6.7571
74.83288,-6.7607
74.84293,-6.7513
74.85299,-6.7407
74.86304,-6.7421
74.8731,-6.7388
74.88316,-6.7469
74.89322,-6.7507
74.90327,-6.7583
74.91333,-6.762
74.92334,-6.7626
74.93329,-6.759
74.94324,-6.7561
74.95319,-6.7491
74.96314,-6.7475
74.97309,-6.7466
74.98305,-6.7495
74.993,-6.7653
75.00295,-6.7621
75.0129,-6.7667
75.02285,-6.7732
75.03281,-6.7671
75.04276,-6.7609
75.05282,-6.7638
75.06288,-6.7483
75.07294,-6.752
75.08302,-6.7503
75.09308,-6.7531
75.10314,-6.754
75.1132,-6.7624
75.12327,-6.7675
75.13334,-6.7651
75.1434,-6.7671
75.15347,-6.7703
75.16353,-6.7566
75.17352,-6.7453
75.18343,-6.7563
75.19333,-6.7581
75.20324,-6.7573
75.21314,-6.7537
75.22305,-6.7527
75.23295,-6.7573
75.24285,-6.7586
75.25275,-6.7623
75.26266,-6.7541
75.27257,-6.7576
75.28247,-6.7641
75.29237,-6.7708
75.30247,-6.7684
75.31255,-6.7594
75.32262,-6.7623
75.3327,-6.754
75.34278,-6.7576
75.35286,-6.7487
75.36294,-6.7519
75.37302,-6.7583
75.38309,-6.7695
75.39317,-6.7768
75.40325,-6.773
75.41333,-6.7644
75.42339,-6.7681
75.4334,-6.7612
75.44342,-6.7465
75.45344,-6.7437
75.46346,-6.7557
75.47348,-6.7618
75.4835,-6.7541
75.49352,-6.759
75.50353,-6.7651
75.51355,-6.7678
75.52357,-6.7773
75.53358,-6.7532
75.5436,-6.7557
75.5536,-6.7562
75.56357,-6.7579
75.57354,-6.7546
75.58352,-6.7528
75.59349,-6.7588
75.60347,-6.7626
75.61344,-6.7708
75.62342,-6.759
75.63339,-6.7563
75.64336,-6.7612
75.65334,-6.7722
75.66331,-6.7808
75.67328,-6.7727
75.68322,-6.7716
75.69316,-6.782
75.7031,-6.7737
75.71304,-6.7698
75.72298,-6.7631
75.73293,-6.7524
75.74287,-6.7535
75.75281,-6.771
75.76275,-6.784
75.77269,-6.7844
75.78263,-6.7738
75.79257,-6.7754
75.80272,-6.7762
75.81287,-6.7596
75.82301,-6.7519
75.83315,-6.7607
75.8433,-6.7702
75.85345,-6.7734
75.86359,-6.7812
75.87374,-6.7787
75.88389,-6.7794
75.89404,-6.7815
75.90418,-6.7677
75.91433,-6.7517
75.92439,-6.7662
75.93433,-6.7674
75.94429,-6.7755
75.95424,-6.7808
75.96419,-6.7836
75.97414,-6.7912
75.98409,-6.7883
75.99404,-6.7786
76.004,-6.7744
76.01395,-6.7714
76.0239,-6.7635
76.03385,-6.7729
76.0438,-6.7656
76.05379,-6.7725
76.06377,-6.7846
76.07376,-6.7869
76.08374,-6.7891
76.09373,-6.7743
76.10371,-6.7707
76.11369,-6.7644
76.12368,-6.7728
76.13366,-6.7715
76.14365,-6.773
76.15363,-6.7764
76.16361,-6.7827
76.17358,-6.7769
76.18353,-6.7774
76.19349,-6.7703
76.20344,-6.7659
76.21339,-6.7605
76.22335,-6.769
76.23331,-6.7605
76.24326,-6.7812
76.25321,-6.7834
76.26317,-6.786
76.27312,-6.7947
76.28307,-6.7879
76.29303,-6.7827
76.30306,-6.7682
76.31309,-6.7619
76.32311,-6.7676
76.33314,-6.7681
76.34316,-6.7819
76.3532,-6.8003
76.36322,-6.8024
76.37325,-6.8033
76.38327,-6.7913
76.3933,-6.7891
76.40333,-6.7907
76.41335,-6.7798
76.42339,-6.7737
76.43343,-6.7686
76.44346,-6.7787
76.45349,-6.7834
76.46352,-6.7791
76.47356,-6.7704
76.4836,-6.7708
76.49363,-6.7746
76.50366,-6.7738
76.51369,-6.7686
76.52374,-6.7651
76.53377,-6.7771
76.5438,-6.7779
76.55375,-6.7761
76.56369,-6.7769
76.57363,-6.7714
76.58357,-6.7727
76.59351,-6.7728
76.60345,-6.7696
76.6134,-6.7835
76.62334,-6.7801
76.63329,-6.7754
76.64323,-6.7784
76.65317,-6.7715
76.66311,-6.7772
76.67307,-6.7757
76.68304,-6.7744
76.69301,-6.7786
76.70298,-6.7837
76.71294,-6.7931
76.72292,-6.7919
76.73288,-6.784
76.74285,-6.7846
76.75282,-6.7832
76.76279,-6.7737
76.77276,-6.7685
76.78272,-6.7674
76.79269,-6.7747
76.80273,-6.788
76.81277,-6.7929
76.82281,-6.7923
76.83284,-6.7917
76.84288,-6.784
76.85291,-6.773
76.86295,-6.7718
76.87299,-6.7631
76.88303,-6.7808
76.89306,-6.7852
76.9031,-6.7915
76.91313,-6.7933
76.92319,-6.8042
76.93327,-6.795
76.94336,-6.7937
76.95344,-6.784
76.96352,-6.7765
76.9736,-6.776
76.98368,-6.7837
76.99376,-6.784
77.00385,-6.7922
77.01392,-6.7854
77.024,-6.8001
77.03409,-6.7915
77.04417,-6.7945
77.05417,-6.7902
77.06417,-6.7781
77.07417,-6.7895
77.08418,-6.7958
77.09418,-6.7946
77.10418,-6.7948
77.11418,-6.7886
77.12418,-6.7881
77.13419,-6.7963
77.14419,-6.7855
77.15419,-6.7767
77.16419,-6.7784
77.17419,-6.799
77.18417,-6.8125
77.19415,-6.8043
77.20414,-6.8019
77.21412,-6.8111
77.2241,-6.8051
77.23408,-6.7912
77.24406,-6.7844
77.25404,-6.7794
77.26402,-6.7741
77.274,-6.7889
77.28399,-6.8018
77.29397,-6.8046
77.30399,-6.8013
77.31399,-6.8069
77.324,-6.8041
77.33401,-6.7883
77.34401,-6.7771
77.35402,-6.783
77.36402,-6.8004
77.37403,-6.8093
77.38403,-6.8074
77.39404,-6.8057
77.40405,-6.8178
77.41405,-6.8113
77.42406,-6.7842
77.43405,-6.7756
77.44405,-6.7787
77.45404,-6.7931
77.46404,-6.7856
77.47404,-6.7956
77.48403,-6.8085
77.49403,-6.8212
77.50402,-6.807
77.51402,-6.7994
77.52402,-6.7843
77.53401,-6.7855
77.54401,-6.7832
77.55401,-6.7921
77.564,-6.7908
77.574,-6.7933
77.584,-6.7935
77.59399,-6.8019
77.604,-6.8001
77.61399,-6.7814
77.62399,-6.7775
77.63399,-6.7852
77.64398,-6.7827
77.65398,-6.7822
77.66398,-6.7916
77.67397,-6.7992
77.68396,-6.7993
77.69395,-6.7933
77.70394,-6.7913
77.71393,-6.7989
77.72392,-6.7971
77.73391,-6.8013
77.7439,-6.7931
77.75388,-6.7945
77.76387,-6.8009
77.77386,-6.8166
77.78385,-6.8152
77.79384,-6.8047
77.80392,-6.7923
77.81399,-6.7867
77.82407,-6.7862
77.83414,-6.782
77.84422,-6.7829
77.85429,-6.8002
77.86436,-6.8117
77.87444,-6.809
77.88451,-6.8084
77.89458,-6.7993
77.90466,-6.7936
77.91473,-6.799
77.92474,-6.7978
77.93465,-6.7915
77.94458,-6.7913
77.95451,-6.7951
77.96442,-6.8027
77.97435,-6.8053
77.98427,-6.7967
77.99419,-6.7915
78.00412,-6.7908
78.01404,-6.7921
78.02396,-6.7958
78.03388,-6.7978
78.04381,-6.809
78.05396,-6.8089
78.0641,-6.8126
78.07425,-6.8038
78.0844,-6.8005
78.09454,-6.7957
78.10469,-6.7983
78.11484,-6.7922
78.12498,-6.7911
78.13513,-6.7975
78.14528,-6.798
78.15543,-6.8047
78.16557,-6.7927
78.17561,-6.7986
78.18553,-6.798
78.19545,-6.7857
78.20537,-6.7876
78.21529,-6.7924
78.2252,-6.7956
78.23512,-6.799
78.24504,-6.8099
78.25496,-6.8028
78.26488,-6.8034
78.2748,-6.8039
78.28471,-6.7971
78.29463,-6.7861
78.30464,-6.7943
78.31465,-6.7943
78.32466,-6.8016
78.33466,-6.8065
78.34467,-6.807
78.35468,-6.7985
78.36469,-6.7948
78.37469,-6.7893
78.3847,-6.7792
78.39471,-6.7914
78.40472,-6.7883
78.41473,-6.7955
78.42473,-6.8094
78.43473,-6.8006
78.44473,-6.7905
78.45472,-6.8001
78.46472,-6.7988
78.47472,-6.7876
78.48472,-6.7918
78.49471,-6.7984
78.50471,-6.7972
78.51471,-6.806
78.5247,-6.8027
78.53471,-6.8005
78.5447,-6.8023
78.55469,-6.8053
78.56468,-6.7947
78.57467,-6.784
78.58466,-6.7994
78.59464,-6.7991
78.60463,-6.7986
78.61462,-6.8093
78.6246,-6.8071
78.63459,-6.8072
78.64458,-6.8026
78.65456,-6.8022
78.66455,-6.7919
78.67455,-6.7888
78.68455,-6.8012
78.69454,-6.8079
78.70454,-6.8057
78.71454,-6.8063
78.72454,-6.8128
78.73454,-6.8293
78.74454,-6.8228
78.75453,-6.8059
78.76453,-6.7997
78.77453,-6.798
78.78453,-6.8068
78.79453,-6.8153
78.80454,-6.8163
78.81454,-6.8125
78.82453,-6.8237
78.83453,-6.8154
78.84453,-6.8141
78.85453,-6.8031
78.86452,-6.8047
78.87452,-6.8154
78.88452,-6.8184
78.89452,-6.8172
78.90451,-6.8055
78.91451,-6.8156
78.92451,-6.8195
78.93452,-6.8137
78.94452,-6.8014
78.95453,-6.7991
78.96454,-6.8063
78.97454,-6.8112
78.98455,-6.8131
78.99456,-6.8002
79.00456,-6.8142
79.01457,-6.8186
79.02458,-6.8128
79.03458,-6.8033
79.04459,-6.7925
79.05459,-6.7871
79.06458,-6.7962
79.07457,-6.8043
79.08456,-6.8007
79.09454,-6.8091
79.10453,-6.8218
79.11452,-6.8253
79.1245,-6.8228
79.13449,-6.8107
79.14448,-6.7999
79.15446,-6.8025
79.16445,-6.7959
79.17448,-6.7975
79.18455,-6.8009
79.19462,-6.8133
79.20469,-6.8208
79.21476,-6.8117
79.22483,-6.8066
79.2349,-6.8162
79.24497,-6.8137
79.25504,-6.8104
79.26511,-6.8071
79.27518,-6.8095
79.28525,-6.8174
79.29532,-6.8111
79.30533,-6.8121
79.31533,-6.81
79.32533,-6.8102
79.33533,-6.8116
79.34534,-6.8138
79.35535,-6.8047
79.36535,-6.8001
79.37535,-6.8108
79.38536,-6.8244
79.39536,-6.8226
79.40536,-6.8155
79.41537,-6.8083
79.42538,-6.8101
79.43537,-6.8172
79.44536,-6.8031
79.45535,-6.7932
79.46535,-6.8174
79.47533,-6.8182
79.48533,-6.8201
79.49532,-6.8161
79.50531,-6.8185
79.5153,-6.8217
79.5253,-6.8127
79.53529,-6.813
79.54528,-6.8128
79.55529,-6.8147
79.5653,-6.8127
79.5753,-6.8165
79.5853,-6.8243
79.59531,-6.8243
79.60532,-6.8148
79.61532,-6.8264
79.62533,-6.8053
79.63533,-6.7986
79.64534,-6.7974
79.65534,-6.8152
79.66534,-6.834
79.67535,-6.8276
79.68533,-6.8344
79.69532,-6.8244
79.70531,-6.8254
79.71529,-6.8263
79.72528,-6.807
79.73527,-6.7929
79.74526,-6.8042
79.75525,-6.8259
79.76524,-6.8284
79.77522,-6.8327
79.78521,-6.8292
79.7952,-6.8334
79.80523,-6.8303
79.81525,-6.8126
79.82526,-6.8071
79.83527,-6.8088
79.84528,-6.8114
79.8553,-6.818
79.86531,-6.8155
79.87533,-6.8122
79.88534,-6.8276
79.89536,-6.8345
79.90536,-6.8374
79.91538,-6.8262
79.92538,-6.8264
79.93537,-6.8163
79.94536,-6.8137
79.95535,-6.8056
79.96533,-6.8064
79.97532,-6.8198
79.98531,-6.8257
79.99529,-6.8265
80.00529,-6.8248
80.01527,-6.8229
80.02526,-6.822
80.03525,-6.8223
80.04523,-6.8264
80.05523,-6.8207
80.06521,-6.8289
80.0752,-6.8278
80.08517,-6.8278
80.09516,-6.8179
80.10514,-6.8051
80.11513,-6.8136
80.12511,-6.8064
80.13509,-6.8094
80.14508,-6.8176
80.15506,-6.8238
80.16505,-6.8341
