time_s,measured_value
0.00978,-3.1357
0.01955,-3.125
0.02933,-3.1208
0.03911,-3.1233
0.04888,-3.1049
0.05866,-3.0923
0.06844,-3.0794
0.07821,-3.0844
0.08799,-3.0931
0.09777,-3.1121
0.10754,-3.1209
0.11732,-3.1274
0.12723,-3.1299
0.13726,-3.14
0.1473,-3.1399
0.15734,-3.1452
0.16737,-3.1259
0.17741,-3.1039
0.18745,-3.1146
0.19748,-3.131
0.20752,-3.1449
0.21756,-3.151
0.2276,-3.1559
0.23763,-3.1341
0.24767,-3.1291
0.25765,-3.1246
0.26763,-3.1233
0.27761,-3.1359
0.28758,-3.1449
0.29756,-3.1365
0.30754,-3.156
0.31752,-3.1567
0.3275,-3.1301
0.33748,-3.1285
0.34745,-3.1316
0.35743,-3.1275
0.36741,-3.1317
0.37739,-3.1361
0.38736,-3.1257
0.39733,-3.1228
0.4073,-3.1231
0.41727,-3.1238
0.42724,-3.1231
0.43721,-3.1329
0.44718,-3.1387
0.45715,-3.1354
0.46712,-3.1296
0.47709,-3.1296
0.48706,-3.1211
0.49703,-3.1124
0.50704,-3.1145
0.51705,-3.1201
0.52706,-3.1264
0.53707,-3.1418
0.54708,-3.1346
0.55709,-3.1242
0.5671,-3.122
0.57711,-3.1259
0.58712,-3.126
0.59713,-3.1223
0.60714,-3.1243
0.61715,-3.1215
0.62718,-3.1273
0.63722,-3.1314
0.64727,-3.1315
0.65731,-3.1321
0.66736,-3.1214
0.6774,-3.1243
0.68744,-3.1341
0.69749,-3.1303
0.70753,-3.1513
0.71757,-3.1715
0.72762,-3.162
0.73766,-3.1614
0.74771,-3.1475
0.75765,-3.1378
0.76759,-3.122
0.77753,-3.1096
0.78748,-3.1037
0.79742,-3.1073
0.80736,-3.0978
0.8173,-3.1105
0.82724,-3.1226
0.83718,-3.1507
0.84712,-3.1504
0.85707,-3.1623
0.86701,-3.167
0.87702,-3.1568
0.8871,-3.1324
0.89717,-3.116
0.90725,-3.109
0.91733,-3.1037
0.9274,-3.115
0.93748,-3.1516
0.94756,-3.165
0.95763,-3.1544
0.96771,-3.1589
0.97779,-3.1649
0.98786,-3.1698
0.99794,-3.1625
1.00794,-3.1612
1.01793,-3.1556
1.02792,-3.1505
1.03791,-3.1452
1.0479,-3.1473
1.05789,-3.1522
1.06789,-3.1467
1.07788,-3.1456
1.08787,-3.1376
1.09786,-3.1383
1.10785,-3.1309
1.11784,-3.1304
1.12786,-3.1335
1.13789,-3.1416
1.14792,-3.132
1.15795,-3.1373
1.16798,-3.1408
1.17801,-3.1344
1.18805,-3.1418
1.19808,-3.1542
1.20811,-3.145
1.21814,-3.1227
1.22817,-3.1084
1.2382,-3.1043
1.24823,-3.1123
1.25821,-3.147
1.26818,-3.1625
1.27814,-3.1681
1.28811,-3.1715
1.29808,-3.1716
1.30805,-3.1487
1.31802,-3.1349
1.32798,-3.1342
1.33795,-3.1369
1.34792,-3.1427
1.35789,-3.1496
1.36786,-3.1439
1.37785,-3.1438
1.38784,-3.1402
1.39784,-3.1467
1.40783,-3.1392
1.41783,-3.1302
1.42783,-3.1267
1.43782,-3.1358
1.44782,-3.1306
1.45782,-3.1522
1.46781,-3.1613
1.47781,-3.1524
1.48781,-3.1341
1.4978,-3.1345
1.50781,-3.1344
1.51781,-3.1342
1.52782,-3.1448
1.53782,-3.1578
1.54782,-3.1642
1.55783,-3.1587
1.56783,-3.1589
1.57784,-3.1424
1.58784,-3.1419
1.59784,-3.1447
1.60785,-3.1402
1.61785,-3.1394
1.62785,-3.1397
1.63785,-3.1442
1.64784,-3.1383
1.65784,-3.1579
1.66783,-3.1598
1.67782,-3.1626
1.68782,-3.1521
1.69781,-3.1488
1.70781,-3.1408
1.7178,-3.1444
1.7278,-3.1478
1.73779,-3.1611
1.74778,-3.1613
1.75777,-3.1508
1.76775,-3.1518
1.77774,-3.1535
1.78772,-3.1537
1.79771,-3.1528
1.80769,-3.1568
1.81768,-3.1501
1.82766,-3.1575
1.83764,-3.1553
1.84763,-3.1434
1.85761,-3.1378
1.8676,-3.1561
1.87761,-3.1651
1.88764,-3.1583
1.89767,-3.1503
1.9077,-3.1559
1.91773,-3.1566
1.92776,-3.1602
1.9378,-3.1614
1.94783,-3.1639
1.95786,-3.1567
1.96789,-3.1465
1.97792,-3.1392
1.98795,-3.1485
1.99798,-3.1532
2.00808,-3.1486
2.01816,-3.156
2.02824,-3.1747
2.03832,-3.1641
2.0484,-3.1557
2.05848,-3.1441
2.06856,-3.1412
2.07863,-3.1404
2.08871,-3.1399
2.09879,-3.1551
2.10887,-3.1524
2.11895,-3.1479
2.12898,-3.1515
2.13895,-3.1428
2.14891,-3.1383
2.15888,-3.1322
2.16885,-3.1321
2.17882,-3.126
2.18879,-3.1212
2.19876,-3.1189
2.20873,-3.1365
2.2187,-3.1434
2.22867,-3.1442
2.23864,-3.1592
2.24861,-3.1691
2.25862,-3.171
2.26861,-3.1604
2.27859,-3.1566
2.28858,-3.1463
2.29857,-3.1294
2.30856,-3.1173
2.31855,-3.1165
2.32854,-3.1234
2.33853,-3.1348
2.34852,-3.1536
2.35851,-3.1525
2.3685,-3.137
2.37851,-3.138
2.38855,-3.1354
2.39858,-3.1529
2.40861,-3.1727
2.41864,-3.1843
2.42867,-3.1722
2.43871,-3.1615
2.44874,-3.1477
2.45877,-3.1447
2.4688,-3.1432
2.47884,-3.1536
2.48887,-3.159
2.4989,-3.1627
2.50888,-3.1615
2.51885,-3.1562
2.52882,-3.1402
2.53879,-3.143
2.54876,-3.133
2.55873,-3.1423
2.5687,-3.1472
2.57867,-3.1556
2.58864,-3.1617
2.59861,-3.151
2.60858,-3.153
2.61855,-3.1582
2.62855,-3.1561
2.63857,-3.153
2.64859,-3.1512
2.6586,-3.1495
2.66862,-3.146
2.67864,-3.1474
2.68866,-3.1546
2.69868,-3.1534
2.7087,-3.1593
2.71871,-3.157
2.72873,-3.1584
2.73875,-3.162
2.74877,-3.1533
2.75883,-3.153
2.76887,-3.1519
2.7789,-3.1521
2.78894,-3.1575
2.79898,-3.1575
2.80902,-3.1594
2.81906,-3.1792
2.8291,-3.1778
2.83914,-3.1733
2.84918,-3.1601
2.85922,-3.1637
2.86926,-3.1595
2.87926,-3.1482
2.88921,-3.1386
2.89916,-3.1394
2.90911,-3.1468
2.91906,-3.1522
2.929,-3.146
2.93895,-3.1576
2.9489,-3.1594
2.95885,-3.1666
2.9688,-3.1579
2.97875,-3.1465
2.9887,-3.1448
2.99865,-3.1481
3.00875,-3.1481
3.01883,-3.1597
3.02891,-3.1664
3.039,-3.1746
3.04908,-3.1696
3.05916,-3.1512
3.06924,-3.1462
3.07932,-3.1453
3.0894,-3.1511
3.09948,-3.144
3.10956,-3.1552
3.11964,-3.1565
3.12972,-3.1558
3.13979,-3.1519
3.14986,-3.1504
3.15993,-3.1449
3.17,-3.1592
3.18007,-3.1563
3.19014,-3.1657
3.20021,-3.1635
3.21028,-3.1659
3.22035,-3.1556
3.23042,-3.1334
3.24049,-3.1201
3.25056,-3.129
3.26046,-3.1452
3.27036,-3.1589
3.28025,-3.158
3.29015,-3.1605
3.30005,-3.138
3.30994,-3.1358
3.31984,-3.1267
3.32974,-3.1294
3.33963,-3.1495
3.34953,-3.1581
3.35943,-3.1396
3.36932,-3.1299
3.37927,-3.1191
3.38927,-3.1037
3.39927,-3.1021
3.40926,-3.1086
3.41926,-3.126
3.42926,-3.136
3.43925,-3.1505
3.44925,-3.1445
3.45925,-3.1293
3.46924,-3.1268
3.47924,-3.1154
3.48924,-3.1255
3.49923,-3.1246
3.50926,-3.1202
3.51928,-3.1242
3.5293,-3.1195
3.53932,-3.1256
3.54934,-3.1285
3.55936,-3.1235
3.56938,-3.1169
3.5794,-3.1114
3.58942,-3.1079
3.59944,-3.1076
3.60946,-3.1183
3.61948,-3.1207
3.62949,-3.1231
3.63946,-3.118
3.64944,-3.1193
3.65942,-3.1086
3.66939,-3.1077
3.67937,-3.1135
3.68935,-3.1128
3.69932,-3.1121
3.7093,-3.106
3.71928,-3.106
3.72925,-3.1085
3.73923,-3.1187
3.7492,-3.1287
3.7592,-3.14
3.76919,-3.1371
3.77919,-3.1413
3.78918,-3.1171
3.79917,-3.0896
3.80916,-3.0789
3.81916,-3.0705
3.82915,-3.0911
3.83914,-3.1193
3.84913,-3.1345
3.85913,-3.1392
3.86912,-3.1266
3.87914,-3.1159
3.88914,-3.1082
3.89915,-3.097
3.90915,-3.1068
3.91916,-3.1178
3.92916,-3.1254
3.93917,-3.1276
3.94917,-3.1229
3.95918,-3.124
3.96918,-3.1247
3.97919,-3.125
3.98919,-3.1349
3.9992,-3.1351
4.0092,-3.1347
4.0192,-3.1349
4.0292,-3.1353
4.0392,-3.1402
4.0492,-3.1425
4.0592,-3.1467
4.06919,-3.1543
4.07919,-3.1678
4.08919,-3.1685
4.09919,-3.1553
4.10919,-3.1424
4.11919,-3.1285
4.12926,-3.1114
4.13935,-3.1052
4.14944,-3.108
4.15954,-3.1115
4.16963,-3.127
4.17972,-3.1477
4.18982,-3.1525
4.19991,-3.147
4.21001,-3.1552
4.2201,-3.1443
4.23019,-3.1301
4.24029,-3.1277
4.25038,-3.1302
4.26036,-3.1326
4.27033,-3.129
4.28031,-3.1276
4.29029,-3.1232
4.30026,-3.1421
4.31024,-3.1379
4.32021,-3.1363
4.33019,-3.1522
4.34017,-3.1587
4.35014,-3.164
4.36012,-3.1513
4.37009,-3.1561
4.38009,-3.159
4.3901,-3.1564
4.40011,-3.1521
4.41012,-3.1442
4.42013,-3.1425
4.43014,-3.145
4.44015,-3.1384
4.45015,-3.1564
4.46016,-3.1449
4.47017,-3.1436
4.48018,-3.1406
4.49019,-3.146
4.5002,-3.1572
4.51021,-3.1464
4.52021,-3.1444
4.53022,-3.1453
4.54022,-3.1572
4.55023,-3.1619
4.56023,-3.159
4.57024,-3.1755
4.58025,-3.1658
4.59025,-3.1581
4.60026,-3.1571
4.61026,-3.1565
4.62027,-3.1545
4.63027,-3.1513
4.64027,-3.1589
4.65027,-3.1684
4.66026,-3.1673
4.67026,-3.1688
4.68026,-3.1859
4.69025,-3.1828
4.70025,-3.1637
4.71025,-3.1514
4.72025,-3.14
4.73024,-3.1371
4.74024,-3.1621
4.75024,-3.1718
4.76021,-3.1777
4.77017,-3.187
4.78014,-3.1937
4.79011,-3.1878
4.80007,-3.174
4.81004,-3.1753
4.82001,-3.1648
4.82997,-3.1604
4.83994,-3.162
4.84991,-3.1628
4.85987,-3.1689
4.86984,-3.175
4.87985,-3.1761
4.8899,-3.1807
4.89995,-3.176
4.91001,-3.1659
4.92006,-3.1741
4.93011,-3.1808
4.94016,-3.1807
4.95021,-3.1795
4.96026,-3.1754
4.97032,-3.1832
4.98037,-3.1662
4.99042,-3.1623
5.00047,-3.1712
5.01046,-3.186
5.02043,-3.1828
5.03041,-3.1796
5.04038,-3.1761
5.05035,-3.1764
5.06032,-3.1743
5.07029,-3.1772
5.08026,-3.1751
5.09023,-3.1804
5.1002,-3.1782
5.11017,-3.184
5.12015,-3.1763
5.13012,-3.1673
5.14009,-3.1691
5.15006,-3.1672
5.16003,-3.168
5.17,-3.1675
5.17997,-3.1798
5.18994,-3.1742
5.19991,-3.1775
5.20988,-3.1877
5.21985,-3.1822
5.22982,-3.1745
5.23979,-3.1689
5.24976,-3.1732
5.25983,-3.1852
5.2699,-3.1827
5.27997,-3.1841
5.29004,-3.1809
5.30011,-3.1582
5.31017,-3.1591
5.32024,-3.1552
5.33031,-3.1649
5.34038,-3.1662
5.35045,-3.1684
5.36052,-3.1678
5.37058,-3.1681
5.38067,-3.1711
5.39078,-3.1675
5.40088,-3.1785
5.41098,-3.1868
5.42109,-3.182
5.43119,-3.1654
5.44129,-3.1605
5.4514,-3.1755
5.4615,-3.1633
5.47161,-3.1545
5.48171,-3.1589
5.49181,-3.1588
5.50192,-3.1616
5.51189,-3.167
5.52185,-3.1794
5.53182,-3.1785
5.54179,-3.1789
5.55175,-3.1817
5.56172,-3.1822
5.57169,-3.1907
5.58165,-3.1745
5.59162,-3.1695
5.60159,-3.1753
5.61155,-3.176
5.62152,-3.1803
5.63149,-3.1775
5.64146,-3.1702
5.65142,-3.1604
5.66139,-3.1627
5.67136,-3.1577
5.68132,-3.1689
5.69129,-3.1666
5.70126,-3.172
5.71122,-3.1746
5.72119,-3.175
5.73115,-3.1774
5.74112,-3.1693
5.75109,-3.1722
5.76105,-3.1705
5.77101,-3.1679
5.78097,-3.1637
5.79093,-3.1754
5.80089,-3.1716
5.81085,-3.1687
5.82082,-3.1822
5.83078,-3.1792
5.84074,-3.1808
5.8507,-3.1861
5.86066,-3.1992
5.87062,-3.1862
5.88061,-3.1838
5.89063,-3.1831
5.90064,-3.1691
5.91066,-3.1653
5.92068,-3.1655
5.93069,-3.1702
5.94071,-3.186
5.95072,-3.1908
5.96074,-3.1944
5.97076,-3.1928
5.98077,-3.1849
5.99079,-3.1766
6.0008,-3.1789
6.0108,-3.17
6.0208,-3.1738
6.0308,-3.1877
6.04079,-3.1901
6.05079,-3.1919
6.06079,-3.193
6.07078,-3.1851
6.08078,-3.1792
6.09078,-3.1788
6.10077,-3.1721
6.11077,-3.1824
6.12077,-3.1842
6.13075,-3.1948
6.14073,-3.185
6.1507,-3.1808
6.16067,-3.1746
6.17065,-3.1711
6.18062,-3.1806
6.19059,-3.1848
6.20057,-3.1952
6.21054,-3.1896
6.22051,-3.1936
6.23049,-3.1843
6.24046,-3.1745
6.25043,-3.1729
6.26047,-3.1773
6.2705,-3.1801
6.28052,-3.1847
6.29054,-3.1813
6.30056,-3.1781
6.31058,-3.1908
6.3206,-3.1832
6.33063,-3.1834
6.34065,-3.1799
6.35067,-3.1814
6.36069,-3.1713
6.37071,-3.1707
6.38077,-3.1798
6.39081,-3.1805
6.40086,-3.1848
6.4109,-3.1969
6.42095,-3.1902
6.431,-3.1868
6.44104,-3.1767
6.45109,-3.1817
6.46113,-3.1743
6.47118,-3.1783
6.48123,-3.1833
6.49127,-3.1837
6.50132,-3.1891
6.51134,-3.1886
6.52137,-3.1768
6.53139,-3.1761
6.54141,-3.1786
6.55144,-3.1739
6.56146,-3.1768
6.57148,-3.1851
6.5815,-3.1922
6.59153,-3.2055
6.60155,-3.197
6.61157,-3.1796
6.6216,-3.1693
6.6316,-3.1617
6.64156,-3.1732
6.65153,-3.1707
6.6615,-3.1677
6.67146,-3.17
6.68143,-3.1685
6.6914,-3.1762
6.70136,-3.1686
6.71133,-3.1706
6.72129,-3.1739
6.73126,-3.1736
6.74123,-3.1774
6.75119,-3.1804
6.76122,-3.1924
6.77125,-3.1923
6.78127,-3.1934
6.7913,-3.1966
6.80132,-3.1851
6.81135,-3.1691
6.82137,-3.1601
6.83139,-3.1545
6.84142,-3.1629
6.85144,-3.1666
6.86147,-3.1716
6.87149,-3.1717
6.88151,-3.174
6.89152,-3.1742
6.90153,-3.166
6.91153,-3.1458
6.92154,-3.1515
6.93154,-3.1624
6.94155,-3.1619
6.95156,-3.1596
6.96156,-3.1577
6.97157,-3.1435
6.98158,-3.1504
6.99158,-3.1561
7.00159,-3.1541
7.01159,-3.147
7.02159,-3.1572
7.03158,-3.1533
7.04158,-3.1426
7.05158,-3.1391
7.06158,-3.1451
7.07158,-3.1316
7.08157,-3.1345
7.09157,-3.1448
7.10157,-3.1503
7.11157,-3.1622
7.12156,-3.1796
7.13156,-3.1636
7.14156,-3.1463
7.15156,-3.1467
7.16155,-3.1497
7.17155,-3.1538
7.18155,-3.1594
7.19155,-3.1529
7.20154,-3.1491
7.21154,-3.1494
7.22154,-3.1521
7.23153,-3.1419
7.24153,-3.1416
7.25153,-3.1377
7.26152,-3.1245
7.27152,-3.1313
7.28151,-3.143
7.29151,-3.1454
7.3015,-3.1603
7.3115,-3.1579
7.32149,-3.1499
7.33149,-3.1342
7.34148,-3.134
7.35148,-3.1266
7.36147,-3.137
7.37146,-3.144
7.38145,-3.1518
7.39141,-3.1511
7.40137,-3.1371
7.41133,-3.1308
7.4213,-3.1414
7.43126,-3.1507
7.44122,-3.1476
7.45118,-3.1353
7.46114,-3.1405
7.47111,-3.1386
7.48107,-3.1424
7.49103,-3.1508
7.50099,-3.144
7.51111,-3.1406
7.52122,-3.1337
7.53132,-3.1344
7.54143,-3.1467
7.55154,-3.1549
7.56165,-3.1563
7.57176,-3.1517
7.58187,-3.1479
7.59198,-3.1466
7.60208,-3.1495
7.61219,-3.1416
7.6223,-3.1494
7.63236,-3.153
7.64236,-3.16
7.65236,-3.1558
7.66236,-3.1476
7.67236,-3.1368
7.68236,-3.1433
7.69236,-3.1592
7.70236,-3.1759
7.71236,-3.1759
7.72236,-3.1769
7.73236,-3.1538
7.74236,-3.1493
7.75236,-3.1465
7.76237,-3.1471
7.77237,-3.1535
7.78236,-3.1528
7.79235,-3.1543
7.80234,-3.1568
7.81234,-3.1628
7.82233,-3.158
7.83232,-3.1648
7.84231,-3.1642
7.8523,-3.1636
7.8623,-3.1577
7.87229,-3.1597
7.88231,-3.1604
7.89236,-3.1595
7.90241,-3.1563
7.91246,-3.1593
7.92251,-3.1678
7.93256,-3.1705
7.94261,-3.1685
7.95265,-3.1651
7.9627,-3.157
7.97275,-3.1721
7.9828,-3.1775
7.99285,-3.1742
8.0029,-3.1836
8.01281,-3.1892
8.02272,-3.1788
8.03263,-3.1613
8.04254,-3.1513
8.05245,-3.1597
8.06236,-3.1607
8.07227,-3.169
8.08218,-3.1728
8.09209,-3.1658
8.102,-3.1472
8.11191,-3.147
8.12182,-3.1468
8.13178,-3.1548
8.14178,-3.1614
8.15177,-3.1576
8.16177,-3.1706
8.17176,-3.1752
8.18176,-3.1743
8.19175,-3.1671
8.20175,-3.1655
8.21175,-3.1675
8.22174,-3.1603
8.23174,-3.1657
8.24173,-3.1577
8.25173,-3.1624
8.26172,-3.1695
8.27171,-3.1695
8.28169,-3.167
8.29168,-3.1631
8.30167,-3.1589
8.31166,-3.1489
8.32165,-3.1633
8.33163,-3.1687
8.34162,-3.1641
8.35161,-3.1684
8.3616,-3.1685
8.37158,-3.1656
8.3816,-3.1565
8.39162,-3.1553
8.40164,-3.1628
8.41167,-3.1661
8.42169,-3.1659
8.43172,-3.158
8.44174,-3.1544
8.45176,-3.1544
8.46179,-3.1658
8.47181,-3.1687
8.48184,-3.1683
8.49186,-3.172
8.50189,-3.1665
8.51194,-3.1677
8.522,-3.1586
8.53205,-3.1587
8.5421,-3.1576
8.55216,-3.1712
8.56221,-3.1583
8.57227,-3.1551
8.58232,-3.1565
8.59238,-3.1675
8.60243,-3.1635
8.61248,-3.162
8.62254,-3.1634
8.63258,-3.1706
8.64261,-3.1658
8.65264,-3.1646
8.66267,-3.172
8.6727,-3.1782
8.68273,-3.1655
8.69276,-3.1716
8.70279,-3.169
8.71282,-3.1571
8.72285,-3.1656
8.73288,-3.1649
8.74291,-3.1537
8.75294,-3.1509
8.7629,-3.154
8.77286,-3.155
8.78282,-3.1528
8.79278,-3.1563
8.80274,-3.162
8.81269,-3.1651
8.82265,-3.1838
8.83261,-3.1833
8.84257,-3.1732
8.85253,-3.1715
8.86248,-3.157
8.87244,-3.1422
8.88244,-3.1534
8.89246,-3.1591
8.90248,-3.1666
8.91251,-3.1737
8.92253,-3.1575
8.93256,-3.1533
8.94258,-3.1632
8.9526,-3.1632
8.96263,-3.1675
8.97265,-3.1727
8.98268,-3.1679
8.9927,-3.1634
9.00272,-3.1609
9.01274,-3.1663
9.02275,-3.173
9.03275,-3.1589
9.04276,-3.1666
9.05277,-3.1636
9.06278,-3.1596
9.07278,-3.1584
9.08279,-3.1704
9.0928,-3.1744
9.10281,-3.1843
9.11281,-3.1764
9.12282,-3.1749
9.13283,-3.1563
9.14282,-3.1607
9.15282,-3.1688
9.16282,-3.1612
9.17281,-3.1577
9.18281,-3.1574
9.19281,-3.1678
9.20281,-3.1704
9.2128,-3.1709
9.2228,-3.1834
9.2328,-3.178
9.24279,-3.1669
9.25279,-3.1604
9.2628,-3.1592
9.2728,-3.1626
9.2828,-3.1621
9.29281,-3.1619
9.30281,-3.1621
9.31282,-3.1765
9.32282,-3.1707
9.33283,-3.1567
9.34283,-3.1781
9.35284,-3.1667
9.36284,-3.162
9.37284,-3.1546
9.38283,-3.1661
9.39279,-3.1632
9.40275,-3.181
9.41271,-3.178
9.42267,-3.1675
9.43264,-3.1546
9.4426,-3.1528
9.45256,-3.1505
9.46252,-3.161
9.47248,-3.1652
9.48244,-3.1747
9.4924,-3.1698
9.50236,-3.1681
9.51236,-3.1721
9.52235,-3.1722
9.53235,-3.1798
9.54234,-3.1755
9.55234,-3.1685
9.56233,-3.1571
9.57233,-3.1458
9.58232,-3.1482
9.59231,-3.1583
9.60231,-3.1582
9.6123,-3.1536
9.6223,-3.1524
9.63235,-3.1638
9.64245,-3.1658
9.65256,-3.1706
9.66266,-3.1582
9.67277,-3.1546
9.68287,-3.1453
9.69298,-3.1454
9.70308,-3.1651
9.71319,-3.1711
9.72329,-3.1715
9.7334,-3.1685
9.7435,-3.1596
9.75361,-3.1464
9.76358,-3.1499
9.77355,-3.1606
9.78352,-3.1672
9.79349,-3.169
9.80346,-3.1731
9.81343,-3.1657
9.8234,-3.1631
9.83337,-3.1603
9.84334,-3.1539
9.85331,-3.1629
9.86328,-3.1629
9.87325,-3.1595
9.88325,-3.1545
9.89327,-3.1444
9.90329,-3.144
9.91331,-3.1573
9.92333,-3.1614
9.93335,-3.159
9.94338,-3.1618
9.9534,-3.1649
9.96342,-3.1629
9.97344,-3.1618
9.98346,-3.1605
9.99348,-3.156
10.0035,-3.1619
10.0135,-3.1569
10.02349,-3.171
10.03349,-3.1756
10.04348,-3.165
10.05348,-3.1581
10.06347,-3.1657
10.07347,-3.1618
10.08346,-3.1553
10.09346,-3.1572
10.10345,-3.1692
10.11345,-3.1704
10.12345,-3.1637
10.13344,-3.1523
10.14344,-3.1461
10.15344,-3.1522
10.16343,-3.1555
10.17343,-3.1488
10.18343,-3.1716
10.19342,-3.1662
10.20342,-3.1555
10.21342,-3.1589
10.22341,-3.151
10.23341,-3.1491
10.24341,-3.1588
10.2534,-3.1611
10.26341,-3.1726
10.27341,-3.1729
10.2834,-3.159
10.2934,-3.15
10.3034,-3.1442
10.3134,-3.1377
10.3234,-3.1504
10.3334,-3.1475
10.34339,-3.1573
10.35339,-3.1615
10.36339,-3.159
10.37339,-3.1583
10.38339,-3.156
10.39339,-3.1562
10.40339,-3.1619
10.41338,-3.1493
10.42338,-3.1484
10.43338,-3.1602
10.44338,-3.164
10.45337,-3.1646
10.46337,-3.1639
10.47337,-3.1676
10.48337,-3.1667
10.49337,-3.1672
10.50336,-3.1611
10.51336,-3.1482
10.52335,-3.1458
10.53334,-3.1505
10.54333,-3.1475
10.55332,-3.1637
10.56331,-3.1827
10.5733,-3.169
10.58329,-3.1535
10.59329,-3.1507
10.60328,-3.1525
10.61327,-3.1506
10.62326,-3.1493
10.6333,-3.1546
10.64338,-3.164
10.65347,-3.1687
10.66355,-3.1621
10.67364,-3.1537
10.68372,-3.1415
10.6938,-3.1464
10.70389,-3.1713
10.71397,-3.1798
10.72406,-3.1691
10.73414,-3.1566
10.74422,-3.1522
10.75431,-3.1488
10.76431,-3.1493
10.7743,-3.1442
10.7843,-3.1462
10.79429,-3.1493
10.80428,-3.1349
10.81428,-3.1363
10.82427,-3.1455
10.83427,-3.1426
10.84426,-3.1351
10.85426,-3.1432
10.86425,-3.1427
10.87425,-3.1456
10.88425,-3.132
10.89424,-3.1374
10.90424,-3.1486
10.91424,-3.1465
10.92424,-3.1457
10.93423,-3.1513
10.94423,-3.1581
10.95423,-3.1557
10.96423,-3.1476
10.97422,-3.1502
10.98422,-3.1416
10.99422,-3.1281
11.00422,-3.1113
11.01426,-3.1218
11.02429,-3.1234
11.03433,-3.1328
11.04437,-3.1385
11.0544,-3.1412
11.06444,-3.1397
11.07448,-3.1387
11.08451,-3.1354
11.09455,-3.1333
11.10459,-3.1404
11.11462,-3.1462
11.12466,-3.1464
11.13467,-3.1418
11.14464,-3.1354
11.15461,-3.1253
11.16458,-3.1238
11.17455,-3.1194
11.18452,-3.1136
11.19449,-3.1239
11.20446,-3.1223
11.21443,-3.1288
11.2244,-3.1294
11.23437,-3.1357
11.24434,-3.1364
11.25431,-3.1348
11.26426,-3.1292
11.2742,-3.1274
11.28415,-3.1198
11.29409,-3.1146
11.30404,-3.128
11.31399,-3.1327
11.32393,-3.1285
11.33388,-3.1254
11.34383,-3.1322
11.35377,-3.1364
11.36372,-3.1306
11.37366,-3.1342
11.38366,-3.1354
11.39369,-3.1409
11.40373,-3.1499
11.41376,-3.1437
11.4238,-3.1336
11.43383,-3.1227
11.44387,-3.1258
11.4539,-3.1322
11.46394,-3.1391
11.47397,-3.1439
11.48401,-3.1397
11.49404,-3.1318
11.50408,-3.1357
11.51408,-3.1626
11.52407,-3.1593
11.53407,-3.1549
11.54406,-3.1557
11.55406,-3.1538
11.56406,-3.1621
11.57405,-3.1714
11.58405,-3.1717
11.59404,-3.1756
11.60404,-3.1624
11.61404,-3.1356
11.62403,-3.1138
11.63402,-3.1222
11.64399,-3.1081
11.65395,-3.1153
11.66392,-3.1361
11.67389,-3.1238
11.68386,-3.1431
11.69382,-3.1611
11.70379,-3.171
11.71376,-3.1838
11.72372,-3.1763
11.73369,-3.1696
11.74366,-3.1594
11.75362,-3.1512
11.7637,-3.1465
11.77377,-3.1433
11.78384,-3.1342
11.79391,-3.1489
11.80398,-3.1485
11.81405,-3.1531
11.82413,-3.1516
11.8342,-3.161
11.84427,-3.175
11.85434,-3.1761
11.86441,-3.175
11.87448,-3.1808
11.88454,-3.174
11.89458,-3.1696
11.90462,-3.1556
11.91466,-3.1402
11.9247,-3.1384
11.93474,-3.1518
11.94478,-3.1661
11.95481,-3.1545
11.96485,-3.1482
11.97489,-3.167
11.98493,-3.1629
11.99497,-3.2032
12.00501,-3.1901
12.01504,-3.1999
12.02506,-3.1782
12.03509,-3.1551
12.04511,-3.1678
12.05514,-3.1555
12.06516,-3.1541
12.07519,-3.1528
12.08521,-3.1557
12.09524,-3.1628
12.10526,-3.1614
12.11529,-3.1567
12.12531,-3.1986
12.13535,-3.2046
12.14538,-3.1668
12.15541,-3.1484
12.16545,-3.1635
12.17548,-3.1699
12.18551,-3.1621
12.19555,-3.1661
12.20558,-3.1484
12.21562,-3.1416
12.22565,-3.1616
12.23568,-3.1679
12.24572,-3.1649
12.25575,-3.1823
12.26565,-3.1853
12.27554,-3.1934
12.28543,-3.1962
12.29533,-3.1929
12.30522,-3.1875
12.31511,-3.1737
12.325,-3.1673
12.33489,-3.1618
12.34478,-3.171
12.35468,-3.148
12.36457,-3.1201
12.37446,-3.1173
12.38442,-3.1417
12.39445,-3.1733
12.40448,-3.1599
12.41452,-3.1594
12.42455,-3.1581
12.43458,-3.1612
12.44461,-3.1648
12.45464,-3.1496
12.46467,-3.1459
12.4747,-3.1405
12.48473,-3.1288
12.49476,-3.1223
12.50479,-3.1225
12.51481,-3.1219
12.52482,-3.1419
12.53483,-3.1613
12.54483,-3.171
12.55484,-3.1746
12.56485,-3.1446
12.57485,-3.1303
12.58486,-3.1234
12.59486,-3.1374
12.60487,-3.1434
12.61488,-3.111
12.62488,-3.0822
12.63492,-3.0378
12.64498,-3.0046
12.65504,-3.0147
12.66509,-3.0384
12.67515,-3.0584
12.68521,-3.0591
12.69527,-3.0555
12.70533,-3.0468
12.71538,-3.0467
12.72544,-3.0065
12.7355,-2.9708
12.74556,-2.9298
12.75562,-2.904
12.76558,-2.9152
12.77554,-2.9548
12.78549,-2.9451
12.79545,-2.906
12.80541,-2.851
12.81537,-2.8314
12.82533,-2.8365
12.83529,-2.814
12.84525,-2.8226
12.8552,-2.7923
12.86516,-2.8205
12.87512,-2.8043
12.88512,-2.8033
12.89515,-2.8128
12.90518,-2.7913
12.91521,-2.7374
12.92524,-2.686
12.93527,-2.4184
12.9453,-2.1419
12.95533,-2.0186
12.96536,-1.9509
12.97538,-1.91
12.98541,-1.9001
12.99544,-1.9188
13.00547,-1.9793
13.01556,-2.0214
13.02564,-2.0439
13.03572,-2.0651
13.04581,-2.1182
13.05589,-2.2153
13.06597,-2.273
13.07605,-2.3362
13.08614,-2.3907
13.09622,-2.4048
13.1063,-2.4436
13.11639,-2.4602
13.12647,-2.5153
13.13647,-2.5483
13.14637,-2.5896
13.15628,-2.6243
13.16618,-2.6294
13.17609,-2.6337
13.18599,-2.6165
13.1959,-2.5778
13.2058,-2.5846
13.21571,-2.5767
13.22561,-2.5735
13.23552,-2.5785
13.24542,-2.5943
13.25533,-2.6277
13.26536,-2.6342
13.2754,-2.6421
13.28543,-2.6314
13.29546,-2.641
13.3055,-2.6484
13.31553,-2.6423
13.32556,-2.6563
13.3356,-2.6444
13.34563,-2.6615
13.35566,-2.679
13.3657,-2.6886
13.37573,-2.6952
13.38575,-2.6825
13.39572,-2.6709
13.40568,-2.6644
13.41565,-2.6483
13.42561,-2.6578
13.43558,-2.6762
13.44555,-2.6828
13.45551,-2.6779
13.46548,-2.6616
13.47544,-2.6725
13.48541,-2.6835
13.49537,-2.6802
13.50534,-2.6998
13.51538,-2.6987
13.52542,-2.702
13.53546,-2.6869
13.5455,-2.6832
13.55554,-2.6661
13.56557,-2.6457
13.57561,-2.6672
13.58565,-2.6854
13.59569,-2.7106
13.60573,-2.7135
13.61576,-2.6944
13.6258,-2.6731
13.63581,-2.6679
13.64577,-2.6761
13.65574,-2.6996
13.66571,-2.6952
13.67567,-2.6856
13.68564,-2.6847
13.69561,-2.6937
13.70557,-2.6815
13.71554,-2.6423
13.7255,-2.6054
13.73547,-2.5763
13.74544,-2.6017
13.7554,-2.6391
13.7654,-2.6577
13.7754,-2.6378
13.78539,-2.6224
13.79538,-2.6266
13.80538,-2.6232
13.81537,-2.6205
13.82537,-2.6203
13.83536,-2.6247
13.84535,-2.6033
13.85535,-2.6035
13.86534,-2.5987
13.87533,-2.6218
13.88532,-2.631
13.89528,-2.6229
13.90524,-2.6175
13.91521,-2.6001
13.92517,-2.5835
13.93513,-2.5758
13.94509,-2.5588
13.95505,-2.52
13.96502,-2.509
13.97498,-2.4908
13.98494,-2.4472
13.9949,-2.3794
14.00486,-2.3472
14.01498,-2.332
14.0251,-2.3067
14.03522,-2.277
14.04533,-2.2905
14.05545,-2.2685
14.06557,-2.2123
14.07568,-2.1688
14.0858,-2.1469
14.09592,-2.1513
14.10604,-2.1462
14.11615,-2.1114
14.12627,-2.0952
14.13633,-2.1036
14.14632,-2.0766
14.15631,-2.0504
14.1663,-2.038
14.17629,-2.045
14.18628,-2.0115
14.19628,-1.9611
14.20627,-1.9364
14.21626,-1.9322
14.22625,-1.9821
14.23624,-2.051
14.24623,-2.0296
14.25622,-2.044
14.26619,-2.0359
14.27615,-2.02
14.28612,-1.9961
14.29608,-1.9119
14.30604,-1.9151
14.31601,-1.9074
14.32597,-1.8693
14.33593,-1.8691
14.3459,-1.8887
14.35586,-1.9275
14.36582,-1.959
14.37579,-1.9748
14.38579,-1.9949
14.39581,-2.0182
14.40584,-2.0266
14.41586,-2.0233
14.42589,-2.023
14.43591,-2.008
14.44594,-2.0165
14.45597,-2.0113
14.46599,-2.0632
14.47602,-2.074
14.48604,-2.0588
14.49607,-2.0892
14.50609,-2.1311
14.51612,-2.1298
14.52615,-2.1182
14.53617,-2.1147
14.5462,-2.1092
14.55622,-2.1125
14.56624,-2.1143
14.57626,-2.1154
14.58629,-2.1199
14.59631,-2.1226
14.60633,-2.1254
14.61636,-2.1209
14.62638,-2.1401
14.63638,-2.1533
14.64636,-2.1346
14.65634,-2.1095
14.66632,-2.1133
14.6763,-2.1492
14.68628,-2.2059
14.69625,-2.2349
14.70623,-2.2568
14.71621,-2.2633
14.72619,-2.2772
14.73617,-2.2939
14.74615,-2.2972
14.75612,-2.2893
14.76608,-2.2982
14.77604,-2.3422
14.786,-2.383
14.79596,-2.4046
14.80591,-2.437
14.81587,-2.4858
14.82583,-2.5318
14.83578,-2.5883
14.84574,-2.655
14.8557,-2.7176
14.86565,-2.7853
14.87561,-2.8295
14.88561,-2.8698
14.89565,-2.9023
14.90568,-2.9232
14.91572,-2.9389
14.92576,-2.95
14.93579,-2.9388
14.94583,-2.9328
14.95587,-2.958
14.9659,-2.9652
14.97594,-2.9728
14.98598,-2.9757
14.99601,-2.9785
15.00605,-2.9827
15.01601,-2.9794
15.02597,-2.9785
15.03593,-3.0017
15.04589,-3.0337
15.05584,-3.0845
15.0658,-3.1371
15.07576,-3.153
15.08572,-3.1749
15.09568,-3.1917
15.10564,-3.21
15.1156,-3.2117
15.12556,-3.2127
15.13561,-3.1974
15.14572,-3.2008
15.15583,-3.1619
15.16594,-3.1427
15.17605,-3.1344
15.18616,-3.1622
15.19627,-3.1668
15.20638,-3.1779
15.21649,-3.1734
15.22659,-3.1556
15.2367,-3.1481
15.24681,-3.1285
15.25692,-3.1053
15.26694,-3.1001
15.27694,-3.0963
15.28694,-3.0815
15.29694,-3.0624
15.30694,-3.0491
15.31694,-3.0405
15.32694,-3.0286
15.33694,-3.0252
15.34694,-2.9908
15.35693,-2.9631
15.36693,-2.9292
15.37693,-2.9091
15.38693,-2.8936
15.39692,-2.8737
15.40692,-2.8421
15.41691,-2.8268
15.4269,-2.8291
15.4369,-2.8368
15.44689,-2.8234
15.45688,-2.8036
15.46687,-2.7842
15.47687,-2.7887
15.48686,-2.7935
15.49685,-2.8094
15.50684,-2.796
15.51684,-2.7678
15.52684,-2.7573
15.53684,-2.7275
15.54683,-2.6899
15.55683,-2.6504
15.56683,-2.6023
15.57683,-2.5549
15.58682,-2.5304
15.59682,-2.5275
15.60682,-2.5478
15.61681,-2.5441
15.62681,-2.5599
15.63681,-2.5675
15.6468,-2.5951
15.65679,-2.5973
15.66678,-2.5911
15.67677,-2.5751
15.68677,-2.5789
15.69676,-2.5912
15.70675,-2.609
15.71674,-2.6148
15.72673,-2.5965
15.73672,-2.6013
15.74672,-2.5838
15.75671,-2.6162
15.76671,-2.6435
15.77671,-2.6753
15.78671,-2.8001
15.79671,-2.9121
15.80671,-2.9582
15.81671,-3.017
15.82671,-2.986
15.83671,-3.0311
15.84671,-3.1033
15.85671,-3.1072
15.86671,-3.1222
15.87671,-3.1257
15.88671,-3.1349
15.89671,-3.1528
15.90671,-3.1927
15.91671,-3.2315
15.92671,-3.2944
15.93671,-3.3579
15.9467,-3.4054
15.9567,-3.4368
15.9667,-3.4635
15.9767,-3.4767
15.9867,-3.4936
15.9967,-3.4875
16.00669,-3.4887
16.01671,-3.4844
16.0267,-3.4816
16.0367,-3.4689
16.04669,-3.4709
16.05669,-3.4756
16.06668,-3.4805
16.07668,-3.4845
16.08667,-3.4943
16.09667,-3.5093
16.10666,-3.5346
16.11666,-3.5407
16.12665,-3.5564
16.13668,-3.5705
16.14673,-3.5786
16.15678,-3.5901
16.16683,-3.5918
16.17688,-3.5891
16.18693,-3.5867
16.19698,-3.6106
16.20703,-3.6465
16.21708,-3.661
16.22713,-3.6572
16.23718,-3.6308
16.24723,-3.6
16.25728,-3.6108
16.2673,-3.6129
16.27731,-3.6118
16.28733,-3.5948
16.29735,-3.5961
16.30737,-3.5894
16.31739,-3.5783
16.3274,-3.5527
16.33742,-3.5214
16.34744,-3.4922
16.35746,-3.4632
16.36748,-3.4507
16.37749,-3.4241
16.38753,-3.4195
16.39755,-3.425
16.40758,-3.4131
16.4176,-3.4214
16.42763,-3.426
16.43766,-3.4538
16.44768,-3.4779
16.45771,-3.5075
16.46774,-3.5134
16.47776,-3.5364
16.48779,-3.5763
16.49782,-3.5816
16.50784,-3.5851
16.51783,-3.5888
16.52781,-3.5558
16.53779,-3.5287
16.54778,-3.5007
16.55776,-3.5269
16.56774,-3.5457
16.57772,-3.5776
16.58771,-3.5843
16.59769,-3.6206
16.60767,-3.6208
16.61765,-3.6201
16.62763,-3.6077
16.6376,-3.5793
16.64756,-3.5384
16.65751,-3.5213
16.66746,-3.4963
16.67741,-3.4806
16.68737,-3.4868
16.69732,-3.5341
16.70727,-3.5257
16.71723,-3.5523
16.72718,-3.5606
16.73713,-3.5624
16.74708,-3.598
16.75704,-3.6474
16.76706,-3.7021
16.77708,-3.7443
16.7871,-3.764
16.79712,-3.7773
16.80714,-3.7841
16.81716,-3.7811
16.82718,-3.7726
16.8372,-3.7782
16.84722,-3.7864
16.85724,-3.7911
16.86726,-3.7999
16.87728,-3.8103
16.8873,-3.8242
16.8973,-3.8427
16.9073,-3.8657
16.91731,-3.8821
16.92731,-3.8886
16.93732,-3.9019
16.94732,-3.914
16.95733,-3.9234
16.96733,-3.9357
16.97733,-3.9298
16.98734,-3.9266
16.99734,-3.9227
17.00735,-3.9239
17.01738,-3.9314
17.02741,-3.9005
17.03744,-3.8954
17.04747,-3.8957
17.0575,-3.8751
17.06753,-3.8116
17.07756,-3.7597
17.08759,-3.7058
17.09762,-3.677
17.10765,-3.6545
17.11767,-3.6386
17.1277,-3.6166
17.13773,-3.5882
17.14774,-3.5702
17.15775,-3.5701
17.16776,-3.5818
17.17777,-3.5863
17.18779,-3.5653
17.1978,-3.5474
17.20781,-3.5236
17.21782,-3.501
17.22784,-3.4889
17.23785,-3.4684
17.24786,-3.4274
17.25788,-3.4046
17.26788,-3.3826
17.27788,-3.366
17.28788,-3.3617
17.29788,-3.3357
17.30788,-3.3196
17.31788,-3.3083
17.32788,-3.3114
17.33788,-3.3216
17.34789,-3.3408
17.35789,-3.3728
17.36789,-3.3906
17.37789,-3.4034
17.38789,-3.4
17.39788,-3.3706
17.40787,-3.3822
17.41786,-3.3578
17.42785,-3.3398
17.43784,-3.3325
17.44783,-3.373
17.45782,-3.4187
17.46781,-3.4687
17.4778,-3.4914
17.48779,-3.4772
17.49778,-3.5129
17.50777,-3.5171
17.51777,-3.5296
17.52777,-3.5401
17.53777,-3.5499
17.54777,-3.5702
17.55777,-3.5967
17.56776,-3.6368
17.57776,-3.6996
17.58776,-3.7326
17.59776,-3.748
17.60776,-3.7356
17.61775,-3.7046
17.62775,-3.681
17.63776,-3.6278
17.64776,-3.5773
17.65777,-3.5241
17.66778,-3.515
17.67779,-3.4889
17.68779,-3.4767
17.6978,-3.4711
17.70781,-3.4786
17.71782,-3.5032
17.72782,-3.5291
17.73783,-3.5751
17.74784,-3.6195
17.75785,-3.6677
17.76786,-3.7158
17.77787,-3.7598
17.78789,-3.7767
17.7979,-3.812
17.80791,-3.8375
17.81792,-3.8527
17.82794,-3.8658
17.83795,-3.8584
17.84796,-3.8611
17.85798,-3.8572
17.86799,-3.8554
17.878,-3.8498
17.88802,-3.8475
17.89802,-3.8387
17.90802,-3.8341
17.91802,-3.8359
17.92802,-3.827
17.93802,-3.8178
17.94802,-3.8074
17.95802,-3.802
17.96803,-3.7808
17.97803,-3.7365
17.98803,-3.728
17.99803,-3.7092
18.00803,-3.6781
18.01803,-3.6457
18.02802,-3.6284
18.03801,-3.6296
18.04801,-3.6451
18.058,-3.65
18.068,-3.6646
18.07799,-3.6622
18.08798,-3.6634
18.09797,-3.6578
18.10797,-3.651
18.11796,-3.6405
18.12795,-3.6207
18.13795,-3.5882
18.14794,-3.5472
18.15793,-3.5152
18.16793,-3.4904
18.17792,-3.481
18.18791,-3.4585
18.1979,-3.4515
18.2079,-3.4222
18.21789,-3.4003
18.22788,-3.4036
18.23787,-3.399
18.24786,-3.3955
18.25786,-3.3877
18.26784,-3.3635
18.27781,-3.3477
18.28779,-3.3295
18.29776,-3.3297
18.30774,-3.3342
18.31771,-3.3382
18.32769,-3.3378
18.33766,-3.3561
18.34764,-3.3533
18.35761,-3.3605
18.36759,-3.3827
18.37757,-3.4159
18.38761,-3.4477
18.39771,-3.467
18.40781,-3.4776
18.41791,-3.4918
18.42801,-3.5094
18.43811,-3.5065
18.44821,-3.5066
18.45831,-3.5171
18.46841,-3.512
18.47852,-3.5046
18.48862,-3.4794
18.49872,-3.4656
18.50882,-3.4454
18.51955,-3.4406
18.53028,-3.4259
18.54101,-3.4283
18.55173,-3.4403
18.56246,-3.4653
18.57319,-3.4754
18.58392,-3.4709
18.59465,-3.4911
18.60538,-3.4779
18.61611,-3.4866
18.62684,-3.4974
18.63757,-3.4968
18.64757,-3.4734
18.65683,-3.4738
18.6661,-3.4603
18.67537,-3.4469
18.68463,-3.4299
18.6939,-3.4054
18.70317,-3.3767
18.71243,-3.3422
18.7217,-3.3252
18.73097,-3.2991
18.74023,-3.2654
18.7495,-3.236
18.75877,-3.216
18.76879,-3.2087
18.77882,-3.2112
18.78884,-3.2274
18.79886,-3.2504
18.80889,-3.265
18.81891,-3.2689
18.82893,-3.2773
18.83895,-3.2909
18.84898,-3.3039
18.859,-3.3187
18.86902,-3.3303
18.87905,-3.33
18.88902,-3.289
18.89896,-3.2486
18.90889,-3.2045
18.91882,-3.1708
18.92875,-3.1971
18.93868,-3.2097
18.94861,-3.2168
18.95854,-3.2086
18.96848,-3.2224
18.97841,-3.2289
18.98834,-3.2423
18.99827,-3.2478
19.0082,-3.2448
19.01824,-3.2329
19.02826,-3.2095
19.03829,-3.1891
19.04832,-3.1815
19.05835,-3.1823
19.06838,-3.1968
19.07841,-3.2056
19.08844,-3.1728
19.09846,-3.0921
19.10849,-3.0203
19.11852,-2.9899
19.12855,-2.9903
19.13857,-2.9766
19.14857,-2.9444
19.15858,-2.9268
19.16858,-2.9055
19.17859,-2.8703
19.18859,-2.8099
19.1986,-2.7707
19.2086,-2.7536
19.21861,-2.7555
19.22861,-2.7679
19.23862,-2.7728
19.24862,-2.7622
19.25862,-2.7407
19.26862,-2.7931
19.27861,-2.8582
19.28861,-2.9194
19.2986,-2.9963
19.3086,-3.0093
19.31859,-3.1174
19.32859,-3.0168
19.33858,-2.9913
19.34857,-2.9427
19.35857,-2.916
19.36856,-2.9146
19.37856,-2.9437
19.38854,-2.9722
19.39851,-2.9983
19.40848,-3.0132
19.41845,-2.9708
19.42841,-2.9291
19.43838,-2.8446
19.44835,-2.6743
19.45832,-2.532
19.46828,-2.4286
19.47825,-2.4206
19.48822,-2.4294
19.49819,-2.4412
19.50815,-2.4547
19.51824,-2.4842
19.52832,-2.5362
19.5384,-2.557
19.54848,-2.5624
19.55857,-2.5922
19.56865,-2.6331
19.57873,-2.6807
19.58881,-2.7322
19.59889,-2.7906
19.60897,-2.837
19.61906,-2.8325
19.62914,-2.795
19.63924,-2.7788
19.64931,-2.7702
19.65938,-2.7337
19.66946,-2.6909
19.67953,-2.6616
19.6896,-2.628
19.69967,-2.6022
19.70975,-2.5839
19.71982,-2.5463
19.72989,-2.5155
19.73997,-2.4912
19.75004,-2.4915
19.76011,-2.5102
19.77003,-2.5208
19.77995,-2.5226
19.78988,-2.5154
19.7998,-2.5363
19.80972,-2.5451
19.81963,-2.5579
19.82955,-2.5667
19.83947,-2.5701
19.84939,-2.5488
19.85931,-2.5244
19.86923,-2.5053
19.87915,-2.4947
19.88913,-2.4815
19.89913,-2.4418
19.90913,-2.4037
19.91913,-2.3973
19.92913,-2.3799
19.93913,-2.347
19.94913,-2.3276
19.95913,-2.3432
19.96913,-2.371
19.97913,-2.4056
19.98912,-2.4594
19.99912,-2.4215
20.00912,-2.3916
20.01923,-2.3792
20.02932,-2.3187
20.03942,-2.2442
20.04951,-2.1726
20.05961,-2.0969
20.06971,-2.0452
20.0798,-2.054
20.0899,-2.0955
20.09999,-2.1307
20.11009,-2.1379
20.12019,-2.1443
20.13028,-2.1498
20.14032,-2.1275
20.1503,-2.0554
20.16029,-1.9761
20.17027,-1.8896
20.18025,-1.754
20.19023,-1.6809
20.20021,-1.5675
20.21019,-1.4737
20.22018,-1.4324
20.23016,-1.3952
20.24014,-1.3931
20.25012,-1.3659
20.2601,-1.3782
20.27004,-1.4038
20.27998,-1.4154
20.28991,-1.4557
20.29984,-1.5403
20.30978,-1.6585
20.31971,-1.7993
20.32965,-1.9328
20.33958,-2.0991
20.34952,-2.2581
20.35945,-2.3718
20.36939,-2.3928
20.37932,-2.4063
20.38929,-2.4297
20.39929,-2.4769
20.40928,-2.5144
20.41928,-2.5692
20.42928,-2.5943
20.43927,-2.5811
20.44927,-2.562
20.45926,-2.5483
20.46926,-2.5506
20.47926,-2.551
20.48925,-2.5379
20.49925,-2.5077
20.50925,-2.4962
20.51921,-2.4801
20.52918,-2.4862
20.53914,-2.4908
20.54911,-2.504
20.55907,-2.5199
20.56903,-2.5342
20.579,-2.564
20.58896,-2.5908
20.59892,-2.5879
20.60889,-2.6085
20.61885,-2.6222
20.62882,-2.6229
20.63884,-2.6167
20.64892,-2.6184
20.659,-2.6187
20.66908,-2.5847
20.67916,-2.5323
20.68924,-2.4942
20.69932,-2.466
20.7094,-2.4474
20.71948,-2.4245
20.72956,-2.4098
20.73964,-2.401
20.74972,-2.3858
20.7598,-2.3609
20.76983,-2.3211
20.77986,-2.2542
20.78989,-2.1869
20.79992,-2.0875
20.80995,-2.0071
20.81998,-1.9291
20.83002,-1.8681
20.84005,-1.7936
20.85008,-1.7115
20.86011,-1.5941
20.87014,-1.4782
20.88017,-1.3738
20.89022,-1.3655
20.90029,-1.4545
20.91036,-1.7667
20.92043,-2.0348
20.9305,-2.0417
20.94057,-1.8942
20.95064,-1.665
20.96071,-1.3531
20.97078,-1.0562
20.98085,-0.8645
20.99092,-0.7551
21.00099,-0.8135
21.01106,-0.9846
21.02095,-1.2019
21.03084,-1.352
21.04073,-1.4436
21.05062,-1.4039
21.06051,-1.3016
21.0704,-1.1564
21.08029,-0.9942
21.09018,-0.8834
21.10007,-0.7718
21.10996,-0.6558
21.11986,-0.5607
21.12975,-0.3965
21.13971,-0.2142
21.14974,-0.0223
21.15977,0.1394
21.16981,0.202
21.17984,0.1163
21.18987,0.0029
21.1999,-0.1658
21.20993,-0.2642
21.21996,-0.2489
21.22999,-0.1679
21.24002,-0.0446
21.25005,0.0139
21.26008,-0.0706
21.27015,-0.3146
21.28022,-0.7187
21.29028,-1.1092
21.30035,-1.4496
21.31042,-1.6832
21.32048,-1.8375
21.33055,-1.9643
21.34061,-2.0534
21.35068,-2.1169
21.36074,-2.2026
21.37081,-2.2358
21.38087,-2.2435
21.39087,-2.2212
21.40079,-2.1512
21.41071,-2.0151
21.42063,-1.8568
21.43055,-1.716
21.44047,-1.623
21.45039,-1.5421
21.4603,-1.4856
21.47022,-1.407
21.48014,-1.3623
21.49006,-1.3518
21.49998,-1.3203
21.5099,-1.2803
21.5199,-1.2775
21.5299,-1.205
21.5399,-1.085
21.5499,-1.0046
21.5599,-0.9616
21.5699,-0.9615
21.5799,-0.9804
21.5899,-0.9893
21.5999,-1.0216
21.60989,-1.0235
21.61989,-1.0198
21.62989,-1.0514
21.63988,-1.125
21.64985,-1.246
21.65981,-1.4749
21.66978,-1.6003
21.67974,-1.7263
21.68971,-1.8494
21.69968,-1.9898
21.70964,-2.1929
21.71961,-2.355
21.72958,-2.4423
21.73954,-2.4931
21.74951,-2.4563
21.75948,-2.4859
21.76958,-2.5094
21.77968,-2.509
21.78978,-2.5033
21.79989,-2.5757
21.80999,-2.6913
21.82009,-2.8001
21.83019,-2.8791
21.84029,-2.9127
21.8504,-2.9023
21.8605,-2.8666
21.8706,-2.7528
21.8807,-2.6149
21.89076,-2.452
21.90077,-2.2973
21.91077,-2.1864
21.92078,-2.1183
21.93078,-2.0901
21.94079,-2.0633
21.9508,-2.0065
21.9608,-1.9602
21.97081,-1.9246
21.98082,-1.9264
21.99082,-1.9586
22.00083,-2.0252
22.01084,-2.0997
22.02082,-2.185
22.03081,-2.2988
22.04079,-2.3938
22.05078,-2.5239
22.06076,-2.6888
22.07075,-2.823
22.08074,-2.9247
22.09072,-2.9902
22.10071,-3.0434
22.11069,-3.0964
22.12068,-3.1534
22.13066,-3.2169
22.14066,-3.2611
22.15066,-3.2939
22.16066,-3.3019
22.17066,-3.2868
22.18067,-3.2065
22.19067,-3.1367
22.20067,-3.1285
22.21067,-3.1232
22.22067,-3.0837
22.23067,-3.0774
22.24067,-3.0838
22.25067,-3.0897
22.26067,-3.0708
22.27064,-3.0296
22.28061,-2.896
22.29057,-2.7032
22.30053,-2.4872
22.3105,-2.2914
22.32046,-2.1939
22.33043,-2.2086
22.34039,-2.2469
22.35036,-2.2237
22.36032,-2.206
22.37029,-2.2358
22.38025,-2.2909
22.39025,-2.3327
22.40028,-2.3673
22.41031,-2.5625
22.42035,-2.51
22.43038,-2.5478
22.44041,-2.6751
22.45044,-2.7822
22.46048,-2.8606
22.47051,-2.9771
22.48054,-2.9641
22.49057,-2.9809
22.5006,-3.0303
22.51064,-3.0462
22.52064,-3.0203
22.53064,-2.9809
22.54064,-2.9817
22.55064,-2.9194
22.56064,-2.9586
22.57063,-2.9255
22.58064,-2.8209
22.59064,-2.7055
22.60064,-2.6394
22.61063,-2.634
22.62063,-2.6958
22.63063,-2.8477
22.64064,-3.0681
22.65064,-3.2487
22.66063,-3.3457
22.67064,-3.3508
22.68064,-3.3274
22.69063,-3.283
22.70063,-3.2435
22.71063,-3.1864
22.72063,-3.1176
22.73063,-3.0709
22.74063,-3.0368
22.75063,-2.9965
22.76063,-2.9931
22.77066,-3.0126
22.78069,-3.0245
22.79072,-3.0438
22.80075,-3.0792
22.81078,-3.1278
22.8208,-3.1592
22.83083,-3.2004
22.84086,-3.2127
22.85089,-3.2442
22.86091,-3.2421
22.87094,-3.2566
22.88097,-3.2371
22.891,-3.209
22.901,-3.1642
22.91101,-3.1246
22.92102,-3.0901
22.93103,-3.0686
22.94104,-3.0566
22.95105,-3.0437
22.96106,-3.0407
22.97106,-3.0311
22.98107,-3.0032
22.99108,-3.0018
23.00109,-3.0097
23.0111,-2.9495
23.0211,-2.873
23.03109,-2.8347
23.04109,-2.8237
23.05108,-2.8102
23.06108,-2.7842
23.07107,-2.7217
23.08107,-2.6197
23.09106,-2.521
23.10106,-2.4575
23.11106,-2.4445
23.12105,-2.4598
23.13105,-2.4737
23.14108,-2.4733
23.1511,-2.4753
23.16112,-2.4614
23.17114,-2.439
23.18117,-2.4259
23.19119,-2.4195
23.20121,-2.3915
23.21124,-2.3795
23.22126,-2.4191
23.23128,-2.3983
23.2413,-2.3796
23.25133,-2.3936
23.26135,-2.4354
23.27136,-2.4763
23.28136,-2.5176
23.29137,-2.5089
23.30137,-2.5482
23.31138,-2.5859
23.32138,-2.6597
23.33139,-2.7401
23.34139,-2.7853
23.3514,-2.8118
23.3614,-2.8296
23.37141,-2.8236
23.38141,-2.766
23.39141,-2.6769
23.40141,-2.6095
23.4114,-2.5585
23.42139,-2.5488
23.43139,-2.5576
23.44138,-2.5974
23.45137,-2.6805
23.46136,-2.7942
23.47135,-2.8949
23.48135,-2.9932
23.49134,-3.0799
23.50133,-3.156
23.51132,-3.2039
23.52129,-3.2471
23.53125,-3.2617
23.54121,-3.2733
23.55118,-3.309
23.56114,-3.3154
23.5711,-3.3277
23.58106,-3.3184
23.59102,-3.3107
23.60099,-3.2888
23.61095,-3.2468
23.62091,-3.2425
23.63087,-3.2161
23.64086,-3.2438
23.65087,-3.2418
23.66088,-3.2453
23.6709,-3.2231
23.68091,-3.2135
23.69092,-3.229
23.70093,-3.2567
23.71094,-3.2644
23.72095,-3.2664
23.73096,-3.249
23.74097,-3.2214
23.75099,-3.1941
23.761,-3.1464
23.77101,-3.1163
23.78103,-3.0752
23.79104,-2.9816
23.80105,-2.8756
23.81107,-2.7526
23.82108,-2.6661
23.83109,-2.6512
23.84111,-2.6676
23.85112,-2.6845
23.86113,-2.702
23.87115,-2.7187
23.88116,-2.7099
23.89117,-2.7015
23.90117,-2.6615
23.91117,-2.6286
23.92116,-2.6079
23.93116,-2.6011
23.94116,-2.5955
23.95116,-2.5901
23.96116,-2.5562
23.97116,-2.4906
23.98115,-2.4502
23.99115,-2.4317
24.00115,-2.438
24.01115,-2.4441
24.02123,-2.4206
24.03132,-2.3745
24.0414,-2.4125
24.05148,-2.3913
24.06157,-2.38
24.07165,-2.405
24.08173,-2.3813
24.09181,-2.3913
24.1019,-2.3671
24.11198,-2.319
24.12206,-2.3179
24.13215,-2.3995
24.14217,-2.6188
24.15214,-2.7438
24.16211,-2.7345
24.17208,-2.7864
24.18204,-2.8017
24.19201,-2.828
24.20197,-2.8367
24.21194,-2.8312
24.22191,-2.8364
24.23188,-2.8639
24.24184,-2.9209
24.25181,-2.9494
24.26178,-2.9775
24.2718,-2.9966
24.28182,-3.0009
24.29184,-2.9919
24.30186,-2.9865
24.31188,-2.9907
24.3219,-3.0083
24.33192,-3.0267
24.34194,-3.0374
24.35196,-3.0552
24.36198,-3.0522
24.372,-3.0416
24.38202,-3.0498
24.39202,-3.0726
24.40202,-3.0696
24.41201,-3.081
24.42201,-3.0886
24.432,-3.1097
24.442,-3.1342
24.45199,-3.1031
24.46199,-3.1058
24.47198,-3.0756
24.48198,-3.0447
24.49197,-3.0206
24.50196,-2.9946
24.51196,-2.9793
24.52196,-2.9478
24.53196,-2.9283
24.54196,-2.9045
24.55196,-2.8731
24.56196,-2.8426
24.57196,-2.7947
24.58195,-2.762
24.59196,-2.76
24.60195,-2.758
24.61195,-2.7749
24.62195,-2.7703
24.63195,-2.7385
24.64195,-2.7001
24.65195,-2.6777
24.66195,-2.6887
24.67195,-2.6907
24.68195,-2.6794
24.69195,-2.6614
24.70195,-2.645
24.71195,-2.6046
24.72195,-2.5752
24.73195,-2.5364
24.74195,-2.4928
24.75194,-2.4345
24.76194,-2.3529
24.77192,-2.2834
24.7819,-2.2285
24.79188,-2.2002
24.80185,-2.1728
24.81183,-2.1809
24.8218,-2.2042
24.83178,-2.2183
24.84175,-2.2361
24.85173,-2.2489
24.86171,-2.2367
24.87168,-2.1914
24.88166,-2.1155
24.89165,-2.0378
24.90167,-1.951
24.91168,-1.8732
24.9217,-1.7903
24.93171,-1.7257
24.94172,-1.6864
24.95174,-1.6182
24.96175,-1.5617
24.97177,-1.5547
24.98178,-1.6125
24.99179,-1.6941
25.00181,-1.8089
25.01182,-1.9153
25.02191,-1.9863
25.03199,-2.0662
25.04207,-2.1422
25.05215,-2.2037
25.06223,-2.2186
25.07231,-2.1794
25.08239,-2.1424
25.09247,-2.1554
25.10255,-2.1688
25.11263,-2.1994
25.12271,-2.2374
25.13279,-2.2752
25.14284,-2.2982
25.15283,-2.2756
25.16283,-2.223
25.17283,-2.1812
25.18283,-2.1519
25.19282,-2.133
25.20282,-2.1026
25.21282,-2.0745
25.22282,-2.0688
25.23281,-2.0657
25.24281,-2.0569
25.25281,-2.0482
25.26281,-2.0729
25.27278,-2.0952
25.28274,-2.1257
25.29271,-2.1505
25.30268,-2.1675
25.31264,-2.18
25.32261,-2.1713
25.33257,-2.1665
25.34254,-2.1656
25.3525,-2.1717
25.36247,-2.161
25.37244,-2.1441
25.3824,-2.0937
25.39238,-2.0564
25.40237,-2.0255
25.41236,-2.0097
25.42235,-1.9811
25.43234,-1.9483
25.44234,-1.9135
25.45233,-1.8916
25.46232,-1.8442
25.47231,-1.794
25.4823,-1.7459
25.49229,-1.6981
25.50228,-1.6538
25.51227,-1.5987
25.52231,-1.5405
25.53234,-1.486
25.54238,-1.4674
25.55242,-1.4638
25.56245,-1.4768
25.57249,-1.5143
25.58253,-1.486
25.59256,-1.4151
25.6026,-1.2955
25.61264,-1.2069
25.62267,-1.1445
25.63271,-1.1296
25.64273,-1.1016
25.65273,-1.0866
25.66273,-1.0869
25.67274,-1.0704
25.68274,-1.0919
25.69274,-1.1646
25.70274,-1.2781
25.71274,-1.3991
25.72274,-1.5022
25.73274,-1.6007
25.74274,-1.7222
25.75274,-1.8573
25.76274,-1.9843
25.77274,-2.0719
25.78274,-2.0851
25.79273,-2.0569
25.80272,-2.0496
25.81272,-2.0627
25.82271,-2.082
25.8327,-2.0703
25.84269,-2.0442
25.85269,-2.0083
25.86268,-1.9546
25.87267,-1.9001
25.88267,-1.8348
25.89266,-1.7588
25.90265,-1.7231
25.91263,-1.7137
25.92262,-1.7055
25.93261,-1.7211
25.9426,-1.7341
25.95258,-1.7568
25.96257,-1.8057
25.97256,-1.8599
25.98255,-1.9008
25.99253,-1.9212
26.00252,-1.9326
26.01251,-1.9445
26.02256,-1.9431
26.03259,-1.9394
26.04262,-1.9343
26.05265,-1.9402
26.06268,-1.9456
26.07271,-1.9377
26.08274,-1.9356
26.09277,-1.935
26.1028,-1.9436
26.11283,-1.9575
26.12286,-1.9675
26.13289,-1.934
26.1429,-1.9198
26.1529,-1.9011
26.1629,-1.8966
26.1729,-1.8976
26.1829,-1.89
26.1929,-1.8715
26.2029,-1.857
26.2129,-1.8076
26.2229,-1.7537
26.2329,-1.6661
26.2429,-1.5875
26.2529,-1.5248
26.26291,-1.4988
26.27293,-1.461
26.28295,-1.4109
26.29296,-1.3587
26.30298,-1.324
26.313,-1.3153
26.32302,-1.2991
26.33304,-1.2663
26.34306,-1.2127
26.35308,-1.139
26.3631,-1.0411
26.37311,-0.9062
26.38313,-0.7946
26.39314,-0.6956
26.40313,-0.6276
26.41312,-0.5507
26.42311,-0.4543
26.43311,-0.3662
26.4431,-0.3118
26.45309,-0.2693
26.46308,-0.2765
26.47308,-0.3287
26.48307,-0.4429
26.49306,-0.6119
26.50305,-0.8045
26.51304,-0.9508
26.52307,-1.0982
26.5331,-1.2229
26.54312,-1.3086
26.55314,-1.3838
26.56317,-1.4806
26.57319,-1.5618
26.58322,-1.6015
26.59324,-1.58
26.60327,-1.5445
26.61329,-1.5099
26.62331,-1.5031
26.63334,-1.4916
26.64334,-1.4824
26.65331,-1.4755
26.66329,-1.4434
26.67326,-1.3824
26.68324,-1.3672
26.69321,-1.3991
26.70319,-1.433
26.71316,-1.4632
26.72313,-1.4629
26.73311,-1.4558
26.74308,-1.4308
26.75306,-1.409
26.76303,-1.3685
26.77303,-1.3132
26.78302,-1.3075
26.79302,-1.3146
26.80301,-1.3499
26.813,-1.3179
26.823,-1.2465
26.83299,-1.1904
26.84298,-1.1603
26.85298,-1.1499
26.86297,-1.1436
26.87296,-1.1005
26.88296,-1.0427
26.89296,-0.9618
26.90295,-0.915
26.91295,-0.8767
26.92295,-0.8386
26.93295,-0.8001
26.94295,-0.7536
26.95294,-0.7546
26.96294,-0.7704
26.97294,-0.8912
26.98293,-1.0659
26.99293,-1.1931
27.00293,-1.2369
27.01293,-1.1888
27.02294,-1.1483
27.03293,-1.1411
27.04292,-1.1489
27.05292,-1.148
27.06291,-1.1557
27.0729,-1.1416
27.08289,-1.2043
27.09288,-1.3814
27.10288,-1.6192
27.11287,-1.8519
27.12286,-2.0404
27.13285,-2.167
27.14285,-2.2518
27.15286,-2.3187
27.16286,-2.3818
27.17287,-2.4222
27.18287,-2.4435
27.19287,-2.4518
27.20288,-2.4508
27.21288,-2.4203
27.22289,-2.3861
27.23289,-2.3447
27.2429,-2.2971
27.2529,-2.2184
27.26291,-2.1428
27.2729,-2.0977
27.28289,-2.0734
27.29289,-2.0622
27.30288,-2.0461
27.31287,-2.0082
27.32287,-1.9872
27.33286,-1.9959
27.34285,-1.9867
27.35285,-1.9825
27.36284,-1.9962
27.37283,-2.0346
27.38283,-2.0379
27.39288,-2.0702
27.40298,-2.1454
27.41308,-2.2077
27.42318,-2.2154
27.43328,-2.1283
27.44338,-2.2037
27.45348,-2.2592
27.46358,-2.4497
27.47368,-2.2401
27.48378,-2.2321
27.49388,-2.6308
27.50398,-2.5489
27.51408,-2.7168
27.52408,-2.6809
27.53407,-2.7076
27.54406,-2.635
27.55406,-2.8303
27.56405,-2.8535
27.57405,-2.8745
27.58404,-2.9859
27.59403,-3.1972
27.60403,-3.4071
27.61402,-3.318
27.62401,-3.1829
27.63401,-3.0518
27.64401,-2.9177
27.654,-2.8204
27.664,-2.7807
27.674,-2.7727
27.68399,-2.7448
27.69399,-2.7038
27.70399,-2.683
27.71398,-2.6953
27.72398,-2.7365
27.73398,-2.8171
27.74397,-2.8899
27.75397,-2.9524
27.76397,-2.9777
27.77396,-3.0157
27.78396,-3.0468
27.79395,-3.0757
27.80395,-3.0908
27.81394,-3.0897
27.82394,-3.0889
27.83393,-3.084
27.84393,-3.0742
27.85393,-3.0627
27.86392,-3.0693
27.87391,-3.06
27.88391,-3.0392
27.89391,-3.0202
27.9039,-3.0061
27.91389,-3.0106
27.92388,-3.0165
27.93387,-3.0385
27.94386,-3.0838
27.95385,-3.0942
27.96384,-3.1173
27.97383,-3.128
27.98382,-3.1576
27.99381,-3.1568
28.0038,-3.1438
28.01379,-3.1312
28.02379,-3.1002
28.03379,-3.0688
28.04379,-3.0552
28.05379,-3.0312
28.06379,-3.0179
28.07379,-3.0085
28.08379,-3.0094
28.09379,-2.997
28.10379,-2.9712
28.11379,-2.9329
28.12379,-2.872
28.13379,-2.8234
28.1438,-2.8473
28.1538,-2.8317
28.1638,-2.8783
28.1738,-2.8697
28.1838,-2.8993
28.1938,-2.8998
28.2038,-2.8863
28.2138,-2.8705
28.2238,-2.9172
28.2338,-2.9094
28.2438,-2.9584
28.2538,-2.9538
28.2638,-2.9188
28.27381,-2.8692
28.2838,-2.8284
28.2938,-2.7934
28.3038,-2.7852
28.3138,-2.8595
28.3238,-2.9643
28.3338,-2.9489
28.3438,-3.0071
28.3538,-3.0646
28.3638,-3.1276
28.37379,-3.177
28.38379,-3.2172
28.39383,-3.2494
28.4039,-3.2881
28.41397,-3.3097
28.42404,-3.3177
28.43411,-3.3197
28.44418,-3.377
28.45425,-3.4466
28.46432,-3.4911
28.47439,-3.5873
28.48446,-3.6406
28.49454,-3.6559
28.5046,-3.6497
28.51468,-3.6552
28.52466,-3.6658
28.53464,-3.6597
28.54462,-3.6731
28.5546,-3.6745
28.56458,-3.6781
28.57456,-3.6664
28.58454,-3.7092
28.59452,-3.7404
28.6045,-3.7582
28.61448,-3.7576
28.62446,-3.7529
28.63444,-3.7587
28.64444,-3.7368
28.65445,-3.7136
28.66446,-3.7102
28.67447,-3.6859
28.68448,-3.6525
28.69449,-3.6342
28.7045,-3.632
28.71451,-3.6221
28.72452,-3.612
28.73453,-3.5808
28.74454,-3.5854
28.75455,-3.5821
28.76456,-3.5546
28.77457,-3.5254
28.78458,-3.5214
28.79459,-3.5074
28.8046,-3.5144
28.81461,-3.4786
28.82462,-3.4569
28.83463,-3.4565
28.84464,-3.5519
28.85465,-3.6551
28.86466,-3.6669
28.87467,-3.5553
28.88468,-3.4054
28.89468,-3.3254
28.90467,-3.3289
28.91467,-3.2983
28.92466,-3.2975
28.93465,-3.2803
28.94464,-3.1919
28.95464,-3.1029
28.96463,-3.0118
28.97462,-2.9597
28.98461,-2.9441
28.99461,-2.941
29.0046,-2.8457
29.01459,-2.8144
29.02455,-2.7614
29.03451,-2.7349
29.04447,-2.7127
29.05443,-2.7065
29.06439,-2.716
29.07435,-2.7541
29.08431,-2.8091
29.09427,-2.9056
29.10423,-2.9999
29.11419,-3.0954
29.12415,-3.1702
29.13411,-3.2255
29.1441,-3.2746
29.15411,-3.3149
29.16411,-3.3477
29.17412,-3.3783
29.18412,-3.4224
29.19413,-3.4517
29.20414,-3.4723
29.21414,-3.4777
29.22415,-3.5043
29.23415,-3.5211
29.24416,-3.5154
29.25416,-3.5297
29.26417,-3.5332
29.27417,-3.5425
29.28417,-3.5446
29.29417,-3.5433
29.30417,-3.5384
29.31417,-3.5364
29.32417,-3.5352
29.33417,-3.5205
29.34417,-3.4909
29.35416,-3.4372
29.36416,-3.4043
29.37416,-3.3883
29.38416,-3.3792
29.39416,-3.367
29.40416,-3.3545
29.41415,-3.3575
29.42414,-3.36
29.43414,-3.3734
29.44413,-3.4108
29.45412,-3.4373
29.46412,-3.433
29.47411,-3.439
29.4841,-3.4101
29.4941,-3.3839
29.50409,-3.3174
29.51409,-3.2593
29.52408,-3.2049
29.53408,-3.1723
29.54408,-3.1531
29.55407,-3.1294
29.56407,-3.1041
29.57406,-3.0596
29.58406,-3.0139
29.59406,-2.9454
29.60405,-2.852
29.61405,-2.7183
29.62404,-2.5759
29.63404,-2.4274
29.64408,-2.3255
29.65416,-2.3387
29.66424,-2.7175
29.67432,-2.9167
29.6844,-2.9365
29.69448,-2.9511
29.70456,-2.9251
29.71464,-2.8857
29.72473,-2.8284
29.73481,-2.8159
29.74489,-2.743
29.75497,-2.5416
29.76505,-2.3977
29.77505,-2.2717
29.78504,-2.2354
29.79504,-2.248
29.80503,-2.3291
29.81502,-2.4822
29.82502,-2.5961
29.83501,-2.7561
29.84501,-2.8884
29.855,-2.997
29.86499,-3.0896
29.87499,-3.1332
29.88498,-3.1615
29.89502,-3.1878
29.9051,-3.2229
29.91518,-3.2647
29.92525,-3.2882
29.93533,-3.3211
29.94541,-3.3495
29.95549,-3.3423
29.96557,-3.3154
29.97565,-3.2685
29.98573,-3.2516
29.9958,-3.258
30.00588,-3.264
30.01596,-3.2577
30.0259,-3.2506
30.03584,-3.2218
30.04577,-3.212
30.05571,-3.2294
30.06565,-3.2684
30.07558,-3.2936
30.08552,-3.3373
30.09545,-3.3715
30.10539,-3.3705
30.11533,-3.3394
30.12526,-3.3239
30.1352,-3.2658
30.14516,-3.2244
30.15513,-3.1638
30.16511,-3.093
30.17508,-3.0709
30.18505,-3.1163
30.19503,-3.0953
30.205,-3.0403
30.21498,-3.0042
30.22495,-2.9564
30.23492,-2.9079
30.2449,-2.8796
30.25487,-2.8423
30.26484,-2.8083
30.27485,-2.7791
30.28486,-2.7519
30.29486,-2.7414
30.30487,-2.7265
30.31487,-2.7119
30.32488,-2.6953
30.33489,-2.6766
30.34489,-2.6691
30.3549,-2.6665
30.3649,-2.6859
30.37491,-2.7052
30.38492,-2.7271
30.39492,-2.7354
30.40492,-2.7082
30.41491,-2.6615
30.42491,-2.6727
30.4349,-2.671
30.4449,-2.6657
30.45489,-2.6094
30.46489,-2.5636
30.47488,-2.4804
30.48487,-2.5122
30.49487,-2.3881
30.50486,-2.2652
30.51486,-2.2363
30.52491,-2.2558
30.53496,-2.2867
30.54501,-2.388
30.55506,-2.5406
30.56511,-2.7077
30.57516,-2.8138
30.58521,-2.912
30.59527,-2.9663
30.60532,-3.0099
30.61537,-3.02
30.62542,-3.0393
30.63547,-3.0524
30.64547,-3.0781
30.65541,-3.1128
30.66536,-3.1314
30.6753,-3.1281
30.68524,-3.1319
30.69519,-3.1264
30.70513,-3.1029
30.71507,-3.0399
30.72502,-3.0213
30.73496,-2.9918
30.7449,-2.9518
30.75484,-2.9256
30.76479,-2.957
30.7749,-3.0028
30.78502,-3.0021
30.79513,-2.9954
30.80524,-2.9571
30.81536,-2.8996
30.82547,-2.8805
30.83558,-2.8575
30.84569,-2.8187
30.85581,-2.742
30.86592,-2.6892
30.87603,-2.6627
30.88615,-2.6339
30.89621,-2.6066
30.90622,-2.5976
30.91623,-2.5939
30.92624,-2.6029
30.93625,-2.6031
30.94625,-2.6164
30.95626,-2.6163
30.96627,-2.6175
30.97628,-2.5865
30.98629,-2.5716
30.9963,-2.5495
31.00631,-2.5395
31.01632,-2.5422
31.0263,-2.5422
31.03627,-2.5422
31.04625,-2.5524
31.05623,-2.5694
31.0662,-2.5846
31.07618,-2.5971
31.08615,-2.6033
31.09613,-2.6086
31.10611,-2.6093
31.11608,-2.6153
31.12606,-2.6073
31.13603,-2.6136
31.14606,-2.622
31.15612,-2.622
31.16619,-2.6206
31.17625,-2.6137
31.18631,-2.6064
31.19638,-2.6113
31.20644,-2.6147
31.21651,-2.5977
31.22657,-2.5729
31.23663,-2.5456
31.2467,-2.5221
31.25676,-2.4929
31.26682,-2.4818
31.27684,-2.4555
31.28685,-2.4296
31.29686,-2.4073
31.30687,-2.3727
31.31688,-2.345
31.32689,-2.3076
31.33689,-2.263
31.3469,-2.2187
31.35691,-2.1915
31.36692,-2.3045
31.37693,-2.4324
31.38694,-2.4142
31.39691,-2.4322
31.40684,-2.3799
31.41677,-2.3608
31.42669,-2.4123
31.43661,-2.5036
31.44654,-2.4728
31.45647,-2.4701
31.46639,-2.4627
31.47632,-2.4306
31.48624,-2.448
31.49617,-2.4451
31.50609,-2.4482
31.51602,-2.4503
31.52602,-2.4631
31.53603,-2.4935
31.54603,-2.5381
31.55603,-2.6149
31.56603,-2.6913
31.57604,-2.7608
31.58604,-2.8196
31.59604,-2.8611
31.60604,-2.8752
31.61604,-2.8842
31.62605,-2.8772
31.63605,-2.864
31.64603,-2.8485
31.65599,-2.844
31.66594,-2.8247
31.6759,-2.8076
31.68585,-2.7998
31.69581,-2.8206
31.70576,-2.8318
31.71572,-2.8468
31.72567,-2.8839
31.73563,-2.8984
31.74558,-2.9057
31.75554,-2.9141
31.7655,-2.9337
31.7755,-2.9408
31.7855,-2.9423
31.7955,-2.9465
31.80549,-2.9532
31.81549,-2.9556
31.82549,-2.9759
31.83549,-2.9787
31.84549,-2.975
31.85549,-2.9713
31.86549,-2.966
31.87549,-2.9653
31.88548,-2.9659
31.8955,-2.9453
31.90553,-2.9102
31.91556,-2.8756
31.9256,-2.8612
31.93563,-2.8501
31.94566,-2.8421
31.95569,-2.842
31.96572,-2.8406
31.97575,-2.8441
31.98578,-2.8333
31.99581,-2.8193
32.00584,-2.812
32.01588,-2.7982
32.02596,-2.7769
32.03603,-2.7576
32.0461,-2.7341
32.05618,-2.7086
32.06626,-2.7113
32.07633,-2.7182
32.08641,-2.7146
32.09648,-2.7026
32.10656,-2.6923
32.11663,-2.6698
32.12671,-2.661
32.13678,-2.6389
32.14681,-2.6271
32.15678,-2.6117
32.16675,-2.59
32.17672,-2.5696
32.18669,-2.5479
32.19666,-2.5148
32.20663,-2.4921
32.2166,-2.4696
32.22657,-2.4687
32.23654,-2.4686
32.24651,-2.4625
32.25648,-2.4555
32.26645,-2.4556
32.27645,-2.4508
32.28645,-2.4603
32.29644,-2.4621
32.30643,-2.4604
32.31641,-2.4645
32.3264,-2.452
32.3364,-2.4575
32.34639,-2.4504
32.35638,-2.4434
32.36637,-2.4536
32.37636,-2.4707
32.38635,-2.4937
32.39636,-2.4934
32.40639,-2.5023
32.41641,-2.5029
32.42644,-2.5034
32.43646,-2.4962
32.44649,-2.4838
32.45652,-2.4934
32.46654,-2.5063
32.47657,-2.5246
32.48659,-2.5358
32.49662,-2.5432
32.50665,-2.5478
32.51667,-2.5459
32.52667,-2.5504
32.53667,-2.5648
32.54667,-2.5692
32.55667,-2.5624
32.56667,-2.5821
32.57667,-2.601
32.58667,-2.6209
32.59666,-2.6224
32.60667,-2.612
32.61666,-2.6186
32.62666,-2.6255
32.63666,-2.6202
32.64665,-2.6197
32.65662,-2.5921
32.66659,-2.5824
32.67656,-2.5877
32.68653,-2.5978
32.6965,-2.6087
32.70646,-2.6253
32.71643,-2.6442
32.7264,-2.6333
32.73637,-2.6336
32.74634,-2.6241
32.75631,-2.6177
32.76627,-2.6152
32.7763,-2.5993
32.78632,-2.5801
32.79634,-2.5622
32.80637,-2.5664
32.81639,-2.5829
32.82641,-2.5992
32.83644,-2.6108
32.84646,-2.638
32.85648,-2.6508
32.8665,-2.6572
32.87653,-2.671
32.88655,-2.6664
32.89655,-2.6555
32.90652,-2.6454
32.91648,-2.634
32.92644,-2.6341
32.93641,-2.6383
32.94637,-2.6394
32.95633,-2.6461
32.96629,-2.66
32.97626,-2.6682
32.98622,-2.6747
32.99618,-2.665
33.00615,-2.6734
33.01611,-2.6783
33.02621,-2.6895
33.03632,-2.7077
33.04642,-2.7332
33.05652,-2.7367
33.06662,-2.7258
33.07672,-2.7193
33.08682,-2.709
33.09692,-2.7145
33.10703,-2.7175
33.11713,-2.7031
33.12723,-2.7127
33.13733,-2.7056
33.1474,-2.7107
33.15744,-2.7066
33.16748,-2.7134
33.17752,-2.702
33.18757,-2.6879
33.19761,-2.6774
33.20765,-2.6509
33.21769,-2.6389
33.22773,-2.6454
33.23777,-2.6369
33.24781,-2.6457
33.25785,-2.6515
33.26789,-2.6523
33.27786,-2.6519
33.28782,-2.6508
33.29776,-2.6464
33.30772,-2.6542
33.31767,-2.6618
33.32762,-2.6674
33.33757,-2.6649
33.34752,-2.6652
33.35748,-2.657
33.36742,-2.6606
33.37738,-2.6626
33.38733,-2.6629
33.39731,-2.6756
33.40729,-2.6893
33.41727,-2.709
33.42725,-2.7328
33.43723,-2.7306
33.44721,-2.7375
33.45719,-2.7268
33.46717,-2.722
33.47715,-2.7155
33.48713,-2.6916
33.49711,-2.6555
33.50709,-2.6193
33.51707,-2.5993
33.52706,-2.5904
33.53705,-2.5766
33.54703,-2.5781
33.55702,-2.5721
33.56701,-2.5565
33.57699,-2.5554
33.58698,-2.5563
33.59697,-2.5457
33.60695,-2.5356
33.61694,-2.5198
33.62693,-2.5025
33.63691,-2.4763
33.64693,-2.4701
33.65695,-2.4597
33.66698,-2.457
33.67701,-2.4611
33.68703,-2.475
33.69706,-2.476
33.70709,-2.481
33.71712,-2.4762
33.72715,-2.4857
33.73717,-2.4709
33.7472,-2.484
33.75723,-2.4733
33.76725,-2.4626
33.77724,-2.4601
33.78722,-2.462
33.79719,-2.4588
33.80717,-2.4559
33.81715,-2.4411
33.82713,-2.4219
33.83711,-2.4018
33.84709,-2.3918
33.85707,-2.3931
33.86704,-2.4206
33.87702,-2.4837
33.887,-2.4844
33.897,-2.481
33.90702,-2.4827
33.91703,-2.4675
33.92704,-2.4697
33.93706,-2.5026
33.94707,-2.4665
33.95708,-2.4722
33.9671,-2.4912
33.97711,-2.5023
33.98712,-2.5285
33.99714,-2.575
34.00715,-2.5971
34.01716,-2.6225
34.02717,-2.6198
34.03717,-2.6377
34.04717,-2.638
34.05717,-2.6355
34.06718,-2.6413
34.07718,-2.6447
34.08718,-2.6271
34.09719,-2.6392
34.10719,-2.6377
34.11719,-2.6438
34.12719,-2.6552
34.1372,-2.6511
34.14718,-2.6486
34.15715,-2.6638
34.16712,-2.6813
34.17709,-2.6989
34.18705,-2.7227
34.19702,-2.7416
34.20699,-2.7512
34.21696,-2.7627
34.22693,-2.7796
34.2369,-2.7889
34.24686,-2.7925
34.25683,-2.7949
34.2668,-2.7931
34.27692,-2.7849
34.28703,-2.7868
34.29713,-2.788
34.30723,-2.8012
34.31734,-2.7992
34.32744,-2.8093
34.33754,-2.79
34.34764,-2.7932
34.35775,-2.7836
34.36785,-2.7698
34.37795,-2.7541
34.38806,-2.7504
34.39811,-2.7422
34.40812,-2.7471
34.41812,-2.7429
34.42813,-2.7421
34.43813,-2.7372
34.44814,-2.725
34.45814,-2.7275
34.46815,-2.72
34.47815,-2.7176
34.48816,-2.716
34.49816,-2.7135
34.50816,-2.7209
34.51817,-2.707
34.52816,-2.6773
34.53814,-2.6509
34.54812,-2.6345
34.5581,-2.6319
34.56808,-2.616
34.57806,-2.604
34.58803,-2.5771
34.59801,-2.5657
34.60799,-2.5506
34.61797,-2.5361
34.62794,-2.5123
34.63792,-2.4851
34.64793,-2.4692
34.65795,-2.4818
34.66796,-2.4804
34.67798,-2.4687
34.688,-2.4523
34.69801,-2.4337
34.70803,-2.3998
34.71804,-2.3745
34.72806,-2.362
34.73808,-2.356
34.74809,-2.348
34.75811,-2.3185
34.76812,-2.2904
34.77809,-2.2694
34.78806,-2.2439
34.79802,-2.2236
34.80798,-2.2031
34.81794,-2.2053
34.82791,-2.2318
34.83787,-2.2486
34.84784,-2.2689
34.8578,-2.2636
34.86776,-2.2484
34.87772,-2.257
34.88769,-2.2681
34.89768,-2.276
34.9077,-2.2796
34.91771,-2.2831
34.92773,-2.2989
34.93774,-2.3094
34.94775,-2.3171
34.95777,-2.3019
34.96778,-2.319
34.9778,-2.3329
34.98782,-2.3401
34.99783,-2.3423
35.00785,-2.3022
35.01786,-2.2512
35.02786,-2.18
35.03785,-2.1034
35.04784,-2.0534
35.05784,-2.0251
35.06783,-2.0335
35.07782,-2.048
35.08782,-2.0763
35.09781,-2.0913
35.10781,-2.1138
35.1178,-2.1294
35.12779,-2.1509
35.13779,-2.1555
35.14779,-2.1426
35.1578,-2.119
35.16781,-2.0691
35.17782,-2.0524
35.18783,-2.0493
35.19784,-2.0287
35.20786,-2.0238
35.21786,-2.0537
35.22787,-2.1088
35.23788,-2.1619
35.2479,-2.2008
35.25791,-2.2312
35.26792,-2.2433
35.27788,-2.2443
35.28784,-2.2727
35.2978,-2.3222
35.30776,-2.3346
35.31773,-2.3152
35.32769,-2.2874
35.33765,-2.2437
35.34761,-2.1722
35.35757,-2.1421
35.36753,-2.1404
35.37749,-2.1452
35.38745,-2.1364
35.39748,-2.1186
35.40756,-2.0961
35.41765,-2.0946
35.42773,-2.0965
35.43782,-2.116
35.44791,-2.1599
35.458,-2.1706
35.46808,-2.1889
35.47817,-2.1894
35.48825,-2.1616
35.49834,-2.1347
35.50843,-2.0898
35.51852,-2.0511
35.52855,-2.0188
35.53857,-1.992
35.54858,-1.9674
35.5586,-1.9363
35.56861,-1.9239
35.57863,-1.9163
35.58865,-1.8981
35.59866,-1.8642
35.60868,-1.8322
35.61869,-1.8006
35.62871,-1.7749
35.63872,-1.7553
35.64875,-1.78
35.65875,-1.8256
35.66875,-1.8822
35.67875,-1.961
35.68874,-2.029
35.69874,-2.0669
35.70874,-2.0746
35.71874,-2.0758
35.72874,-2.0625
35.73874,-2.0786
35.74873,-2.1124
35.75873,-2.154
35.76873,-2.2243
35.77872,-2.3078
35.78871,-2.3916
35.7987,-2.4706
35.80869,-2.5373
35.81868,-2.589
35.82867,-2.6189
35.83866,-2.6449
35.84865,-2.6561
35.85864,-2.6757
35.86863,-2.6829
35.87862,-2.7139
35.88861,-2.7365
35.89861,-2.7341
35.9086,-2.7311
35.9186,-2.7157
35.9286,-2.6907
35.93859,-2.6643
35.94859,-2.6101
35.95858,-2.5642
35.96858,-2.5308
35.97858,-2.502
35.98857,-2.5034
35.99857,-2.5148
36.00856,-2.5057
36.01856,-2.4888
36.02856,-2.4578
36.03856,-2.4262
36.04856,-2.3979
36.05856,-2.3767
36.06855,-2.3302
36.07855,-2.2982
36.08855,-2.2884
36.09855,-2.2958
36.10855,-2.2985
36.11855,-2.2983
36.12854,-2.3062
36.13854,-2.3048
36.14853,-2.2877
36.15851,-2.2871
36.16849,-2.2872
36.17847,-2.2921
36.18845,-2.3008
36.19842,-2.2813
36.2084,-2.2625
36.21838,-2.2499
36.22836,-2.2511
36.23833,-2.258
36.24831,-2.2655
36.25829,-2.2588
36.26827,-2.2609
36.27829,-2.2423
36.28831,-2.2247
36.29833,-2.2222
36.30835,-2.2335
36.31836,-2.2384
36.32838,-2.2518
36.3384,-2.2583
36.34842,-2.2552
36.35843,-2.2509
36.36845,-2.237
36.37847,-2.2285
36.38849,-2.222
36.39856,-2.2078
36.4087,-2.2045
36.41883,-2.2007
36.42896,-2.1788
36.43909,-2.1922
36.44922,-2.2021
36.45935,-2.1861
36.46949,-2.1811
36.47961,-2.184
36.48975,-2.1849
36.49988,-2.2066
36.51001,-2.2256
36.52014,-2.2463
36.53008,-2.2694
36.54,-2.2912
36.54992,-2.3108
36.55985,-2.3118
36.56977,-2.2873
36.5797,-2.2482
36.58962,-2.2217
36.59954,-2.1986
36.60947,-2.1689
36.6194,-2.1393
36.62932,-2.1006
36.63924,-2.0627
36.64922,-2.0187
36.65923,-1.9695
36.66924,-1.9289
36.67924,-1.8945
36.68925,-1.873
36.69926,-1.8571
36.70927,-1.8603
36.71928,-1.8929
36.72929,-1.9035
36.7393,-1.9044
36.74931,-1.8772
36.75932,-1.831
36.76933,-1.8067
36.77933,-1.7713
36.78933,-1.7458
36.79932,-1.7015
36.80932,-1.6722
36.81932,-1.6704
36.82932,-1.9851
36.83931,-2.4009
36.84931,-2.4977
36.85931,-2.2846
36.86931,-2.2347
36.87931,-2.2167
36.88931,-2.1676
36.89931,-1.9897
36.9093,-2.0477
36.9193,-2.0319
36.92929,-2.1303
36.93929,-2.5034
36.94929,-2.6454
36.95929,-2.7554
36.96928,-2.7836
36.97928,-2.789
36.98927,-2.7944
36.99927,-2.775
37.00927,-2.772
37.01926,-2.7819
37.02924,-2.7533
37.03922,-2.7491
37.0492,-2.7875
37.05917,-2.7806
37.06915,-2.7599
37.07913,-2.7571
37.0891,-2.7528
37.09908,-2.7548
37.10906,-2.7478
37.11904,-2.7476
37.12901,-2.7727
37.13899,-2.8018
37.14899,-2.841
37.159,-2.8806
37.16902,-2.9045
37.17904,-2.9543
37.18906,-2.9975
37.19907,-3.019
37.20909,-3.0451
37.2191,-3.0798
37.22912,-3.0927
37.23914,-3.1165
37.24915,-3.1294
37.25917,-3.1426
37.26919,-3.1553
37.27919,-3.162
37.28918,-3.1913
37.29918,-3.2109
37.30918,-3.2229
37.31917,-3.2444
37.32917,-3.2372
37.33917,-3.2378
37.34916,-3.2454
37.35916,-3.2542
37.36916,-3.2582
37.37915,-3.2527
37.38915,-3.2465
37.39915,-3.2616
37.40915,-3.2734
37.41914,-3.284
37.42913,-3.2946
37.43913,-3.3041
37.44912,-3.308
37.45911,-3.313
37.4691,-3.3165
37.4791,-3.3297
37.48909,-3.34
37.49909,-3.3539
37.50908,-3.3635
37.51907,-3.3781
37.52915,-3.3734
37.53921,-3.3764
37.54927,-3.3846
37.55932,-3.3802
37.56938,-3.3766
37.57944,-3.4039
37.5895,-3.4017
37.59955,-3.4076
37.60961,-3.4092
37.61967,-3.4118
37.62973,-3.4038
37.63979,-3.4077
37.64982,-3.3981
37.65984,-3.3946
37.66986,-3.3953
37.67988,-3.3955
37.6899,-3.3869
37.69991,-3.3822
37.70993,-3.3776
37.71995,-3.3731
37.72997,-3.3434
37.73999,-3.3691
37.75001,-3.369
37.76003,-3.3306
37.77005,-3.3402
37.78005,-3.3027
37.79005,-3.2685
37.80005,-3.2609
37.81005,-3.242
37.82005,-3.2029
37.83005,-3.1869
37.84005,-3.1639
37.85005,-3.1315
37.86005,-3.1246
37.87005,-3.1192
37.88005,-3.1262
37.89005,-3.1258
37.90004,-3.1003
37.91001,-3.0711
37.91998,-3.0258
37.92995,-2.9758
37.93991,-2.9152
37.94988,-2.8754
37.95985,-2.8499
37.96982,-2.8496
37.97979,-2.8218
37.98976,-2.7972
37.99973,-2.7647
38.0097,-2.7334
38.01967,-2.7121
38.02969,-2.6642
38.03971,-2.6242
38.04973,-2.569
38.05975,-2.5727
38.06977,-2.539
38.07979,-2.4831
38.08981,-2.4357
38.09983,-2.4093
38.10984,-2.3871
38.11987,-2.3702
38.12988,-2.3542
38.1399,-2.34
38.14993,-2.3139
38.15997,-2.2976
38.17001,-2.2772
38.18005,-2.2477
38.19008,-2.231
38.20012,-2.2132
38.21016,-2.2
38.2202,-2.1765
38.23024,-2.1758
38.24027,-2.1904
38.25031,-2.2094
38.26035,-2.2046
38.27039,-2.1975
38.28042,-2.1924
38.29045,-2.1815
38.30048,-2.1606
38.31051,-2.1382
38.32054,-2.0876
38.33057,-2.0602
38.3406,-2.0278
38.35062,-2.008
38.36065,-1.9957
38.37068,-1.9843
38.38071,-1.9661
38.39074,-1.9607
38.40072,-1.95
38.41064,-1.9687
38.42056,-1.9771
38.43048,-1.9984
38.44041,-2.0055
38.45033,-2.011
38.46025,-2.0018
38.47017,-1.9982
38.48009,-1.9912
38.49001,-1.9739
38.49994,-1.9616
38.50986,-1.9514
38.51978,-1.9526
38.52987,-1.9613
38.53992,-1.9704
38.54997,-1.9837
38.56002,-2.0122
38.57007,-2.0231
38.58012,-2.0385
38.59016,-2.036
38.60022,-2.0447
38.61026,-2.0347
38.62031,-2.029
38.63036,-2.0177
38.64041,-2.0228
38.65043,-2.0118
38.66042,-1.9978
38.67041,-1.9891
38.6804,-1.9977
38.69039,-2.0257
38.70038,-2.0457
38.71037,-2.0588
38.72036,-2.0515
38.73035,-2.0646
38.74034,-2.0636
38.75033,-2.0597
38.76032,-2.047
38.77031,-2.0499
38.78034,-2.0628
38.79037,-2.0655
38.8004,-2.0693
38.81043,-2.0736
38.82046,-2.0781
38.83049,-2.1007
38.84052,-2.1281
38.85054,-2.1449
38.86057,-2.1683
38.8706,-2.1913
38.88063,-2.2107
38.89066,-2.2406
38.90066,-2.2593
38.91063,-2.2725
38.9206,-2.3107
38.93057,-2.3546
38.94055,-2.3595
38.95052,-2.3446
38.96049,-2.3159
38.97047,-2.295
38.98044,-2.2745
38.99041,-2.2389
39.00038,-2.1797
39.01036,-2.111
39.02033,-2.0453
39.03036,-2.006
39.04039,-1.956
39.05041,-1.9224
39.06044,-1.9012
39.07046,-1.8952
39.08049,-1.8895
39.09051,-1.8935
39.10054,-1.8969
39.11056,-1.9336
39.12059,-2.3443
39.13061,-2.329
39.14064,-2.3786
39.15064,-2.2138
39.16059,-1.9799
39.17054,-1.813
39.1805,-2.0036
39.19045,-2.0765
39.2004,-2.1942
39.21035,-2.1509
39.22031,-2.0702
39.23026,-2.2475
39.24021,-2.6704
39.25016,-2.6785
39.26011,-2.7151
39.27007,-2.6799
39.28015,-2.6014
39.29023,-2.5557
39.30032,-2.4757
39.3104,-2.4088
39.32048,-2.3936
39.33056,-2.3638
39.34064,-2.3514
39.35073,-2.3638
39.36081,-2.379
39.37089,-2.4108
39.38097,-2.4789
39.39106,-2.5407
39.40105,-2.5836
39.41097,-2.6288
39.42089,-2.6528
39.43081,-2.6748
39.44072,-2.6782
39.45064,-2.6891
39.46055,-2.6949
39.47047,-2.6987
39.48038,-2.6961
39.4903,-2.7203
39.50022,-2.7214
39.51014,-2.741
39.52005,-2.7416
39.53016,-2.7424
39.54027,-2.7511
39.55037,-2.7843
39.56048,-2.8198
39.57059,-2.8391
39.5807,-2.8569
39.5908,-2.8593
39.60091,-2.8867
39.61102,-2.9204
39.62112,-2.9594
39.63123,-2.9753
39.64133,-2.9901
39.65138,-2.9884
39.66137,-2.9945
39.67134,-3.0028
39.68132,-3.0136
39.6913,-3.008
39.70128,-3.004
39.71126,-2.9912
39.72124,-2.9843
39.73122,-2.9842
39.7412,-2.9693
39.75118,-2.958
39.76116,-2.9714
39.77114,-2.9926
39.78115,-2.9898
39.79116,-2.992
39.80118,-2.9912
39.81119,-2.9927
39.82121,-2.9677
39.83122,-2.9477
39.84123,-2.9288
39.85124,-2.9422
39.86126,-2.9656
39.87127,-2.9996
39.88128,-3.0006
39.8913,-2.9949
39.90129,-2.9278
39.91126,-2.9067
39.92123,-2.8626
39.9312,-2.8087
39.94117,-2.8173
39.95115,-2.8015
39.96112,-2.8006
39.97109,-2.767
39.98106,-2.7444
39.99103,-2.7105
40.001,-2.677
40.01097,-2.6476
40.02095,-2.6585
40.03097,-2.6253
40.04099,-2.6002
40.051,-2.581
40.06102,-2.528
40.07103,-2.5043
40.08105,-2.4795
40.09106,-2.4561
40.10108,-2.4397
40.1111,-2.4447
40.12111,-2.3997
40.13113,-2.4124
40.14114,-2.3876
40.15115,-2.4412
40.16115,-2.3345
40.17115,-2.3113
40.18115,-2.2879
40.19115,-2.2902
40.20116,-2.2628
40.21115,-2.2346
40.22116,-2.2139
40.23116,-2.213
40.24116,-2.2051
40.25116,-2.2172
40.26116,-2.226
40.27116,-2.2141
40.28117,-2.2009
40.29118,-2.1872
40.30119,-2.1997
40.3112,-2.195
40.32121,-2.2053
40.33121,-2.2022
40.34122,-2.2037
40.35123,-2.2209
40.36124,-2.2284
40.37125,-2.2219
40.38126,-2.2189
40.39127,-2.2071
40.40128,-2.2042
40.41127,-2.1986
40.42126,-2.1828
40.43125,-2.1688
40.44124,-2.1556
40.45124,-2.1595
40.46123,-2.15
40.47122,-2.1446
40.48121,-2.1272
40.4912,-2.1241
40.50119,-2.129
40.51119,-2.1255
40.52118,-2.122
40.53118,-2.0987
40.54118,-2.1018
40.55117,-2.1055
40.56117,-2.1022
40.57116,-2.0983
40.58116,-2.0874
40.59116,-2.0893
40.60115,-2.0956
40.61115,-2.0939
40.62115,-2.0933
40.63114,-2.1027
40.64114,-2.1226
40.65114,-2.1406
40.66113,-2.1548
40.67112,-2.1571
40.68111,-2.1568
40.6911,-2.1459
40.7011,-2.1325
40.71109,-2.1015
40.72108,-2.0845
40.73108,-2.0725
40.74107,-2.0692
40.75106,-2.0812
40.76105,-2.0723
40.77105,-2.0722
40.78113,-2.0875
40.7912,-2.0965
40.80128,-2.0926
40.81136,-2.1115
40.82143,-2.1129
40.83151,-2.1136
40.84158,-2.1226
40.85166,-2.1187
40.86174,-2.0809
40.87181,-2.0577
40.88189,-2.0359
40.89196,-2.0322
40.902,-2.0519
40.912,-2.0468
40.922,-2.0295
40.93199,-2.0097
40.94199,-1.9927
40.95198,-2.01
40.96198,-2.0476
40.97197,-2.068
40.98197,-2.0592
40.99197,-2.0517
41.00196,-2.0425
41.01196,-2.0561
41.02195,-2.032
41.03194,-1.9901
41.04194,-1.9395
41.05193,-1.9006
41.06192,-1.882
41.07191,-1.8907
41.08191,-1.8981
41.0919,-1.8957
41.10189,-1.8925
41.11188,-1.8757
41.12188,-1.8456
41.13187,-1.8112
41.14186,-1.7864
41.15186,-1.7526
41.16188,-1.7154
41.17189,-1.6805
41.1819,-1.6706
41.19191,-1.6636
41.20193,-1.6588
41.21194,-1.6318
41.22195,-1.5826
41.23196,-1.5546
41.24198,-1.5995
41.25199,-1.8175
41.262,-2.0476
41.27201,-2.0963
41.28198,-2.1392
41.29194,-2.1742
41.3019,-2.2422
41.31186,-2.2662
41.32182,-2.3348
41.33178,-2.4524
41.34173,-2.5378
41.35169,-2.4572
41.36165,-2.4872
41.37161,-2.5493
41.38157,-2.5959
41.39153,-2.6933
41.40155,-2.793
41.41165,-2.8182
41.42175,-2.8209
41.43185,-2.8174
41.44195,-2.7971
41.45205,-2.7762
41.46214,-2.7703
41.47224,-2.7755
41.48234,-2.7794
41.49244,-2.7975
41.50253,-2.8156
41.51263,-2.8291
41.52273,-2.8505
41.53274,-2.8663
41.54274,-2.892
41.55275,-2.9064
41.56276,-2.9324
41.57277,-2.952
41.58278,-2.961
41.59279,-2.9809
41.6028,-2.9883
41.61281,-3.0028
41.62282,-3.0263
41.63282,-3.0411
41.64283,-3.0542
41.6528,-3.048
41.6627,-3.0461
41.67262,-3.0377
41.68253,-3.0311
41.69244,-3.0185
41.70235,-3.0052
41.71226,-2.997
41.72217,-2.9839
41.73208,-2.9718
41.74199,-2.9612
41.7519,-2.9695
41.76181,-2.9799
41.77172,-2.9791
41.78173,-2.9529
41.79173,-2.9535
41.80173,-2.9398
41.81174,-2.9392
41.82174,-2.9417
41.83175,-2.9195
41.84175,-2.8919
41.85175,-2.8734
41.86176,-2.8437
41.87176,-2.8292
41.88176,-2.8433
41.89177,-2.8771
41.90181,-2.8888
41.91188,-2.9121
41.92197,-2.9101
41.93204,-2.912
41.94213,-2.9108
41.95221,-2.901
41.96229,-2.8643
41.97237,-2.8506
41.98245,-2.8189
41.99253,-2.8117
42.00261,-2.8032
42.01269,-2.7916
42.02277,-2.7874
42.03278,-2.7892
42.04279,-2.7719
42.0528,-2.7782
42.06281,-2.7831
42.07282,-2.7999
42.08282,-2.8106
42.09283,-2.8108
42.10284,-2.8242
42.11285,-2.8408
42.12286,-2.8701
42.13287,-2.8853
42.14287,-2.9048
42.15287,-2.9093
42.16285,-2.9242
42.17284,-2.9313
42.18282,-2.9327
42.1928,-2.9309
42.20279,-2.9359
42.21277,-2.9308
42.22275,-2.9206
42.23273,-2.8944
42.24272,-2.8751
42.2527,-2.8616
42.26268,-2.8452
42.27267,-2.8462
42.28263,-2.8327
42.29259,-2.8345
42.30256,-2.8335
42.31252,-2.8256
42.32248,-2.8248
42.33244,-2.8183
42.3424,-2.8104
42.35236,-2.7985
42.36233,-2.7906
42.37229,-2.804
42.38225,-2.8012
42.39221,-2.8105
42.40222,-2.7956
42.41227,-2.7729
42.42231,-2.7357
42.43236,-2.7077
42.44241,-2.6606
42.45246,-2.6435
42.46251,-2.6424
42.47255,-2.6576
42.4826,-2.6509
42.49265,-2.6339
42.50269,-2.6223
42.51274,-2.6181
42.52279,-2.5985
42.53279,-2.5786
42.54279,-2.5641
42.55278,-2.555
42.56278,-2.5331
42.57277,-2.5065
42.58277,-2.4828
42.59276,-2.4873
42.60276,-2.5038
42.61275,-2.5032
42.62275,-2.4956
42.63274,-2.4925
42.64273,-2.5087
42.65272,-2.5018
42.66267,-2.4779
42.67262,-2.4938
42.68256,-2.4837
42.69251,-2.4725
42.70245,-2.4847
42.7124,-2.4713
42.72235,-2.4495
42.73229,-2.4432
42.74224,-2.4418
42.75219,-2.4783
42.76213,-2.5073
42.77208,-2.4773
42.78246,-2.4558
42.79285,-2.4469
42.80323,-2.4367
42.81361,-2.418
42.82399,-2.3749
42.83437,-2.3482
42.84475,-2.3247
42.85514,-2.3183
42.86552,-2.3218
42.8759,-2.333
42.88628,-2.3414
42.89666,-2.3488
42.90667,-2.3609
42.91629,-2.3432
42.9259,-2.3125
42.93552,-2.2929
42.94513,-2.2964
42.95475,-2.2925
42.96437,-2.2815
42.97398,-2.2519
42.9836,-2.2185
42.99322,-2.2025
43.00283,-2.1937
43.01245,-2.1978
43.02207,-2.193
43.0321,-2.2169
43.04212,-2.2417
43.05214,-2.2914
43.06216,-2.3184
43.07218,-2.2545
43.0822,-2.221
43.09222,-2.2122
43.10225,-2.2464
43.11227,-2.2673
43.12229,-2.2888
43.13231,-2.291
43.14233,-2.3016
43.15238,-2.3083
43.16247,-2.307
43.17255,-2.3142
43.18264,-2.3323
43.19273,-2.3376
43.20282,-2.3558
43.2129,-2.3565
43.22299,-2.3418
43.23307,-2.32
43.24316,-2.3042
43.25325,-2.2971
43.26334,-2.2934
43.27342,-2.3009
43.28341,-2.3233
43.2934,-2.3412
43.30339,-2.3485
43.31339,-2.36
43.32337,-2.368
43.33336,-2.3667
43.34335,-2.3659
43.35334,-2.3747
43.36333,-2.3684
43.37332,-2.3751
43.38331,-2.3581
43.3933,-2.3455
43.40329,-2.3393
43.41326,-2.3324
43.42323,-2.3343
43.4332,-2.3403
43.44318,-2.3427
43.45316,-2.3477
43.46313,-2.3392
43.4731,-2.3251
43.48308,-2.3032
43.49305,-2.2843
43.50303,-2.2787
43.513,-2.282
43.52297,-2.293
43.533,-2.29
43.54303,-2.2898
43.55305,-2.2685
43.56308,-2.2482
43.57311,-2.2416
43.58313,-2.2446
43.59316,-2.2647
43.60319,-2.2714
43.61321,-2.2663
43.62324,-2.241
43.63327,-2.2083
43.64329,-2.1827
43.6533,-2.1755
43.66328,-2.1832
43.67327,-2.174
43.68325,-2.1455
43.69324,-2.1124
43.70323,-2.0718
43.71321,-2.0387
43.7232,-2.0273
43.73318,-1.9947
43.74317,-1.9444
43.75316,-1.8868
43.76314,-1.8324
43.77313,-1.7955
43.78312,-1.7869
43.79309,-1.7888
43.80305,-1.7695
43.81302,-1.7302
43.82299,-1.6961
43.83296,-1.6658
43.84293,-1.6591
43.8529,-1.6539
43.86287,-1.6325
43.87284,-1.6046
43.8828,-1.5407
43.89277,-1.435
43.90277,-1.2806
43.91278,-1.1538
43.92279,-1.0572
43.9328,-1.0057
43.94281,-0.9881
43.95282,-0.968
43.96283,-0.9537
43.97284,-0.9136
43.98285,-0.8655
43.99286,-0.856
44.00287,-0.8365
44.01288,-0.8275
44.02289,-0.7799
44.03289,-0.7514
44.04289,-0.7368
44.05289,-0.7509
44.06289,-0.7835
44.07288,-0.777
44.08289,-0.7506
44.09288,-0.6955
44.10288,-0.6452
44.11288,-0.6284
44.12288,-0.6132
44.13288,-0.5821
44.14288,-0.5848
44.15289,-0.5696
44.16288,-0.5675
44.17288,-0.5262
44.18287,-1.1287
44.19286,-1.4095
44.20285,-1.3914
44.21285,-1.5005
44.22284,-1.6329
44.23283,-1.6714
44.24282,-1.7602
44.25282,-2.0264
44.26281,-2.1427
44.2728,-2.1662
44.2829,-2.199
44.29299,-2.4533
44.30309,-2.5248
44.31318,-2.5991
44.32327,-2.6504
44.33336,-2.7084
44.34345,-2.779
44.35354,-2.8263
44.36363,-2.8661
44.37373,-2.8963
44.38382,-2.9171
44.39391,-2.9184
44.40395,-2.8878
44.41394,-2.8688
44.42394,-2.8372
44.43393,-2.7944
44.44392,-2.7516
44.45392,-2.7097
44.46391,-2.6731
44.47391,-2.6379
44.4839,-2.6055
44.49389,-2.5967
44.50389,-2.5939
44.51388,-2.5903
44.52387,-2.5882
44.53387,-2.5947
44.54387,-2.6071
44.55387,-2.6181
44.56387,-2.6316
44.57386,-2.6583
44.58386,-2.6852
44.59386,-2.7201
44.60386,-2.7432
44.61386,-2.7758
44.62386,-2.8044
44.63385,-2.8382
44.64385,-2.8561
44.65385,-2.8881
44.66383,-2.909
44.67381,-2.924
44.68378,-2.9482
44.69375,-2.9613
44.70373,-2.9846
44.7137,-2.9967
44.72367,-3.0225
44.73365,-3.0485
44.74362,-3.0811
44.7536,-3.0767
44.76357,-3.0777
44.77354,-3.0665
44.78354,-3.0378
44.79352,-2.9849
44.80351,-2.9066
44.8135,-2.8478
44.82348,-2.7982
44.83347,-2.7795
44.84346,-2.7364
44.85344,-2.6996
44.86343,-2.6624
44.87341,-2.6263
44.8834,-2.6104
44.89339,-2.6006
44.9034,-2.5837
44.91343,-2.5718
44.92345,-2.5645
44.93348,-2.5645
44.94351,-2.5731
44.95354,-2.5835
44.96357,-2.5996
44.9736,-2.6195
44.98362,-2.6363
44.99365,-2.6476
45.00368,-2.6448
45.01371,-2.6329
45.02374,-2.6318
45.03374,-2.6244
45.04373,-2.6129
45.05373,-2.6129
45.06373,-2.5992
45.07372,-2.59
45.08372,-2.5981
45.09372,-2.5945
45.10371,-2.5862
45.11371,-2.5808
45.12371,-2.5724
45.13371,-2.553
45.1437,-2.535
45.1537,-2.5312
45.16369,-2.5775
45.17369,-2.6249
45.18369,-2.6545
45.19368,-2.6793
45.20367,-2.6902
45.21367,-2.7181
45.22367,-2.7398
45.23366,-2.7598
45.24366,-2.7784
45.25365,-2.7959
45.26365,-2.8273
45.27364,-2.8461
45.28374,-2.8797
45.29382,-2.8972
45.30391,-2.9179
45.31398,-2.933
45.32406,-2.9283
45.33414,-2.9203
45.34422,-2.9136
45.3543,-2.8986
45.36438,-2.9098
45.37446,-2.8996
45.38454,-2.9093
45.39462,-2.917
45.40464,-2.9102
45.4146,-2.9013
45.42456,-2.8976
45.43452,-2.8838
45.44448,-2.8809
45.45444,-2.876
45.46439,-2.853
45.47435,-2.8281
45.48431,-2.8127
45.49427,-2.8044
45.50423,-2.7955
45.51419,-2.7929
45.52415,-2.7724
45.53419,-2.7766
45.54422,-2.7898
45.55426,-2.793
45.56429,-2.8037
45.57433,-2.7919
45.58436,-2.776
45.59439,-2.7727
45.60443,-2.7734
45.61446,-2.7701
45.6245,-2.7487
45.63453,-2.7446
45.64457,-2.7606
45.65458,-2.7683
45.66458,-2.7745
45.67457,-2.7647
45.68457,-2.7479
45.69456,-2.7282
45.70455,-2.724
45.71455,-2.7084
45.72454,-2.7208
45.73454,-2.7355
45.74453,-2.7505
45.75452,-2.7497
45.76451,-2.736
45.77451,-2.7163
45.78448,-2.7089
45.79445,-2.7143
45.80442,-2.717
45.81439,-2.714
45.82436,-2.7055
45.83433,-2.7073
45.8443,-2.6982
45.85426,-2.6889
45.86423,-2.6714
45.8742,-2.6618
45.88417,-2.6591
45.89414,-2.6512
45.90414,-2.641
45.91416,-2.6183
45.92418,-2.6139
45.9342,-2.6144
45.94422,-2.6024
45.95424,-2.5747
45.96426,-2.5413
45.97429,-2.5262
45.98431,-2.5325
45.99433,-2.544
46.00435,-2.552
46.01437,-2.5615
46.02439,-2.5659
46.03447,-2.5754
46.04455,-2.5527
46.05462,-2.5253
46.06469,-2.5031
46.07476,-2.4799
46.08484,-2.4516
46.09491,-2.4209
46.10498,-2.4366
46.11506,-2.4307
46.12513,-2.4176
46.1352,-2.4139
46.14528,-2.4212
46.15528,-2.3907
46.1652,-2.3877
46.17513,-2.372
46.18506,-2.3519
46.19498,-2.3167
46.20491,-2.3067
46.21484,-2.2818
46.22476,-2.2596
46.23469,-2.275
46.24462,-2.3032
46.25454,-2.3214
46.26447,-2.3453
46.27439,-2.339
46.28445,-2.3202
46.2945,-2.2723
46.30455,-2.225
46.31461,-2.1903
46.32466,-2.1616
46.33471,-2.1515
46.34476,-2.1597
46.35481,-2.1639
46.36486,-2.175
46.37492,-2.1666
46.38497,-2.1977
46.39502,-2.1521
46.4051,-1.9865
46.41519,-1.7598
46.42528,-1.6532
46.43537,-1.6262
46.44546,-1.6217
46.45555,-1.6328
46.46564,-1.6489
46.47574,-1.6302
46.48583,-1.563
46.49592,-1.4996
46.50601,-1.4723
46.51611,-1.4656
46.5262,-1.4756
46.53619,-1.4619
46.54618,-1.4583
46.55617,-1.4242
46.56616,-1.3437
46.57615,-1.2815
46.58614,-1.262
46.59613,-1.2636
46.60612,-1.2762
46.61611,-1.2871
46.6261,-1.2804
46.63609,-1.2642
46.64608,-1.2239
46.65608,-1.1334
46.66608,-1.0769
46.67607,-1.0297
46.68607,-1.0135
46.69607,-0.9932
46.70607,-0.9706
46.71607,-0.9315
46.72607,-0.8991
46.73607,-0.8766
46.74607,-0.8554
46.75607,-0.8482
46.76607,-0.8298
46.77607,-0.8143
46.78596,-0.8143
46.79586,-0.8111
46.80575,-0.762
46.81564,-0.6867
46.82554,-0.6029
46.83543,-0.5222
46.84533,-0.4643
46.85522,-0.4578
46.86512,-0.4577
46.87501,-0.5405
46.8849,-0.639
46.8948,-0.7643
46.9048,-0.8862
46.91491,-1.0236
46.92501,-1.156
46.93511,-1.2979
46.94522,-1.4306
46.95532,-1.5431
46.96542,-1.621
46.97553,-1.7047
46.98563,-1.7787
46.99574,-1.8216
47.00584,-1.855
47.01594,-1.8776
47.02605,-1.8732
47.03605,-1.8654
47.04604,-1.8697
47.05604,-1.8595
47.06603,-1.8306
47.07603,-1.816
47.08602,-1.7872
47.09602,-1.7685
47.10601,-1.7544
47.116,-1.7578
47.126,-1.761
47.13599,-1.7705
47.14599,-1.7729
47.15599,-1.7847
47.16599,-1.7921
47.17598,-1.7865
47.18598,-1.791
47.19597,-1.8039
47.20597,-1.8203
47.21597,-1.8218
47.22596,-1.8528
47.23596,-1.8462
47.24596,-1.8616
47.25595,-1.8438
47.26595,-1.816
47.27594,-1.7721
47.28587,-1.746
47.29581,-1.7362
47.30574,-1.7302
47.31567,-1.7304
47.3256,-1.7348
47.33553,-1.7624
47.34546,-1.7722
47.35539,-1.7822
47.36533,-1.7989
47.37526,-1.802
47.38519,-1.805
47.39512,-1.8101
47.40512,-1.8156
47.41518,-1.8276
47.42524,-1.8164
47.4353,-1.8178
47.44536,-1.829
47.45542,-1.8352
47.46548,-1.8272
47.47554,-1.8206
47.48561,-1.8212
47.49567,-1.7866
47.50573,-1.7461
47.51579,-1.7275
47.52585,-1.7039
47.53589,-1.6886
47.54592,-1.6885
47.55595,-1.6787
47.56599,-1.6541
47.57602,-1.6239
47.58606,-1.6258
47.59609,-1.656
47.60612,-1.7204
47.61616,-1.7782
47.62619,-1.8247
47.63623,-1.86
47.64626,-1.8804
47.65627,-1.8984
47.66623,-1.9143
47.6762,-1.9086
47.68616,-1.8903
47.69613,-1.8605
47.70609,-1.8402
47.71606,-1.8895
47.72602,-1.8873
47.73598,-1.8933
47.74595,-1.8884
47.75592,-1.8966
47.76588,-1.9159
47.77584,-1.9079
47.78582,-1.8999
47.79578,-1.8809
47.80575,-1.846
47.81572,-1.8167
47.82569,-1.8045
47.83566,-1.8206
47.84562,-1.8451
47.85559,-1.849
47.86556,-2.0111
47.87553,-2.205
47.88549,-2.0518
47.89546,-2.0192
47.90548,-1.8899
47.9155,-1.7288
47.92553,-1.6528
47.93555,-1.6316
47.94558,-1.6672
47.95561,-1.7179
47.96563,-1.7804
47.97566,-1.8349
47.98569,-1.8495
47.99571,-1.8016
48.00574,-1.6853
48.01577,-1.5053
48.02579,-1.3192
48.03577,-1.1968
48.04575,-1.1305
48.05572,-1.1237
48.06569,-1.1138
48.07567,-1.117
48.08564,-1.1293
48.09562,-1.1173
48.10559,-1.0949
48.11557,-1.0316
48.12554,-0.9813
48.13551,-0.9413
48.14549,-0.9348
48.15547,-0.9683
48.16545,-1.0149
48.17544,-1.0094
48.18542,-0.9878
48.19541,-0.9426
48.20539,-0.9046
48.21538,-0.9057
48.22536,-0.9535
48.23535,-0.976
48.24533,-0.9475
48.25532,-0.9284
48.2653,-0.9246
48.27529,-0.9214
48.28529,-0.9289
48.2953,-0.9619
48.3053,-1.0101
48.3153,-1.0756
48.3253,-1.1653
48.3353,-1.266
48.34531,-1.3778
48.3553,-1.4977
48.36531,-1.576
48.37531,-1.643
48.38531,-1.693
48.39531,-1.7257
48.40533,-1.7613
48.41535,-1.7956
48.42537,-1.841
48.43538,-1.8818
48.4454,-1.9087
48.45542,-1.9301
48.46544,-1.9327
48.47545,-1.9167
48.48547,-1.9071
48.49549,-1.9106
48.50551,-1.8959
48.51553,-1.881
48.52554,-1.8829
48.53563,-1.876
48.54571,-1.8802
48.55579,-1.8809
48.56587,-1.8834
48.57595,-1.8752
48.58603,-1.8904
48.59611,-1.9056
48.60619,-1.9169
48.61628,-1.9333
48.62635,-1.9491
48.63644,-1.949
48.64652,-1.9549
48.65657,-1.9482
48.66657,-1.951
48.67657,-1.9539
48.68657,-1.967
48.69656,-1.9735
48.70656,-1.9929
48.71656,-2.0132
48.72656,-2.0257
48.73656,-2.0377
48.74655,-2.0496
48.75655,-2.0462
48.76655,-2.0308
48.77655,-2.0205
48.78654,-2.0255
48.79653,-2.0207
48.80652,-2.0252
48.81651,-2.0249
48.8265,-2.0224
48.83649,-2.0194
48.84648,-2.0118
48.85647,-1.9955
48.86646,-1.9841
48.87645,-1.9654
48.88644,-1.9586
48.89643,-1.9852
48.90642,-2.0283
48.91642,-2.0534
48.92642,-2.0724
48.93642,-2.0887
48.94641,-2.091
48.95641,-2.0904
48.96641,-2.1003
48.97641,-2.086
48.98641,-2.0791
48.99641,-2.0598
49.0064,-2.0609
49.0164,-2.0349
49.0264,-2.0278
49.0364,-2.0288
49.0464,-2.0023
49.05639,-1.9909
49.06638,-1.9881
49.07638,-1.9884
49.08637,-1.9899
49.09636,-1.9811
49.10636,-1.9731
49.11635,-1.9458
49.12634,-1.9175
49.13634,-1.8852
49.14633,-1.8696
49.15631,-1.8762
49.16628,-1.8769
49.17625,-1.8753
49.18623,-1.8704
49.1962,-1.86
49.20617,-1.8671
49.21614,-1.8436
49.22611,-1.8316
49.23608,-1.8124
49.24605,-1.8044
49.25602,-1.7939
49.26599,-1.7639
49.27596,-1.7363
49.28595,-1.6892
49.29594,-1.6517
49.30592,-1.6254
49.31591,-1.6118
49.3259,-1.6163
49.33589,-1.6112
49.34587,-1.6126
49.35586,-1.6213
49.36585,-1.6283
49.37584,-1.7014
49.38582,-1.7554
49.39581,-1.7907
49.40583,-1.8495
49.41587,-1.8763
49.42591,-1.8997
49.43596,-1.9084
49.446,-1.888
49.45604,-1.8691
49.46608,-1.9287
49.47612,-2.001
49.48616,-2.0855
49.4962,-2.161
49.50624,-2.2334
49.51629,-2.3133
49.52633,-2.3787
49.53632,-2.3993
49.54631,-2.4132
49.55629,-2.4249
49.56628,-2.4323
49.57627,-2.4202
49.58626,-2.4049
49.59624,-2.3817
49.60624,-2.3516
49.61622,-2.3264
49.62621,-2.2887
49.6362,-2.2759
49.64619,-2.2676
49.65622,-2.252
49.66631,-2.2345
49.67639,-2.2334
49.68647,-2.2115
49.69655,-2.1938
49.70663,-2.166
49.71671,-2.1543
49.7268,-2.1548
49.73688,-2.1608
49.74696,-2.1644
49.75704,-2.1669
49.76712,-2.1748
49.7772,-2.1458
49.78717,-2.1252
49.79714,-2.1183
49.8071,-2.0944
49.81707,-2.0612
49.82703,-2.0841
49.83699,-2.0734
49.84696,-2.0909
49.85692,-2.2425
49.86689,-2.3765
49.87685,-2.4023
49.88682,-2.4084
49.89678,-2.376
49.90678,-2.244
49.9168,-2.1016
49.92683,-2.025
49.93685,-1.9838
49.94687,-1.9761
49.9569,-2
49.96692,-2.0566
49.97694,-2.1449
49.98697,-2.26
49.99699,-2.3624
50.00702,-2.471
50.01704,-2.5335
50.02706,-2.5769
50.03707,-2.6144
50.04707,-2.6294
50.05707,-2.6266
50.06707,-2.6221
50.07707,-2.6253
50.08707,-2.628
50.09706,-2.6199
50.10707,-2.6315
50.11707,-2.6406
50.12707,-2.655
50.13707,-2.6828
50.14706,-2.6982
50.1571,-2.7125
50.16716,-2.7335
50.17722,-2.7304
50.18727,-2.7273
50.19733,-2.72
50.2074,-2.7341
50.21746,-2.7567
50.22752,-2.7414
50.23758,-2.7236
50.24763,-2.7035
50.25769,-2.6727
50.26775,-2.6545
50.27781,-2.6521
50.28772,-2.6434
50.29762,-2.6356
50.30752,-2.6283
50.31742,-2.6371
50.32732,-2.6506
50.33722,-2.6588
50.34712,-2.6595
50.35703,-2.68
50.36692,-2.673
50.37683,-2.6775
50.38673,-2.6584
50.39663,-2.6576
50.40663,-2.6587
50.41673,-2.6629
50.42683,-2.6627
50.43692,-2.6845
50.44702,-2.7097
50.45712,-2.7114
50.46722,-2.7109
50.47731,-2.7142
50.48741,-2.7211
50.49751,-2.7322
50.5076,-2.7726
50.5177,-2.7728
50.5278,-2.7786
50.53773,-2.7744
50.54766,-2.776
50.55759,-2.7721
50.56752,-2.7789
50.57746,-2.7796
50.58739,-2.7763
50.59732,-2.7667
50.60725,-2.7422
50.61718,-2.7163
50.62712,-2.7004
50.63705,-2.687
50.64698,-2.6646
50.65696,-2.6501
50.66696,-2.6672
50.67696,-2.6769
50.68697,-2.6911
50.69697,-2.6758
50.70698,-2.6514
50.71698,-2.6277
50.72699,-2.601
50.73699,-2.5628
50.747,-2.5341
50.757,-2.5045
50.76701,-2.513
50.77701,-2.5117
50.78706,-2.5303
50.79711,-2.5249
50.80716,-2.5091
50.8172,-2.5103
50.82725,-2.5138
50.8373,-2.5136
50.84735,-2.523
50.85739,-2.5083
50.86744,-2.4816
50.87749,-2.4544
50.88753,-2.4414
50.89758,-2.3944
50.9076,-2.3799
50.91759,-2.4051
50.92757,-2.4393
50.93756,-2.4551
50.94755,-2.4719
50.95754,-2.4603
50.96753,-2.4899
50.97752,-2.4711
50.98751,-2.4758
50.9975,-2.4464
51.00748,-2.4211
51.01748,-2.3993
51.02746,-2.3944
51.03749,-2.3914
51.04752,-2.4238
51.05754,-2.4352
51.06757,-2.4466
51.0776,-2.4475
51.08762,-2.453
51.09765,-2.459
51.10768,-2.4638
51.1177,-2.4548
51.12773,-2.4589
51.13776,-2.4742
51.14778,-2.4999
51.15778,-2.5156
51.16774,-2.5272
51.1777,-2.5284
51.18767,-2.5277
51.19763,-2.541
51.20759,-2.5368
51.21755,-2.5393
51.22751,-2.5261
51.23747,-2.5005
51.24743,-2.4563
51.25739,-2.4476
51.26736,-2.4435
51.27732,-2.4433
51.28733,-2.4458
51.29734,-2.434
51.30734,-2.4064
51.31735,-2.3888
51.32736,-2.3929
51.33737,-2.3977
51.34737,-2.3949
51.35738,-2.3788
51.36739,-2.36
51.3774,-2.3556
51.38741,-2.3176
51.39741,-2.3045
51.40743,-2.3205
51.41745,-2.319
51.42747,-2.3304
51.4375,-2.3302
51.44752,-2.3233
51.45754,-2.3062
51.46756,-2.2878
51.47758,-2.341
51.48761,-2.4203
51.49763,-2.5117
51.50765,-2.6152
51.51768,-2.7183
51.5277,-2.8092
51.53771,-2.8711
51.54769,-2.8409
51.55768,-2.8138
51.56767,-2.8054
51.57765,-2.8299
51.58764,-2.8196
51.59763,-2.762
51.60761,-2.7191
51.6176,-2.649
51.62758,-2.6451
51.63757,-2.6609
51.64756,-2.6043
51.65757,-2.5095
51.66759,-2.0902
51.67762,-1.3333
51.68765,-0.9594
51.69768,-0.9631
51.70771,-1.1518
51.71774,-1.5061
51.72776,-2.0135
51.73779,-2.5988
51.74782,-2.9243
51.75785,-2.848
51.76788,-2.6044
51.7779,-2.2737
51.78789,-1.9984
51.79786,-1.8159
51.80783,-1.6926
51.8178,-1.6051
51.82777,-1.7885
51.83774,-1.9424
51.84771,-2.0897
51.85768,-2.1838
51.86765,-2.2594
51.87762,-2.2484
51.88758,-2.2034
51.89755,-2.1739
51.90758,-2.1914
51.91765,-2.1286
51.92772,-2.276
51.93778,-2.3701
51.94785,-2.4341
51.95792,-2.5037
51.96799,-2.4495
51.97806,-2.2925
51.98812,-2.3636
51.9982,-2.3692
52.00826,-2.3314
52.01833,-2.3781
52.0284,-2.5095
52.0384,-2.613
52.0484,-2.664
52.05841,-2.7309
52.06841,-2.8729
52.07841,-2.9368
52.08841,-2.9053
52.09841,-2.8671
52.10841,-2.8936
52.11842,-3.0212
52.12842,-3.0829
52.13842,-3.1519
52.14842,-3.1269
52.15842,-3.1226
52.16842,-3.0709
52.17842,-2.9818
52.18842,-2.8825
52.19842,-2.7238
52.20842,-2.4934
52.21841,-2.6548
52.22841,-2.384
52.23841,-1.3753
52.24841,-0.8649
52.25841,-1.0527
52.26841,-1.5678
52.27841,-2.1718
52.28842,-2.7108
52.29841,-2.8616
52.3084,-2.8138
52.3184,-2.5966
52.32839,-2.2619
52.33838,-1.8953
52.34838,-1.5944
52.35837,-1.3459
52.36836,-1.2628
52.37835,-1.1515
52.38835,-1.0981
52.39834,-1.1101
52.40834,-1.182
52.41833,-1.1791
52.42832,-1.1988
52.43832,-1.1988
52.44831,-1.296
52.45831,-1.4967
52.4683,-1.6267
52.47829,-1.6559
52.48829,-1.7572
52.49828,-1.9946
52.50828,-2.0399
52.51827,-1.8609
52.52827,-1.5757
52.53827,-1.3822
52.54825,-1.4055
52.55822,-1.5299
52.5682,-1.7387
52.57818,-1.9532
52.58816,-2.038
52.59814,-1.9705
52.60812,-1.766
52.6181,-1.4539
52.62807,-1.0812
52.63805,-0.892
52.64803,-0.6745
52.65802,-0.6235
52.66801,-0.4802
52.67801,-0.5194
52.688,-0.5998
52.69799,-0.5669
52.70798,-1.088
52.71798,-1.2668
52.72797,-1.3907
52.73796,-1.4608
52.74795,-1.4729
52.75795,-1.3908
52.76794,-1.2187
52.77793,-1.0887
52.78793,-1.0682
52.79792,-1.1382
52.80792,-1.2234
52.81792,-1.2524
52.82792,-1.256
52.83791,-1.2853
52.8479,-1.3112
52.8579,-1.3636
52.8679,-1.4352
52.8779,-1.5196
52.88789,-1.6144
52.89789,-1.6982
52.90791,-1.7987
52.9179,-1.9146
52.92789,-2.0129
52.93789,-2.0866
52.94788,-2.1257
52.95787,-2.1978
52.96786,-2.2225
52.97786,-2.2618
52.98785,-2.21
52.99784,-2.1857
53.00784,-2.161
53.01783,-2.1184
53.02782,-2.0671
53.03783,-2.0585
53.04783,-2.0741
53.05783,-2.0892
53.06784,-2.1304
53.07784,-2.0327
53.08784,-1.7241
53.09785,-1.3978
53.10785,-1.2698
53.11786,-1.2295
53.12786,-1.357
53.13786,-1.6664
53.14787,-1.9954
53.15792,-2.234
53.16803,-2.3105
53.17813,-2.2833
53.18824,-2.2623
53.19834,-2.1945
53.20845,-2.0449
53.21855,-1.9624
53.22866,-1.9631
53.23876,-1.9386
53.24887,-1.985
53.25897,-2.0874
53.26908,-2.0989
53.27918,-2.1223
53.28918,-2.1872
53.29918,-2.2873
53.30917,-2.3222
53.31916,-2.3738
53.32916,-2.4393
53.33915,-2.4223
53.34915,-2.3535
53.35915,-2.2623
53.36914,-2.248
53.37914,-2.2124
53.38913,-2.2748
53.39912,-1.9206
53.40913,-1.846
53.41914,-2.338
53.42915,-2.2756
53.43916,-2.2265
53.44917,-2.5746
53.45918,-3.0733
53.4692,-3.4415
53.47921,-3.6052
53.48922,-3.6348
53.49923,-3.5385
53.50924,-3.198
53.51925,-2.8588
53.52926,-2.6328
53.53932,-2.4951
53.54937,-2.4364
53.55943,-2.3521
53.56948,-2.269
53.57953,-2.2316
53.58958,-2.1742
53.59963,-2.1211
53.60968,-2.0778
53.61974,-1.9818
53.62979,-1.905
53.63984,-1.9086
53.64989,-1.8611
53.65989,-1.7795
53.66981,-1.937
53.67974,-2.0485
53.68967,-2.2437
53.6996,-2.0954
53.70953,-1.6612
53.71945,-1.6299
53.72938,-2.2594
53.73931,-2.0648
53.74924,-2.2898
53.75917,-2.5473
53.76909,-2.4476
53.77902,-2.1875
53.78898,-1.8367
53.79894,-1.4944
53.8089,-1.2327
53.81886,-1.0422
53.82882,-0.8759
53.83878,-0.7875
53.84874,-0.779
53.8587,-0.8422
53.86866,-0.9173
53.87862,-0.9999
53.88858,-1.0963
53.89854,-1.239
53.90852,-1.3761
53.91851,-1.443
53.92851,-1.4946
53.93851,-1.5164
53.94851,-1.5248
53.9585,-1.5162
53.9685,-1.5083
53.9785,-1.4764
53.9885,-1.4823
53.9985,-1.4819
54.0085,-1.4834
54.01849,-1.4523
54.02849,-1.4189
54.03849,-1.4488
54.0485,-1.472
54.05849,-1.5207
54.06849,-1.6623
54.07849,-1.6667
54.08849,-1.6655
54.09849,-1.711
54.10849,-1.7142
54.11849,-1.855
54.12849,-2.0022
54.13848,-1.9862
54.14848,-2.0384
54.15852,-2.05
54.16856,-1.9895
54.17862,-1.9513
54.18867,-1.9327
54.19872,-1.9054
54.20877,-1.8439
54.21881,-1.6944
54.22887,-1.4896
54.23892,-1.3434
54.24897,-1.5139
54.25902,-1.4836
54.26907,-1.302
54.27912,-1.373
54.2892,-1.3704
54.29925,-1.4771
54.30931,-1.8262
54.31937,-2.0669
54.32942,-2.0869
54.33948,-1.9942
54.34954,-1.9476
54.35959,-1.9214
54.36965,-1.8549
54.3797,-1.7012
54.38976,-1.6305
54.39982,-1.5723
54.40985,-1.5154
54.41985,-1.4333
54.42984,-1.4099
54.43985,-1.2853
54.44984,-1.3217
54.45984,-1.1865
54.46984,-1.0919
54.47984,-0.973
54.48985,-0.936
54.49984,-0.94
54.50984,-0.9189
54.51984,-0.8783
54.52984,-0.908
54.53991,-0.9704
54.54998,-0.9958
54.56004,-0.6152
54.57011,-0.2562
54.58018,0.1374
54.59024,-0.0745
54.60031,-0.6946
54.61037,-1.3309
54.62044,-1.7428
54.63051,-1.8834
54.64058,-1.9274
54.65064,-1.8057
54.66065,-1.5382
54.67059,-1.1954
54.68053,-0.7752
54.69046,-0.3735
54.70041,-0.1104
54.71034,-0.1599
54.72028,0.0306
54.73022,-0.1403
54.74016,-0.1135
54.7501,-0.212
54.76004,-0.3426
54.76998,-0.5703
54.77992,-0.8078
54.78989,-0.9808
54.79987,-1.1011
54.80984,-1.2805
54.81982,-1.272
54.82979,-1.1199
54.83977,-0.8938
54.84974,-0.7575
54.85972,-0.1165
54.86969,-0.2702
54.87967,-0.4917
54.88964,-0.7018
54.89962,-1.0593
54.90959,-1.3613
54.91956,-1.587
54.92953,-1.6925
54.9395,-1.5636
54.94947,-1.358
54.95943,-0.9366
54.96941,-0.3736
54.97937,-0.3147
54.98935,-0.2373
54.99931,-0.1417
55.00928,0.6759
55.01925,0.3511
55.02922,0.3363
55.03922,0.2999
55.04922,0.1966
55.05922,-0.0221
55.06921,-0.2942
55.07921,-0.588
55.08921,-0.6959
55.0992,-0.5638
55.1092,-0.4452
55.11919,-0.4128
55.12919,-0.5303
55.13919,-0.6598
55.14919,-0.5413
55.15921,-0.6023
55.16927,-0.8355
55.17933,-1.0732
55.18938,-1.1104
55.19944,-1.1544
55.2095,-1.291
55.21956,-1.3998
55.22962,-1.4789
55.23968,-1.6121
55.24974,-1.5798
55.2598,-1.5321
55.26985,-1.1531
55.27991,-0.9788
55.28985,-0.8376
55.29979,-0.8309
55.30973,-0.7636
55.31966,-0.5969
55.3296,-0.514
55.33953,-0.7244
55.34947,-0.9046
55.35941,-0.9984
55.36934,-1.2899
55.37928,-1.5478
55.38922,-1.729
55.39915,-1.9292
55.40918,-2.054
55.41927,-2.2387
55.42935,-2.3907
55.43943,-2.2407
55.44952,-2.2056
55.4596,-2.4067
55.46969,-2.3934
55.47977,-2.2807
55.48986,-2.2471
55.49994,-2.1999
55.51003,-2.2925
55.52011,-2.4847
55.53019,-2.5814
55.54026,-2.5613
55.55033,-2.4771
55.5604,-2.29
55.57047,-2.0415
55.58054,-1.8732
55.59061,-1.7433
55.60067,-1.6269
55.61074,-1.6005
55.62081,-1.6209
55.63088,-1.6324
55.64095,-1.5951
55.65102,-1.5817
55.66103,-1.5547
55.67099,-1.5736
55.68095,-1.5862
55.69091,-1.5583
55.70086,-1.5558
55.71082,-1.5825
55.72078,-1.6469
55.73074,-1.6968
55.7407,-1.7696
55.75065,-1.8754
55.76061,-1.9427
55.77057,-2.0815
55.78053,-2.4807
55.79058,-2.6705
55.80062,-2.8243
55.81067,-2.9666
55.82072,-3.0775
55.83076,-3.1916
55.84081,-3.3141
55.85086,-3.4298
55.86091,-3.4745
55.87096,-3.5116
55.881,-3.5098
55.89105,-3.6067
55.9011,-3.6196
55.91109,-3.5122
55.92103,-3.4097
55.93097,-3.2664
55.94092,-3.2015
55.95086,-3.0995
55.9608,-2.9925
55.97075,-2.9129
55.98069,-2.8105
55.99063,-2.623
56.00057,-2.7225
56.01051,-2.6412
56.02046,-2.2822
56.0304,-2.1342
56.04045,-2.7545
56.0505,-2.3236
56.06054,-1.8702
56.07059,-1.8093
56.08063,-1.5561
56.09068,-1.7718
56.10072,-2.1196
56.11077,-2.8545
56.12082,-3.3929
56.13086,-3.5832
56.14091,-3.6349
56.15095,-3.6291
56.16096,-3.6626
56.17092,-3.669
56.18088,-3.5365
56.19084,-3.4145
56.2008,-3.2227
56.21076,-3.1005
56.22072,-3.0503
56.23068,-2.9985
56.24064,-2.9582
56.25061,-2.9085
56.26057,-2.835
56.27053,-2.732
56.28049,-2.6168
56.29053,-2.514
56.30056,-2.3785
56.3106,-2.1637
56.32064,-2.2054
56.33067,-1.7822
56.34071,-0.9609
56.35074,-1.2705
56.36078,-1.7362
56.37082,-1.6232
56.38085,-1.6063
56.39089,-1.6768
56.40092,-1.638
56.4109,-1.7371
56.42083,-1.9869
56.43075,-2.6308
56.44068,-2.89
56.4506,-3.0296
56.46053,-3.113
56.47045,-3.2002
56.48038,-3.2601
56.4903,-3.2616
56.50023,-3.2032
56.51015,-3.0751
56.52008,-2.967
56.53,-2.9243
56.54011,-2.922
56.55021,-2.9349
56.56031,-2.9329
56.57041,-2.8829
56.58051,-2.7201
56.59061,-2.5003
56.60071,-2.24
56.61081,-1.9496
56.62091,-1.6678
56.63101,-1.0831
56.64111,0.2096
56.65121,0.8473
56.66129,0.7715
56.67134,0.6698
56.68139,0.1666
56.69143,-0.7569
56.70148,-1.5429
56.71153,-2.0802
56.72158,-2.4077
56.73162,-2.5195
56.74167,-2.5388
56.75172,-2.5599
56.76177,-2.5275
56.77182,-2.518
56.78186,-2.4774
56.79176,-2.4793
56.80166,-2.496
56.81156,-2.4203
56.82146,-2.2674
56.83136,-2.129
56.84126,-2.0226
56.85116,-1.9627
56.86106,-1.9254
56.87096,-1.9018
56.88086,-1.881
56.89075,-1.8721
56.90065,-1.8744
56.91061,-1.8277
56.9206,-1.7363
56.9306,-1.6612
56.94059,-1.6247
56.95058,-1.5735
56.96058,-1.5488
56.97057,-1.5465
56.98057,-1.6318
56.99056,-1.8119
57.00056,-2.0949
57.01055,-2.314
57.02055,-2.4252
57.03054,-2.4445
57.04058,-2.4421
57.05061,-2.5261
57.06064,-2.5555
57.07067,-2.5745
57.08071,-2.6334
57.09074,-2.6951
57.10078,-2.7
57.11081,-2.6888
57.12084,-2.7123
57.13087,-2.6929
57.14091,-2.6618
57.15094,-2.6695
57.16096,-2.671
57.17096,-2.6091
57.18095,-2.5011
57.19095,-2.3434
57.20095,-2.0654
57.21094,-1.8781
57.22094,-1.5162
57.23094,-1.9875
57.24093,-1.9739
57.25093,-2.0435
57.26093,-2.0666
57.27092,-2.0378
57.28092,-2.2109
57.29091,-2.1688
57.3009,-1.9022
57.31089,-1.8739
57.32088,-1.9276
57.33086,-2.2764
57.34085,-2.7116
57.35084,-2.9951
57.36083,-3.153
57.37082,-3.2478
57.3808,-3.263
57.39079,-3.1684
57.40078,-3.0509
57.41081,-2.943
57.42088,-2.8853
57.43094,-2.8669
57.44101,-2.8395
57.45107,-2.8239
57.46114,-2.785
57.4712,-2.7416
57.48127,-2.6435
57.49133,-2.4818
57.5014,-2.3329
57.51146,-2.2078
57.52153,-2.037
57.53159,-1.8348
57.5416,-1.7256
57.55161,-1.6882
57.56161,-1.6373
57.57161,-1.6593
57.58162,-1.2662
57.59163,-0.527
57.60163,-0.1198
57.61163,-0.4168
57.62164,-0.4989
57.63164,-1.1211
57.64165,-1.9919
57.65165,-2.679
57.66166,-3.0846
57.67164,-3.3373
57.68163,-3.5047
57.69162,-3.4043
57.7016,-3.3331
57.71159,-3.2282
57.72158,-3.1596
57.73156,-3.083
57.74155,-3.0132
57.75154,-2.9336
57.76152,-2.7966
57.77151,-2.5745
57.7815,-2.2721
57.79155,-1.9372
57.80157,-1.5827
57.8116,-1.1844
57.82163,-0.6256
57.83167,-0.3681
57.84169,-0.2281
57.85172,-0.2782
57.86175,-0.6707
57.87178,-0.5465
57.88181,-0.409
57.89184,0.1832
57.90187,0.6186
57.91186,0.8289
57.92181,0.549
57.93175,0.1509
57.94169,-0.5776
57.95163,-1.4139
57.96157,-2.0715
57.97152,-2.6312
57.98146,-3.0788
57.9914,-3.3468
58.00134,-3.4187
58.01128,-3.3817
58.02123,-3.3166
58.03117,-3.2662
58.04121,-3.1911
58.05126,-3.1322
58.0613,-3.0698
58.07134,-2.9542
58.08139,-2.7515
58.09143,-2.3868
58.10147,-1.9877
58.11151,-1.5825
58.12156,-1.0783
58.1316,-0.4202
58.14164,-0.1435
58.15168,-0.0819
58.16169,-0.2874
58.17165,-0.0304
58.18161,0.1284
58.19157,0.499
58.20153,0.6887
58.21149,0.7582
58.22145,0.3335
58.23141,-0.7153
58.24136,-1.7015
58.25132,-2.4631
58.26128,-2.993
58.27124,-3.3571
58.2812,-3.492
58.29124,-3.5007
58.30127,-3.4294
58.31129,-3.325
58.32132,-3.1958
58.33135,-3.0723
58.34138,-2.9598
58.35141,-2.9004
58.36144,-2.8173
58.37147,-2.74
58.3815,-2.6165
58.39153,-2.5384
58.40155,-2.494
58.41156,-2.4216
58.42155,-2.4116
58.43154,-2.3719
58.44153,-2.2789
58.45152,-2.1541
58.4615,-2.0479
58.47149,-1.7062
58.48148,-1.1399
58.49146,-0.4279
58.50145,0.3472
58.51144,-0.3794
58.52142,-1.3111
58.53141,-0.514
58.5414,-0.5166
58.5514,-0.6807
58.56138,-0.9278
58.57137,-1.3318
58.58136,-1.7063
58.59135,-2.0973
58.60135,-2.4018
58.61133,-2.5367
58.62132,-2.6307
58.63131,-2.6672
58.6413,-2.6568
58.65129,-2.6195
58.66133,-2.5527
58.67142,-2.5041
58.6815,-2.4267
58.69159,-2.4331
58.70167,-2.3552
58.71175,-2.2383
58.72183,-2.0277
58.73191,-1.7691
58.742,-1.5042
58.75208,-1.2692
58.76217,-0.9506
58.77225,-0.4118
58.78233,-1.4362
58.79233,-1.7682
58.80233,-0.622
58.81234,-0.9507
58.82234,-0.9149
58.83234,-1.4299
58.84234,-1.3186
58.85234,-1.3063
58.86234,-1.3536
58.87234,-1.5769
58.88234,-1.9115
58.89235,-2.1615
58.90235,-2.3154
58.91233,-2.4646
58.92229,-2.6164
58.93225,-2.7625
58.94221,-2.8524
58.95217,-2.8271
58.96212,-2.7686
58.97208,-2.7326
58.98204,-2.7284
58.992,-2.6776
59.00196,-2.6052
59.01192,-2.4509
59.02187,-2.2654
59.03183,-2.0495
59.04185,-1.7049
59.05186,-1.2892
59.06187,-0.9166
59.07188,-0.5488
59.08189,-0.6029
59.0919,-0.5739
59.10191,-0.611
59.11193,-0.8652
59.12194,-1.0726
59.13195,-1.1948
59.14196,-1.2677
59.15197,-1.4984
59.16202,-1.8278
59.17209,-2.0572
59.18216,-2.2916
59.19223,-2.4084
59.2023,-2.4309
59.21237,-2.4521
59.22244,-2.5368
59.23251,-2.6317
59.24258,-2.6327
59.25266,-2.6639
59.26273,-2.6849
59.2728,-2.6101
59.28287,-2.5769
59.29287,-2.5608
59.30288,-2.486
59.31288,-2.3752
59.32288,-2.1248
59.33288,-1.6946
59.34288,-1.3373
59.35288,-1.0772
59.36288,-0.747
59.37288,-0.3725
59.38288,0.0423
59.39288,0.1073
59.40289,0.9032
59.41283,1.6317
59.42273,2.2904
59.43262,2.6316
59.44251,2.068
59.4524,0.7643
59.4623,-0.6076
59.47219,-1.6128
59.48208,-2.1496
59.49197,-2.3342
59.50186,-2.4291
59.51176,-2.5181
59.52165,-2.6092
59.53154,-2.6622
59.54158,-2.6286
59.55162,-2.612
59.56166,-2.6172
59.5717,-2.5382
59.58174,-2.5042
59.59178,-2.4504
59.60182,-2.4327
59.61186,-2.3647
59.6219,-2.2481
59.63194,-2.0554
59.64198,-1.7902
59.65202,-1.4149
59.66207,-1.0394
59.67212,-0.9042
59.68216,-0.6723
59.69221,-0.338
59.70226,0.5265
59.7123,1.2345
59.72235,2.6407
59.7324,3.4735
59.74244,3.6834
59.75249,2.7061
59.76253,1.2591
59.77258,-0.0521
59.78262,-1.1498
59.79262,-1.838
59.80262,-2.1055
59.81261,-2.2957
59.82261,-2.4075
59.8326,-2.377
59.84259,-2.3155
59.85259,-2.2474
59.86258,-2.1767
59.87258,-2.1304
59.88257,-2.0753
59.89257,-2.0189
59.90256,-1.9518
59.91257,-1.8729
59.92259,-1.8185
59.93261,-1.7641
59.94263,-1.7744
59.95265,-1.7977
59.96267,-1.8338
59.97269,-1.8193
59.98272,-1.7786
59.99273,-1.7908
60.00275,-1.779
60.01278,-1.7286
60.02279,-1.6737
60.03281,-1.6246
60.04279,-1.5747
60.05276,-1.5492
60.06274,-1.6181
60.07271,-1.7433
60.08269,-1.847
60.09267,-1.9487
60.10264,-2.0204
60.11262,-2.0737
60.12259,-2.1012
60.13257,-2.129
60.14254,-2.0954
60.15252,-2.1459
60.16252,-2.1828
60.17254,-2.249
60.18256,-2.2673
60.19258,-2.201
60.2026,-2.1444
60.21262,-2.1167
60.22264,-2.0713
60.23266,-2.0432
60.24268,-2.0119
60.2527,-1.9177
60.26273,-1.8226
60.27274,-1.7583
60.28276,-1.6361
60.29278,-1.3887
60.30279,-1.3157
60.3128,-1.1638
60.32281,-0.5327
60.33282,-0.3988
60.34283,-0.2883
60.35284,-0.4641
60.36285,-0.8558
60.37286,-0.9232
60.38287,-0.8815
60.39287,-0.9666
60.40288,-1.2952
60.41288,-1.6275
60.42287,-1.8783
60.43287,-2.0293
60.44286,-2.053
60.45285,-1.9869
60.46284,-1.9274
60.47284,-1.8508
60.48283,-1.7813
60.49282,-1.7423
60.50281,-1.7545
60.5128,-1.8109
60.5228,-1.8055
60.53279,-1.7375
60.54278,-1.5496
60.55276,-1.2696
60.56276,-0.9574
60.57275,-0.5133
60.58273,-0.281
60.59272,-0.1082
60.60271,0.0247
60.61271,0.1892
60.62269,0.9162
60.63268,0.6366
60.64267,1.4243
60.65266,2.4137
60.66267,2.0623
60.67268,1.825
60.6827,1.1584
60.69271,0.2664
60.70272,-0.8487
60.71274,-1.7208
60.72275,-2.2142
60.73277,-2.3722
60.74278,-2.44
60.7528,-2.4284
60.76281,-2.3979
60.77282,-2.3393
60.78284,-2.2175
60.79291,-2.0232
60.80297,-1.91
60.81303,-1.9071
60.82309,-1.8776
60.83315,-1.9248
60.8432,-1.9087
60.85326,-1.8814
60.86332,-1.7795
60.87338,-1.5796
60.88344,-1.3584
60.8935,-1.312
60.90356,-1.1045
60.91358,-1.0737
60.92355,-0.7731
60.93352,-0.4986
60.94349,-0.2006
60.95346,-0.2938
60.96344,-1.6723
60.97341,-1.5952
60.98338,-1.78
60.99335,-1.9069
61.00333,-1.9404
61.0133,-1.7925
61.02327,-1.6618
61.03324,-1.6289
61.04327,-1.6178
61.05329,-1.5561
61.06331,-1.4547
61.07334,-1.3624
61.08336,-1.3481
61.09338,-1.4156
61.10341,-1.2254
61.11343,-1.368
61.12346,-1.4585
61.13348,-1.4654
61.1435,-1.4588
61.15352,-1.4941
61.16354,-1.5212
61.17353,-1.6333
61.18353,-1.6925
61.19352,-1.6722
61.20351,-1.4577
61.21351,-1.21
61.2235,-0.9986
61.23349,-0.9867
61.24349,-1.1155
61.25348,-1.3879
61.26347,-1.7664
61.27347,-2.1353
61.28346,-2.0726
61.29346,-1.7695
61.30346,-1.4863
61.31346,-1.2475
61.32346,-0.9997
61.33345,-0.7847
61.34345,-0.6412
61.35345,-0.6154
61.36345,-0.6414
61.37345,-0.709
61.38345,-0.776
61.39345,-0.844
61.40345,-0.9427
61.41345,-1.0528
61.42345,-1.1791
61.43345,-1.3155
61.44345,-1.4413
61.45345,-1.5823
61.46345,-1.7007
61.47345,-1.7983
61.48344,-1.8678
61.49344,-1.9146
61.50344,-1.9088
61.51344,-1.8725
61.52344,-1.8721
61.53344,-1.8764
61.54341,-1.8983
61.55338,-1.9267
61.56335,-1.9096
61.57332,-1.8711
61.58329,-1.8409
61.59326,-1.8677
61.60323,-1.9233
61.6132,-2.0308
61.62317,-2.1595
61.63314,-2.1648
61.64311,-2.0557
61.65308,-1.805
61.66307,-1.6382
61.6731,-1.4206
61.68313,-1.2497
61.69315,-1.1683
61.70318,-1.1327
61.71321,-1.0849
61.72324,-1.1072
61.73326,-1.3164
61.74329,-1.562
61.75331,-1.73
61.76334,-2.0539
61.77337,-2.1404
61.7834,-2.286
61.7934,-2.3853
61.80341,-2.3939
61.81341,-2.4724
61.82342,-2.6028
61.83342,-2.7522
61.84342,-2.7779
61.85343,-2.7097
61.86343,-2.6022
61.87344,-2.3789
61.88344,-2.0947
61.89344,-1.8394
61.90345,-1.7225
61.91345,-1.6279
61.92345,-1.6234
61.93344,-1.4045
61.94344,-1.2293
61.95344,-1.1414
61.96343,-0.9239
61.97343,-0.8737
61.98343,-1.1179
61.99342,-1.0538
62.00342,-1.0661
62.01342,-1.0596
62.02341,-1.1331
62.03341,-1.1459
62.04348,-1.0672
62.05355,-0.7236
62.06362,-0.3467
62.07368,-0.0013
62.08375,0.339
62.09382,0.361
62.10389,0.0774
62.11395,-0.2064
62.12402,-0.4005
62.13409,-0.4909
62.14415,-0.4762
62.15422,-0.4121
62.16425,-0.4236
62.17425,-0.5051
62.18425,-0.5622
62.19425,-0.5927
62.20425,-0.6292
62.21425,-0.6239
62.22425,-0.6223
62.23425,-0.5782
62.24425,-0.5608
62.25425,-0.5529
62.26425,-0.5537
62.27425,-0.5448
62.28424,-0.5994
62.29432,-0.7264
62.30439,-0.8825
62.31446,-1.0152
62.32453,-1.0756
62.3346,-1.1041
62.34467,-1.0927
62.35474,-1.0983
62.36481,-1.1206
62.37488,-1.1069
62.38495,-1.112
62.39502,-1.1253
62.40509,-1.1181
62.4151,-1.1022
62.42504,-1.0823
62.43497,-1.0387
62.44491,-0.9925
62.45485,-0.9243
62.46478,-0.782
62.47472,-0.6233
62.48466,-0.4867
62.49459,-0.3824
62.50453,-0.3552
62.51447,-0.3627
62.52441,-0.4064
62.53434,-0.5075
62.5444,-0.6654
62.55446,-0.9007
62.56451,-1.1108
62.57457,-1.2382
62.58463,-1.3119
62.59468,-1.3327
62.60474,-1.3056
62.6148,-1.2147
62.62485,-1.032
62.63491,-0.8432
62.64496,-0.7318
62.65502,-0.6439
62.66499,-0.6469
62.67488,-0.6334
62.68478,-0.6092
62.69468,-0.5319
62.70457,-0.4033
62.71447,-0.3343
62.72436,-0.2757
62.73426,-0.2365
62.74415,-0.1993
62.75404,-0.09
62.76394,0.0868
62.77383,0.3461
62.78373,-0.8295
62.79376,-0.4642
62.80378,-0.7015
62.8138,-0.3073
62.82383,0.0294
62.83385,-0.0405
62.84387,-0.338
62.85389,-0.61
62.86392,-0.8092
62.87394,-0.9152
62.88396,-0.9537
62.89399,-1.0199
62.90401,-1.0465
62.91402,-1.0013
62.924,-0.9572
62.93398,-0.8966
62.94397,-0.8224
62.95395,-0.7907
62.96394,-0.6824
62.97392,-0.5284
62.98391,-0.4432
62.99389,-0.2677
63.00388,-0.1979
63.01386,-0.2243
63.02385,-0.2678
63.03383,-0.2517
63.04391,-0.1656
63.05399,-0.0567
63.06408,-0.0791
63.07416,0.161
63.08424,0.3559
63.09432,0.836
63.1044,0.4047
63.11448,0.4243
63.12457,0.1295
63.13465,-0.1136
63.14473,-0.4713
63.15481,-0.7646
63.16486,-0.9072
63.17487,-0.9111
63.18488,-0.7798
63.19489,-0.5337
63.2049,-0.2425
63.21491,0.0828
63.22492,0.0322
63.23493,-0.0894
63.24494,-0.1045
63.25495,-0.1416
63.26495,-0.0505
63.27496,-0.1319
63.28497,-0.3016
63.29501,-0.4475
63.30505,-0.6426
63.31509,-0.9398
63.32513,-1.2652
63.33517,-1.5202
63.34521,-1.7074
63.35525,-1.753
63.36529,-1.7134
63.37533,-1.6284
63.38537,-1.5745
63.39541,-1.5182
63.40545,-1.3816
63.41545,-1.1979
63.4254,-1.0895
63.43536,-0.959
63.44531,-0.7767
63.45526,-0.6379
63.46521,-0.6116
63.47517,-0.6108
63.48512,-0.6287
63.49508,-0.6201
63.50503,-0.6954
63.51498,-0.7699
63.52493,-0.829
63.53489,-0.8474
63.54488,-0.874
63.55487,-0.9315
63.56487,-0.984
63.57486,-1.0233
63.58485,-0.9237
63.59484,-0.7634
63.60484,-0.6378
63.61483,-0.452
63.62482,-0.2416
63.63481,-0.0802
63.6448,-0.1537
63.65479,-0.4098
63.66479,-0.695
63.67479,-0.9745
63.68479,-1.1879
63.69479,-1.3484
63.70479,-1.4556
63.71479,-1.5407
63.72479,-1.584
63.73479,-1.5985
63.74479,-1.6039
63.7548,-1.5897
63.76479,-1.5688
63.7748,-1.5408
63.78479,-1.637
63.7948,-1.6424
63.80479,-1.7061
63.81479,-1.6783
63.82478,-1.6424
63.83478,-1.6826
63.84477,-1.7092
63.85477,-1.7266
63.86476,-1.7702
63.87476,-1.713
63.88475,-1.5374
63.89475,-1.4083
63.90474,-1.5294
63.91475,-1.8693
63.92475,-1.4831
63.93475,-0.965
63.94475,-0.9374
63.95475,-1.2102
63.96476,-1.595
63.97476,-1.9639
63.98476,-2.2175
63.99477,-2.3271
64.00477,-2.3957
64.01477,-2.5532
64.02477,-2.6498
64.03477,-2.686
64.04473,-2.6657
64.0547,-2.6075
64.06465,-2.5173
64.07461,-2.406
64.08456,-2.345
64.09453,-2.2261
64.10448,-2.1637
64.11444,-2.2371
64.1244,-2.2445
64.13436,-2.2043
64.14432,-2.1587
64.15427,-2.1252
64.16426,-1.9846
64.17427,-1.8333
64.18427,-1.7099
64.19427,-1.6066
64.20428,-1.4696
64.21429,-1.3887
64.2243,-0.9025
64.2343,-0.3687
64.2443,-0.8519
64.25431,-1.141
64.26431,-1.4195
64.27432,-1.7787
64.28432,-2.2026
64.2944,-2.475
64.30447,-2.6151
64.31454,-2.678
64.32462,-2.7429
64.33469,-2.7787
64.34476,-2.6888
64.35483,-2.6598
64.3649,-2.6731
64.37498,-2.6566
64.38505,-2.6701
64.39512,-2.6924
64.40519,-2.6996
64.41523,-2.7203
64.42524,-2.7818
64.43525,-2.7371
64.44525,-2.72
64.45526,-2.6919
64.46527,-2.5596
64.47527,-2.3342
64.48528,-2.0129
64.49529,-1.8783
64.50529,-1.6362
64.5153,-1.7264
64.52531,-1.1654
64.53532,-0.6306
64.54534,-0.3574
64.55537,-0.835
64.56538,-1.5722
64.57541,-2.3477
64.58543,-2.8431
64.59545,-3.0952
64.60548,-3.2585
64.61549,-3.3485
64.62552,-3.341
64.63554,-3.3002
64.64556,-3.14
64.65558,-3.0155
64.6656,-2.9477
64.6756,-2.8365
64.6856,-2.764
64.6956,-2.7225
64.7056,-2.736
64.71561,-2.7561
64.72561,-2.7239
64.73561,-2.6728
64.74561,-2.591
64.75562,-2.4792
64.76562,-2.4012
64.77562,-2.2734
64.78562,-2.0634
64.79562,-1.9336
64.8056,-1.7062
64.81559,-1.307
64.82558,-0.4556
64.83556,0.1938
64.84554,0.1646
64.85553,-0.709
64.86552,-1.1034
64.8755,-1.3854
64.88549,-1.8734
64.89548,-2.3262
64.90546,-2.6603
64.91546,-2.8424
64.92545,-2.9287
64.93545,-2.8611
64.94544,-2.7671
64.95544,-2.6799
64.96543,-2.6129
64.97543,-2.5205
64.98543,-2.4323
64.99542,-2.3888
65.00542,-2.355
65.01541,-2.2307
65.02541,-2.165
65.0354,-2.1078
65.0454,-2.099
65.0554,-2.0686
65.06541,-2.0207
65.07541,-1.9774
65.08541,-1.9468
65.09542,-1.9166
65.10542,-1.8963
65.11543,-1.8743
65.12543,-1.8552
65.13543,-1.8497
65.14543,-1.8232
65.15543,-1.7954
65.16542,-1.7996
65.17538,-1.8153
65.18534,-1.8339
65.1953,-1.8507
65.20527,-1.8906
65.21523,-1.9064
65.22519,-1.936
65.23515,-1.9655
65.24511,-1.9736
65.25507,-2.0001
65.26504,-2.0643
65.27499,-2.1138
65.28496,-2.1379
65.29498,-2.1259
65.30502,-2.1097
65.31504,-2.1395
65.32507,-2.1845
65.3351,-2.1997
65.34512,-2.2071
65.35515,-2.2255
65.36518,-2.2683
65.37521,-2.2726
65.38523,-2.341
65.39526,-2.2624
65.40529,-1.987
65.41537,-1.7556
65.42547,-1.6824
65.43557,-1.3567
65.44567,-1.5525
65.45577,-1.9046
65.46588,-2.2296
65.47598,-2.5469
65.48608,-2.7658
65.49619,-2.8986
65.50629,-2.9843
65.5164,-3.0275
65.5265,-3.0454
65.5366,-2.9503
65.54654,-2.7944
65.55648,-2.6601
65.56642,-2.6187
65.57635,-2.5819
65.5863,-2.5438
65.59624,-2.5376
65.60617,-2.5256
65.61611,-2.4702
65.62605,-2.3583
65.63599,-2.2537
65.64593,-2.1371
65.65587,-1.997
65.66584,-1.8509
65.67583,-1.79
65.68583,-1.8055
65.69582,-1.806
65.70581,-1.787
65.71581,-1.7126
65.7258,-1.6847
65.73579,-1.4332
65.74579,-1.3647
65.75578,-1.3846
65.76578,-1.6366
65.77577,-2.1356
65.78577,-2.574
65.7958,-2.9106
65.80583,-3.1344
65.81586,-3.206
65.82589,-3.2082
65.83592,-3.1647
65.84595,-3.0632
65.85598,-2.9451
65.86601,-2.87
65.87605,-2.7476
65.88607,-2.6586
65.8961,-2.5989
65.90614,-2.5615
65.91615,-2.5388
65.92616,-2.4488
65.93615,-2.3251
65.94615,-2.2006
65.95615,-2.0372
65.96615,-1.8688
65.97615,-1.6962
65.98615,-1.6614
65.99615,-1.6126
66.00615,-1.6982
66.01615,-1.5332
66.02615,-0.7897
66.03615,-0.0547
66.04614,0.0908
66.05614,-0.0679
66.06614,-0.7018
66.07614,-1.4416
66.08614,-2.103
66.09614,-2.6049
66.10613,-2.7478
66.11613,-2.7896
66.12613,-2.7988
66.13613,-2.7782
66.14613,-2.6826
66.15613,-2.5822
66.16612,-2.5167
66.17612,-2.4216
66.18611,-2.2989
66.1961,-2.1983
66.20609,-2.1793
66.21609,-2.1149
66.22607,-2.1042
66.23607,-2.0371
66.24606,-1.8897
66.25605,-1.6924
66.26604,-1.5269
66.27603,-1.4973
66.28603,-1.4491
66.29604,-1.5311
66.30603,-1.3117
66.31603,-0.5274
66.32603,-0.1
66.33602,-1.6118
66.34602,-1.9183
66.35602,-2.0128
66.36602,-1.9948
66.37601,-2.0295
66.38602,-2.0846
66.39601,-2.1527
66.40601,-2.0948
66.41602,-2.0177
66.42602,-1.9584
66.43603,-1.9027
66.44603,-1.8964
66.45604,-1.9192
66.46604,-1.9505
66.47605,-2.0088
66.48605,-2.0676
66.49606,-2.1214
66.50607,-2.1521
66.51607,-2.1827
66.52608,-2.1923
66.53608,-2.2141
66.54623,-2.242
66.55637,-2.2154
66.56651,-2.2025
66.57666,-2.2803
66.58681,-2.3901
66.59695,-2.4973
66.60709,-2.6117
66.61724,-2.6042
66.62739,-2.6182
66.63754,-2.6725
66.64767,-2.6687
66.65782,-2.6291
66.66788,-2.5817
66.67783,-2.5516
66.68777,-2.5614
66.69771,-2.5508
66.70765,-2.5313
66.71759,-2.532
66.72753,-2.5734
66.73747,-2.6401
66.74742,-2.6845
66.75736,-2.6638
66.7673,-2.5952
66.77724,-2.5485
66.78719,-2.5442
66.79717,-2.5569
66.80716,-2.6012
66.81715,-2.6167
66.82713,-2.5885
66.83712,-2.545
66.84711,-2.4982
66.85709,-2.4418
66.86707,-2.3717
66.87706,-2.2727
66.88705,-2.0969
66.89703,-1.9405
66.90702,-1.9275
66.91701,-1.9211
66.92699,-1.7827
66.93698,-1.7607
66.94697,-1.3903
66.95695,-1.3076
66.96694,-1.6772
66.97693,-1.5787
66.98692,-1.5025
66.9969,-1.4495
67.00689,-1.6509
67.01688,-2.1496
67.02686,-2.5514
67.03685,-2.7881
67.04682,-2.9893
67.05679,-3.0989
67.06676,-3.1415
67.07672,-3.0515
67.08669,-2.9059
67.09666,-2.7446
67.10662,-2.6272
67.11658,-2.5189
67.12656,-2.4793
67.13652,-2.4963
67.14648,-2.5038
67.15646,-2.445
67.16646,-2.3613
67.17648,-2.2213
67.18651,-2.0589
67.19653,-1.929
67.20655,-1.7764
67.21658,-1.6899
67.2266,-1.6059
67.23662,-1.4028
67.24664,-1.4608
67.25667,-0.8481
67.26669,-0.3665
67.27671,0.3287
67.28674,-0.9577
67.29674,-1.302
67.30674,-1.2613
67.31673,-1.349
67.32673,-1.8523
67.33672,-2.3433
67.34673,-2.5915
67.35672,-2.9063
67.36671,-3.1231
67.37671,-3.2656
67.3867,-3.3097
67.39671,-3.2491
67.4067,-3.2454
67.41669,-3.161
67.42669,-3.0771
67.43668,-3.0172
67.44669,-2.9685
67.45668,-2.9205
67.46667,-2.8811
67.47667,-2.7861
67.48667,-2.6747
67.49667,-2.5526
67.50666,-2.334
67.51665,-2.0701
67.52666,-2.0384
67.53665,-1.8396
67.54674,-1.8674
67.55682,-1.9405
67.56689,-1.8553
67.57697,-1.7854
67.58705,-1.1701
67.59713,-1.1887
67.60721,-1.4498
67.61729,-1.7181
67.62737,-2.0108
67.63744,-2.4306
67.64752,-2.9148
67.6576,-3.302
67.66763,-3.4719
67.67763,-3.6511
67.68761,-3.6798
67.6976,-3.5334
67.7076,-3.5208
67.71758,-3.466
67.72758,-3.463
67.73756,-3.4099
67.74755,-3.3978
67.75755,-3.3863
67.76753,-3.3391
67.77753,-3.2362
67.78751,-3.0582
67.79751,-2.8342
67.8075,-2.5853
67.81749,-2.51
67.82748,-2.5241
67.83747,-2.5425
67.84747,-2.5315
67.85745,-2.457
67.86745,-2.172
67.87744,-2.1305
67.88743,-2.0395
67.89742,-1.845
67.90741,-1.6815
67.91742,-1.7776
67.92744,-1.993
67.93745,-2.5507
67.94746,-3.2416
67.95747,-3.5135
67.96748,-3.5253
67.97749,-3.4643
67.9875,-3.4067
67.99751,-3.4065
68.00752,-3.3625
68.01753,-3.3593
68.02754,-3.3151
68.03755,-3.2759
68.04754,-3.2042
68.05752,-3.1511
68.06749,-3.133
68.07747,-3.1082
68.08745,-3.0721
68.09743,-3.0277
68.10741,-2.9734
68.11739,-2.9219
68.12737,-2.9062
68.13734,-2.8939
68.14732,-2.9362
68.1573,-2.9919
68.1673,-3.0451
68.17732,-3.0908
68.18733,-3.1332
68.19734,-3.1543
68.20735,-3.1612
68.21737,-3.1755
68.22738,-3.1887
68.23739,-3.2438
68.24741,-3.2885
68.25742,-3.3129
68.26743,-3.348
68.27744,-3.3813
68.28745,-3.3805
68.29745,-3.4115
68.30746,-3.4128
68.31746,-3.3105
68.32746,-3.2402
68.33746,-3.2336
68.34747,-3.2331
68.35746,-3.2483
68.36746,-3.2298
68.37746,-3.2045
68.38747,-3.142
68.39747,-3.0584
68.40747,-2.9405
68.41747,-2.815
68.42745,-2.711
68.43744,-2.5709
68.44742,-2.1877
68.45741,-2.2029
68.46738,-2.1215
68.47737,-1.949
68.48736,-1.6343
68.49734,-1.4986
68.50732,-1.0922
68.51731,-0.699
68.52729,-0.6829
68.53728,-0.9584
68.54732,-0.9603
68.55735,-1.1458
68.56738,-1.6111
68.57741,-2.1327
68.58744,-2.5702
68.59747,-2.9279
68.6075,-3.2425
68.61753,-3.4333
68.62756,-3.5156
68.63759,-3.4927
68.64762,-3.4092
68.65765,-3.3486
68.66771,-3.2776
68.67777,-3.2475
68.68784,-3.1684
68.69791,-3.1249
68.70797,-3.1033
68.71803,-3.0842
68.7281,-3.1412
68.73817,-3.137
68.74824,-3.0618
68.7583,-2.9573
68.76836,-2.8489
68.77843,-2.7895
68.7885,-2.6472
68.79845,-2.3028
68.8084,-1.7817
68.81834,-0.7096
68.82829,0.6677
68.83824,0.6676
68.84819,0.4856
68.85814,0.1851
68.86809,0.2125
68.87804,0.236
68.88799,0.2008
68.89793,-0.1982
68.90788,-1.1211
68.91788,-1.9092
68.92791,-2.4509
68.93794,-2.872
68.94797,-3.2053
68.95799,-3.4277
68.96803,-3.6367
68.97805,-3.6988
68.98808,-3.6018
68.99811,-3.5091
69.00814,-3.4454
69.01817,-3.425
69.0282,-3.4132
69.03822,-3.3832
69.04819,-3.304
69.05814,-3.0286
69.06811,-2.6504
69.07806,-2.1815
69.08803,-1.6659
69.09798,-1.2124
69.10795,-0.8502
69.1179,-0.4883
69.12787,-0.1347
69.13783,-0.3419
69.14779,-0.0374
69.15775,-0.1335
69.16773,0.7493
69.17774,-0.1779
69.18775,-0.0248
69.19775,0.15
69.20776,0.1666
69.21777,-0.1359
69.22778,-0.8192
69.23779,-1.4494
69.2478,-1.9796
69.2578,-2.5156
69.26781,-2.9699
69.27782,-3.2681
69.28783,-3.3784
69.29783,-3.4794
69.30783,-3.5039
69.31783,-3.5873
69.32784,-3.6051
69.33784,-3.5842
69.34783,-3.5499
69.35783,-3.4912
69.36784,-3.4082
69.37784,-3.1552
69.38784,-2.9199
69.39784,-2.6318
69.40784,-2.0915
69.41784,-1.2721
69.42784,-0.4322
69.43784,-0.2098
69.44785,0.2006
69.45785,1.1725
69.46784,1.2492
69.47784,1.8951
69.48785,2.7806
69.49785,3.4502
69.50785,3.393
69.51785,3.0101
69.52785,2.5035
69.53785,1.6359
69.54783,0.3366
69.55779,-0.8891
69.56776,-1.745
69.57773,-2.4194
69.58769,-3.0018
69.59766,-3.4516
69.60763,-3.7323
69.6176,-3.8497
69.62756,-3.8336
69.63754,-3.8005
69.6475,-3.7133
69.65747,-3.6127
69.66747,-3.5642
69.67751,-3.4677
69.68755,-3.4118
69.69758,-3.2963
69.70762,-3.12
69.71765,-2.923
69.72769,-2.4725
69.73772,-1.6818
69.74776,-0.7721
69.7578,-0.5155
69.76784,-0.1377
69.77787,0.5656
69.78791,1.1565
69.79799,1.6879
69.80807,2.9384
69.81815,3.8211
69.82823,2.9193
69.83832,2.9273
69.8484,2.5983
69.85847,1.9365
69.86855,0.7972
69.87864,-0.4916
69.88872,-1.4252
69.8988,-2.0921
69.90887,-2.6464
69.91895,-3.1027
69.92902,-3.4615
69.93909,-3.6037
69.94915,-3.6686
69.95921,-3.6682
69.96928,-3.664
69.97934,-3.66
69.9894,-3.6192
69.99947,-3.5488
70.00954,-3.4898
70.0196,-3.4036
70.02966,-3.2631
70.03973,-3.0412
70.04966,-2.8313
70.05959,-2.6535
70.06953,-2.4004
70.07946,-1.9109
70.08939,-1.5122
70.09933,-1.4064
70.10927,-1.0339
70.1192,-0.3569
70.12914,0.0449
70.13907,0.5425
70.149,0.7483
70.15894,0.8762
70.1689,0.8415
70.17888,0.361
70.18886,-0.3987
70.19884,-1.3984
70.20881,-2.2219
70.21879,-2.8601
70.22877,-3.327
70.23875,-3.57
70.24873,-3.6954
70.25871,-3.5778
70.26868,-3.5318
70.27866,-3.3971
70.28864,-3.2639
70.29864,-3.1197
70.30865,-3.0116
70.31865,-2.9326
70.32866,-2.8766
70.33867,-2.8155
70.34867,-2.7695
70.35868,-2.6845
70.36868,-2.5993
70.37869,-2.5405
70.38869,-2.4519
70.3987,-2.3193
70.40871,-2.0193
70.41872,-1.4709
70.42871,-1.1289
70.43871,-1.648
70.44869,-1.8593
70.45869,-1.7813
70.46868,-1.5179
70.47868,-1.6779
70.48867,-2.0462
70.49866,-1.9865
70.50865,-2.0494
70.51865,-2.1852
70.52864,-2.3931
70.53864,-2.529
70.54864,-2.6199
70.55864,-2.7
70.56865,-2.8012
70.57865,-2.8597
70.58866,-2.8246
70.59866,-2.768
70.60867,-2.7224
70.61868,-2.7404
70.62868,-2.7947
70.63869,-2.7389
70.64869,-2.755
70.65869,-2.7494
70.66869,-2.8068
70.67864,-2.9017
70.68861,-2.9986
70.69856,-2.9444
70.70853,-2.9113
70.71848,-2.8666
70.72844,-2.8105
70.7384,-2.7641
70.74836,-2.7245
70.75832,-2.6958
70.76828,-2.6639
70.77824,-2.7116
70.7882,-2.7135
70.79824,-2.6788
70.80827,-2.6674
70.8183,-2.6688
70.82833,-2.6756
70.83836,-2.6769
70.84839,-2.6704
70.85841,-2.6664
70.86845,-2.6773
70.87848,-2.6842
70.8885,-2.6789
70.89854,-2.6769
70.90857,-2.6695
70.91863,-2.6543
70.92875,-2.6535
70.93887,-2.6453
70.94898,-2.6581
70.9591,-2.6708
70.96921,-2.6851
70.97932,-2.7174
70.98944,-2.7263
70.99956,-2.7477
71.00967,-2.7499
71.01978,-2.7585
71.0299,-2.7673
71.04002,-2.7786
71.04997,-2.7798
71.0599,-2.778
71.06983,-2.7662
71.07977,-2.7602
71.0897,-2.7559
71.09962,-2.754
71.10956,-2.7637
71.11949,-2.7614
71.12943,-2.7705
71.13936,-2.7724
71.14928,-2.7841
71.15922,-2.7925
71.16924,-2.806
71.17933,-2.8247
71.18942,-2.8379
71.19952,-2.8491
71.20961,-2.8596
71.2197,-2.8702
71.2298,-2.8712
71.2399,-2.8564
71.24999,-2.842
71.26009,-2.8261
71.27018,-2.8036
71.28027,-2.8064
71.29037,-2.8112
71.30025,-2.8274
71.31014,-2.827
71.32003,-2.8354
71.32992,-2.8304
71.33981,-2.8401
71.3497,-2.8569
71.35959,-2.8586
71.36948,-2.8466
71.37936,-2.833
71.38925,-2.8196
71.39914,-2.8209
71.40903,-2.814
71.41899,-2.8054
71.42902,-2.785
71.43905,-2.7654
71.44908,-2.7486
71.45911,-2.7513
71.46914,-2.7629
71.47916,-2.7702
71.4892,-2.7794
71.49923,-2.7723
71.50925,-2.7596
71.51929,-2.7406
71.52931,-2.7194
71.53934,-2.7176
71.54936,-2.7365
71.55936,-2.7485
71.56936,-2.7643
71.57936,-2.7632
71.58936,-2.7714
71.59937,-2.7453
71.60937,-2.7277
71.61936,-2.719
71.62936,-2.726
71.63937,-2.7397
71.64937,-2.7452
71.65937,-2.7591
71.66937,-2.7377
71.67936,-2.7412
71.68935,-2.7497
71.69934,-2.7238
71.70934,-2.6972
71.71933,-2.7089
71.72932,-2.5737
71.73931,-2.5315
71.74931,-2.5339
71.75929,-2.5151
71.76929,-2.4925
71.77927,-2.4729
71.78927,-2.4342
71.79928,-2.3846
71.80928,-2.3548
71.81928,-2.3426
71.82928,-2.3382
71.83929,-2.3344
71.84929,-2.3473
71.85929,-2.3345
71.86929,-2.3082
71.8793,-2.3039
71.8893,-2.2904
71.8993,-2.3045
71.9093,-2.3113
71.9193,-2.3164
71.9293,-2.304
71.9393,-2.2956
71.9493,-2.2876
71.9593,-2.289
71.96929,-2.3117
71.97929,-2.3314
71.98929,-2.338
71.99928,-2.3436
72.00928,-2.3008
72.01928,-2.2866
72.02928,-2.2746
72.03928,-2.2503
72.04932,-2.2566
72.05935,-2.255
72.06939,-2.202
72.07943,-1.9851
72.08946,-1.9307
72.0995,-1.9553
72.10954,-1.9203
72.11958,-1.9303
72.12961,-1.9544
72.13965,-1.9921
72.14969,-2.0131
72.15972,-2.0449
72.16975,-2.0583
72.17976,-2.047
72.18977,-2.0345
72.19979,-2.014
72.2098,-1.9964
72.21981,-1.9755
72.22983,-1.9832
72.23984,-1.9674
72.24985,-1.9873
72.25986,-1.9888
72.26987,-2.0141
72.27989,-2.0159
72.2899,-1.9944
72.29995,-1.9849
72.31,-2.0166
72.32004,-2.0322
72.33009,-2.0357
72.34013,-2.0238
72.35017,-2.0222
72.36021,-2.0206
72.37026,-2.0098
72.3803,-2.0265
72.39035,-2.0312
72.40039,-2.038
72.41044,-2.0316
72.42046,-2.0215
72.43044,-2.0233
72.44044,-2.0195
72.45042,-2.0133
72.46041,-2.0186
72.47041,-2.0232
72.48039,-2.0322
72.49038,-2.0436
72.50037,-2.0384
72.51036,-2.0375
72.52035,-2.0287
72.53034,-2.0221
72.54033,-2.0074
72.55027,-2.0197
72.56021,-2.0201
72.57015,-2.0335
72.58009,-2.0252
72.59003,-1.9876
72.59998,-2.0158
72.60992,-2.0471
72.61986,-2.0296
72.6298,-2.0176
72.63974,-2.0429
72.64968,-1.9905
72.65962,-1.9607
72.66965,-2.0178
72.67976,-2.0391
72.68986,-2.0551
72.69996,-2.0733
72.71007,-2.0703
72.72017,-2.0767
72.73027,-2.0834
72.74037,-2.0682
72.75048,-2.0631
72.76058,-2.0468
72.77068,-2.0464
72.78079,-2.0486
72.79089,-2.0653
72.80085,-2.0811
72.81081,-2.0727
72.82076,-2.0771
72.83072,-2.0531
72.84068,-2.0574
72.85063,-2.041
72.86059,-2.0234
72.87054,-2.0188
72.8805,-2.0304
72.89046,-2.036
72.90041,-2.0347
72.91037,-2.0418
72.92034,-2.0356
72.93032,-2.0416
72.94029,-2.044
72.95027,-2.0357
72.96024,-2.0216
72.97022,-2.0253
72.98019,-2.0136
72.99017,-2.0106
73.00015,-2.0039
73.01012,-2.0058
73.0201,-2.0094
73.03008,-2.0158
73.04005,-2.0266
73.05001,-2.0287
73.05997,-2.0426
73.06992,-2.0485
73.07986,-2.0147
73.08982,-1.9995
73.09977,-1.993
73.10972,-1.9883
73.11967,-1.9879
73.12962,-1.9986
73.13957,-2.013
73.14953,-1.9979
73.15948,-1.9899
73.16955,-1.9918
73.17973,-1.9865
73.18992,-1.9913
73.2001,-1.9945
73.2103,-1.9922
73.22048,-1.9919
73.23067,-1.9845
73.24085,-1.9861
73.25104,-1.9969
73.26122,-2.0093
73.27142,-2.0183
73.2816,-2.0178
73.29179,-2.0174
73.3017,-2.0019
73.31161,-1.9958
73.32153,-1.9807
73.33144,-1.977
73.34135,-1.9635
73.35127,-1.9723
73.36118,-1.983
73.3711,-1.9857
73.38101,-1.985
73.39093,-1.9898
73.40085,-1.9882
73.41076,-1.9903
73.42072,-1.9665
73.43072,-1.9424
73.44071,-1.9173
73.4507,-1.9102
73.46069,-1.9268
73.47069,-1.93
73.48068,-1.9314
73.49067,-1.9127
73.50066,-1.8914
73.51066,-1.8717
73.52065,-1.8548
73.53064,-1.8637
73.54063,-1.8725
73.55061,-1.8632
73.56059,-1.8574
73.57057,-1.8611
73.58054,-1.8798
73.59052,-1.8898
73.6005,-1.8649
73.61048,-1.8465
73.62046,-1.8401
73.63044,-1.8392
73.64041,-1.8444
73.65039,-1.8685
73.66037,-1.8683
73.67038,-1.8861
73.68038,-1.9068
73.69038,-1.9133
73.70039,-1.8878
73.7104,-1.8782
73.7204,-1.846
73.7304,-1.8324
73.7404,-1.8187
73.7504,-1.8218
73.76041,-1.8283
73.77041,-1.8525
73.78041,-1.8661
73.79041,-1.8591
73.80044,-1.8479
73.81046,-1.8523
73.82048,-1.8216
73.83051,-1.8396
73.84053,-1.8297
73.85055,-1.8261
73.86057,-1.8251
73.8706,-1.8387
73.88062,-1.846
73.89064,-1.8358
73.90067,-1.8214
73.91068,-1.8185
73.92069,-1.8108
73.93069,-1.829
73.94068,-1.8447
73.95068,-1.8344
73.96068,-1.8288
73.97067,-1.8102
73.98067,-1.8164
73.99067,-1.8229
74.00067,-1.8149
74.01067,-1.8244
74.02066,-1.8134
74.03066,-1.8115
74.04066,-1.8184
74.05062,-1.8281
74.06059,-1.8233
74.07054,-1.8276
74.08051,-1.8121
74.09046,-1.8053
74.10043,-1.8165
74.11038,-1.8233
74.12034,-1.8256
74.1303,-1.8076
74.14026,-1.8096
74.15022,-1.8067
74.16018,-1.8019
74.17018,-1.8046
74.18021,-1.8138
74.19023,-1.8174
74.20026,-1.8181
74.21028,-1.8025
74.22031,-1.7958
74.23033,-1.794
74.24035,-1.7991
74.25037,-1.8101
74.2604,-1.8039
74.27042,-1.8195
74.28045,-1.8252
74.29047,-1.8162
74.30052,-1.8034
74.31058,-1.8002
74.32063,-1.8002
74.33068,-1.7925
74.34074,-1.8035
74.35079,-1.8088
74.36085,-1.8121
74.3709,-1.8138
74.38096,-1.8087
74.39101,-1.8015
74.40106,-1.8086
74.41112,-1.8087
74.4212,-1.8051
74.43129,-1.7949
74.44138,-1.7966
74.45148,-1.8078
74.46157,-1.813
74.47166,-1.8153
74.48176,-1.8299
74.49185,-1.8158
74.50195,-1.8012
74.51204,-1.7935
74.52213,-1.7906
74.53223,-1.793
74.54232,-1.794
74.55226,-1.7995
74.56221,-1.8049
74.57216,-1.8135
74.5821,-1.8101
74.59205,-1.7947
74.60199,-1.7906
74.61194,-1.788
74.62189,-1.7892
74.63183,-1.7895
74.64178,-1.7956
74.65173,-1.7974
74.66167,-1.7886
74.67167,-1.7985
74.6817,-1.7925
74.69173,-1.808
74.70176,-1.8026
74.71178,-1.8054
74.72182,-1.8007
74.73185,-1.7928
74.74187,-1.7847
74.75191,-1.7858
74.76193,-1.7852
74.77197,-1.7901
74.78199,-1.7891
74.79202,-1.794
74.80195,-1.7907
74.81187,-1.7879
74.82178,-1.7913
74.8317,-1.7859
74.84161,-1.7837
74.85152,-1.7807
74.86144,-1.7726
74.87135,-1.767
74.88127,-1.7797
74.89118,-1.7893
74.9011,-1.7952
74.91101,-1.7944
74.92099,-1.7953
74.93102,-1.7919
74.94105,-1.7817
74.95107,-1.7819
74.96111,-1.7795
74.97113,-1.7628
74.98116,-1.7553
74.99119,-1.7544
75.00122,-1.7708
75.01125,-1.7793
75.02128,-1.802
75.0313,-1.8056
75.04134,-1.8011
75.05133,-1.7805
75.06133,-1.7643
75.07132,-1.7606
75.08131,-1.7489
75.09131,-1.7542
75.1013,-1.7621
75.1113,-1.785
75.12128,-1.7867
75.13128,-1.7874
75.14127,-1.791
75.15127,-1.7752
75.16126,-1.7642
75.1713,-1.7538
75.18137,-1.7575
75.19144,-1.7566
75.2015,-1.7653
75.21157,-1.7662
75.22163,-1.7783
75.2317,-1.7763
75.24177,-1.7754
75.25184,-1.7822
75.2619,-1.79
75.27197,-1.7908
75.28204,-1.7742
75.29211,-1.7655
75.30217,-1.7677
75.31223,-1.7809
75.32228,-1.7911
75.33234,-1.7919
75.3424,-1.7756
75.35246,-1.776
75.36252,-1.7757
75.37257,-1.7735
75.38263,-1.7617
75.39268,-1.7533
75.40275,-1.7462
75.4128,-1.7495
75.4228,-1.7515
75.43274,-1.7604
75.44268,-1.7745
75.45262,-1.7805
75.46256,-1.776
75.4725,-1.7645
75.48244,-1.7501
75.49239,-1.7558
75.50233,-1.7576
75.51227,-1.7656
75.52221,-1.7565
75.53215,-1.7697
75.54209,-1.7721
75.55215,-1.7711
75.56222,-1.7623
75.57228,-1.7578
75.58234,-1.7621
75.5924,-1.7609
75.60246,-1.7612
75.61252,-1.763
75.62257,-1.7568
75.63264,-1.7578
75.6427,-1.7548
75.65276,-1.7424
75.66282,-1.74
75.67281,-1.746
75.68275,-1.7419
75.69269,-1.7497
75.70262,-1.7555
75.71256,-1.7629
75.7225,-1.7509
75.73244,-1.7515
75.74237,-1.7508
75.75231,-1.7421
75.76225,-1.7465
75.77219,-1.7524
75.78212,-1.7407
75.79206,-1.7499
75.80206,-1.7556
75.81206,-1.7468
75.82205,-1.7505
75.83204,-1.7541
75.84203,-1.7526
75.85202,-1.7497
75.86201,-1.7478
75.87201,-1.7363
75.882,-1.7327
75.89199,-1.7389
75.90199,-1.7399
75.91197,-1.7371
75.922,-1.7405
75.93208,-1.738
75.94215,-1.7362
75.95221,-1.7355
75.96228,-1.7444
75.97235,-1.7563
75.98242,-1.7572
75.99249,-1.7461
76.00256,-1.7385
76.01263,-1.7233
76.0227,-1.7292
76.03276,-1.7354
76.04283,-1.7423
76.05283,-1.7513
76.06284,-1.7444
76.07284,-1.745
76.08284,-1.7408
76.09284,-1.7414
76.10285,-1.7345
76.11285,-1.744
76.12286,-1.7297
76.13286,-1.7317
76.14286,-1.7295
76.15286,-1.7326
76.16286,-1.7325
76.17284,-1.7324
76.18276,-1.7336
76.19269,-1.7278
76.20261,-1.7252
76.21254,-1.7311
76.22247,-1.738
76.2324,-1.743
76.24232,-1.7351
76.25225,-1.7379
76.26218,-1.7304
76.2721,-1.7247
76.28203,-1.7168
76.29195,-1.7159
76.30191,-1.7118
76.31187,-1.6875
76.32182,-1.7064
76.33179,-1.7102
76.34174,-1.7105
76.3517,-1.7421
76.36166,-1.723
76.37161,-1.6837
76.38157,-1.6914
76.39153,-1.6996
76.40148,-1.6885
76.41144,-1.6692
76.42142,-1.6794
76.43143,-1.6926
76.44144,-1.7146
76.45144,-1.7135
76.46145,-1.7019
76.47145,-1.6794
76.48145,-1.6575
76.49146,-1.6459
76.50146,-1.6495
76.51147,-1.6607
76.52147,-1.6707
76.53148,-1.6649
76.54148,-1.6566
76.55156,-1.6367
76.56164,-1.6676
76.57172,-1.6762
76.58179,-1.6794
76.59187,-1.6813
76.60195,-1.6539
76.61203,-1.6438
76.62211,-1.6361
76.63219,-1.6535
76.64227,-1.6558
76.65234,-1.649
76.66242,-1.6554
76.67249,-1.6471
76.68251,-1.6408
76.69253,-1.6574
76.70255,-1.6508
76.71256,-1.6637
76.72258,-1.6682
76.7326,-1.6643
76.74261,-1.6618
76.75262,-1.6627
76.76264,-1.6644
76.77266,-1.6593
76.78268,-1.6577
76.79269,-1.6412
76.80271,-1.6481
76.81271,-1.6501
76.82271,-1.6528
76.8327,-1.6665
76.8427,-1.6643
76.8527,-1.6611
76.86269,-1.6624
76.87269,-1.653
76.88268,-1.6559
76.89268,-1.6514
76.90268,-1.643
76.91267,-1.6456
76.92268,-1.6437
76.93269,-1.6573
76.94269,-1.6694
76.9527,-1.661
76.9627,-1.6721
76.97271,-1.6655
76.98271,-1.664
76.99272,-1.6635
77.00272,-1.6543
77.01273,-1.6474
77.02274,-1.6306
77.03275,-1.6427
77.04275,-1.6473
77.05275,-1.6441
77.06274,-1.6665
77.07275,-1.6594
77.08275,-1.6498
77.09275,-1.6466
77.10275,-1.626
77.11275,-1.6363
77.12275,-1.6617
77.13275,-1.6602
77.14275,-1.6363
77.15276,-1.634
77.16276,-1.6376
77.17275,-1.6277
77.18273,-1.6278
77.19272,-1.6475
77.20271,-1.64
77.21269,-1.6288
77.22268,-1.6268
77.23267,-1.644
77.24265,-1.6372
77.25264,-1.6384
77.26262,-1.6416
77.27261,-1.6308
77.28259,-1.6278
77.29258,-1.6305
77.30258,-1.6294
77.31258,-1.6243
77.32257,-1.6281
77.33257,-1.6322
77.34256,-1.6292
77.35255,-1.6425
77.36255,-1.6335
77.37254,-1.6203
77.38254,-1.6344
77.39253,-1.6278
77.40253,-1.6237
77.41252,-1.6318
77.42252,-1.6365
77.43253,-1.643
77.44253,-1.6405
77.45253,-1.6319
77.46253,-1.6288
77.47253,-1.631
77.48254,-1.6253
77.49253,-1.6171
77.50253,-1.616
77.51254,-1.6155
77.52254,-1.6204
77.53254,-1.6168
77.54254,-1.6246
77.55262,-1.6233
77.56267,-1.6252
77.57272,-1.6314
77.58277,-1.6255
77.59283,-1.6343
77.60288,-1.6111
77.61293,-1.6149
77.62299,-1.6053
77.63303,-1.6111
77.64309,-1.6103
77.65314,-1.6179
77.66319,-1.6308
77.67323,-1.6095
77.68324,-1.6045
77.69324,-1.5984
77.70325,-1.6
77.71326,-1.6003
77.72327,-1.6083
77.73328,-1.6131
77.74329,-1.6109
77.7533,-1.6092
77.76331,-1.6079
77.77332,-1.5888
77.78333,-1.583
77.79333,-1.5922
77.80334,-1.5831
77.81335,-1.5932
77.82336,-1.6008
77.83337,-1.6072
77.84338,-1.6136
77.85339,-1.6034
77.8634,-1.5839
77.87341,-1.5879
77.88342,-1.581
77.89343,-1.5919
77.90344,-1.5936
77.91345,-1.6067
77.92345,-1.6088
77.93344,-1.5945
77.94344,-1.592
77.95342,-1.5981
77.96341,-1.6003
77.9734,-1.6042
77.98339,-1.613
77.99338,-1.6051
78.00337,-1.6006
78.01336,-1.6146
78.02335,-1.6114
78.03334,-1.6158
78.04333,-1.6136
78.05333,-1.6115
78.06333,-1.6036
78.07333,-1.6059
78.08334,-1.6159
78.09334,-1.6026
78.10333,-1.5975
78.11333,-1.5967
78.12334,-1.6155
78.13334,-1.6073
78.14334,-1.603
78.15334,-1.6118
78.16335,-1.6144
78.17332,-1.5993
78.18329,-1.6058
78.19325,-1.6055
78.20322,-1.5923
78.21318,-1.5871
78.22314,-1.607
78.23311,-1.6194
78.24307,-1.6065
78.25304,-1.6022
78.263,-1.5977
78.27296,-1.5952
78.28293,-1.5825
78.29289,-1.5947
78.30289,-1.597
78.31288,-1.5951
78.32287,-1.5922
78.33286,-1.5897
78.34285,-1.577
78.35284,-1.5889
78.36283,-1.6052
78.37282,-1.6006
78.38281,-1.597
78.3928,-1.594
78.40279,-1.5937
78.41278,-1.5855
78.42278,-1.5842
78.43279,-1.5962
78.44279,-1.5942
78.45279,-1.5924
78.4628,-1.5873
78.4728,-1.5802
78.4828,-1.5752
78.49281,-1.5778
78.50282,-1.576
78.51282,-1.5825
78.52282,-1.5779
78.53283,-1.5722
78.54283,-1.5778
78.55285,-1.572
78.56286,-1.5716
78.57286,-1.5777
78.58286,-1.5875
78.59286,-1.5865
78.60287,-1.5945
78.61287,-1.6118
78.62288,-1.6235
78.63288,-1.645
78.64288,-1.6666
78.65289,-1.6905
78.66289,-1.6728
78.67293,-1.6121
78.683,-1.5868
78.69307,-1.5976
78.70315,-1.6095
78.71322,-1.6253
78.72329,-1.631
78.73337,-1.634
78.74344,-1.6414
78.75352,-1.6432
78.76359,-1.6647
78.77366,-1.6757
78.78374,-1.6751
78.79381,-1.6549
78.8039,-1.6391
78.81399,-1.6298
78.82407,-1.6318
78.83416,-1.6217
78.84425,-1.6297
78.85434,-1.6328
78.86443,-1.6448
78.87451,-1.6544
78.8846,-1.6579
78.89469,-1.6701
78.90478,-1.6613
78.91486,-1.6423
78.92486,-1.6285
78.93475,-1.6327
78.94465,-1.6115
78.95454,-1.6186
78.96443,-1.6312
78.97433,-1.6409
78.98422,-1.6348
78.99412,-1.6412
79.00401,-1.6357
79.01391,-1.6364
79.0238,-1.6308
79.0337,-1.6348
79.04359,-1.6357
79.0537,-1.6329
79.06381,-1.6319
79.07391,-1.6348
79.08402,-1.6299
79.09413,-1.6189
79.10423,-1.6222
79.11434,-1.6183
79.12444,-1.6193
79.13455,-1.6121
79.14466,-1.6341
79.15476,-1.6305
79.16487,-1.625
79.17488,-1.6276
79.18478,-1.6188
79.19469,-1.6173
79.20459,-1.6148
79.21449,-1.6219
79.2244,-1.615
79.2343,-1.616
79.24421,-1.6119
79.25411,-1.6136
79.26402,-1.6055
79.27392,-1.6145
79.28382,-1.6226
79.29372,-1.6262
79.30373,-1.6147
79.31374,-1.6243
79.32376,-1.6146
79.33377,-1.6033
79.34378,-1.6015
79.3538,-1.6128
79.36381,-1.6152
79.37382,-1.6173
79.38383,-1.6072
79.39384,-1.6051
79.40385,-1.6052
79.41387,-1.6061
79.4239,-1.6101
79.43388,-1.6075
79.44385,-1.6055
79.45383,-1.6064
79.46381,-1.6039
79.47379,-1.6078
79.48376,-1.6131
79.49374,-1.6188
79.50372,-1.617
79.51369,-1.6146
79.52367,-1.6068
79.53365,-1.5957
79.54362,-1.5939
79.55363,-1.593
79.56364,-1.5886
79.57364,-1.6012
79.58365,-1.6028
79.59366,-1.607
79.60366,-1.6095
79.61367,-1.6094
79.62368,-1.6128
79.63368,-1.6045
79.64369,-1.5995
79.6537,-1.5931
79.6637,-1.5868
79.6737,-1.5893
79.68367,-1.5989
79.69364,-1.605
79.70361,-1.6119
79.71358,-1.6173
79.72355,-1.6151
79.73352,-1.6082
79.74349,-1.6001
79.75346,-1.6081
79.76343,-1.5934
79.7734,-1.6053
79.78337,-1.5942
79.79334,-1.6006
79.80345,-1.5949
79.81355,-1.5853
79.82365,-1.5705
79.83376,-1.5683
79.84386,-1.5797
79.85396,-1.597
79.86407,-1.5994
79.87417,-1.5981
79.88427,-1.598
79.89437,-1.5933
79.90447,-1.5976
79.91457,-1.5894
79.92461,-1.5838
79.93459,-1.587
79.94457,-1.589
79.95456,-1.5941
79.96454,-1.5975
79.97452,-1.6051
79.9845,-1.5981
79.99448,-1.6058
80.00447,-1.592
80.01445,-1.5998
80.02443,-1.5941
80.03442,-1.6124
80.0444,-1.6261
80.05441,-1.6335
80.0644,-1.6268
80.0744,-1.6194
80.0844,-1.6068
80.09439,-1.6121
80.10439,-1.6177
80.11439,-1.6203
80.12438,-1.6131
80.13438,-1.6181
80.14438,-1.6242
80.15437,-1.6243
80.16438,-1.6297
80.17439,-1.6254
80.18441,-1.6244
80.19444,-1.6206
80.20445,-1.6191
80.21448,-1.6207
80.2245,-1.6185
80.23453,-1.6181
80.24454,-1.6282
80.25457,-1.6263
80.2646,-1.6283
80.27462,-1.6277
80.28464,-1.6259
80.29466,-1.6228
80.30467,-1.6191
80.31467,-1.626
80.32468,-1.6226
80.33469,-1.6153
80.3447,-1.6111
80.35471,-1.6172
80.36472,-1.6185
80.37473,-1.614
80.38474,-1.6088
80.39474,-1.6146
80.40475,-1.6253
80.41476,-1.6204
80.42476,-1.6099
80.43475,-1.6173
80.44474,-1.6077
80.45473,-1.6123
80.46472,-1.6134
80.47472,-1.6209
80.4847,-1.6144
80.4947,-1.6067
80.50468,-1.6093
80.51468,-1.6091
80.52467,-1.6109
80.53466,-1.6167
80.54465,-1.6186
80.55462,-1.6204
80.56459,-1.6168
80.57456,-1.6156
80.58453,-1.6108
80.59451,-1.616
80.60448,-1.6148
80.61444,-1.6143
80.62441,-1.6063
80.63438,-1.6026
80.64436,-1.5965
80.65433,-1.6128
80.6643,-1.6098
80.67428,-1.616
80.68428,-1.6209
80.69427,-1.6181
80.70428,-1.6144
80.71427,-1.6146
80.72427,-1.6044
80.73427,-1.5972
80.74427,-1.5992
80.75426,-1.5921
80.76427,-1.6078
80.77426,-1.6165
80.78426,-1.608
80.79426,-1.6045
80.80428,-1.6046
80.81431,-1.6052
80.82433,-1.614
80.83435,-1.6053
80.84437,-1.6005
80.85439,-1.5969
80.86442,-1.5944
80.87444,-1.6007
80.88446,-1.5993
80.89448,-1.6129
80.9045,-1.6162
80.91452,-1.6068
80.92458,-1.598
80.93466,-1.595
80.94474,-1.5874
80.95483,-1.5971
80.9649,-1.6077
80.97498,-1.6145
80.98507,-1.6182
80.99515,-1.6106
81.00523,-1.6103
81.01531,-1.5995
81.02539,-1.6053
81.03548,-1.6037
81.04556,-1.6063
81.05555,-1.6045
81.06554,-1.6043
81.07553,-1.6081
81.08552,-1.6009
81.09551,-1.6036
81.1055,-1.6136
81.11549,-1.601
81.12548,-1.607
81.13548,-1.6222
81.14546,-1.6102
81.15546,-1.6112
81.16544,-1.6021
81.17544,-1.6036
81.18543,-1.6046
81.19543,-1.6075
81.20543,-1.6072
81.21542,-1.5996
81.22542,-1.6007
81.23542,-1.6004
81.24541,-1.6032
81.25542,-1.6035
81.26541,-1.6068
81.27541,-1.6021
81.28541,-1.6059
81.2954,-1.6035
81.30541,-1.5878
81.31541,-1.5839
81.32542,-1.5833
81.33542,-1.5965
81.34542,-1.6017
81.35542,-1.6146
81.36542,-1.6127
81.37542,-1.6058
81.38542,-1.5866
81.39542,-1.5899
81.40543,-1.591
81.41543,-1.5932
81.42542,-1.6096
81.43542,-1.6094
81.44542,-1.5935
81.45541,-1.6033
81.46541,-1.5924
81.47541,-1.5916
81.4854,-1.594
81.4954,-1.5944
81.5054,-1.599
81.5154,-1.5977
81.52539,-1.5961
81.53539,-1.5884
81.54539,-1.593
81.55546,-1.5943
81.56553,-1.6007
81.5756,-1.6012
81.58566,-1.5982
81.59573,-1.5864
81.6058,-1.5809
81.61587,-1.5778
81.62594,-1.5759
81.63601,-1.5872
81.64608,-1.6035
81.65614,-1.5984
81.66621,-1.5998
81.67625,-1.595
81.68623,-1.5764
81.69621,-1.5695
81.7062,-1.5721
81.71618,-1.5889
81.72617,-1.5934
81.73615,-1.5918
81.74614,-1.5962
81.75612,-1.5968
81.76611,-1.5861
81.77609,-1.5801
81.78607,-1.5803
81.79606,-1.5821
81.80597,-1.5918
81.81589,-1.5873
81.8258,-1.59
81.83571,-1.594
81.84562,-1.5938
81.85554,-1.5979
81.86545,-1.5899
81.87536,-1.5861
81.88528,-1.5949
81.89519,-1.5876
81.9051,-1.5943
81.91501,-1.5917
81.92498,-1.5893
81.935,-1.5877
81.94501,-1.5817
81.95502,-1.5832
81.96504,-1.5848
81.97506,-1.5877
81.98508,-1.5887
81.99509,-1.5888
82.0051,-1.5865
82.01512,-1.5855
82.02514,-1.59
82.03515,-1.597
82.04517,-1.5921
82.05521,-1.5925
82.06526,-1.59
82.0753,-1.5902
82.08535,-1.5837
82.0954,-1.5923
82.10545,-1.5967
82.11549,-1.6036
82.12553,-1.595
82.13558,-1.5831
82.14563,-1.5817
82.15568,-1.5733
82.16573,-1.5807
82.17577,-1.5882
82.1858,-1.6032
82.19583,-1.6049
82.20586,-1.602
82.2159,-1.5922
82.22593,-1.5891
82.23596,-1.5886
82.24599,-1.5886
82.25602,-1.5788
82.26605,-1.5822
82.27608,-1.5836
82.28612,-1.5877
82.29615,-1.586
82.30614,-1.5906
82.31614,-1.5981
82.32613,-1.5902
82.33612,-1.5947
82.34611,-1.5965
82.3561,-1.5906
82.3661,-1.589
82.37608,-1.5885
82.38608,-1.5929
82.39606,-1.5828
82.40606,-1.5854
82.41605,-1.5913
82.42605,-1.5845
82.43605,-1.5866
82.44605,-1.5854
82.45605,-1.5934
82.46606,-1.5917
82.47607,-1.5949
82.48607,-1.5992
82.49607,-1.5906
82.50607,-1.5898
82.51608,-1.5877
82.52608,-1.585
82.53608,-1.5921
82.54608,-1.5877
82.55605,-1.5887
82.56602,-1.5858
82.57599,-1.5874
82.58596,-1.5821
82.59593,-1.5814
82.6059,-1.5816
82.61587,-1.5944
82.62584,-1.5793
82.63581,-1.5855
82.64578,-1.5816
82.65575,-1.5792
82.66573,-1.5886
82.67573,-1.5967
82.68575,-1.5865
82.69579,-1.5969
82.70581,-1.5906
82.71584,-1.5876
82.72586,-1.585
82.73589,-1.5842
82.74592,-1.5831
82.75594,-1.59
82.76597,-1.5787
82.776,-1.5803
82.78603,-1.5776
82.79605,-1.5883
82.80604,-1.5875
82.81602,-1.5836
82.82601,-1.5813
82.836,-1.5751
82.84599,-1.5865
82.85597,-1.5835
82.86596,-1.5806
82.87595,-1.5838
82.88593,-1.591
82.89592,-1.5845
82.90591,-1.5823
82.91589,-1.5906
82.92588,-1.5861
82.93586,-1.5931
82.94585,-1.575
82.95583,-1.5687
82.96581,-1.5704
82.9758,-1.5772
82.98578,-1.5759
82.99577,-1.5829
83.00575,-1.588
83.01573,-1.6007
83.02572,-1.6023
83.0357,-1.5868
83.04568,-1.5746
83.05573,-1.5753
83.06579,-1.5675
83.07584,-1.5801
83.08589,-1.5725
83.09594,-1.5795
83.106,-1.5811
83.11604,-1.5746
83.1261,-1.5688
83.13615,-1.5658
83.14619,-1.5738
83.15625,-1.5834
83.1663,-1.5841
83.17638,-1.5932
83.18649,-1.5816
83.19659,-1.5655
83.2067,-1.567
83.2168,-1.5675
83.22691,-1.5729
83.23701,-1.5836
83.24712,-1.5921
83.25722,-1.6007
83.26733,-1.5925
83.27743,-1.5789
83.28754,-1.5731
83.29764,-1.5715
83.30755,-1.5751
83.31745,-1.5809
83.32735,-1.5822
83.33726,-1.5767
83.34716,-1.576
83.35706,-1.5732
83.36697,-1.5746
83.37687,-1.5697
83.38677,-1.5596
83.39668,-1.5683
83.40658,-1.5773
83.41648,-1.5779
83.42644,-1.5796
83.43645,-1.5857
83.44645,-1.582
83.45646,-1.5689
83.46647,-1.5736
83.47647,-1.5633
83.48648,-1.5681
83.49648,-1.58
83.50649,-1.5861
83.51649,-1.5829
83.5265,-1.5904
83.53651,-1.5841
83.54652,-1.5769
83.55653,-1.578
83.56654,-1.564
83.57656,-1.5635
83.58658,-1.5641
83.59659,-1.5766
83.60661,-1.5775
83.61662,-1.579
83.62664,-1.5765
83.63666,-1.5682
83.64668,-1.5669
83.65669,-1.5587
83.66671,-1.5666
83.67672,-1.5817
83.68672,-1.5951
83.69672,-1.5878
83.70673,-1.5785
83.71673,-1.5702
83.72673,-1.558
83.73673,-1.556
83.74673,-1.5516
83.75674,-1.5685
83.76674,-1.5665
83.77674,-1.5693
83.78674,-1.5705
83.79675,-1.5739
